participant_code,open_badge,open_minded,popular,activity,civil,uncivil,extreme_controversial,moderate,dont_know,no_answer,non-sequitur,hard_to_code,other
8gch37,"I think the badge would be earned by having conversations with people that had opinions differing from your own, without being argumentative",1,,,1,,,,,,,,
zf1er9,,,,,,,,,,1,,,
nyuhem,Respectfull comments about their own opinion ,,,,1,,,,,,,,
2d3axv,,,,,,,,,,1,,,
3y76hr,,,,,,,,,,1,,,
gw6r7f,Sharing thoughts that are generally shared by others ,,1,,,,,,,,,,
17xpyv,I think it was called the open minded badge and they got it for engaging and being open with everyone they communicated with,1,,,,,,,,,,,
vn93qp,,,,,,,,,,1,,,
bhaxwm,,,,,,,,,,1,,,
z6kvee,,,,,,,,,,1,,,
hfyv7m,Making opinions that others agree with will help me to get more engagement. ,,1,,,,,,,,,,
cw7ecf,"If a person has a lot of likes or followers, they get a ""popular"" badge.",,1,,,,,,,,,,
d1qxrb,,,,,,,,,,1,,,
ygy4a2,,,,,,,,,,1,,,
be7fp8,being respectful and engaging with people,,,1,1,,,,,,,,
9kak79,Have a bunch of people that agree with your post like it and you'll become popular pretty easily,,1,,,,,,,,,,
gqbhc6,,,,,,,,,,1,,,
6ehu8e,,,,,,,,,,1,,,
bpdwma,People who are understanding and open to views differing from their own. ,1,,,,,,,,,,,
arauec,,,,,,,,,,1,,,
bkq96u,"Alot of engagement with the page,  liking and sharing posts, creating posts",,,1,,,,,,,,,
dhebqd,,,,,,,,,,1,,,
69txah,I think engaging in a constructive way with others on the platform. Allowing them to explain their stance on certain topics.,1,,,1,,,,,,,,
d24txf,By carefully appeasing both sides of a given debate. Pretty much taking a centrist stance on an issue will likely encourage a badge.,,,,,,,1,,,,,
a72n2t,Posting thoughtful commentary that generates a lot of dialogue. ,,1,,,,,,,,,,
92zz8z,"Being able to engage respectfully and change your thinking, seems to earn an open minded badge",1,,,1,,,,,,,,
4uq4fk,I think you can easily recieve the badge if your posts seemed to gain a lot of attention and sparked a lot of conversation. ,,1,,,,,,,,,,
1z32ep,By not attacking others and being respectful.,,,,1,,,,,,,,
zzmpme,Making posts that people would like ,,1,,,,,,,,,,
apkdw9,,,,,,,,,,1,,,
4z166b,I think people speak their opinions in a respectful manner on a consistent basis will receive badges,,,,1,,,,,,,,
8wkqc7,Popular and engaging discussions ,,1,,,,,,,,,,
cay6fh,,,,,,,,,,1,,,
4rfvrt,Informative insightful information ,,,,,,,,,,,1,"Informative, Insightful"
3pp1gp,,,,,,,,,,1,,,
bbvx2g,,,,,,,,,,1,,,
6k3pb2,Being courteous and polite in your responses when engaging with other people's views. No swearing. No bullying people or trying to belittle people on the platform. Do not use all caps. ,,,,1,,,,,,,,
xzx7b3,Being tolerant of others opinions,1,,,,,,,,,,,
nfe7zr,The badge would be awarded on how often the agree with people who oppose their values,1,,,,,,,,,,,
tx2pk8,,,,,,,,,,1,,,
yvmftg,Commenting and being involved in conversation without belittling the other personor acting rude or argumentative,,,,1,,,,,,,,
6yzdq8,If they engage in conversations about topics and have different opinions and change of opinions throughout time. ,1,,,,,,,,,,,
r1w289,The one who is respectfully and active in the platform.,,,1,1,,,,,,,,
r9ffv2,commenting and interacting with a lot of posts,,,1,,,,,,,,,
e7bnfe,People who are willing to accept advice or information from other users and not really argue with people but attempt to understand instead.,1,,,,,,,,,,,
xmv6q8,It looked like they got badges for being popular. ,,1,,,,,,,,,,
1art8b,People who were open towards others opinions received the badge.,1,,,,,,,,,,,
7ek8b4,"Responding to opposing views with a ""humble"" or open minded approach.",1,,,,,,,,,,,
cczavu,,,,,,,,,,1,,,
37up4n,,,,,,,,,,1,,,
ttyvm4,,,,,,,,,,1,,,
7wg4ue,"Posting a lot, commenting a lot",,,1,,,,,,,,,
c67ank,,,,,,,,,,1,,,
y9bed8,"Posting popular content that is engaging and gets a lot of like and comments from other users. Maybe even a lot of followers. 

I need to say something also though unrelated. There was a requirement for the study and I tried to do it over and over again but every time I tried it I got an error message. Every time I tried to post my own post on the app it wouldn't work and said something like unable to at this time try again later. I kept doing it over and over with no luck until I ran out of time. That was after I engaged for a little bit and read some posts ",,1,,,,,,,,,,
hwn2az,"If the user reads and responds to a variety of sides of an issue. They are designated ""open minded""",1,,,,,,,,,,,
cfhxn6,Getting a lot of likes on your post.,,1,,,,,,,,,,
wkxrha,"Respectfully and calmly voicing opinions, as well as being open, and welcoming of opinions that differ from our own. ",1,,,1,,,,,,,,
zgq7c4,,,,,,,,,,1,,,
21cdad,,,,,,,,,,1,,,
7yrm8n,Likely responding to one of the generative posts that holds a contrary opinion in a positive manner.,1,,,,,,,,,,,Positive tone
tgytzy,Bring open to listening to everyone's opinions ,1,,,,,,,,,,,
qq6rnr,,,,,,,,,,1,,,
g33yme,Offering the view of the opposite party in a respectful and constructive way,,,,1,,,,,,,,
u6agm4,"Sharing posts and commenting on respectful ways, and peacefully engaging in posts from users with differing political opinions.",1,,,1,,,,,,,,
6p9ykt,If a user was accepting and took other viewpoints into considerations instead of dismissing others ,1,,,,,,,,,,,
8vetwa,,,,,,,,,,1,,,
yxxgbb,Expressing opinions people agree with causing them to like and comment,,1,,,,,,,,,,
qgzxn8,"Receiving many ""likes"" from other users earns the user a badge. ",,1,,,,,,,,,,
zhm1aa,,,,,,,,,,1,,,
2dvw8w,"The user making a lot of posts that get a lot of likes, engaging with other people's posts.",,1,1,,,,,,,,,
uzwgay,,,,,,,,,,1,,,
pvctry,A person must be open-minded and polite.,1,,,1,,,,,,,,
gqy7wz,I'm not sure,,,,,,,,1,,,,
kq86b6,Based on the content and number of likes.,,1,,,,,,,,,,
htv7zf,"If you had an open-minded conversation with somebody and showed respect to their opinion, you'd be eligible.",1,,,,,,,,,,,
gxe7d4,"If they post a lot in crates, good discourse. I thought I was talking to mainly bots.",,,,,,,,,,,1,Suspected bots
bgqbqq,Remain respectful and open minded about others opinions. ,1,,,1,,,,,,,,
yve1qb,Engaging in discussion and being active ,,,1,,,,,,,,,
rp663f,,,,,,,,,,1,,,
3k22vn,The most followers,,1,,,,,,,,,,
bhgbme,Being open minded ,1,,,,,,,,,,,
11g3d4,Seeing an opinion from an opposing viewpoint and agreeing with its merit or countering in a respectful manner,1,,,1,,,,,,,,
nzbm3c,,,,,,,,,,1,,,
fvfryr,,,,,,,,,,1,,,
3yyzee,,,,,,,,,,1,,,
mf3mmg,"Opinions that, at a glance, may seem unpopular, but are actually very popular within certain groups and are very extreme. Add in a bit of ""virtue signaling"" for good measure.",,1,,,,1,,,,,,
7br6ez,Respectly engaging with posts and getting likes from the original author of the post,,1,,1,,,,,,,,
cuvvfu,Not being aggressive when someone disagrees with you and hearing the others argument respectfully.,1,,,1,,,,,,,,
3u2bpx,I think that if they receive a lot of likes and comments they would earn the badge. ,,1,,,,,,,,,,
myryr2,"Being respectful, open minded, polite",1,,,1,,,,,,,,
rn3xtu,People who engage in posts. ,,,1,,,,,,,,,
8c992q,Responded respectfully to different viewpoints ,,,,1,,,,,,,,
wgxndh,,,,,,,,,,1,,,
aqzd6e,Making posts about widely accepted facts that would encourage more engagement. Or posting about hot topics that many people feel strongly about.,,1,,,,,,,,,,
3ca1aa,I think demonstrating that you understand a differing opinion from yours,1,,,,,,,,,,,
81bn1h,"Presumably having mainstream centrist opinions, or partisan opinions that do not push the envelope on their respective side of the spectrum.",,,,,,,1,,,,,
ama2px,Being positive and good natured.,,,,,,,,,,,1,Positive tone
93f7nn,If they usually drive meaningful conversation in the platform,,,,,,,,,,,1,Meaningful
b947k8,,,,,,,,,,1,,,
8xqrfn,I am not sure what should be the determining factor ,,,,,,,,1,,,,
qkf17g,,,,,,,,,,1,,,
c11h7u,likes,,1,,,,,,,,,,
aeenr8,good comments,,,,,,,,,,,1,'Good' quality
x2xkh6,popular tag,,1,,,,,,,,,,
2k8crd,"Posting a lot would automatically give you more chances to earn likes, so more active users (active as in creating original posts, not necessarily commenting or reacting to other people's posts) are more likely to get a badge.",,,1,,,,,,,,,
pqkrcg,,,,,,,,,,1,,,
e4dzw1,,,,,,,,,,1,,,
q79qvu,Posting something that creates a lot of engagement.,,1,,,,,,,,,,
7rt1gd,Making a thoughtful and informative post where you get a lot of reactions from others,,1,,,,,,,,,,"Informative, Thoughtful"
2rge23,Being Active and Engaging with your audience ,,,1,,,,,,,,,
7ubzwf,,,,,,,,,,1,,,
23kn1d,"I think bots could unfortunately play a role in ""liking"" peoples post which would give them the popular badge. Other than bots, someone liking a post, would just be from others with the same beliefs. Not from users with differing beliefs magically changing their mind. ",,1,,,,,,,,,,Suspected bots
p4am1m,,,,,,,,,,1,,,
2kwk16,The number of post or likes ,,,,,,,,,,,1,
k9b2r8,,,,,,,,,,1,,,
gvkuyq,Posting opinions that are both well informed and resonante with like minded individuals.,,1,,,,,,,,,,"Informative, Agreeable"
xre2zy,,,,,,,,,,1,,,
d91kgd,Being open minded and engaging in respectful conversations even with people with differing opinions,1,,,,,,,,,,,
fvvpfd,"Not using rude words or slurs, not having an excessive amount of dislikes",,,,1,,,,,,,,
nm8cet,Being opened minded and willing to hear both sides of the issue and not being disrespectful ,1,,,1,,,,,,,,
nadrnf,Being open minded to others opinions ,1,,,,,,,,,,,
8z7uzd,Being open to all conversation without putting other users down. Need to have an open mind about all topics ,1,,,,,,,,,,,
7huwnb,,,,,,,,,,1,,,
vc9m7z,Respectfully commenting and engaging with respect.,,,,1,,,,,,,,
r68ngt,More casual back and forth for a social media stand point it was very relaxed.,,,,,,,,,,,1,
ge1tnt,You need to be open minded and wiling to hear others out and be willing to change your opinion.,1,,,,,,,,,,,
7aubcq,"Replying respectfully to users with opposite opinions, not 'disliking' posts with opposite opinions, and potentially changing their opinions over time after engaging with others.",1,,,1,,,,,,,,
3q3g78,,,,,,,,,,1,,,
gzuvcc,,,,,,,,,,1,,,
tqw1am,Most liked post/statement ,,1,,,,,,,,,,
77e76n,Being insightful and discussing topics with others.,,,,,,,,,,,1,Insightful
qrdffz,Not posting a super pointed post and being respectful in comments.,,,,1,,,,,,,,
p1dvdf,,,,,,,,,,1,,,
uhuuy9,Having respectful conversations with people who have opinions that differ from my own. ,1,,,1,,,,,,,,
hy49dg,"I'm not really sure. I guess by having a lot of engagement, likes, followers, comments etc ",,1,,,,,,,,,,
dh4khq,"Someone who posted something a lot of people would agree with. If their post was informative, interesting and inspiring, I'm sure they would receive a ton of like and replies.",,1,,,,,,,,,,"Informative, Interesting"
kuedgq,If they respectfully voiced a different opinion ,,,,1,,,,,,,,
xnukn4,,,,,,,,,,1,,,
mcv2qk,Maybe not using aggressive words and being open to having a productive conversation. ,,,,1,,,,,,,,
g9kueq,Users interacting with the post. The post being liked and commented on a lot.,,1,,,,,,,,,,
pm4ux8,,,,,,,,,,1,,,
qaq4n1,Posting agreeable opinions. Liking and following other users that agree with your opinions so that they see your profile and give more likes. ,,1,,,,,,,,,,Agreeable
72qrce,being respectful.,,,,1,,,,,,,,
x7zaam,Being very active in posting and commenting,,,1,,,,,,,,,
9ztgau,,,,,,,,,,1,,,
zfbz79,,,,,,,,,,1,,,
gycuyc,People who are open minded and want to learn about other people thoughts. ,1,,,,,,,,,,,
dg43kt,If you got a lot of likes. ,,1,,,,,,,,,,
arckq2,I think that they engage in discourse with people of opposing views. Whether or not they're truly all that respectful or eager to learn from them is debatable. ,1,,,,,,,,,,,
mbb9g3,I think behaviors such as constructive comments on opposing views would earn the user badge.,1,,,,,,,,,,,
fkbkh9,Earning a lot of likes on the posts a user posts would earn them a badge. It's a sign of popularity,,1,,,,,,,,,,
1zkaum,Being an active member and commenting a lot,,,1,,,,,,,,,
k7pp6m,"I think the badge was based solely on the number of likes a post received, and possibly the number of comments made.",,1,,,,,,,,,,
ywrvdf,,,,,,,,,,1,,,
4me7dd,They were respectful and open minded to others opinions,1,,,,,,,,,,,
cer1u8,Being respectful when responding and trolling. Having a real discussion rather than spouting aggressive opinions.,,,,1,,,,,,,,
e9yt49,,,,,,,,,,1,,,
rfdmpt,,,,,,,,,,1,,,
pynx7z,,,,,,,,,,1,,,
79nae6,If someone engaged in civilized conversations - wasn't toxic or insulting. ,,,,1,,,,,,,,
8k4wga,Creating posts people engage with,,1,,,,,,,,,,
vvu8rh,,,,,,,,,,1,,,
de6e6h,"Posting, commenting, interacting a lot",,,1,,,,,,,,,
p6y7zy,,,,,,,,,,1,,,
mvxueq,,,,,,,,,,1,,,
74faf8,,,,,,,,,,1,,,
241f8w,Being open and engaging to those who express a difference in your opinion. ,1,,,,,,,,,,,
uepwuv,I think commenting and liking both side of the argue as well as presenting correct evidence during conversation between post ,1,,,,,,1,,,,1,Factual
7kk4yk,The badge could be earned by a person bringing in a group from another platform. The person could also be an active person. ,,,1,,,,,,,,,
rybbmv,,,,,,,,,,1,,,
pmvvqz,My actions on the site such as engaging other users.,,,,,,,,,,1,,
933pcv,,,,,,,,,,1,,,
v7pkvt,Being willing to calmly discuss with other people ,,,,1,,,,,,,,
bapru4,Posting frequently and posting agreeable content that would make people want to like it ,,1,1,,,,,,,,,Agreeable
pymudb,Being yourself,,,,,,,,,,,1,
g3gntf,Lots of posting and interactions,,,1,,,,,,,,,
c8q1ee,,,,,,,,,,1,,,
aq1fy6,,,,,,,,,,1,,,
9v9caa,Respectful,,,,1,,,,,,,,
zywuwt,"Likes,  comments and posts.  Overall popularity",,1,,,,,,,,,,
ddn4g8,Posing a common but controversial viewpoint ,,1,,,,1,,,,,,
up9ca9,"I think that the badge would be awarded to someone being open to or engaging with other ideas or opinions. This person would not attack others who comment differing thoughts on their posts, and would be generally respectful in their activity. ",1,,,1,,,,,,,,
7hdpr3,I think posting unique things that receive many upvoting likes or comments may help users earn popularity user badges,,1,,,,,,,,,,
xaf4c4,"I believe being open for discussion without getting hostile with others would earn that badge. Certainly, being able to agree to disagree and respectfully say ""I hear you but I don't think the same way"" makes a huge difference ",1,,,1,,,,,,,,
8te4dy,,,,,,,,,,1,,,
8w6ec6,,,,,,,,,,1,,,
kz4amg,Getting lots of likes,,1,,,,,,,,,,
z9rkha,Asking an open ended question or being able to see both sides of an issue,1,,,,,,,,,,,
q864zd,I think getting more popular earns badges,,1,,,,,,,,,,
chegtd,Making engaging and conversational posts and engaging with others when they comment ,,,1,,,,,,,,,
2bw6ty,,,,,,,,,,1,,,
9gnmf8,Getting likes on posts. ,,1,,,,,,,,,,
trwye8,Posting positive statements,,,,,,,,,,,1,Positive tone
bvkdyd,I believe enough engagement on their content and them being active gives them a badge ,,1,1,,,,,,,,,
96vxuc,,,,,,,,,,1,,,
7t9qt6,,,,,,,,,,1,,,
21q4nr,,,,,,,,,,1,,,
naykxy,Being open to argumentation and reasoning from another point of view,1,,,,,,,,,,,
he1h31,I think engaging in discourse in a calm and professional manner that may challenge oneself or others to think outside of their norms would qualify someone for a badge.,,,,1,,,,,,,,
d62dcb,,,,,,,,,,1,,,
gge7qe,,,,,,,,,,1,,,
zwbkxb,,,,,,,,,,1,,,
8fgqbw,,,,,,,,,,1,,,
egfp1v,,,,,,,,,,1,,,
nbqgdb,,,,,,,,,,1,,,
anph8d,If someone gets a lot of likes to their post ,,1,,,,,,,,,,
n9y2nv,Making a lot of posts that are popular. ,,1,,,,,,,,,,
376mfq,Engaging with people who have opinions different from your own ,1,,,,,,,,,,,
ezemt4,I think posting things that are agreeable with the way the majority of other users feel would gain you the most likes and therefore the user badge.,,1,,,,,,,,,,Agreeable
twy41h,Posting regularly while gaining a number of likes on the post/posts,,1,1,,,,,,,,,
b2q3v1,Liking and commenting ,,,1,,,,,,,,,
crr9p7,"Using polite, non-threatening language. Soeaking with those with opposing views. Conceding or agreeing to valid points made by others even those with opposing ideas",1,,,1,,,,,,,,
92exvg,"Posting lots of content, posting content that most people would agree with. ",,1,1,,,,,,,,,
vecmbf,,,,,,,,,,1,,,
fybnhf,"Expressing desire to learn about both sides of an argument. 
Asking questions about a deferring opinion
Changing your mind on a topic ",1,,,,,,,,,,,
1dwb82,Getting likes,,1,,,,,,,,,,
9hrvwn,Being courteous and taking into consideration the opinions of others and maybe even reforming your own as you go. I'm not sure how you could track that to award a badge though. ,1,,,1,,,,,,,,
dwtmky,Posting things that many people would agree with and therefore like,,1,,,,,,,,,,
4khgr9,Being frequent commenters on post they disagree with. ,,,1,,,,,,,,,
bfagpn,,,,,,,,,,1,,,
1fxn8t,Someone who would acknowledge another poster's opinion and be okay to agree to disagree with another's opinion. ,1,,,,,,,,,,,Knowledgeable
q7trtm,"The user would have to be unbiased, and seem to win the favor the of the people interacting with them",,1,,,,,,,,,,
63c8ny,I think if the user received a lot of attention on a post they receive this badge,,1,,,,,,,,,,
c7pxkk,I saw badges given out to the most active posts. Some were majority postivie but others were about half up and down. I belive it had to do with popularity or hotness of the post. ,,1,1,,,,,,,,,
ydf4wz,Making posts that a majority of people agree with.,,1,,,,,,,,,,
tbmvxp,I would say that having a ton of likes or comments on the posts I make would allow for me to get the popular user badge or getting a huge number of daily messages from other users,,1,,,,,,,,,,
n9aymt,Gaining lots of followers and likes,,1,,,,,,,,,,
84t4uh,Gaining likes from other users,,1,,,,,,,,,,
wb8bty,Someone who likes multiple posts with different viewpoints. Sharing posts liked by all demographics.,1,1,1,,,,,,,,,
c9138m,I would say being able to have a calm and civil discussion about anything.,,,,1,,,,,,,,
27tdah,,,,,,,,,,1,,,
bqak9p,,,,,,,,,,1,,,
w9nc11,Interacting well with others and being open minded,1,,,,,,,,,,,
cazxxm,,,,,,,,,,1,,,
67fgtn,"Making posts designed to elicit a strong reaction, like clickbait or loaded phrases. ",,,,,,1,,,,,,
46g71q,,,,,,,,,,1,,,
zfttwe,Posting strong opinions ,,,,,,,,,,,1,Strong opinion
q741vx,Being open and engaging with other users that have different opinions than yours.,1,,,,,,,,,,,
6k2vtq,How many likes and people engage with you,,1,,,,,,,,,,
9hmhbp,Posting something that you know will be popular with others. ,,1,,,,,,,,,,
dq2vp8,"A user named Kelly had a badge for ""Open-mindedness""",1,,,,,,,,,,,
bqm6we,"Saying things like ""I respect your rigt to have your own opinion but ____""  and not using insults or name calling ever ",,,,1,,,,,,,,
1b4bqk,,,,,,,,,,1,,,
fxhr4a,I think people who were able to have respectful conversations would get more likes and earn the badge. ,,,,1,,,,,,,,
tzvbqx,,,,,,,,,,1,,,
cuxupd,Liking a response. Responding to a response.,,,1,,,,,,,,,
p6m8vw,,,,,,,,,,1,,,
bhdamn,The badge is earned if one respects others opinions on the discussed button.,1,,,,,,,,,,,
74tggn,,,,,,,,,,1,,,
bt9tyu,,,,,,,,,,1,,,
kgkpr3,,,,,,,,,,1,,,
4xgad4,,,,,,,,,,1,,,
p8hgb2,,,,,,,,,,1,,,
bbuhx1,,,,,,,,,,1,,,
f2pkpw,,,,,,,,,,1,,,
eh6vv6,I think users would get badges from interacting a lot with other members posts,,,1,,,,,,,,,
ewy29w,Engaging with people with many different opinions. ,1,,,,,,,,,,,
yxm28m,Being open to the opinions of others and engaging with posts that differ from your views.,1,,,,,,,,,,,
hu1xxw,Respecting other peoples opinions by not giving negative replies or posting negative combative posts,1,,,1,,,,,,,,
uged4m,Being open minded to all points of view while still being able to share your personal views and not degrade or be combative with others.,1,,,1,,,,,,,,
239dy4,Engagement in a respectful manner ,,,,1,,,,,,,,
74rdkb,I think that voicing views and getting like and comments is what got them the badge. ,,1,,,,,,,,,,
7au8zc,I think just popular opinions will get you likes to get the badge. Lots of commenting and of course adult posts nothing stupid it seems like a upper class app. ,,1,,,,,,,,,,
9cx681,Making posts that receive a high number of votes.,,1,,,,,,,,,,
vy7pwe,"I think polite and respectful behaviors and actions would  earn the user badge, especially the intention to engage with the users to understand each other 's point of view even if you don't necessarily agree with one another.",1,,,1,,,,,,,,
e8f3x8,"I don't think I would, I was just giving random answers and trying to see if anyone was real",,,,,,,,,,1,,Suspected bots
8cax8p,If you are more polite and also an active user on the platform ,,,1,1,,,,,,,,
gtfwhw,"To be able to like other posts from both sides of the argument, and replying in neutral manners. ",1,,,,,,1,,,,,
qmdt4b,Reasonable interactions with others that did not include insults or certain words. Perhaps a fair balance of up and down votes.,,,,1,,,,,,,,
r3e7u2,The most likes,,1,,,,,,,,,,
r8xzau,,,,,,,,,,1,,,
4ye6ty,I definitely would think how engaging someone is and how many likes they get would help them earn a user badge. It kind of reminds me of Reddit. ,,1,,,,,,,,,,
xvv7b7,,,,,,,,,,1,,,
xg1y6u,If the user was open to discussing other peoples views without attacking them  the user being open to learning seems important for this app!,1,,,1,,,,,,,,
pcz3e4,"I believe if someone's post had a lot of upvotes and comments, they would earn that badge.",,1,,,,,,,,,,
3g4v9a,I think posting a lot and replying to a lot of different posts would bring enough activity to your account to warrant the user badge.,,,1,,,,,,,,,
x8xzca,perhaps conveying your views in a respectful and understandable way would help you become popular ,,,,1,,,,,,,,
k6y96r,Having strong and well articulated opinions as well as having a lot to say about a topic,,,1,,,,,,,,1,"Strong opinion, Articulate"
nr812a,,,,,,,,,,1,,,
dk3eg6,"A lot of the posts had a tone of white nationalist, anti-immigration sentiments.",,,,,,1,,,,,,Anti-immigration
xgetxk,,,,,,,,,,1,,,
pqvkay,"I think actions and behaviors such as commenting a lot, liking or unliking posts and replying to other users post would earn a badge ",,,1,,,,,,,,,
4vw7ar,Using respectful language and engaging with differing opinions politely.,1,,,1,,,,,,,,
p4ty9t,,,,,,,,,,1,,,
uv6a1n,A lot of engagement and liked posts. ,,1,,,,,,,,,,
u6p46d,Having an open mind,1,,,,,,,,,,,
2kh6p6,posting opinions that get a lot of likes and generate conversation,,1,,,,,,,,,,
p1dc86,Posting controversial things to drive engagement ,,,,,,1,,,,,,
mhfrfz,"Someone who was polite and patient in responding to differing views might recieve the ""open-minded user"" badge",1,,,1,,,,,,,,
kyn7wt,Saying things people like,,1,,,,,,,,,,
z23p48,Demonstrating a change in opinion in response to an opposite-opinion person talking with them.,1,,,,,,,,,,,
x8mtp6,,,,,,,,,,1,,,
ah13gu,Being open minded ,1,,,,,,,,,,,
a3c1va,I think users would gain this badge after engaging in various topics respectfully and being open to updating their views.,1,,,1,,,,,,,,
xnfyn9,,,,,,,,,,1,,,
t14eza,"When I added a response to a comment I had an immediate response, which can only be from a bot. With that, I take the platform w a grain of salt because I can't get caught up in a correspondence w bots as there are enough out there on a day to day when accessing necessary services ",,,,,,,,,,,1,Suspected bots
xkxbtx,Having posts with many likes or have many followers.,,1,,,,,,,,,,
hxvqvq,,,,,,,,,,1,,,
yku1f1,"I think getting the most interactions on a post (comments, likes, followers) would earn you a badge. ",,1,,,,,,,,,,
6cn23v,,,,,,,,,,1,,,
fgvnf8,"I think the actions a user would take to earn this badge is to actively talk to the community, keeping an open mind, and being kind. Being open to have your mind changed generally, as well. ",1,,1,1,,,,,,,,
t1a6ch,,,,,,,,,,1,,,
qdrv9v,"I'm not sure if it was explicitly mentioned how to get the badge. But I did see one person make mention the the ladybug badge.
I'm guessing it has to do with how many likes or comments you get overall.",,1,,,,,,,,,,
bnu2fa,I believe people whose posts receive a lot of engagement in the form of likes and comments are likely to earn the badge.,,1,,,,,,,,,,
t2hh6k,I think one would earn a badge by liking several people's posts rather than disliking. I think another way would be to comment on posts that may not completely correlate with what you post regularly and engaging in conversation on a daily regardless of the opinion. ,1,,1,,,,,,,,,
xzzehx,A post with a lot of likes and comments,,1,,,,,,,,,,
7gabcv,Someone who is polite and considering of others opinions ,1,,,1,,,,,,,,
qbhpd1,Being open minded,1,,,,,,,,,,,
gn3nv7,Being respectful and open minded to different opinions. ,1,,,1,,,,,,,,
xb374t,,,,,,,,,,1,,,
dgtmu4,"Changing your mind might give you the badge, also just general good behavior?",1,,,1,,,,,,,,
tqce9e,I would hope that being respectful in posts and comments. Open exchanges without getting triggered and generally being kind,,,,1,,,,,,,,
p29wya,,,,,,,,,,1,,,
ad6zgb,,,,,,,,,,1,,,
a4at6g,,,,,,,,,,1,,,
btrq9r,,,,,,,,,,1,,,
69qxnx,"Having a post or comment meet a viral threshhold, or number of followers.",,1,,,,,,,,,,
ddegm8,"An ability to be open minded, knowledgeable, respectful and clear. ",1,,,1,,,,,,,,Knowledgeable
xepxfm,"Being polite, respectful and tolerant ",,,,1,,,,,,,,
7bh6r8,,,,,,,,,,1,,,
3f86xn,Interacting with people of differing opinions and being open to new information. ,1,,,,,,,,,,,
ryq2nu,"Being respectful, choosing your words wisely and expressing yourself without being toxic or aggressive ",,,,1,,,,,,,,
3xqbyh,"Being open to others opinions, and points of view. Learning knowledge and admitting when wrong. ",1,,,,,,,,,,,
etmbe2,I think from either posting a lot or from getting a lot of likes or comments on their posts,,1,1,,,,,,,,,
fbu6h1,I think to earn that badge you would have to say really dynamic things that people back to make them feel strongly enough to like or interact with the post.  Which could be good or bad. ,,1,,,,1,,,,,,
2wuae3,,,,,,,,,,1,,,
8qwx2d,making posts with high engagement,,1,,,,,,,,,,
gkaz76,In theory it was supposed to be for people who are engaging and willing to see differing opinions in a neutral light. It seems like only accounts who made low effort arguments were awarded the badge,1,,,,,,,,,,1,Low effort
xku9wg,Calm reactions,,,,1,,,,,,,,
fm8whu,,,,,,,,,,1,,,
f3m7zz,If the user was polite in their opinions and not quick to shut down anyone with a different opinion.,1,,,1,,,,,,,,
2t1rcw,By being a top contributor to discussions on the platform and by receiving likes & positive responses indicating that you are active and contributing to the discussion.,,1,1,,,,,,,,,
1z4cp3,"Popular statements, controversial posts. Humor.",,1,,,,1,,,,,,Humor
x3dup3,,,,,,,,,,1,,,
rbkn2x,,,,,,,,,,1,,,
wbfxz3,,,,,,,,,,1,,,
rqxqu2,Sharing their opinions with others and others engaging with them whether to agree or disagree.,1,,,,,,,,,,,
3y1wrh,,,,,,,,,,1,,,
4ectut,Honest opinions active posting ,,,1,,,,,,,,1,Honest
tn7tt7,"open minded, a user than engaged in a post or conversation that helped see both sides of an argument or opened the eyes of another user  or changed their mind once they were given new facts. overall had an open minded tone and not deadset in the way they think ",1,,,,,,,,,,,
kdht6u,Asking legitimate questions about a topic and responding reasonably.  Being able to see the other sides viewpoints.,1,,,1,,,,,,,,
zqkd1e,Getting more likes than dislikes,,1,,,,,,,,,,
b4u92q,Have popular posts that the community agrees with ,,1,,,,,,,,,,
upvf32,I think regular activity and engagement in the form of comments and likes would earn the user badge.,,,1,,,,,,,,,
16rhru,According to the site the badge is for people that are respectdul and constructive with their posts. I personally believe being left leaning or liberal in general will increase the chance that you earn the badge. If you show that you're conservative your posts will be shadow banned and you will have less chance of earning this badge.,,,,1,,,,,,,,Liberal
692wd7,"I think what would get the user the badge would be being respectful and engaging with users in a respectful manner, and not being rude as well as commenting on other peoples post",,,,1,,,,,,,,
bwkg2z,If other users agreed with their thoughts and engaged with their posts. Likes. Follows.,,1,,,,,,,,,,
nuczur,,,,,,,,,,1,,,
cmpuef,Respectfully and politely disagreeing with someone while providing a well thought out rebuttal or argument on their thoughts. Disagreeing with someone while saying that you respect their opinion. No use of inflammatory language. ,,,,1,,,,,,,,
rhee8h,I think people who respect each other's opinions without being disrespectful should have a badge or at least allow others to give them ratings for their tolerance.,1,,,1,,,,,,,,
3ny28g,Having a good detailed answer ,,,,,,,,,,,1,Detailed
ay4v4u,"The badge shown was, ""Open Minded"", meaning that the person isn't sure that their opinions are 100% correct and is calm and not aggressive on political posts they don't agree with and reads point of views that are different from their own. ",1,,,,,,,,,,,
kyzudn,A lot of participation and engaging comments and likes,,,1,,,,,,,,,
86pv26,Casual conversation and exchange of ideas in a polite manner.,,,,1,,,,,,,,
nckc3z,,,,,,,,,,1,,,
8pwbfd,,,,,,,,,,1,,,
wc13d3,,,,,,,,,,1,,,
mv1yt1,I think that you would have to make a lot of posts and possibly have a lot of followers. ,,1,1,,,,,,,,,
4423rk,I'm not sure ,,,,,,,,1,,,,
d9n383,,,,,,,,,,1,,,
tnx3qf,Being respectful and open two two sides of the issue.,1,,,1,,,,,,,,
n1ghd7,,,,,,,,,,1,,,
4w4zmz,,,,,,,,,,1,,,
94tyvw,,,,,,,,,,1,,,
vrtqbb,,,,,,,,,,1,,,
z74qka,I think that people would have to respond to posts or like them.,,,1,,,,,,,,,
8eqa46,,,,,,,,,,1,,,
r6fn1b,"A lot of the folks with the tag seemed just as oppositional as the others. If you're ""open-minded"" it'd be more appropriate to reframe the question/statement in less aggressive and more open-ended ways. ",1,,,,,,,,,,,
rhh6qg,"I would say, mainly likes, and perhaps even comments, but I think likes would be the main driver.",,1,,,,,,,,,,
qceeb3,,,,,,,,,,1,,,
k6qfmt,"Posting frequently and engaging, also receiving many likes ",,1,1,,,,,,,,,
gk713k,"Engaging with other users in arespectful manner, while also stating your opinion ",,,,1,,,,,,,,
av4n4m,"Addressing someone who has an opposing opinion, politely.",,,,1,,,,,,,,
4r4ppr,How many posts they are posting and how many likes they get ,,1,1,,,,,,,,,
gektkv,I'm not really sure. I guess being willing to admit when you're wrong.,1,,,,,,,,,,,
n89vgv,A good number of likes and or dislikes,,1,,,,,,,,,,
dn9nft,"Hopefully, engaging in polite discourse and showing a willingness to be open-minded. ",1,,,1,,,,,,,,
byxxzp,"Expressing popular opinions, especially detailed with good information. ",,1,,,,,,,,,,Detailed
6qkccb,,,,,,,,,,1,,,
ym3t3e,"Maybe being respectful when talking with other users. Someone can become popular from a bad post, so I don't believe those should be awarded a badge.",,,,1,,,,,,,,
vdrpbb,,,,,,,,,,1,,,
yu49ky,Their post get more likes,,1,,,,,,,,,,
f3ehve,"If a lot of people are commenting or liking their posts, they get the popular badge",,1,,,,,,,,,,
cc72np,,,,,,,,,,1,,,
fhm1ar,Engaging in conversations respectively ,,,,1,,,,,,,,
xknpdn,Being really cruel and controversial ,,,,,,1,,,,,,
r1x7x4,It would have to be saying that you would learn from other people.,1,,,,,,,,,,,
gxgrac,Changing opinions based on new information ,1,,,,,,,,,,,
fu8hw2,Debating in a polite manner - not snapping or insulting others ,,,,1,,,,,,,,
ydewyb,,,,,,,,,,1,,,
wy8vc2,"Sharing popular opinions and getting lots of ""likes"" for them. ",,1,,,,,,,,,,
694y4m,If someone was open minded and was willing to listen to all sides of the debate,1,,,,,,,,,,,
fq4vqb,"
More likes on comments. ",,1,,,,,,,,,,
nwq716,"I think users that have a lot of upvoted posts get badges
",,1,,,,,,,,,,
t3k1rb,How open minded they were to other posters opinions. Like how they take others opinions into account when posting,1,,,,,,,,,,,
mbexte,Being open minded and having engaging discussions that provides a positive experience. ,1,,,,,,,,,,,
byw89m,People who ask questions.  People who are willing to listen to both sides. ,1,,,,,,,,,,,
kuwb48,"Being especially friendly, engaging, open minded, and one for discussion. ",1,,,,,,,,,,,
bw1z8x,,,,,,,,,,1,,,
m3ytg7,,,,,,,,,,1,,,
d8yefh,Receiving many likes ,,1,,,,,,,,,,
2uucyq,,,,,,,,,,1,,,
2rnv7n,Most active account. Those who engage and are engaged with the most. ,,,1,,,,,,,,,
b3qpgw,,,,,,,,,,1,,,
mzefrr,"I didn't notice a badge, but if we we are talking about the purple border around a post, I believe it was said they were open minded. So I'd assume they are polite and debate by seeing both sides. ",1,,,1,,,,,,,,
ma13ck,People making popular or well liked posts.,,1,,,,,,,,,,
rnrugx,,,,,,,,,,1,,,
xzy1ck,I think just building a good following. Posting daily and staying active will earn a individual a lot of likes. Once you gain your followers. Posting political issues always spark conversations. Posting relevant content. Being a public future as well. Local celebrities usually have a huge following. ,,1,1,,,,,,,,,Relevant
c4xtmz,,,,,,,,,,1,,,
gbezud,"They received the ""open minded"" badge for being open minded and willing to hear out other's opinions / thoughts. ",1,,,,,,,,,,,
ybect4,People that engage with others in a polite manner. ,,,,1,,,,,,,,
8wwcg7,Liking and commenting ,,,1,,,,,,,,,
2u6xkf,,,,,,,,,,1,,,
a9xfzr,More comments and likes,,1,,,,,,,,,,
m2ey27,I think getting a lot of likes on your post will earn you this badge ,,1,,,,,,,,,,
92kpud,If a users content was worthy of a lot of engagement from other users. ,,1,,,,,,,,,,
ekc8aq,,,,,,,,,,1,,,
nhnk8d,I liked how everyone had their own opinions and were able to express how they feel without anyone jumping on them to attack them.,,,,1,,,,,,,,
mwbgen,,,,,,,,,,1,,,
87xatq,I would assume it has to do with some sort of ratio on like vs dislikes. If you get enough likes you would be rewarded with the badge.,,1,,,,,,,,,,
u12hw2,,,,,,,,,,1,,,
cz24vk,Asking for opposing views to their own,1,,,,,,,,,,,
nv9arv,Posting about popular topics that result in a lot of engagement,,1,,,,,,,,,,
x1qf3f,"If the poster said something that was well liked, usually it was a simple statement without much detail",,1,,,,,,,,,,
x3uvw2,,,,,,,,,,1,,,
k1gft8,,,,,,,,,,1,,,
razn2u,,,,,,,,,,1,,,
qrda43,The ability to be open minded but carefully considering the other opinions and perspectives of others.,1,,,,,,,,,,,
qzyee4,A user that posts a lot and revives positive feedback and likes.,,1,,,,,,,,,,
43nhb8,High in posts and engagement ,,,1,,,,,,,,,
y3y9pq,"Commenting on posts, and making your own posts.",,,1,,,,,,,,,
4ny466,If the person posted many posts and replied to many comments and received many likes.,,1,1,,,,,,,,,
nvtrtw,I believe that very conflicting or dramatic posts would cause enough traffic to grant them a badge.,,1,,,,1,,,,,,
7de4q6,,,,,,,,,,1,,,
yge926,,,,,,,,,,1,,,
m7u916,"Getting a lot of attention, likes, etc. ",,1,,,,,,,,,,
gw7nxq,A person who's knowledgeable yet charming and witty,,,,,,,,,,,1,"Knowledgeable, Humor"
6an2n4,Being respectful and kind to others even if their opinions differ from yours. Engaging in polite conversation.,1,,,1,,,,,,,,
re7u9t,"I believe having a lot of activity on the platform would lead to a wider audience, leading to a greater amount of people to witness your posts and to interact with ",,,1,,,,,,,,,
vu7btk,,,,,,,,,,1,,,
mghq7q,,,,,,,,,,1,,,
zdqx4p,To be understanding and curious about differing opinions. To be open to comments and opinions without judging other people.,1,,,,,,,,,,,
vxbx2h,My understanding of it was that people that were open-minded to opinions that differed from their own would receive the badge. ,1,,,,,,,,,,,
x39r1k,"I think politely engaging with others in conversation in which other people's opinions are taken into account, even if they disagree, could earn a badge. ",1,,,1,,,,,,,,
vatz46,"Whether they were somewhat unbiased, not argumentative, etc",,,,1,,,,,,,,
y7nwdp,,,,,,,,,,1,,,
64rekd,,,,,,,,,,1,,,
cd14nd,If they gained popularity through likes on their posts they could gain the popular user badge ,,1,,,,,,,,,,
4129fb,,,,,,,,,,1,,,
pfnnqu,,,,,,,,,,1,,,
n4d8w6,When they express their opinions in a respectful and non extreme way.,,,,1,,,,,,,,
7qnaf8,Popularism,,1,,,,,,,,,,
utmznc,,,,,,,,,,1,,,
b27k2g,Discussion on multiple topics. I can't completely remember.,,,1,,,,,,,,,
6r8yma,I never draw conclusions abt anything without all the correct information ,,,,,,,,,,1,,
p9prh1,Respectfully engaging with people whose views differ from yours. Acknowledging when you have changed your mind or admitting a lack of knowledge in regards to a particular topic. ,1,,,1,,,,,,,,
kqfmgr,If you had a lot of likes,,1,,,,,,,,,,
ghcx3u,,,,,,,,,,1,,,
gb44y6,The ones that don't like immigrants in our country. ,,,,,,,,,,,1,Anti-immigration
v33qqp,,,,,,,,,,1,,,
8yb4kf,Having a lot of likes and engagement on your posts would earn you the badge. ,,1,,,,,,,,,,
fxpzzg,"Being controversial and polarizing. Doing things that invoke emotion in one's ""tribe"" to farm attention.",,,,,,1,,,,,,
augvm7,"Popularity, when one pays lip service to a spectrum of an ideology they more engagement.",,1,,,,,,,,,,
tv1kbm,Respecting others opinions and beliefs and not trying to force their own on others or act hostile to those that have a differing view. ,1,,,1,,,,,,,,
khvkfq,,,,,,,,,,1,,,
c8mxp4,,,,,,,,,,1,,,
1z4t36,"writing something that clearly already agrees with the overall consensus, occasionally even writing something provocative ",,1,,,,1,,,,,,
uzxk9y,It didn't seem to follow the stated reasons.  But I suppose to be open minded and civil and accepting of other's ideas.,1,,,1,,,,,,,,
3bg8fb,I think engaging in polite conversation and having full and clear thoughts on their posts. ,,,,1,,,,,,,,
paqbp6,I think that respectfully engaging with other users would Aid in earning the badge. You would have to essentially play Devil's Advocate more or less.,,,,1,,,,,,,,
x8cudc,receiving a lot of likes and engagement on your post ,,1,,,,,,,,,,
r9fd96,,,,,,,,,,1,,,
avx9qe,,,,,,,,,,1,,,
a1n6d8,I think it depends on how many times the person posts and engages on the platform ,,,1,,,,,,,,,
7bzpmr,People earn the badge by gaining a lot of followers and likes on the platform.,,1,,,,,,,,,,
9wynka,I think by how many followers they have,,1,,,,,,,,,,
yh41cg,Listening and replying respectfully to other opinions.,1,,,1,,,,,,,,
hpbqfy,,,,,,,,,,1,,,
hkm2zx,Behaviors that would lead me to earn the badge would be to respectfully agree or disagree with a post by posting stuff that is credible or that I believe is credible with sources. Always staying respectful.,,,,1,,,,,,,,
zhd4rx,They earn the badge when many people consistently like their posts.,,1,,,,,,,,,,
ffpnzt,,,,,,,,,,1,,,
m31623,How engaging a person can be on their post and others,,,1,,,,,,,,,
4zb2bt,"That people were polite and open minded, being open minded is the one I noticed the most",1,,,1,,,,,,,,
hv16n6,Maybe agreeing to disagree ,,,,,,,,,,,1,
7gpqmk,How  engaging they are on the platform,,,1,,,,,,,,,
ca6fex,"Engaging in polite, intellectual conversations with people the have a different mindset, or opinion.",1,,,1,,,,,,,,
p2q1x2,,,,,,,,,,1,,,
cnmd9e,Posting popular opinions,,1,,,,,,,,,,
c44zaz,,,,,,,,,,1,,,
4yu7x1,"Overall, I believe that you can earn the badge by interacting and engaging with other users that might have different opinions than you on an issue. Also, by providing a different standpoint on the issue that does not align with the mass majority.",1,,,,,1,,,,,,
8qgy6w,,,,,,,,,,1,,,
bd1h4v,I thunk their contribution to the platform ,,,,,,,,,,,1,
gtqpwr,,,,,,,,,,1,,,
rrnczg,You would earn the badge if you have a good e mount of likes or comments,,1,,,,,,,,,,
a3atem,Being open minded in discussions and learning from others points of view,1,,,,,,,,,,,
pgwh4x,Someone that interacts and gets positive reviews from interacting ,,1,1,,,,,,,,,
2vykxw,Okay I think the behavior when someone tell me the actually truth and facts about them ,,,,,,,,,,,1,"Truthful, Factual"
2xqzea,I think they would earn a badge if the their post was popular. ,,1,,,,,,,,,,
yd7n7a,,,,,,,,,,1,,,
tnzc8c,People who make posts that people agree with. They are sure about their viewpoint and most people who interact with them feel the same way. ,,1,,,,,,,,,,
umazr8,Interacting with or liking posts from people with opposite opinions,1,,,,,,,,,,,
uyvydy,,,,,,,,,,1,,,
rmxzfc,Debating with good faith and being respectful to others opinions.  Overall being  a humble listener  does alot for you on this platform,1,,,1,,,,,,,,
emmkna,An open discussion with understanding of a different point of view conducted with respect.,1,,,1,,,,,,,,
t9ykwd,"Engaging in polite and respectful debates rather than name calling, etc. ",,,,1,,,,,,,,
n71ugb,Just post popular opinions.,,1,,,,,,,,,,
dtaduc,,,,,,,,,,1,,,
ywtgub,I believe that by engaging in meaningful conversations without criticizing or insulting others will help a person earn the badge.,,,,1,,,,,,,,Meaningful
tpzzqa,Being engaging and polite ,,,,1,,,,,,,,
kb39hv,,,,,,,,,,1,,,
n3u4wc,,,,,,,,,,1,,,
vqwk3m,I would say engagement from other users and likes. Sharing your view in a polite manner as well. :),,1,,1,,,,,,,,
g4ydg8,,,,,,,,,,1,,,
vf336t,,,,,,,,,,1,,,
zwtg94,I believe that if a user were to ask others points of views and ask other people what there perspective is that would earn them the badge,1,,,,,,,,,,,
fpqc9n,,,,,,,,,,1,,,
gphg8w,Someone who becomes active in a post and comments in a respectful way. Asks questions and gives their thoughts but is also accepting of others who have different thoughts from their own ,1,,1,1,,,,,,,,
zwym97,It wasn't really too much of a platform to me. The user badge would be earn by the likes and how good the post is ,,1,,,,,,,,,,'Good'
gmtuqx,Being civil and engaging with many different people across many different topics. ,,,,1,,,,,,,,
4cmag8,Acknowledging someone else's view points and not getting upset. ,1,,,,,,,,,,,
enh8yy,I believe that consistently contributing quality content leads to getting badges.,,,,,,,,,,,1,'Good' quality
mnzznf,They will like to see from both sides and have good reasoning with both sides as well,1,,,,,,,,,,,
z98wzb,"
I think I can earn the popular user badge by getting the most likes and the most engagement meaning comments as well.",,1,,,,,,,,,,
83htyb,Popular,,1,,,,,,,,,,
thebf2,Likes of course,,1,,,,,,,,,,
bnzyd7,More likes,,1,,,,,,,,,,
7rh9ug,Likes ando popular tag,,1,,,,,,,,,,
x9xg9w,Popular users,,1,,,,,,,,,,
a9f131,With likes ando dislikes,,,,,,,,,,,1,
646typ,Likes and comments,,1,,,,,,,,,,
kwuqa9,,,,,,,,,,1,,,
un4u2t,If the user had a lot of engagement on their post,,1,,,,,,,,,,
zqzve9,"I'm not sure, but usually in social media it's for having high engagement ",,1,,,,,,,,,,
bvbmwu,Popular,,1,,,,,,,,,,
xvn4we,,,,,,,,,,1,,,
d3xzfn,,,,,,,,,,1,,,
rtzmwc,Being respectful of others beliefs and not accusatory. ,1,,,1,,,,,,,,
epxa82,Being respectful of opinions that differ from theirs and presenting those differing views in a way that tried to get the other person to look at their own view in a different way,1,,,1,,,,,,,,
ubc3dz,"not arguing, being polite and having listening ears",,,,1,,,,,,,,
zxyz1h,People who post a lot and get a lot of attention on their posts ,,1,1,,,,,,,,,
1bdbaz,"Creating a popular post, one that many users would agree with",,1,,,,,,,,,,
b3q27z,Having the most feedback and likes.,,1,,,,,,,,,,
f7guu6,"I think users who were open to discussion and debate were individuals who may receive the badge. In addition, users who were respectful and not toxic were may have obtained the badge.",1,,,1,,,,,,,,
vnphmu,"Posting.  Liking, getting followers ",,1,1,,,,,,,,,
484d6r,If the user is open minded to all aspects of the topic. ,1,,,,,,,,,,,
drxx2m,Sharing behaviors or beliefs that align with the majority of people on that platform. Thus garnering more likes from people who think/believe similarly to you. ,,1,,,,,,,,,,
kb3mrr,Engaging with others respectfully,,,,1,,,,,,,,
ag4trd,,,,,,,,,,1,,,
g3w232,Consistly interacting with comments on your post to get more interest and thus likes.,,1,1,,,,,,,,,
3n9yrk,Helpful and engaging comments ,,,,,,,,,,,1,Helpful
t7tvt4,"If you were showing that you had an open mind and were honest about your opinion. Also, asking for others opinion and speaking kindly and with respect.   ",1,,,,,,,,,,,Honest
vp3c1w,I popular post with lots of engagement ,,1,,,,,,,,,,
zr6r2r,,,,,,,,,,1,,,
mat7ua,Posting content that others agree with or will engage with. Being polite and understanding with room to accept others ideas and opinions.,1,,,1,,,,,,,,
zk98uz,,,,,,,,,,1,,,
zy6tqc,I think engaging with different viewpoints would make sense in earning an open-mindedness badge.,1,,,,,,,,,,,
x21ctm,I think posting alot and commenting a lot. ,,,1,,,,,,,,,
w7zkv2,,,,,,,,,,1,,,
4uq8ng,Accepting different opinions ,1,,,,,,,,,,,
nywfp3,Being open to productive discussion without outright dismissing someone's point of view. Also you'd have to be polite. ,1,,,1,,,,,,,,
xanmux,I'm not sure,,,,,,,,1,,,,
gcn73h,"I think inflammatory language and statements would garner the most attention. They tend to catch people's eyes, illicit strong emotional reactions, and often miss the arguments from the other side - harboring more attention. ",,,,,1,,,,,,,
y24buu,,,,,,,,,,1,,,
fbbbya,,,,,,,,,,1,,,
kyrhdk,Giving a polite response to an opinion that is different than your own.,,,,1,,,,,,,,
89hvnc,Reacting to other users post. ,,,1,,,,,,,,,
ru3q4r,If you received a lot of likes and many comments you would get a popular badge,,1,,,,,,,,,,
d794da,Being polite and non inflammatory ,,,,1,,,,,,,,
gdfk7y,How many like and dislikes it receives. Bots probably scan the convos to see if you are arguing or looks for key words to show amicableness,,1,,1,,,,,,,,Agreeable
h2m8xp,They got a lot of likes and engagement ,,1,,,,,,,,,,
wtmhvk,Respectfully engaging with others who may share a different opinion,1,,,1,,,,,,,,
eb4rnw,,,,,,,,,,1,,,
2baa2x,Their comments on other people's posts would contain keywords and would be judged by an AI algorithm to see if it was respectful and reflected that the commenter gained a new insight from OP's post,1,,,1,,,,,,,,
9tvm4w,"Comment, like, share and engage with the conversation and content while keeping it real. 
As one individual wrote. "" All we need is love""",,,1,,,,,,,,,
8q7w8v,"A behaviour that would earn the badge would be a post that garners attention, represented by the likes/dislikes it has and the amount of replies to the posr.",,1,,,,,,,,,,
z8ryk8,Being open to both sides of an argument and not being rude in comments,1,,,1,,,,,,,,
d89v9a,Certain actions that are respectful could get you the user badge. It is okay to have a differing opinion but there is a way to explain it without being disrespectful. ,,,,1,,,,,,,,
4gg8u9,Posting a lot and getting reactions and comments from people ,,,1,,,,,,,,,
3aagtz,"I'm assuming it's ai based so most likely word choice, punctuation usage, and tone of posts you engage with and author. ",,,,1,,,,,,,,
yfrqpz,I think being open to opinions and actively engaging with both sides of the issues would earn a badge.,1,,,,,,,,,,,
d4nrr3,,,,,,,,,,1,,,
3pcp2u,For having open discussions and welcoming different opinions.,1,,,,,,,,,,,
gmxvu3,,,,,,,,,,1,,,
k4de4e,,,,,,,,,,1,,,
3t63w9,,,,,,,,,,1,,,
3af7kc,"Having a lot of comments, likes on their post and a lot of followers",,1,,,,,,,,,,
pmqr26,,,,,,,,,,1,,,
emtw8n,,,,,,,,,,1,,,
wpq1q8,"People who post about things that elicit a strong emotional reaction will get more likes and dislikes. If dislikes do not cancel out likes, then this would be a good stategy to get a badge. Otherwise, users should posts only the most noncontroversial content (cute puppies, memes, etc.).",,,,,,1,,,,,,Strong opinion
4493vx,Being respectful of others opinions.,1,,,1,,,,,,,,
bkbmbu,Not being rude or aggressive,,,,1,,,,,,,,
un644y,Perhaps if they had many followers or received a lot of engagement on the app,,1,,,,,,,,,,
t4e41u,Being open to others thoughts and opinions ,1,,,,,,,,,,,
pv2bfr,Earning more likes and engagement ,,1,,,,,,,,,,
dp3v4v,Having opinions that people generally agree with and have a lot of activity on posts ,,1,,,,,,,,,,
vd7r6g,,,,,,,,,,1,,,
61h2fg,,,,,,,,,,1,,,
gdm7bm,It's earned by how many likes they receive on their posts.,,1,,,,,,,,,,
9pcxtv,I think you would earn them if you made kindly worded posts that show your willingness to learn from a differing opinion without being rude.,1,,,1,,,,,,,,
gcvctx,,,,,,,,,,1,,,
k4m4a1,Posting content and opinions that get a lot of likes,,1,,,,,,,,,,
fk83ey,Engaging politely and listening to two posts with opinions that are affiliated with differing political parties ,1,,,1,,,,,,,,
4z66bu,I think that having popular opinions will earn a user the popular badge because others are more likely to like or upvote a post they agree with. I also think the person is friendly and articulates their points well because people tend to follow and like posts of people more often when they are well spoken.,,1,,1,,,,,,,,Articulate
8va9qm,"Using the app a lot, interacting with others",,,1,,,,,,,,,
phh6xv,"High engagement between original posts, likes, dislikes, and commenting on other's posts. ",,,1,,,,,,,,,
af6wg4,Being intellectually humble and listening to others ideas while building and evolving your own. ,1,,,,,,,,,,,Intellectually humble
z8yu69,Being popular getting likes. Making an engaging message or post to people,,1,,,,,,,,,,
a3ffad,People who are interested in learning different prospectives who encourage active communication ,1,,,,,,,,,,,
m6ztam,,,,,,,,,,1,,,
tqt1zb,A lot of people liked what they had to say. They had the majority viewpoint of the issue.,,1,,,,,,,,,,
z4b9cp,,,,,,,,,,1,,,
y4wkxf,,,,,,,,,,1,,,
d6ub1r,Being popular or one of the creators.,,1,,,,,,,,,,
ufk8m6,Users earned their badge based on how many interactions and likes their posts received.,,1,,,,,,,,,,
kvub4w,Being able to discuss opinions and openly engage with people that feel differently from you. ,1,,,,,,,,,,,
nwnng8,,,,,,,,,,1,,,
uw6aqr,Making many short posts that resonate strongly with a subset of users.,,1,1,,,,,,,,,
2h7zdn,,,,,,,,,,1,,,
xrkgn9,,,,,,,,,,1,,,
ex14px,,,,,,,,,,1,,,
mkdaq1,Those that had way more likes than dislikes earned the badges.,,1,,,,,,,,,,
b6mhvg,If you agreed with someone even when they changed your mind.,1,,,,,,,,,,,
rhp2te,,,,,,,,,,1,,,
4udp8y,A person posts frequently and is tolerant of other users opinions even if they differ from their own.,1,,1,,,,,,,,,
u4qcy9,Popular user was based on engagement/likes,,1,,,,,,,,,,
6y2bm9,"Making a post that garners significant interaction, such as likes or comments",,1,,,,,,,,,,
4r7yup,Having a lot of engagement on their posts and engaging with others' posts often as well,,1,1,,,,,,,,,
3r2mqf,Getting a lot of likes on a post.,,1,,,,,,,,,,
dyy4qa,I believe it's about having a civil conversation with someone who has opposing beliefs and opinions. The user should be able to effectively agree to disagree or take into account opposing views that may be valid and help change their mind.,1,,,1,,,,,,,,
7hgbdf,How often they engage with other users and how often they post.,,,1,,,,,,,,,
wkwpp2,Being open to polite conversation and debate with people who had differing views,1,,,1,,,,,,,,
mcfex2,"Being respectful to others, offering insights from your own opinions.",,,,1,,,,,,,,
efwpke,By having good  comment and many likes,,1,,,,,,,,,,'Good'
ttwnvq,I think engaging with people of various viewpoints in a kind and considerate manner would. ,1,,,1,,,,,,,,
zqbye7,I think in order to earn the badge you need to not only post consistently but also receive a large number of likes consistently ,,1,1,,,,,,,,,
tvua78,Someone who is very active on the app. Posts a good bit but also interacts with others a good bit as well. ,,,1,,,,,,,,,
uq34q4,I think people who engage others without hostility and with the mind to discuss all sides of an argument would be more likely to receive a badge.,1,,,1,,,,,,,,
qgc13g,Someone who was willing to listen to other viewpoints from their own and engage with them respectfully.,1,,,1,,,,,,,,
rydt9k,,,,,,,,,,1,,,
719bu9,Being very active by posting lots of comments and commenting on other peoples posts,,,1,,,,,,,,,
7ubxyv,Seeing and reacting positively to both sides of the argument/topic ,1,,,,,,,,,,,
xpunmt,,,,,,,,,,1,,,
n4ymrx,They receive the most likes. ,,1,,,,,,,,,,
cmdpep,Behaviors such as engaging in  respectful dialogue and displaying an attitude of willingness to learn.,1,,,1,,,,,,,,
uwkhnx,Being open-minded and respectful of everybody on the platform,1,,,,,,,,,,,
g1yg6t,Getting a lot of likes on your posts,,1,,,,,,,,,,
b3drf6,,,,,,,,,,1,,,
hy2kmm,Open minded people,1,,,,,,,,,,,
zrxk68,"The users with the badges, not only made a statement, they also opened the floor for other people to change their original opinion. ",,,,,,,,,,,1,
m1frqt,More positive towards 2nd laws,,,,,,,,,,1,,
tx4v1z,"I'm not exactly sure, but I would guess selection is based on past posts and comments ",,,,,,,,,,,1,
ph9yc9,"Being respectful and kind, looking at both sides of the situatuon",1,,,1,,,,,,,,
yx6dhe,A user would earn a badge if they stated popular opinions which other users tend to agree with. They respond favorably and tend to like posts. ,,1,,,,,,,,,,
7npkek,,,,,,,,,,1,,,
en7ux4,,,,,,,,,,1,,,
4f7bmb,Interacting respectfully with people from a broad range of beliefs ,1,,,1,,,,,,,,
v22wt6,I think they probably post popular opinions a lot. ,,1,,,,,,,,,,
vakm6x,,,,,,,,,,1,,,
uq68rk,I think them engaging with other users and maybe same and opposite viewpoints,1,,1,,,,,,,,,
9cxpzh,Having a good mix of followers and likes from people all over the spectrum of thought.,,1,,,,,,,,,,
x4a3p3,Discussing topics while being open and willing to learn,1,,,,,,,,,,,
2rz33d,,,,,,,,,,1,,,
akyu3d,"I think has to do with either interaction through likes, comment counts, or followers. I'll admit that I didn't check other people's followers because I was engaged in a conversation with another use, but I feel that those are the most likely reasons",,,1,,,,,,,,,
7xhp7w,Posting content that gets a high amount of likes will get you the badge.,,1,,,,,,,,,,
hy7mhc,I am not quite sure but probably it would be based on likes as I don't see any other way to do it without reading what they write and making that decision. ,,1,,,,,,,,,,
2uz7xb,,,,,,,,,,1,,,
7fvzma,"Being active, having a lot of engagement on their posts.",,1,1,,,,,,,,,
kxhueq,"Interacting more with posts, posting more, and having many people react and interact with your post. ",,,1,,,,,,,,,
vfeuuc,,,,,,,,,,1,,,
npm9bk,,,,,,,,,,1,,,
3aec1e,I think users with the badge expressed their opinions but were willing to change their minds and learn from other.,1,,,,,,,,,,,
nrvbkf,If they get a lot of engagement in their posts ,,1,,,,,,,,,,
3vt3ac,I believe that having a conversation without negativity attached to it would earn you the badge.,,,,,,,,,,,1,Positive tone
yddg93,,,,,,,,,,1,,,
xk2fyw,,,,,,,,,,1,,,
1uph1f,Being open to discussing conflicting opinions or changing one's own in the face of evidence.,1,,,,,,,,,,,
xb64ew,Ability to interact politely with others over differing ideas,1,,,1,,,,,,,,
bga8b7,"Being open minded, respectful, and courteous. I did not see foul language being used. Also accepting other opinions and not calling them names because you do not agree is meritable.",1,,,1,,,,,,,,
cynhqt,,,,,,,,,,1,,,
bt6gqc,If a user had a post with a lot of engagement and likes they would likely receive the badge,,1,,,,,,,,,,
zwcmc7,Getting a lot of likes ,,1,,,,,,,,,,
xf6ubb,I think taking a moderate political position would earn a badge. If the platform shifted one way or another on the political spectrum than this person would get more popular by moving in tandem with the other users. ,,,,,,,1,,,,,
dva27g,,,,,,,,,,1,,,
2bd7kq,,,,,,,,,,1,,,
krv4a7,Politicaly correct ,,,,,,,,,,,1,Politically correct
q9qwcd,,,,,,,,,,1,,,
dh46t4,The behavior that would earn a user a badge would be to have more blunt opinions that are short and can be empowering.,,,,,,,,,,,1,
eaguck,,,,,,,,,,1,,,
qgzzxe,Probably enough likes.,,1,,,,,,,,,,
ze1u4n,,,,,,,,,,1,,,
gt7ary,A user reading and giving criticism in a positive way..thinking about issues with an open viewpoint !! Learning about and accepting different opinions ,1,,,,,,,,,,,Positive tone
kdua3w,Interacting with posts and giving an opinion ,,,1,,,,,,,,,
vpv1c7,I think being respectful and not using abusive language,,,,1,,,,,,,,
v3d8c7,,,,,,,,,,1,,,
2kngz9,Creating a post which generates a high number of likes from other users,,1,,,,,,,,,,
6d4mma,"Engaging in productive conversation, especially with those of differing opinions, and overall avoiding toxic behaviors.",1,,,1,,,,,,,,
ddqryb,"I think expressing a popular opinion, expressed in a clear and civil manner would increase the likelihood of earning this badge. ",,1,,1,,,,,,,,
uy8wm1,,,,,,,,,,1,,,
xbgwtn,"I think people get these badges by posting popular, low quality opinions. They say the least amount possible to express their opinions so people scrolling can quickly read and react to their posts.",,1,,,,,,,,,,
u9akxh,"Engagement, getting lots of likes or replies or follows",,1,,,,,,,,,,
4cge9k,People that were willing to listen and be open-minded to others opinions.,1,,,,,,,,,,,
7718ft,,,,,,,,,,1,,,
9qb2zm,From the instructions I understand that users who have a lot of likes will gain this user badge. I assume that the number of likes is influenced by how many followers a user has and how wide a range their audience is.,,1,,,,,,,,,,
42kyah,Posting content that many other users agreed with.,,1,,,,,,,,,,
nvvq1t,Commenting and being engaging with others.,,,1,,,,,,,,,
wkcc9h,,,,,,,,,,1,,,
2brvqu,"I really don't know, engaging with different types of posts?",,,1,,,,,,,,,
zwnc1r,,,,,,,,,,1,,,
ah2y2m,Top poster and commenter,,,1,,,,,,,,,
1pb6wg,,,,,,,,,,1,,,
nparmr,If you were respectful and tolerant and were open to looking at both sides of the issue.,1,,,1,,,,,,,,
r83gzp,I feel like if they commented often and had a lot of followers,,1,1,,,,,,,,,
ymw39p,Being kind in comments. ,,,,1,,,,,,,,
tkczgt,,,,,,,,,,1,,,
1az2re,Someone who isn't one sided and a conversation that they have an open mind to take on the other person's thoughts and opinions on the subject and actually use it against their own to decide whether whether they if they are more correct or not they actually value the opinion of the other person,1,,,,,,,,,,,
1y61a1,,,,,,,,,,1,,,
8qupfc,Being respectful to other users on the platform. ,,,,1,,,,,,,,
86g48t,Badges are generally given to those who engage with a lot of posts and or comment and share posts.,,,1,,,,,,,,,
mkd1pw,Engaging with a variety of posts and starting discussions ,,,1,,,,,,,,,
q6b763,I think it will be base on engagement,,,,,,,,,,,1,
4fdwkr,,,,,,,,,,1,,,
n1mevb,,,,,,,,,,1,,,
gqnf99,"I think if someone regularly posts something that would get people to give them like,  that would earn them a badge. ",,1,1,,,,,,,,,
c3cxk1,Engaging with other users and asking questions about a stance or to educate themself more ,1,,1,,,,,,,,,
8q31ee,,,,,,,,,,1,,,
fqgr7e,Asking questions and being able to engage in good faith with other users of differing opinions ,1,,,,,,,,,,,
vzarn6,If you had an opinion that was shared by many other users ,,1,,,,,,,,,,
gwagqc,Providing a comment that drives engagement yet walks the line of what the majority thinks is good taste. ,,1,,,,,,,,,,
wma962,I felt like it was a combination of likes and follows.,,1,,,,,,,,,,
2pq7vu,"Someone would earn the user badge if they have conversations with others of differing opinions, yet still have a productive conversation without aggression. It's all based on having a very open mind while discussing ",1,,,,,,,,,,,
kfeg41,,,,,,,,,,1,,,
fdv88f,Courteous and respectful words.,,,,1,,,,,,,,
b76we3,I think having an open mind. Being able to listen and recognize what others believe even if it may differ from yours. In the end we are all human regardless of our beliefs.,1,,,,,,,,,,,
vf7r7n,,,,,,,,,,1,,,
umwrra,,,,,,,,,,1,,,
8wtx76,,,,,,,,,,1,,,
1xwhmk,I don't know,,,,,,,,1,,,,
3y3qkb,Posting vague and impulsive thoughts that incite strong emotions.,,,,,,,,,,,1,Strong opinion
hh47xt,People who are very open minded,1,,,,,,,,,,,
w64kcn,"I think if you are being respectful, interacting, and posting engaging posts you should get the badge. No one who is rude should be allowed to have it! ",,,1,1,,,,,,,,
2q6gzn,I was open minded and gave feedback on views unlike my own,1,,,,,,,,,,,
187g2t,,,,,,,,,,1,,,
qqdq8r,"Popularity. The more likes (maybe engagement of content?), you got a badge. It felt very superficial/like I was in high school again",,1,,,,,,,,,,
vqgk3h,"Liking, disliking and commenting on others posts in a respectful manner.",,,1,1,,,,,,,,
xzmv14,I think being cordial and open to changing your mind when presented with facts that refute your argument ,1,,,1,,,,,,,,
x297py,,,,,,,,,,1,,,
7w3qug,Tolerant yet expressive conversation ,,,,,,,,,,,1,
zrv83n,Having posts a lot of people interact with so more extreme or controversial opinions are awarded,,,,,,1,,,,,,
m71u1z,How many likes each person gets awards them a badge,,1,,,,,,,,,,
fcff31,Creating interesting posts that many people interact with. ,,1,,,,,,,,,,Interesting
7un2gt,,,,,,,,,,1,,,
nbkkfz,,,,,,,,,,1,,,
cb88fn,It seemed to be a lot of people who were polite and to the point.,,,,1,,,,,,,,
y2kdry,Being open minded ,1,,,,,,,,,,,
24zevg,I think someone engaging with their own post or even others might get them more exposure and likes.,,1,1,,,,,,,,,
a1m43w,Being willing to see the other person's point of view.,1,,,,,,,,,,,
kfdmcb,"Getting lots of likes, upvotes, and good comments",,1,,,,,,,,,,'Good'
dh2utf,"Posting content that shocks people and gets reactions, especially from the most extreme ends of the political spectrum. Similar to other current social media platforms. More outrage means more clicks and engagement, regardless of the quality of the engagement.",,,,,,1,,,,,,
uemquc,,,,,,,,,,1,,,
mawyn7,People hated immigrants ,,,,,,,,,,,1,Anti-immigration
y6bad9,"Listening to other POVs, contributing substantially to the conversation, and being civil",1,,,1,,,,,,,,
6mqenz,,,,,,,,,,1,,,
ummgxq,,,,,,,,,,1,,,
47vdpc,"Having other members of the social media platform like and comment upon posts will earn, said badge. ",,1,,,,,,,,,,
vk8ryc,You have to be respectful and open to new or differing ideas. Non argumentative.,1,,,1,,,,,,,,
t6yfvn,Being open to all opinions and engaging with those that you might not necessarily agree with.,1,,,,,,,,,,,
pwcy1k,Being open minded and respectfully discussing all sides to an issue.,1,,,,,,,,,,,
g74q91,I read through all the posts. Liked and disliked the ones I agreed or disagreed with. I followed a person back. ,,,,,,,,,,1,,
w7fhy8,,,,,,,,,,1,,,
wwaqt9,,,,,,,,,,1,,,
paa3zh,,,,,,,,,,1,,,
2c7q18,,,,,,,,,,1,,,
e68mrf,,,,,,,,,,1,,,
mnun1x,,,,,,,,,,1,,,
3dcug2,,,,,,,,,,1,,,
fy7bcd,,,,,,,,,,1,,,
ph9v6n,If you consistently get a lot of likes or comments on your posts ,,1,,,,,,,,,,
fr11z4,These badges are awarded to people who are open-mindes,1,,,,,,,,,,,
c9zbpr,,,,,,,,,,1,,,
vaxw7r,,,,,,,,,,1,,,
f2cr6k,,,,,,,,,,1,,,
uyuqk7,Getting a lot of thumbs up. ,,1,,,,,,,,,,
fy9k9x,,,,,,,,,,1,,,
q2n23g,,,,,,,,,,1,,,
hvar4d,"I believe users whose posts have a large amount of engagement would earn this badge. 
",,1,,,,,,,,,,
4fx7a3,,,,,,,,,,1,,,
fuz9nb,,,,,,,,,,1,,,
dhzyhn,Interactive,,,1,,,,,,,,,
e9khm2,Having a majority opinion or being funny and entertaining. Being a celebrity or sports star,,1,,,,,,,,,,Humor
bahvpt,,,,,,,,,,1,,,
7nt29u,,,,,,,,,,1,,,
4xa4ea,"Responding respectfully to people who post opinions that differ from your own. Listening and engaging in a thoughtful manner rather than just ""shouting"" at people.",1,,,1,,,,,,,,Thoughtful
9yuv9f,None,,,,,,,,,1,,,
qee86g,,,,,,,,,,1,,,
pebzxy,"Engaging, thoughtful content, without hostility or rudeness.",,,,1,,,,,,,,Thoughtful
9q1qta,,,,,,,,,,1,,,
d269x2,If a person made an intelligible comment that engaged many other users into a helpful discussion. ,,1,,,,,,,,,,
vn8qyk,I would think that posting new messages and posts will earn you a user badge and also engaging in other peoples conversations and posts.,,,1,,,,,,,,,
x29pp4,Being open minded and tolerant of others. Utilizing patience and respect. ,1,,,,,,,,,,,
vzupkq,,,,,,,,,,1,,,
92dcvc,"A large number of likes on postings. Many ""followers,"" ""friends"" or ""subscribers.""",,1,,,,,,,,,,
vy863g,Being open minded and not taking sides,1,,,,,,,,,,,
wdbprm,N\a,,,,,,,,,1,,,
ptawbk,,,,,,,,,,1,,,
xpc4vm,The more you comment and make posts. ,,,1,,,,,,,,,
c66cyz,Being passionate about a specific topic or issue would most likely get you a related badge,,,,,,,,,,,1,Passionate
zpu222,,,,,,,,,,1,,,
ecc6kr,If you recieve alot of likes or comments on your post.,,1,,,,,,,,,,
uvqpfa,A lot of upvotes (thumbs up) and/or people commenting on your post.,,1,,,,,,,,,,
nwzq4e,Creating posts about controversial issues that a lot of people agree with,,1,,,,1,,,,,,
xn31v4,Having an open-minded personality and being able to understand as well as communicate arguments from both sides with a deep understanding.,1,,,,,,,,,,,
thzxn2,"I think that there may be AI detection built into the platform, to see when users are using certain words or phrases, such as ""respectfully"", ""I understand"", or ""That makes sense"". These phrases are likely to be said when a user is open and engaging with a different train of thought another user has.

These phrases likely would show an openness of opinion and willingness to learn, hence earning the badge ""open-minded""!",1,,,,,,,,,,,
gn4hcw,,,,,,,,,,1,,,
qe13yf,The user is supposed to earn the badge for being open minded and insightful when it comes to debating issues with others,1,,,,,,,,,,,Insightful
86xd4t,,,,,,,,,,1,,,
uuf41e,,,,,,,,,,1,,,
g2tqk8,,,,,,,,,,1,,,
pefxpk,They constantly post and people just mindlessly scroll and click the buttons to give them the awards for the badges.,,1,1,,,,,,,,,
8g3ncw,Engaging in the post and how active you are,,,1,,,,,,,,,
114n66,,,,,,,,,,1,,,
f4cu49,"I think users could earn an ""open-minded"" badge by acknowledging another user's point of view. They don't have to agree with it, they just have to read it and comment on it in a polite, respectful manner to show their open to reading about someone else's views. ",1,,,1,,,,,,,,
a2nuhf,Participating In engaging conversations. Contributing to the conversation in a way that is constructive. Not just one or two word stingers.,,,,1,,,,,,,,
3bbcr9,Posting something that other users like,,1,,,,,,,,,,
mnhexr,,,,,,,,,,1,,,
hty2wp,I think a really engaging post which brings peoples views together would earn a popular badge,,1,,,,,,,,,,
hhm1xk,Lots of posting and positive or interactions/feedback in general is how these badges are earned.,,,1,,,,,,,,,
nhcum2,"In theory it should be awarded to people with balanced opinions who consider both sides of the argument; however, the one user I saw with a badge did not fit that criteria.",1,,,,,,,,,,,
23q9cx,Posting more frequently to allow more chances to gain Likes from other users would be my first guess. The content of the post would also be important but if the goal is to drive engagement then saying controversial things on purpose could also achieve that goal.,,,1,,,1,,,,,,
g8ke74,,,,,,,,,,1,,,
39xpwd,Having controversial posts that some people either liked or didn't like,,,,,,1,,,,,,
f1z6ve,I think the most upvotes and comments would allow earning the badge ,,1,,,,,,,,,,
8pq818,Just being polite and having conversations instead of arguments with people who dont agree with you. ,1,,,1,,,,,,,,
p4pewk,,,,,,,,,,1,,,
94pfv9,,,,,,,,,,1,,,
t6ghz4,Politeness and tolerance of other members opinions ,1,,,1,,,,,,,,
64wpr7,I think if a person is open to a friendly debate they would get that badge.,1,,,1,,,,,,,,
12ad6y,,,,,,,,,,1,,,
8k8bk4,To be agreeable or to show understanding maybe acknowledgement ,,,,,,,,,,,1,Agreeable
nffzzu,,,,,,,,,,1,,,
xrbqcb,People who have their posts with a lot of interactions would earn the badge.,,1,,,,,,,,,,
1x7q3x,Being willing to discuss your opinions in a respectful manner and being willing to change your opinions when presented with evidence. ,1,,,1,,,,,,,,
bmaddb,"I would think that if the users treat each other with respect and do not shut someone down because they have a different opinion, they should earn a respectful badge. We should listen to what everyone has to say and then give our reasons for feeling our way. If we can support our reasons with facts, like the number of people killed by guns each year, we should do so. If the other person still does not change their opinion, we should accept it and continue to respectfully post our opinions.",1,,,1,,,,,,,,Factual
9u2kme,You have to be open to listening rather than having any strong or justified opinions yourself.,1,,,,,,,,,,,
tu72ub,To be polite and open mind to accept any opinions.,1,,,1,,,,,,,,
z7cvc9,"Someone would receive the badge for being ""popular"", a.k.a having high engagement posts multiple times throughout the day, lots of comments on their posts, lots of them commenting and engaging with OTHER people's posts.",,1,1,,,,,,,,,
xmarrm,"I believe that users that are respectful and engaging would earn such a badge. Those that voice their disagreement, but indicate that they see the others point of view are likely to earn this badge. Those who refrain from name calling or other hostile actions would also be in line for this badge. In addition, individuals that make posts stating both sides of an issue while pointing out agreed upon facts are very likely to earn themselves this badge.",1,,,1,,,,,,,,Factual
3qq16h,Seeing how people are able to be nice to others with different views.,,,,1,,,,,,,,
xrun1p,,,,,,,,,,1,,,
umdznp,Making swooping popular opinions that drive engagement. These opinions can be positive or negative depending on what crowd you are trying to talk to.,,1,,,,,,,,,,
yrv448,,,,,,,,,,1,,,
chp97f,I think it's posting a lot of generic content that they think will be pleasing ,,1,,,,,,,,,,
ktzkpu,I think maybe whether you're a republican or democrat maybe. May go off based on youre views as well.,,,,,,,,,,,1,
wcztqw,Maybe getting lots of likes and comments ,,1,,,,,,,,,,
b4knpm,,,,,,,,,,1,,,
bvqcev,Commenting on others post in an engaging open minded and understanding way ,1,,,,,,,,,,,
2c9dv9,"Maybe an AI sorts people by political opinion using key words and you get the badge if you interact with people of a different political opinion (/multiple political opinions) using words that are not labeled ""aggressive"" by the AI",1,,,1,,,,,,,,
nvek9k,Frequent users and well received by the audience ,,1,,,,,,,,,,
fct81p,"Receiving a lot of ""likes"" from other users",,1,,,,,,,,,,
xw79nb,,,,,,,,,,1,,,
zp14tm,,,,,,,,,,1,,,
m2tg4r,I would expect users earned the popular badge by posting controversial things that got a lot of views and engagement. ,,1,,,,1,,,,,,
u99twu,"I believe thst if you are a user that makes alot of different posts along with the number of likes that those posts generate, then you can and will receive a POPULAR badge.",,1,1,,,,,,,,,
kk7hmv,Listening to opposing opinions and agreeing that there are some valid points to them. Taking the time to consider someone else's viewpoint even if you disagree with it.,1,,,,,,,,,,,
mke8hq,,,,,,,,,,1,,,
dr47nx,,,,,,,,,,1,,,
4pmx9t,"If people are open minded , meaning they may have their own views but they are understanding in others who have opposing views.",1,,,,,,,,,,,
3wbpre,I would want to interact or engage with people who have differing opinions than me and express my own in a respectful way,1,,,1,,,,,,,,
xbtxb4,"Acknowledging others point of view, saying a lot of ""I understand""s, etc as replies before stating their own opinion ",1,,,,,,,,,,,
3tab6x,More engagement ,,,,,,,,,,,1,
n21wb8,When the user is actively posting and receives lots of likes from other users.,,1,,,,,,,,,,
avyrpp,,,,,,,,,,1,,,
6mycv1,receiving many likes on a post. ,,1,,,,,,,,,,
1vdxhn,,,,,,,,,,1,,,
unnpw2,Open mindedness,1,,,,,,,,,,,
zu9wre,To write posts that are the most likely to be very popular by a specific but large group of people.,,1,,,,,,,,,,
npdf4k,The user who consistently receives likes and is popular with what they post ,,1,,,,,,,,,,
7g66d8,I think getting more interactive and engaging in more conversations would earn the user a badge,,,1,,,,,,,,,
6df96f,"I guess repeated likes, comments and engagement",,1,,,,,,,,,,
996v2n,"Listening to others opinions, being open to new perspectives, and ultimately, carrying out respectful discourse regardless of the other person's beliefs.",1,,,1,,,,,,,,
3daqbk,Probably if you reacted to posts a lot and made a lot of comments ,,,1,,,,,,,,,
wu9nfy,I think that creating the most popular posts will allow me to obtain a badge,,1,,,,,,,,,,
mvwcax,Agreeing to listen/read other opinions that are different from their own,1,,,,,,,,,,,
8abn8q,"Posting regularly, comments that are liked by many users seems to be the most effective way to earn the user badge. ",,1,1,,,,,,,,,
ve38n1,Engaging ,,,,,,,,,,,1,
k9cygv,,,,,,,,,,1,,,
d1g7qk,Someone who is respectful that even though someone may not agree with what was said they will not be hostile in response.,,,,1,,,,,,,,
ktwzpp,"Commenting with an open mind. Being respectful of the opinion that is given. If you do not agree, bypass the post or ask for clarification on something that doesn't make sense",1,,,1,,,,,,,,
rhuubp,,,,,,,,,,1,,,
2b8dtp,,,,,,,,,,1,,,
wax98b,Many posts and likes.,,,1,,,,,,,,1,
1f4cwc,I think that providing a lot of social media posts which other users found engaging or enjoyed reading and interacting with would result in having the original poster earning the user badge.,,1,,,,,,,,,,
bvnang,I think engaging with other users in an open-minded and non-aggressive manner would help earn user badges. ,1,,,1,,,,,,,,
4fru7e,I think having open discussion where you are respectful to everyone would get you this badge. ,,,,1,,,,,,,,
73gaw1,Probably a post that gets a lot of attention. A post that has a lot of interaction with likes and comments.,,1,,,,,,,,,,
h4adgb,How open they are to others opinions,1,,,,,,,,,,,
6afv2d,It seemed like the users with the badge were writing posts that expressed some agreement and gave validation to other users.,,,,,,,,,,,1,Agreeable
2tdgey,"To be able to act rationally and be polite. 
Also, be civil and open minded.",1,,,1,,,,,,,,Rational
qmb4gn,"I find it Awesom , for me I Like it",,,,,,,,,,1,,
e7fw16,They engage with many users and are open to discussion on their posts.,,,1,,,,,,,,,
6xywep,Individuals who post frequently and accumulate many 'likes' and/or comments (replies),,1,1,,,,,,,,,
6kdaum,Respectfully commenting and being active in the community,,,1,1,,,,,,,,
xmakpd,,,,,,,,,,1,,,
buvyam,"How many ""Thumbs-up"" they received?
",,1,,,,,,,,,,
7em12f,I feel like posting and commenting on others post and give thumbs up and downs,,,1,,,,,,,,,
udxhn9,"If users were respectful in their opinions.
If they contributed to the community a lot.",,,1,1,,,,,,,,
3mx3u1,Friendly conversations with people who have differing opinions,1,,,,,,,,,,,
9ehx8g,,,,,,,,,,1,,,
9uvdbv,,,,,,,,,,1,,,
3mfva2,,,,,,,,,,1,,,
c71e9k,,,,,,,,,,1,,,
vaz92v,I think people who stayed neutral got badges or ones that made a lot of comments on other people's posts,,,1,,,,1,,,,,
ew6d9t,Being open minded and tolerant if others' opinion. ,1,,,,,,,,,,,
7kabr1,Being positive and stating real facts which makes people more interested in you ,,,,,,,,,,,1,Positive tone
fpatnd,Being respectful and contributing in conversation ,,,1,1,,,,,,,,
1fb7zr,Interacting with others respectfully ,,,,1,,,,,,,,
yx1yve,I think being popular and people liking your post will probably give you that badge.,,1,,,,,,,,,,
xphvb1,If one was open minded to others ideas and arguments ,1,,,,,,,,,,,
xkfzxr,,,,,,,,,,1,,,
zmz8qy,For this it was about being open-minded. It seemed to be random as there were some posts with this badge that were objectively negative and gave closed-off vibes that were contrary to how the badge was described. Very evil twin escaped from the basement and hacked my phone's facial recognition.,1,,,,1,,,,,,1,
f8yz12,,,,,,,,,,1,,,
ryuyz9,,,,,,,,,,1,,,
f8tr97,,,,,,,,,,1,,,
f4ppa7,,,,,,,,,,1,,,
91m2zc,,,,,,,,,,1,,,
n4ck7a,The person who has most post and interactions,,,1,,,,,,,,,
hxuch6,Having a post that is up voted and commented on a lot by other users.,,1,,,,,,,,,,
4ktbcz,I think respectfully engaging with others that hold different opinions than oneself and being willing to engage helps participants earn the user badge. Wouldn't be surprised if refraining from hitting the dislike button also contributed. ,1,,,1,,,,,,,,
vayrbd,people thay have their own ways and prespectives to certain issues.,,,,,,,,,,,1,
wzzd7p,Engaging in topics of discussion ,,,1,,,,,,,,,
teqn3n,The user would post engaging and conversation inspiring posts that attract the attention of online users. Perhaps controversial or unique posts are frequently created by the user and more times than not gather the attention of several others resulting in several responses ,,1,,,,1,,,,,,
d63hq6,I think everyone expressed themselves in a polite and respectful way. I was glad for that. I think that behavior and also behavior that encouraged conversations in a way that's not threatening is the best way to earn a badge.,,,,1,,,,,,,,
12cpx2,I think the badge is earned if the user is a highly engaging and frequent poster. If they garner many likes that it a bonus and reflects their status on the platform ,,1,1,,,,,,,,,
6hqku2,,,,,,,,,,1,,,
mpb4c4,"Being respectful towards the other posters, and engaging with others content ",,,1,1,,,,,,,,
dfqm1a,Posting things people agree and want to interact with,,1,,,,,,,,,,
kc382k,Probably positive comments and not starting arguments? Be willing to hear people out. ,,,,1,,,,,,,,Positive tone
d3n6wu,,,,,,,,,,1,,,
r9qpr3,,,,,,,,,,1,,,
puuxkk,Engaging,,,,,,,,,,,1,
886nf1,,,,,,,,,,1,,,
x4x672,I think garnering lots of attention and engagement off of your posts and just being an active member would earn the user badge.,,1,1,,,,,,,,,
ne3qmm,They're varied ,,,,,,,,,,,1,
nfvd7z,,,,,,,,,,1,,,
r6y9rh,Interacting with people of differing opinions and showing the ability to learn and grow from information learned.,1,,,,,,,,,,,
fb3wre,Creating a post that gains much traction and has many interactions earns you a badge. ,,1,,,,,,,,,,
hnqvf9,"Given that I don't know who awards the badges or what metrics it is based on, I would have to guess that is an algorithm based on the users likes and dislikes (given and received) on posts of differing opinions - however, this would also rely on the assessment of the posts themselves where a determination is made if a post is on one side of a debate or another. The other scenario is human mods making these decisions.",1,,1,,,,,,,,,
k6vg8n,,,,,,,,,,1,,,
zhqcvw,I believe people should earn badges if they can respectfully have a conversation. ,,,,1,,,,,,,,
q61a1p,Commenting politely and encouraging civil discourse. ,,,,1,,,,,,,,
pqaytn,I think consistently engaging with people of differing op opinions but somehow closing in on a solution would greatly increase your chances of earning a badge ,1,,,,,,,,,,,
3dcpyh,Being willing to change your mind in the face of reputable evidence.,1,,,,,,,,,,,
u9mnam,I think people like what they agree with. So badges are a reflection of how many followers agree ,,1,,,,,,,,,,
ftamqx,"The ones that listened , interacted and held a civil discussion/conversation. Also that were engaging and active",,,1,1,,,,,,,,
quzvva,I think the badge would be awarded to those that were open to differing opinions and weren't toxic or belligerent to other users on the platform.,1,,,1,,,,,,,,
dk4mzr,Asking questions on why others believe what the believe and trying to see it from the others point of view,1,,,,,,,,,,,
dmyvdw,,,,,,,,,,1,,,
fq6xu6,"Being active, posting thoughtful words that were considerate, polite, and engaging. ",,,1,1,,,,,,,,"Thoughtful, Passionate"
4bkety,Having popular opinions and more likes earns them the popular badge ,,1,,,,,,,,,,
dwum2q,,,,,,,,,,1,,,
1bqxnq,Posting a lot and being in favor of hun control seems to get you the win for the popularity contest,,1,1,,,,,,,,,Pro-gun control
g1tet1,Being sympathetic and understanding ,,,,,,,,,,,1,
rf2r8z,,,,,,,,,,1,,,
t9depn,If a lot of people react to their post ,,1,,,,,,,,,,
tyx96d,Being respectful and trying to understand the perspectives of others who may or may not agree with your opinion. Having a respectful conversation and maybe even not having an extreme stance that shuts out conversation from others. ,1,,,1,,,1,,,,,
cxaxx7,Being active and open minded to others options will earn you the user badge I believe.,1,,1,,,,,,,,,
vwzp82,,,,,,,,,,1,,,
pv7f88,I think if you are good at expressing your opinions or your thoughts.,,,,,,,,,,,1,"'Good' quality, Articulate"
gam2y4,Interacting with others.,,,1,,,,,,,,,
q1etev,"Reading and responding in a respectful, non-inflammatory manner. Being a constructive participant.",,,,1,,,,,,,,
nqgt1v,As long as you are open to various points and are open minded about them you earn this badge. ,1,,,,,,,,,,,
zwphpx,"Middle of the road, popular points of view that appeal to everyone would probably get the most likes.",,1,,,,,1,,,,,
bycezd,Being respectful as you comment on posts and engage with other people.,,,,1,,,,,,,,
xp8ky1,People who make engaging posts that get a lot of likes and comments. Someone who interacts with other users. ,,1,1,,,,,,,,,
txaab4,,,,,,,,,,1,,,
8eb2bw,"Posting a lot, getting a lot of comment and reaction engagement. I'm sure a controversial post would get lots of attention and help earn the badge.",,1,1,,,1,,,,,,
gz6tt2,,,,,,,,,,1,,,
dnf748,I think users with a lot of engagement on their posts would get a badge. ,,1,,,,,,,,,,
tzav84,"Not being toxic, and making statements in an unbiased and informed fashion.",,,,1,,,,,,,,
xpq479,I think agreeing with others and being reasonable earns a badge!,,,,,,,,,,,1,
tc24qv,People who were polite and open minded when discussing topics with people with opposing views.,1,,,1,,,,,,,,
3rhk6q,,,,,,,,,,1,,,
hkbzym,I think it would be someone who is very active on the platform while not being toxic or bias in their comments and replies. ,,,1,1,,,,,,,,
3vgz47,,,,,,,,,,1,,,
yvz1c1,,,,,,,,,,1,,,
d699hy,,,,,,,,,,1,,,
abdhqb,"Not spreading false news, staying kind and informative, be willing to learn and listen.",1,,,,,,,,,,,Factual
y6b8h7,,,,,,,,,,1,,,
2k7xfw,,,,,,,,,,1,,,
891m19,,,,,,,,,,1,,,
ym9d89,"I am not sure because I saw that a person with the least tolerant, and the most close minded post had a ""open minded badge"" flair.",1,,,,,,,1,,,1,
rp8nq6,If the user stated positive things ,,,,,,,,,,,1,Positive tone
anfxfh,Posting content that was engaging and received likes. Possibly posting engaging comments but I didn't see a way to like comments so maybe not. ,,1,,,,,,,,,,
kbgya8,I think being actively engaged with other users and receiving a large amount of likes or interactions in general would give you the user badge. ,,1,1,,,,,,,,,
ev989u,A great amount of posts with lots of likes and comments ,,1,,,,,,,,,,
drtz91,Posting something that a lot is like minded users would agree with. ,,1,,,,,,,,,,
bnzhgp,I would use the app as normal. Comment like and dislike what I felt was appropriate ,,,,,,,,,,1,,
xkbp9z,Making strong points toward political topics on a basis of fact and rational,,,,,,,,,,,1,"Strong opinion, Factual, Rational"
vugmhd,A willingness to listen to differing opinions with an open mind and without attacking or being argumentative toward the person giving that opinion. ,1,,,,,,,,,,,
cmabtr,,,,,,,,,,1,,,
tub3c1,"I think a user might earn a badge if they refrained from foul, overly aggressive language and avoided bullying behaviors such as name-calling. ",,,,1,,,,,,,,
1wcqpr,Very nice,,,,,,,,,,1,,
yfdgyx,,,,,,,,,,1,,,
mkpecc,Intellectual humility and openness. I wrote a long engaging post so I probably missed the password. ,1,,,,,,,,,,,Intellectually humble
pf32he,,,,,,,,,,1,,,
pdggax,,,,,,,,,,1,,,
8m2bk8,Where you can be respectful and see both sides without putting down or being nasty about the topic being discussed. ,1,,,1,,,,,,,,
1c87zz,Having enough conversations with people who lay on both side of the spectrum.,1,,,,,,,,,,,
qz24k3,I think fairly and politely discussing the topics with people on both sides of the debate,1,,,1,,,,,,,,
1q3n28,"It seemed like having more extreme, one-sided views got people more likes and comments. ",,1,,,,1,,,,,,
8w39nb,Posting comments that get a lot of likes. Getting a lot of followers.,,1,,,,,,,,,,
bfpuq9,,,,,,,,,,1,,,
rby2b8,I think people get the badge if they are open minded and open to changing their thinking about certain things,1,,,,,,,,,,,
2wqq1v,Posting engaging posts that spark a conversation.,,1,,,,,,,,,,
9q1ty2,,,,,,,,,,1,,,
gec38b,,,,,,,,,,1,,,
nzhka6,Engaging in constructive discussions,,,,1,,,,,,,,
g7uxn7,Apparently tolerance and willingness to listen to opposing views.,1,,,,,,,,,,,
3hghqp,"I think that you would earn the badge by being respectful of others opinions, as well as being able to learn from others.",1,,,1,,,,,,,,
t2u7ve,"I believe users that were awarded a high degrees of likes or comments and have a great deal of activity are awarded badges like the ""popular user"" badge.",,1,1,,,,,,,,,
rmh817,"Being active on the platform, being polite and unbiased.",,,1,1,,,,,,,,
af9wkz,being open minded,1,,,,,,,,,,,
dt2c4n,If they were willing to change their views when giving conflicting information. If they engage with open mindedness.,1,,,,,,,,,,,
rydmn2,"If a user was more open minded by learning from different opinions. In other words, they were intellectually humble. ",1,,,,,,,,,,,Intellectually humble
3yf2vr,,,,,,,,,,1,,,
uybcaf,Someone who is respectful and willing to listen to opposing views ,1,,,1,,,,,,,,
721pye,"Engaging in thoughtful but Ernest ideas without regrets and getting people to at least give some thoughts to the ideas
",,,,,,,,,,,1,Thoughtful
fgmppq,,,,,,,,,,1,,,
a86x27,By communicating respectfully and being open minded when encountering a different point of view than you.,1,,,1,,,,,,,,
khnzuc,,,,,,,,,,1,,,
wq2v4y,People that respects people's opinions,,,,1,,,,,,,,
8hpcer,,,,,,,,,,1,,,
xepck2,,,,,,,,,,1,,,
wqxagg,,,,,,,,,,1,,,
q2ytdp,How much they interact with others ,,,1,,,,,,,,,
1d3nqz,,,,,,,,,,1,,,
g7qd3p,,,,,,,,,,1,,,
vmv6ck,,,,,,,,,,1,,,
r8bkpr,Who knows probably just the most post engagement and rightthink,,1,,,,,,,,,,
acx677,"There were various opinions about immigration, both for and against. Postings that responded in a civilized manner to all views, and showed they learned from these views, received a badge.",1,,,1,,,,,,,,
cxg94a,Making a respectful post and actively engaging with others,,,1,1,,,,,,,,
rhbqzn,,,,,,,,,,1,,,
txz2vc,,,,,,,,,,1,,,
pdm9rv,,,,,,,,,,1,,,
4f4ypu,Being neutral and respectful as well as open to other opinions ,,,,1,,,1,,,,,
bhz47p,Having a lot of people agreeing with you and liking your posts,,1,,,,,,,,,,
x7nrnk,Issuing statements that garner a lot of public traction ,,1,,,,,,,,,,
h2zrtt,,,,,,,,,,1,,,
eana9c,Users who were intellectually humble and open to receiving all different viewpoints.,1,,,,,,,,,,,Intellectually humble
hxv4qm,Being active and opened minded participant on spark social.,1,,1,,,,,,,,,
ncw4dr,Being polite in sharing one's point of view.,,,,1,,,,,,,,
guxdtq,Behaviors and actions on the platform that I think would earn a user a badge or the same behaviors and actions that are typical of users that gain a lot of popularity. This would include creating posts that are engaging as well as engaging in other people's posts.,,1,1,,,,,,,,,
etg263,"Getting the most likes I assume, generating original posts which receive a lot of replies.",,1,,,,,,,,,,
kb34w6,,,,,,,,,,1,,,
ynzube,,,,,,,,,,1,,,
ed28gc,Being open to constructive conversations and posting/replying a lot,,,1,1,,,,,,,,
f69bme,Replying to many different posts. And starting my own posts that generate conversations. Being able to look at both sides when confronted with differing views. ,1,,1,,,,,,,,,
dcg9nv,Having a lot of other users respond to and like or dislike their posts,,1,,,,,,,,,,
gvt1n4,Avoiding words that are hostile and commenting in a respectful manner,,,,1,,,,,,,,
guf9kc,I think people that are willing to address others opinion  respectfully even when they disagree will get this badge. ,1,,,1,,,,,,,,
4tk8m1,Engagement and posting basically participate ,,,1,,,,,,,,,
yayzee,Liking posts that have different views and posting things that show they are willing to listen and learn from those who have different views. Responding respectfully to others. ,1,,,1,,,,,,,,
272hwt,,,,,,,,,,1,,,
9uu3b9,Being open minded and not taking sides in an argument.,1,,,,,,,,,,,
rdxw9v,,,,,,,,,,1,,,
w6urg6,,,,,,,,,,1,,,
nmzyhd,Users would earn the badge by posting a popular opinion or a thought provoking statement. ,,1,,,,,,,,,,
cd7n1c,Engaging in comments and making posts ,,,1,,,,,,,,,
2pnxxm,Being active in discussions with other users.,,,1,,,,,,,,,
4qx9cp,,,,,,,,,,1,,,
1xm6wp,,,,,,,,,,1,,,
6vw7fz,Someone who is open to hearing any argument and engaging in respectful discussion even if it challenges their viewpoint.,1,,,1,,,,,,,,
1dkqc3,"Engaging with posts, and posting popular opinions that get a lot of engagement.",,1,1,,,,,,,,,
zvf1ru,Doing a lot of posts and having a lot of followers. ,,1,1,,,,,,,,,
ku1dz4,"Actively engaging in other people's posts, receiving likes and followers",,1,1,,,,,,,,,
h7t2ve,,,,,,,,,,1,,,
bvhvy2,"I think some behaviors that would warrant someone earning this badge would be interacting with points of views that differ from their own, being tolerant and kind to those that disagree. ",1,,,,,,,,,,,
zqge3p,The contenta is easier to find,,,,,,,,,,1,,
ze3b1a,,,,,,,,,,1,,,
bnfct9,People who are popular or have popular opinions and likes on the platform. People who are well liked. ,,1,,,,,,,,,,
a7gawg,The user badge is given to people who make knowledgeable post,,,,,,,,,,,1,Knowledgeable
e2877b,,,,,,,,,,1,,,
n7e73y,The more reactions that were generated by the post.,,,,,,,,,,,1,
h9u14m,,,,,,,,,,1,,,
7xczcv,If they are helpful ,,,,,,,,,,,1,Helpful
drk4a3,,,,,,,,,,1,,,
y2rga9,,,,,,,,,,1,,,
mxnzdv,The accumulation of likes and comment interactions with the particular posts ,,1,,,,,,,,,,
7mhp3y,,,,,,,,,,1,,,
rrauey,Being open to discourse that conflict with your beliefs in a constructive and open manner. ,1,,,,,,,,,,,
3ux8fe,,,,,,,,,,1,,,
bq4pf2,Listening to others views and replying well.,1,,,,,,,,,,,
tzge3d,,,,,,,,,,1,,,
uhxgc7,,,,,,,,,,1,,,
aygucv,Engaging with multiple viewpoints. Potentiallt changing your mind. Getting positive interaction from different types of people. ,1,1,,,,,,,,,,
xn6pun,"Posting things with a certain level of brevity and assurance/confidence that also reflects the broader population's views (which would earn more ""likes"")",,1,,,,,,,,,,
rhe4nv,A user who makes an effort to see other viewpoints and ammends their own.,1,,,,,,,,,,,
9tphbv,"Users with this badge would be respectful, even when disagreeing. They would argue in good faith and not call people names or use intentionally inflammatory phrases/words or make rude assumptions about others. ",,,,1,,,,,,,,
29rgv6,That everyone is respecting everyone opinion and not being rude with people ,,,,1,,,,,,,,
gue4ap,,,,,,,,,,1,,,
6kme82,Engaging in polite conversation and engaging politely with those on each side of an issue in an effort to be better informed on opposing views. ,1,,,1,,,,,,,,
qmvxn9,,,,,,,,,,1,,,
2twgab,,,,,,,,,,1,,,
33z1wc,,,,,,,,,,1,,,
qpkdcp,The specific behaviors that might likely earn a badge includes engaging with other users respectfully  and being open minded concerning your viewpoint.,1,,,1,,,,,,,,
28rxyn,I really don't know. I was so engaged in the feed I did not have time to look at the badges. But the way things were going I believe it would be from having a positive exchange of ideas.,,,,1,,,,,,,,
6mvp8h,"They would earn the ""Open-Minded"" badge through making impatcful posts and rating / commenting on other posts.",1,,,,,,,,,,,
3ygxqe,It seemed like those with a lot of supportive comments were the ones who received a badge ,,1,,,,,,,,,,
edczch,Having strong views that most if not users can agree on.,,1,,,,1,,,,,,
hg3pen,Being polite to others that have a different opinion from your own. Being willing to openly listen and consider the opposing view.,1,,,1,,,,,,,,
qztb2g,,,,,,,,,,1,,,
nkgry7,,,,,,,,,,1,,,
d3acpm,,,,,,,,,,1,,,
67161e,Being polite when sharing your opinion and also when disagreeing with someone else's opinion and being open to hear other's opinions ,1,,,1,,,,,,,,
dh8gcw,User likes and positive interactions. Also level of activity with more earning more badges,,1,1,,,,,,,,,
fazpqt,,,,,,,,,,1,,,
eqbv29,User needs to be able to conduct respectful conversations on both sides of political spectrum. ,,,,1,,,,,,,,
ynd1zw,,,,,,,,,,1,,,
k1k7mu,I think being tolerant to other viewpoints and being willing to engage in polite banter with opposing perspectives earned the Open Minded badge.,1,,,1,,,,,,,,
aany98,Having an open mind and engaging with good faith in debates,1,,,,,,,,,,,
mcy89c,Being open to new facts,1,,,,,,,,,,,
wbckv4,Talking with people who have different opinions in an open way and receiving positive feedback from other users.,1,,,,,,,,,,,
znavrz,Excessive engagement ,,,,,,,,,,,1,
x2rq4k,I think some one who shares a populist idea will get more likes,,1,,,,,,,,,,Populist
cmgyy4,"Making posts, interacting with others posts, and receiving likes and comments on your own posts likely contribute to earning a badge.",,1,1,,,,,,,,,
2y392g,Being able to having a differing opinion but not treating the other person disrespectfully.,,,,1,,,,,,,,
ang1gw,Being able to see both sides and respectfully make a statement on both,1,,,1,,,,,,,,
2v72rz,"Engaging in positive conversation, posting, commenting, interacting with other users. ",,,1,,,,,,,,,Positive tone
hdx478,Liking and commenting on posts,,,1,,,,,,,,,
hznhmd,You'd have to change your mind?,1,,,,,,,,,,,
exbhzf,Politely engaging in discourse with people who have different views ,1,,,1,,,,,,,,
f8ykwd,,,,,,,,,,1,,,
zc1b97,"If they have an open mind, and dont really have strong opinions. They are never toxic.",1,,,1,,,,,,,,
yxue3u,,,,,,,,,,1,,,
7vy42f,"For the amount they post or engage with posts, for the amount of upvotes they get from other users.",,1,,,,,,,,,,
tphenx,Not giving your opinion but asking everybody else's.,,,,,,,,,,,1,
ddrmwe,,,,,,,,,,1,,,
qtqhx9,I think that polite language and engaging with all types of posts would help earn that badge.,,,,1,,,,,,,,
h1gbdg,Polite and engaging conversations ,,,,1,,,,,,,,
en68e9,"Users who represent the majority's views receive more likes and it helps them earn the badge.






",,1,,,,,,,,,,
y4ucgm,Being open to hearing ideas from those with differing opinions tha one self,1,,,,,,,,,,,
z8nren,Maybe getting a viral post or high upvoted comment ,,1,,,,,,,,,,
8p477z,,,,,,,,,,1,,,
94gme1,Engaging respectfully with others ,,,,1,,,,,,,,
nnznhh,,,,,,,,,,1,,,
e26e4c,"Well I don't know if I can verbalize that very well I just thought it was frequent posters who made a pretty good amount of logical sense regardless of the position they took would be the ones that got the badges or the purple outlines around their shares or posts.

Thanks for letting me participate in for adding to our body of knowledge it wasn't interesting exercise!",,,,,,,,,,,1,
weze9d,,,,,,,,,,1,,,
wqt3bc,having multiple users read/engage with the posts they make,,1,,,,,,,,,,
gqqh6m,No idea. The minute I ascertained it was for anti immigrant nuts I stopped looking.,,,,,,,,1,,,,Anti-immigration
19bwh4,,,,,,,,,,1,,,
vdcy84,"If you reacted to others' posts, created your own posts, and replied to others I'd think you'd be able to earn the user badge. ",,,1,,,,,,,,,
qpkuzb,I think the more likes a person has and the more comments a person has earns that person a badge,,1,,,,,,,,,,
yexuv1,The popular user purple badge is awarded to users with a high amount of likes on their posts.,,1,,,,,,,,,,
ngrehw,Posting popular opinions would definitely get the badge.,,1,,,,,,,,,,
wbxxtk,"Posting engaging posts/comments regular, meaning posts/comments that get a lot of likes and comments. Also having a lot of followers. ",,1,1,,,,,,,,,
7dghg6,Getting a large amount of followers or likes on a post.,,1,,,,,,,,,,
adqrrf,I believe the actions on the platform are respectful and interesting. The platform is engaging. I enjoyed my time in the platform,,,,1,,,,,,,,Interesting
a7xdp3,"The people were very polite. Also, the post seemed well thought out and polite as well. There was a lot of quick responses to my posts. That's why I thought there may have been bots. But overall it seem to be a site that people were actively engaged .People comfortable with given opinions, but not overly aggressive.",,,,1,,,,,,,,Suspected bots
yv3tkp,By receiving a significant number of likes from other users on my posts.,,1,,,,,,,,,,
vq8mx6,,,,,,,,,,1,,,
7t394d,Earn badge by actively engaging in app.,,,1,,,,,,,,,
8uwram,Engaging in discussion without offense. Sharing ideas that were valuable without emotional attitudes.,,,,1,,,,,,,,
hrqurg,I think that engaging with other commenters and receiving thumbs ups might earn a user badge. Also generating comments that positively drive user engagement might earn badges. ,,1,1,,,,,,,,,
3uc17a,Engaging and seeing others opinions. ,,,1,,,,,,,,,
ymtg86,Getting more likes proportionally to other users' posts.,,1,,,,,,,,,,
gwcggf,Being respectful and open minded and not attacking other users and last but not least user likes,1,,,1,,,,,,,,
78gt9t,"I think I would be respectful, for sure. I definitely don't hesitate to listen to other's opinions. There is no need to rile up people just because we don't agree on every single thing. ",1,,,1,,,,,,,,
qcx6xw,The degree of interactions (posts and replies).,,,1,,,,,,,,,
7ky9fy,Engaging polite conversations that garner activity and followers.,,,,1,,,,,,,,
tufd4q,If they are getting a lot of engagement on their posts with a lot of people agree with their posts and liking it.,,1,,,,,,,,,,
yxcvef,Posting content that questions your own beliefs.  Also liking posts that differ from your own,1,,,,,,,,,,,
y2v46w,Getting likes,,1,,,,,,,,,,
c4thh7,"What I would think would possibly earn a user a badge would be recognition, high popularity, and a lot of interaction between themselves and also other users as well.",,1,1,,,,,,,,,
rc32br,"Those who were open to different opinions and willing to accept the difference, even if they disagreed. If the could be even with remarks and not openly hostile.",1,,,1,,,,,,,,
ydnvq9,,,,,,,,,,1,,,
e9cchn,Being active and getting likes on your posts from others.,,1,1,,,,,,,,,
wz6r8e,I think if they were open minded with people ,1,,,,,,,,,,,
b86bpg,Posts or comments that were neutral and both sides of an issue could agree on and therefore would press like,,,,,,,1,,,,,
61kwnw,,,,,,,,,,1,,,
n49rz7,,,,,,,,,,1,,,
1kzmcb,I think admitting you do know all answers and being respectful will earn you the badge. ,,,,1,,,,,,,,
2uycde,I think engaging and commenting in a respectful and curious way on posts that differ from your views would be the way to earn this badge.,1,,,1,,,,,,,,
t23hat,People who post a lot or engage with others to earn themselves likes,,1,1,,,,,,,,,
74rtp3,,,,,,,,,,1,,,
b2vzhh,,,,,,,,,,1,,,
1yne9p,"Perhaps a large amount of attention. Likes, dislikes, comments. ",,1,,,,,,,,,,
heycm1,Well from my understanding the badges are awarded based on a large number of people liking your posts on this particular platform,,1,,,,,,,,,,
6mm18u,Having frequent and substantive conversations with others. ,,,1,,,,,,,,,
xtbkba,Posting more engaging contents ,,1,,,,,,,,,,
rc1dtk,I think someone with a good stance on issues and being polite would get the badge.,,,,1,,,,,,,,
6cwffw,"Frequent posts, frequently engaging in commenting on others posts and or liking/disliking ",,,1,,,,,,,,,
ecg6ak,I think if they post some truest ideas that people will respect thrm,,,,,,,,,,,1,
eyu3hz,"Posting something that garnered a lot of ""thumbs up"" approvals.",,1,,,,,,,,,,
7ae8d8,,,,,,,,,,1,,,
yrhq9z,Liking and commenting on posts wi tbh different opinions,1,,,,,,,,,,,
e27wcv,Posting things relevant to recent conversations and getting a lot of attention positive and negative.,,1,,,,,,,,,,Relevant
8pvz4r,,,,,,,,,,1,,,
9qvcma,,,,,,,,,,1,,,
4hdukc,,,,,,,,,,1,,,
4qyhyh,,,,,,,,,,1,,,
v7yya7,Level headed posters who present solid claims deserve the badge. The amount of likes they may receive reinforces that fact.,,1,,,,,,,,,1,
xzpby3,,,,,,,,,,1,,,
tbd7pz,Posting topics that others agree with and or like. As well as having a discussion that is not skewed but attentive ,,1,,,,,,,,,,
74kfer,Behaviors that earn a badge are users that achieve a lot of likes and replies,,1,,,,,,,,,,
bcvytc,If that user gets a lot of interactions such as upvotes or responses to their messages.,,1,,,,,,,,,,
dhzttc,"Ability to engage diplomatically, listen well, change opinions if appropriate.",1,,,,,,,,,,,
6rvvyv,,,,,,,,,,1,,,
8e6dw6,If they are articulate and respectful with sharing their opinions,,,,1,,,,,,,,Articulate
8qgv6a,Posting popular and respectable content ,,1,,1,,,,,,,,
nyvm2q,Posting interesting and insightful content that people find informative and unique vs rehashing the same arguments everyone else makes.,,,,,,,,,,,1,"Informative, Insightful, Interesting"
p1z83y,,,,,,,,,,1,,,
ca77z9,"Replying to posts kindly, expressing opinions in a positive way.",,,,1,,,,,,,,Positive tone
vknnyh,If their willing to see both sides of the issue ,1,,,,,,,,,,,
72cpq2,People who were open minded an able to communicate back an forth civilly ,1,,,,,,,,,,,
atdym7,,,,,,,,,,1,,,
h4pm8n,Just by respectfully engaging in conversations with other users about political opinions ,,,,1,,,,,,,,
xfggcy,,,,,,,,,,1,,,
r1e7wr,,,,,,,,,,1,,,
f3dq94,"By showing respect to different opinions, listening and giving your own opinion and a polite manner. We can all learn something from each other, even if we have different viewpoints.",1,,,1,,,,,,,,
py81px,"If the user's opinions were widely ""liked "" about a particular subject such as immigration such as ""yay"" or ""nay"", that type of behavior would always invite comments. ",,1,,,,,,,,,,
vtt8xb,"I think if the user expressed a thought that is well said and respected amongst other users, they are more likely to earn a badge.",,1,,,,,,,,,,
a7q18f,,,,,,,,,,1,,,
9w3yrk,Be respectful of others views and do not argue but point and counterpoint. You can state your views and opinions without being offensive and mean.  Polite conversation is key. ,1,,,1,,,,,,,,
gavzgw,,,,,,,,,,1,,,
rxxqb9,"Posting relevant and interesting content, and treating other users with dignity and respect.",,,,1,,,,,,,,"Relevant, Interesting"
u4t3fn,,,,,,,,,,1,,,
4224fc,,,,,,,,,,1,,,
mxa7hg,,,,,,,,,,1,,,
zgzm9x,"I guess I assumed the badge was based on engagement (which is what drives the platform/ad$) or how frequently they posted, rather than their posts have the most people agreeing with them. ",,,1,,,,,,,,,
9yg49x,Being able to refrain from being mean ,,,,1,,,,,,,,
gvmdq4,If a lot of people consistently hit like on your posts.,,1,,,,,,,,,,
pfmd48,,,,,,,,,,1,,,
zv3m1r,It seemed like badges were awarded for thoughtful and engaging comments. ,,,,,,,,,,,1,Thoughtful
q9znpu,,,,,,,,,,1,,,
94rh6h,,,,,,,,,,1,,,
1vpyyv,,,,,,,,,,1,,,
3cw121,,,,,,,,,,1,,,
gaay14,Behaviors on the platform that would earn the user badge is if they are very engaging. Engaging as if respecting other commenters and posters. Also providing insightful comments on other people's post.,,,1,1,,,,,,,,Insightful
8p9hdt,Based on their likes and popularity if I were to guess,,1,,,,,,,,,,
4n6h2p,,,,,,,,,,1,,,
caxqz8,Having a discussion with someone with a different opinion on a topic and being courteous during that conversation. ,1,,,1,,,,,,,,
fukd7e,High engagement (commenting back and forth) and the amount of likes they receive on their posts ,,1,1,,,,,,,,,
k4399h,In my own opinion I think users of the spark social app will be able to earn user badge base on their level of participation and engagement on the platform.,,,1,,,,,,,,,
2u937z,,,,,,,,,,1,,,
f9vvcv,,,,,,,,,,1,,,
bua2zc,Very good and perfect and unique ,,,,,,,,,,1,,
aab4qe,,,,,,,,,,1,,,
y81y3c,A statement that gains traction with peers. Either negative or positive the comment creates an environment for discussion to continue to a greater extent based on the prompt presented. A statement that stands out against others.,,1,,,,,,,,,,
ux2wnk,A uses who generally posts a lot and is popular basically because of the number of likes they recceive.,,1,1,,,,,,,,,
vr12k6,I think users who create the most content and interact with the most posts earn a badge.,,,1,,,,,,,,,
7nxmxw,Just stated my options and didn't be a dick. Just like normal,,,,,,,,,,1,,
qrdavb,"Admitting they could be wrong, and being open to new information.",1,,,,,,,,,,,
c4g613,Posting often and have a lot of interactions with other users.,,,1,,,,,,,,,
bwnw49,"The opinions that were positive and not negative on the matter, and not engaging in rough behavior",,,,1,,,,,,,,Positive tone
ywuvhx,,,,,,,,,,1,,,
y84nxn,If the user was actively engaging in conversation in a constructive manner. Where dialogue was honest and authentic. The conversation would include supporting evidence and is not insulting or derogatory.,,,,1,,,,,,,,Honest
pffdw7,Respectfully discuss a point of view and also be open to discussing another users point of view.  Not becoming aggressive towards other users. ,1,,,1,,,,,,,,
4u8ag2,The free thinker badge was one that goes to someone who is humble in their opinions and thinking of others,1,,,,,,,,,,,
8pdkzt,"Being open minded allowed one to get this badge. This means engaging with other people with different opinions, learning from others, etc.",1,,,,,,,,,,,
mpx178,I would assume it had to do with the type of language that person used in interactions with other users.,,,,,,,,,,,1,
cfku62,,,,,,,,,,1,,,
11b468,Respectfully interacting with other posts and presenting a willingness to listen and learn from the opinions of other users.,1,,,1,,,,,,,,
kvctqq,"Having positive reviews, thumbs ups, from many people. Showing openness to both sides.",1,1,,,,,,,,,,
ardxry,,,,,,,,,,1,,,
h4bv1w,,,,,,,,,,1,,,
q1xvbx,"Being open to new information, and being respectful of others on the platform",1,,,1,,,,,,,,
ehknza,"I think that if you are open to discussion on things you disagree with, and do so in a non hostile manner, you would get the badge.",1,,,1,,,,,,,,
97nz1x,The most likes or reposts probably. Or someone who posts a lot,,1,1,,,,,,,,,
98e8hy,Users that are open-minded and willing to listen to others point of view on a political topic.,1,,,,,,,,,,,
e9xwqc,"Being open minded, being polite in stating your views, asking questions about the other sides beliefs",1,,,1,,,,,,,,
gvnheg,I think posting a good bit as well having many votes and comments. ,,1,1,,,,,,,,,
hvb1rf,,,,,,,,,,1,,,
mx7ucf,I think you could earn this badge by being polite and engaging with opposing viewpoints,1,,,1,,,,,,,,
typ7y4,Being respectful and open to others. Using nice language as well as being aggreable.,,,,1,,,,,,,,
neb82f,,,,,,,,,,1,,,
utp4ny,Creating open discussions where you can learn different perspectives ,1,,,,,,,,,,,
kp283h,,,,,,,,,,1,,,
276qp8,If a user routinely engaged in conversations and liked posts,,,1,,,,,,,,,
p7wprc,I think being open to learning from others with differing opinions would be most likely to earn a badge ,1,,,,,,,,,,,
tx4r9r,Sharing more post and gaining followers ,,1,,,,,,,,,,
akz9zd,"If the post had a lot of engagement, it got more traction and it earned a badge",,1,,,,,,,,,,
gc16gk,How many likes and interactions the user has on the platform ,,1,1,,,,,,,,,
c9x6bn,,,,,,,,,,1,,,
332mg3,,,,,,,,,,1,,,
y4vkg1,,,,,,,,,,1,,,
dx7ceg,,,,,,,,,,1,,,
vg7pwf,Beging dedicated and passionate in posting ,,,,,,,,,,,1,Passionate
dnrmuv,"They would be rewarded by not only being polite and nice on the platform, but engaging with multiple people and using the platform over a set amount of hours per day, per week, per year, and also have their account verified as a real person and not a bot.",,,1,1,,,,,,,,
32qunu,Being polite to all viewpoints. Being open minded.,1,,,1,,,,,,,,
dc8f4q,Being popular like making a post lot of people like,,1,,,,,,,,,,
dkn34v,I think it would be if you post frequently and you receive a lot of likes on your posts.,,1,1,,,,,,,,,
6ymxc9,,,,,,,,,,1,,,
4p719v,,,,,,,,,,1,,,
h3tc27,,,,,,,,,,1,,,
ptag3g,I think ultimately engaging with other users and having an open mind to other views than your own would help earn you this badge.,1,,,,,,,,,,,
gvh16f,Have more interaction with other users,,,1,,,,,,,,,
a7z8qg,If they used popular political ideologies ,,1,,,,,,,,,,
w849nc,Being open-minded and respectfully engaging with all points of view. ,1,,,,,,,,,,,
pxc9p2,,,,,,,,,,1,,,
8dggm9,Reaching a conciliatory or agreeable position with a person with a different view ,1,,,1,,,,,,,,
61p4tp,The amount of engagement ,,,,,,,,,,,1,
bppq18,,,,,,,,,,1,,,
vguwu3,,,,,,,,,,1,,,
ugdtr8,Number of thumbs ups and comments,,1,,,,,,,,,,
r4q71f,,,,,,,,,,1,,,
u3vgq2,,,,,,,,,,1,,,
a9ukyf,I think posting a lot of open ended questions would help you learn the badge. Also asking questions in comments could help you earn the badge. ,,,1,,,,,,,,,
dkwv7f,People who respectfully engage with and learn from differing opinions earn the user badge,1,,,1,,,,,,,,
x784xa,I think having the most extreme opinions one way or the other would generate the most views and in turn the most likes,,1,,,,1,,,,,,
7ra7ae,,,,,,,,,,1,,,
eh8gyt,If they were open minded on different things involving gun issues they would get it. Also if they engaged with both sides by commenting they would get it.,1,,,,,,,,,,,
43zx1g,I can't remember too well I'm sorry.,,,,,,,,1,,,,
q2w9u9,"I believe it said something about being a ""humble learner"". It had to do with respectfully learning and sharing different views and being polite. That's what I remember ",1,,,1,,,,,,,,
kd98yx,,,,,,,,,,1,,,
bgg8md,,,,,,,,,,1,,,
axnh4u,"Someone being considerate, never mean or judging of someone else's opinion. They would have to be open-minded listening to others and assertive when explaining their side if they disagree. If both parties disagree with each other after peaceful discussion they would ""agree to disagree.""",1,,,,,,,,,,,
uhax4f,,,,,,,,,,1,,,
d3h62g,The degree to which users were active and  engaging on new things.,,,1,,,,,,,,,
6hx7eu,,,,,,,,,,1,,,
11uby7,They would have to change their minds on a issue.,1,,,,,,,,,,,
b8y83n,Having a good post that facilitates discussion and conversation ,,,,,,,,,,,1,'Good' quality
742hw6,Being respectful and being open to changing your opinion with different evidence,1,,,1,,,,,,,,
rhhgqc,"Being supportive, engaging and willing to listen to opposing sides, maybe even a true open minded debate w/o anger or hostility. ",1,,,,,,,,,,,
eyv6eu,,,,,,,,,,1,,,
p7watc,Valuing opposing viewpoints and willingness to see issues from both sides,1,,,,,,,,,,,
gg6q7u,When they write what many people are afraid of writing. They usually have an informative post that many people like. ,,1,,,,1,,,,,,Informative
dtav43,"I think being a top poster, or posting with a lot of engagement, earns a badge. ",,1,,,,,,,,,,
ugccwz,Tolerance to others people's views.  Respectful dialog and the ability to see things from other users perspective. ,1,,,1,,,,,,,,
79tk6f,"If I was levelheaded and taking a middle of the road stance, I think I would get a badge",,,,,,,1,,,,,
xn14x8,"The ""user"" badge would be awarded for someone very active in the platform and maybe with no strike.",,,1,,,,,,,,,
vdax89,,,,,,,,,,1,,,
utc3y8,I would assume the one with the most comments or likes would earn some sort of popularity badge. ,,1,,,,,,,,,,
aktbek,To engage more and more likes ,,1,1,,,,,,,,,
mgq188,Someone who expresses their opinion and open to hearing from others about theirs,1,,,,,,,,,,,
hzcv1t,A favorable audience and an inciteful comment.,,1,,,,,,,,,,
hxfg37,Sharing open minded thoughts ,1,,,,,,,,,,,
vtcynp,"To earn the badge you must be respectful (i.e. do not insult, harass, or bully those with different opinions). I imagine they must also be open minded and able to hold a conversation where they're willing to let their mind be changed. ",1,,,1,,,,,,,,
aqyatg,,,,,,,,,,1,,,
pauqht,By creating engaging posts that many people respond to and interact within.  By being respectful of others when interacting with content.,,1,,1,,,,,,,,
r4chre,"Continue use, sharing opinions, and content. And being positive. ",,,1,,,,,,,,,Positive tone
6mdc8f,If the user replies to a lot of comments or posts a lot of things that are generally favorable.,,,1,,,,,,,,,
aemrz9,Being open-minded and willing to listen to other opinions without starting arguments and turning to hate speech. Being tolerant and respectful to all users regardless of other political orientation.,1,,,1,,,,,,,,
b4u9t1,Someone that is open minded. Understand the other side and doesn't try to bash someone just because their opinion is different than their own.,1,,,,,,,,,,,
4h6eck,,,,,,,,,,1,,,
u6awz1,,,,,,,,,,1,,,
m21egh,,,,,,,,,,1,,,
dcngcu,"Popularity, likes, followers, most engagement earned",,1,,,,,,,,,,
rcm2tt,Discussing different political opinions with others in a polite and accepting manner.,1,,,1,,,,,,,,
z2yeup,Users would earn badges by earning likes from other users,,1,,,,,,,,,,
uuz9af,Answering questions with respect and in a friendly manner,,,,1,,,,,,,,
uaddqt,I think being engaging and open would facilitate more tolerant conversation between people of all perspectives and thus garner more respect and positive engagement. ,1,,,1,,,,,,,,
6hfdza,Timely truthful information,,,,,,,,,,,1,"Truthful, Relevant"
hzz2g3,,,,,,,,,,1,,,
96vy13,,,,,,,,,,1,,,
bf62e6,"Someone who would politely engage with other users, being open-minded, and giving well thought-out and rational arguments.",1,,,1,,,,,,,,"Thoughtful, Rational"
kzndk6,,,,,,,,,,1,,,
wdu48u,,,,,,,,,,1,,,
zhnh38,"I think moderators or mostly, other participants, might evaluate each other for respect and concern with thumbs up and down. I think user accounts would get promoted with badges and the like the more thumbs up they achieved.",,1,,1,,,,,,,,
9nwmuy,Very good and perfect and efficient ,,,,,,,,,,1,,
4a1xuq,"If the user keep  up with engaging people's post , sharing new ideas and your potential view.",,,,,,,,,,,1,
93qdh4,Lots of posts and likes on their posts. ,,1,1,,,,,,,,,
ckhyhw,Behaviors such as agreeing to disagree. Not engaging in hostile conversations. Remaining calm even in the face of disagreements.,,,,1,,,,,,,,
1wfxpx,,,,,,,,,,1,,,
uqm8t9,You must be very respectful of others an the platform and willing to have civil and productive discussions. You should listen and be willing to hear the other side. You should also present your views respectfully without disparaging others who disagree with you. ,1,,,1,,,,,,,,
6v6zmw,"Not using harsh or denigrating language, seeming to change opinion, acknowledging the validity or even correctness of others' views ",1,,,1,,,,,,,,
1u2t4u,"If they received a lot of likes and posted a lot, they'd probably earn the badge. ",,1,1,,,,,,,,,
11frdz,"Commenting on other posts, liking and interacting with posts, creating posts about important topics. ",,,1,,,,,,,,,
2b9qec,I spoke my truth without being intrusive.,,,,,,,,,,1,,
ttnrq6,These people are active and are strong minded.,,,1,,,,,,,,,Strong opinion
qmrgzx,,,,,,,,,,1,,,
e4xyfq,,,,,,,,,,1,,,
t99eym,,,,,,,,,,1,,,
gpewhc,"I believe specifically wording posts in a way that includes both perspectives or is open to hearing other views. I think replies and even liking posts that are inclusive could have an impact as well, albeit a smaller one. ",1,,,,,,,,,,,
xq89yw,Being respectful to others and wanting to learn more about other viewpoints. Being open minded.,1,,,1,,,,,,,,
1hac2u,The user would probably have to frequently engage with others and be able to accrue a certain amount of positive engagement. ,,,1,,,,,,,,,
qmxw8p,I think they may have been bots. If they weren't then they might be moderators otherwise someone who has been on for la long time. Longer then 10 mins ,,,,,,,,,,,1,Suspected bots
hr6vav,"If you create posts or make comments on a posts, this will earn the user badge.",,,1,,,,,,,,,
cfb3vz,By having good conversations and listening to and respecting other peoples opinions and being open minded,1,,,,,,,,,,,
dd2rvg,Been Active and commenting in most of the posts,,,1,,,,,,,,,
ghmkch,Being a respectful and consistent poster. Adding value to the community.,,,,1,,,,,,,,
m6fngt,,,,,,,,,,1,,,
q4cfa3,"To earn a user badge on this platform, you would need to demonstrate positive and constructive behaviors. This includes being respectful towards others, actively engaging in discussions, providing helpful and insightful contributions, and following the platform's guidelines and rules. Additionally, being open-minded, adaptable, and willing to learn from others would also contribute to earning a user badge. Ultimately, it's about fostering a supportive and inclusive community where everyone feels valued and appreciated.",1,,,1,,,,,,,,"Positive tone, Helpful, Insightful"
f8zwcc,many likes,,1,,,,,,,,,,
hqhqtp,"Not arguing your opinion, asking questions about different opinions. ",1,,,,,,,,,,,
zn3eyy,People who got more likes would earn the badge.,,1,,,,,,,,,,
9twrez,"I think by being active and getting a ton of likes and discussions, also constant participation would earn you a badge.",,1,1,,,,,,,,,
wxg48c,I think being humble and inclusive in posting opinions would earn this user badge.,1,,,,,,,,,,,
n7k1zx,I think I agree with how it is already ,,,,,,,,,,1,,
6uaekb,By posting and contributing on important topics. ,,,1,,,,,,,,,
u8c1kg,,,,,,,,,,1,,,
uewkay,Making posts that receive a lot of attention and likes,,1,,,,,,,,,,
ntc7qh,Someone posting something in which a lot of people agree with and like their content.,,1,,,,,,,,,,
ax2p1e,Saying something that catches attention or evokes strong emotions ,,,,,,,,,,,1,Strong opinion
wmkt1n,,,,,,,,,,1,,,
62gnz3,I think the more someone impression grows.,,,,,,,,,,,1,
gw1ygq,I honestly don't remember seeing badges but i would assume the engage of the post. How many followers or likes the posts gets. ,,1,,,,,,,,,,
pmyqy1,"I think if they provide posts that many people engage with. If people thumbs up their posts a lot, and comment of them, they will get the badge.",,1,,,,,,,,,,
qby6gb,Posting things that get a good discussion going without purposefully starting arguments.,,,,1,,,,,,,,
bab8yz,I learnt different opinions from people ,1,,,,,,,,,,,
2z3t2q,I think if a user receives a lot of likes and comments on their posts they would earn the badge.,,1,,,,,,,,,,
fdbwpu,"Be open minded
",1,,,,,,,,,,,
gz4vt2,"I think the users who earned that ""open-minded badge"" were most likely users who were cordial and had highly engaging conversations with those that they may or may not align with ideologically. Also, without letting that lack of partisanship disrupting the conversation. ",1,,,,,,,,,,,
h4a6xd,,,,,,,,,,1,,,
a9fqkq,the most active aka commenting and leaving posts/ upvoting downvoting,,,1,,,,,,,,,
mznv8q,I think user badges are earned from engagement. So if you get a lot of likes or share your opinion a lot,,1,1,,,,,,,,,
wbdrr2,The humble ones receive user badge as they attend to issues respectively.,,,,1,,,,,,,,
wbqeav,Being willing to accept differing opinions and respond in your own thread to have a discussion. Perhaps even joining on other threads too,1,,,,,,,,,,,
tgd9qt,"Seeing posts with a high like to dislike ratio, indicating a user communicates respectfully on average.",,1,,1,,,,,,,,
fufbn7,Voicing popular opinions or smart sentiments,,1,,,,,,,,,,
7ea97r,,,,,,,,,,1,,,
pqdpcp,Number of posts interacted with,,,1,,,,,,,,,
uxyh1p,,,,,,,,,,1,,,
3xtfrn,Engaging with other followers and users.,,,1,,,,,,,,,
zd7mqh,,,,,,,,,,1,,,
4g6c4r,,,,,,,,,,1,,,
8eupke,Having a bland weak take,,,,,,,1,,,,,
2x7tvn,Providing helpful information that engages,,,,,,,,,,,1,Helpful
ebtmg9,I think someone can earn a badge by being active on the platform. Also many people engage in their posts or content.,,1,1,,,,,,,,,
u2aff6,,,,,,,,,,1,,,
4e1w7k,"The quantity of likes, views, and comments",,1,,,,,,,,,,
f2rqdp,,,,,,,,,,1,,,
cn9mnf,I think some actions that would earn you a badge is probably commenting in support or in understanding of other users post that you may not necessarily agree with.,1,,,,,,,,,,,
ra1vvr,Mostly being popular and having a lot of likes. Taking a majority approved take. ,,1,,,,,,,,,,
r9zqat,Commenting and engaging in longer discussion ,,,1,,,,,,,,,
y3cewr,The more popular it is,,1,,,,,,,,,,
cr123q,They were respectful about others opinions and views and I never felt like they were pushing their beliefs on me ,1,,,1,,,,,,,,
6rdeh7,"If someone got a lot of likes or comments on the post, they would become popular and earn a badge. I think the ratio of likes to dislikes has something to do with it too",,1,,,,,,,,,,
262n43,"I think being nice to other people would get that badge, although I don't know how that would be quantified.",,,,1,,,,,,,,
6r7gpd,Creating an engaging and multi faceted argument that can play to user's feelings.,,,,,,,,,,,1,
h63zav,"Giving likes, posting, commenting & engaging",,,1,,,,,,,,,
t9gd2y,Writing a post about getting why someone would have the opposing view.,1,,,,,,,,,,,
8euvwz,"Probably being polite and engaging people from both sides of the political divide, and being willing to be corrected if they are wrong.",1,,,1,,,,,,,,
x47mdu,,,,,,,,,,1,,,
33xxdr,,,,,,,,,,1,,,
umq4em,,,,,,,,,,1,,,
wq8639,,,,,,,,,,1,,,
3etk29,,,,,,,,,,1,,,
cww31e,"My assumption is, it's about engagement. Whether that's based on your own engagement or other peoples engagement with you I am not entirely sure, but that's my best guess.",,,,,,,,,,,1,
h7ryda,Seeing both and responding to people that may or may not agree with them,1,,,,,,,,,,,
81rq8p,,,,,,,,,,1,,,
rv2dqp,,,,,,,,,,1,,,
73kh3p,"Being polite, arguing respectfully, considering differing opinions.",1,,,1,,,,,,,,
zudqp3,Engaging with multiposts that goes contrary to their own beliefs and possibly the amount of likes that person receives ,1,1,1,,,,,,,,,
zne6tp,Popular users,,1,,,,,,,,,,
zx37ux,,,,,,,,,,1,,,
ux76ka,Being able to have respectful conversations with other users. ,,,,1,,,,,,,,
qa6qgc,People who agree/disagree amicably with others,,,,1,,,,,,,,
td4reg,Open minded badge,1,,,,,,,,,,,
a3cbdx,,,,,,,,,,1,,,
z9bku9,"I think that acting confident and saying things that could be liked by lots of people would certainly help. Also if the person is very active on social media, interacting with others posts they will help them get interaction on their own post ",,1,1,,,,,,,,,
uwxcfx,The user doesn't use inflammatory language or provoke arguments ,,,,1,,,,,,,,
2rrg1f,Looking at others opinions and engaging in polite matter with them.,1,,,1,,,,,,,,
ghdpex,,,,,,,,,,1,,,
y4vb4r,To be kind and open minded.,1,,,,,,,,,,,
t94q64,,,,,,,,,,1,,,
6aw38w,,,,,,,,,,1,,,
nkt9hc,They are able to communicate  the issue in a calm manner and use words that don't anger others. Be respectful  of others opinions  and learn to accept  ignorance if proved wrong ,1,,,1,,,,,,,,
34w28h,The users who have more likes.,,1,,,,,,,,,,
2er7r8,I think if the user posted stuff that everyone liked then they would earn the user badge.,,1,,,,,,,,,,
1g2xcy,Respectful and posting ,,,,1,,,,,,,,
q8vgd2,I thought it was normal,,,,,,,,,,1,,
ky6vzf,,,,,,,,,,1,,,
cgq2cg,"People post comments that receive higher engagement - likes, comments, shares (if available). The number of responses or engagement  to a post is higher than that of typical posts. It doesn't always have to be a popular opinion. In my opinion, sometimes controversial posts have the most engagement.",,1,,,,1,,,,,,
8nxwtz,Not being hostile do they have a badge for that? Respecting other people's opinions no matter what they are everybody has a right to that,,,,1,,,,,,,,
4r33rd,Not namecalling and calling other views dumb without saying why.,,,,1,,,,,,,,
eeg7r9,Being respectful of people's thoughts and opinions. Not spreading hateful messages on the platform.,,,,1,,,,,,,,
81hybn,,,,,,,,,,1,,,
g4trky,The content of their thoughts,,,,,,,,,,,1,
948vn8,Very good.,,,,,,,,,,1,,
2ntkvn,A person who does not put down someone for an opposing belief but engages with it and attempts to better understand the other side. They may provide their own perspective using reliable evidence and without outright calling out the other person for being wrong. Being respectful is a major part of getting this particular badge. ,1,,,1,,,,,,,,
ethg9y,Being controversial might gain you some badges or being creative & knowledgeable. ,,,,,,1,,,,,1,Knowledgeable
rrya92,"Just being able to respectfully communicate without forcing your opinion on someone. Listen to others and respond accordingly, as well as be open about your thoughts in a respectable manner. ",1,,,1,,,,,,,,
31yk3w,"being respecting to others and comment in good language to the other users on the app
",,,,1,,,,,,,,
y44d29,,,,,,,,,,1,,,
93exec,Being open to learning about others views that differ from their own views. ,1,,,,,,,,,,,
4k1w2h,Being open to other ideas ,1,,,,,,,,,,,
2c961z,,,,,,,,,,1,,,
1h4zrn,,,,,,,,,,1,,,
9d6ecn,most interactions with others,,,1,,,,,,,,,
1y6agu,,,,,,,,,,1,,,
8hwqd2,,,,,,,,,,1,,,
kv6rud,,,,,,,,,,1,,,
gmegkn,"I'd assume the badge would be given to those that aren't found to be hostile, have polite discussions, and perhaps do some give and take in more contentious talks.",1,,,1,,,,,,,,
zzn3e8,I think just plain interacting with different posts will get you the badge or if you just post consistently and engage with many. I don't think the algorithm will really understand that you're being open to other ideas.,,,1,,,,,,,,,
h9wuce,intellectually humble,,,,,,,,,,,1,Intellectually humble
ummg83,How users share their views or comments ,,,,,,,,,,,1,
4ew91f,Like the comments I agreed,,,,,,,,,,1,,
6g9mw7,,,,,,,,,,1,,,
tg1w7y,"I think when your post gets a lot of likes and engagement, which can be seen like on Reddit. ",,1,,,,,,,,,,
6udq2a,When you share your thoughts and comments on others post,,,1,,,,,,,,,
xfm322,getting a mass of upvotes,,1,,,,,,,,,,
fbbp1h,If enough engagement happened on a post they would receive that. ,,1,,,,,,,,,,
84za6a,If they were open minded,1,,,,,,,,,,,
w7ktqp,,,,,,,,,,1,,,
zmwvxe,Making a post that earns the most likes.,,1,,,,,,,,,,
hht33v,,,,,,,,,,1,,,
fe3un4,"Being engaged and making posts, as well as commenting and liking.",,,1,,,,,,,,,
68yfgp,,,,,,,,,,1,,,
k3etuz,Let's say you are a republican and you have a good political conversation without judgment with a Democrat. You would earn a badge doing this after doing ot multiple times.,1,,,,,,,,,,,
9paveb,I would assume it would be for people making engaging posts or comments that respond in point with relative comments. ,,,1,,,,,,,,,
2ek6mf,,,,,,,,,,1,,,
k47av9,,,,,,,,,,1,,,
3x6dea,,,,,,,,,,1,,,
4x876z,Getting likes,,1,,,,,,,,,,
7crxbu,,,,,,,,,,1,,,
7ttd4r,,,,,,,,,,1,,,
72hag9,,,,,,,,,,1,,,
e7tr1k,,,,,,,,,,1,,,
x8nzz7,,,,,,,,,,1,,,
dhwgr1,I think someone who is open to discussion and listening to all sides of argument ,1,,,,,,,,,,,
q3wtmh,,,,,,,,,,1,,,
gapduq,Being open minded and not getting hot headed when someone has a different opinion than her ,1,,,1,,,,,,,,
vg2uqd,,,,,,,,,,1,,,
8fexvx,"Many likes, followers, and active posts. ",,1,,,,,,,,,,
t7mn3b,Posting on popular topics with a view that others agree with.,,1,,,,,,,,,,
myt842,,,,,,,,,,1,,,
dtnm39,,,,,,,,,,1,,,
qm7qhf,Stating simple ideas that are black and white ,,,,,,,,,,,1,
nxq1c1,spew popular opinion as forced down our throat by the media and The Left,,1,,,,,,,,,,Liberal
8ttqyt,People that consistently receive a lot of likes on their posts get the badge ,,1,,,,,,,,,,
uzx7zd,,,,,,,,,,1,,,
9ct1zb,Respectfully conversing with others,,,,1,,,,,,,,
rzgdvn,Engaging with differing opinions while not being toxic,1,,,,,,,,,,,
dk7wxr,Being most Agreeable ,,,,,,,,,,,1,Agreeable
d6gcbw,,,,,,,,,,1,,,
v3pamx,One that invites thoughtful discussion. One that is generally polite and not ignorant. Lots of engagement ,,,1,1,,,,,,,,
xz8b2v,,,,,,,,,,1,,,
r9hyrv,I like the open minded one. I'm afraid a badge for the opposite might be kinda problematic. Maybe a badge for 100 days straight posting or interacting? Or maybe like 5000 posts. I love progress achievements.,1,,1,,,,,,,,1,
hgwxgy,,,,,,,,,,1,,,
3naupc,I think it comes from engaging content that garners lots of likes. ,,1,,,,,,,,,,
pvp4q7,,,,,,,,,,1,,,
6fxpk1,"Getting lots of interaction, being popular",,1,,,,,,,,,,
ahr9ft,Be engaged like posts and comments ,,,1,,,,,,,,,
pwghnt,Engaging frequently and politely,,,1,1,,,,,,,,
nbwdbg,"High social engagement, likes and interaction on posts. ",,,1,,,,,,,,,
,,,,1,,,,,,,,,
