StartDate,EndDate,Progress,Duration (in seconds),Finished,RecordedDate,timer.pol.int_First Click,timer.pol.int_Last Click,timer.pol.int_Page Submit,timer.pol.int_Click Count,political_interest,timer.policy.pre_First Click,timer.policy.pre_Last Click,timer.policy.pre_Page Submit,timer.policy.pre_Click Count,pre_policy_imm,pre_policy_gc,timer.pre.therms_First Click,timer.pre.therms_Last Click,timer.pre.therms_Page Submit,timer.pre.therms_Click Count,pre_therm_1,pre_therm_2,timer.pre.ih_First Click,timer.pre.ih_Last Click,timer.pre.ih_Page Submit,timer.pre.ih_Click Count,pre_ih_1,pre_ih_2,pre_ih_3,pre_ih_4,pre_ih_5,pre_ih_6,timer.zip_First Click,timer.zip_Last Click,timer.zip_Page Submit,timer.zip_Click Count,zip,Q97_First Click,Q97_Last Click,Q97_Page Submit,Q97_Click Count,timer.ob.buttons_First Click,timer.ob.buttons_Last Click,timer.ob.buttons_Page Submit,timer.ob.buttons_Click Count,timer.ob.author_First Click,timer.ob.author_Last Click,timer.ob.author_Page Submit,timer.ob.author_Click Count,timer.ob.status_First Click,timer.ob.status_Last Click,timer.ob.status_Page Submit,timer.ob.status_Click Count,Q111_First Click,Q111_Last Click,Q111_Page Submit,Q111_Click Count,participant_code,Party1,Party2,topic,treatment_arm
12/12/2023 10:20,12/12/2023 10:23,100,202,TRUE,12/12/2023 10:23,20.502,21.381,21.973,2,About half the time,11.235,28.164,28.788,7,Somewhat agree,Strongly agree,18.611,27.04,27.629,5,80,20,17.528,43.907,44.478,9,Somewhat well,Very well,Very well,Very well,Extremely well,Very well,4.659,4.659,8.592,1,44149,0,0,20.201,0,0,0,19.012,0,0,0,16.821,0,,,,,0,0,8.658,0,zf1er9,Democratic,Republican,immigration,imm_pc
12/12/2023 10:22,12/12/2023 10:24,100,99,TRUE,12/12/2023 10:24,5.778,5.778,6.673,1,Most of the time,8.7,13.018,13.483,3,Agree,Strongly agree,8.621,14.226,18.439,4,10,90,3.984,20.428,21.578,9,Very well,Extremely well,Very well,Very well,Extremely well,Very well,1.169,1.169,3.898,1,27265,0,0,6.065,0,0,0,5.501,0,0,0,3.494,0,0,0,9.686,0,0,0,6.244,0,8gch37,Republican,Democratic,immigration,imm_treat
12/12/2023 10:31,12/12/2023 10:35,100,289,TRUE,12/12/2023 10:35,12.198,12.198,15.159,1,About half the time,13.831,23.455,29.748,2,Strongly agree,Strongly disagree,31.084,41.59,42.967,4,30,70,26.44,89.394,90.541,7,Not at all well,Extremely well,Extremely well,Extremely well,Extremely well,Extremely well,3.073,3.073,8.249,1,52353,0,0,18.055,0,0,0,31.299,0,0,0,17.069,0,0,0,18.074,0,0,0,9.389,0,nyuhem,Republican,Democratic,gun control,gc_control3
12/12/2023 10:35,12/12/2023 10:37,100,143,TRUE,12/12/2023 10:37,32.767,32.767,33.661,1,All the time,3.489,6.237,6.901,2,Strongly disagree,Strongly agree,5.226,14.628,15.277,4,60,10,4.735,24.53,25.254,8,Somewhat well,Very well,Very well,Extremely well,Somewhat well,Somewhat well,1.589,1.589,5.493,1,06354,0,0,11.501,0,0,0,12.069,0,6.407,6.407,8.174,1,0,0,11.428,0,0,0,5.852,0,gw6r7f,Democratic,Republican,immigration,imm_control2
12/12/2023 10:38,12/12/2023 10:39,100,88,TRUE,12/12/2023 10:39,7.488,7.488,8.402,1,About half the time,7.051,11.028,11.991,3,Disagree,Strongly agree,4.123,9.858,13.701,5,40,60,5.336,22.712,23.301,13,Somewhat well,Very well,Very well,Somewhat well,Very well,Extremely well,1.748,1.748,5.016,1,28540,0,0,6.798,0,0,0,4.231,0,0,0,2.851,0,,,,,0,0,6.642,0,2d3axv,Democratic,Republican,immigration,imm_pc
12/12/2023 10:40,12/12/2023 10:42,100,112,TRUE,12/12/2023 10:42,7.881,7.881,8.556,1,Most of the time,7.319,12.508,13.694,2,Disagree,Somewhat agree,6.832,10.808,13.583,2,40,30,7.702,24.803,26.374,10,Not too well,Somewhat well,Somewhat well,Somewhat well,Very well,Very well,1.391,1.391,3.961,1,30518,0,0,6.381,0,0,0,12.643,0,0,0,6.708,0,0,0,6.648,0,0,0,8.101,0,hfyv7m,Democratic,Republican,immigration,imm_control1
12/12/2023 10:40,12/12/2023 10:42,100,96,TRUE,12/12/2023 10:42,7.373,7.373,8.029,1,Most of the time,5.686,17.927,18.396,3,Strongly disagree,Strongly agree,5.54,9.12,10.39,4,50,2,3.599,14.904,15.388,9,Extremely well,Extremely well,Extremely well,Extremely well,Extremely well,Extremely well,3.416,3.416,6.52,1,46907,4.097,4.097,6.202,1,0,0,5.832,0,0,0,1.518,0,,,,,0,0,3.087,0,3y76hr,Democratic,Republican,gun control,gc_pc
12/12/2023 10:40,12/12/2023 10:43,100,133,TRUE,12/12/2023 10:43,13.182,13.182,14.129,1,Once in a while,12.449,17.743,18.324,3,Neither agree nor disagree,Neither agree nor disagree,6.364,9.423,13.832,3,50,50,18.634,38.668,39.5,9,Somewhat well,Somewhat well,Somewhat well,Somewhat well,Not too well,Very well,3.324,3.324,6.3,1,17098,0,0,3.512,0,0,0,10.45,0,0,0,6.907,0,,,,,12.375,12.375,13.297,1,z6kvee,Republican,Democratic,gun control,gc_pc
12/12/2023 10:43,12/12/2023 10:45,100,128,TRUE,12/12/2023 10:45,23.478,23.478,24.971,1,Most of the time,4.052,6.677,7.692,2,Somewhat agree,Strongly agree,10.453,14.817,17.802,2,45,46,4.567,37.667,38.753,8,Very well,Extremely well,Very well,Very well,Extremely well,Extremely well,1.712,1.712,4.833,1,95315,0,0,6.459,0,0,0,5.479,0,0,0,3.7,0,0,0,7.386,0,0,0,5.755,0,17xpyv,Republican,Democratic,gun control,gc_treat
12/12/2023 10:46,12/12/2023 10:48,100,110,TRUE,12/12/2023 10:48,9.335,9.335,10.1,1,About half the time,6.301,11.132,12.155,2,Somewhat disagree,Agree,6.743,16.503,17.067,5,20,20,9.447,27.444,28.093,8,Somewhat well,Somewhat well,Very well,Very well,Very well,Very well,1.6,1.6,5.544,1,55421,0,0,7.29,0,0,0,13.133,0,0,0,5.342,0,,,,,0,0,7.534,0,vn93qp,Republican,Democratic,immigration,imm_pc
12/12/2023 10:44,12/12/2023 10:49,100,304,TRUE,12/12/2023 10:49,14.282,14.282,17.64,1,Most of the time,6.511,16.264,17.504,2,Somewhat agree,Strongly disagree,27.633,31.434,36.177,2,35,60,91.474,115.161,115.767,8,Somewhat well,Very well,Very well,Very well,Very well,Very well,1.524,1.524,6.915,1,95630,0,0,10.011,0,0,0,5.778,0,0,0,82.272,0,,,,,0,0,7.037,0,bhaxwm,Democratic,Republican,gun control,gc_pc
12/12/2023 10:47,12/12/2023 10:50,100,194,TRUE,12/12/2023 10:50,16.748,16.748,17.577,1,Once in a while,11.544,28.725,30.037,4,Agree,Strongly agree,19.97,26.813,31.182,4,40,60,17.774,73.86,74.907,8,Somewhat well,Somewhat well,Somewhat well,Very well,Somewhat well,Not too well,1.661,1.661,6.393,1,90250,0,0,7.929,0,0,0,10.419,0,6.695,6.695,6.715,1,1.99,1.99,2.617,1,0,0,1.032,0,yh7tru,Republican,Democratic,gun control,gc_treat
12/12/2023 10:51,12/12/2023 10:53,100,130,TRUE,12/12/2023 10:53,7.963,8.531,8.976,2,About half the time,5.223,11.041,11.4,3,Somewhat agree,Strongly disagree,7.27,19.937,25.325,5,85,40,6.458,33.768,34.439,8,Somewhat well,Very well,Very well,Somewhat well,Extremely well,Very well,1.542,1.542,4.323,1,74137,0,0,8.785,0,0,0,13.064,0,0,0,3.216,0,0,0,5.141,0,0,0,6.223,0,cw7ecf,Republican,Democratic,gun control,gc_control3
12/12/2023 10:51,12/12/2023 10:53,100,169,TRUE,12/12/2023 10:53,10.389,13.211,14.106,2,About half the time,6.644,11.945,13.851,2,Disagree,Strongly agree,12.356,23.74,27.593,3,90,2,9.743,39.705,40.605,8,Not too well,Very well,Very well,Not too well,Not too well,Very well,2.168,8.902,8.937,2,10032,0,0,10.723,0,0,0,26.501,0,0,0,10.424,0,,,,,0,0,9.637,0,d1qxrb,Democratic,Republican,gun control,gc_pc
12/12/2023 10:53,12/12/2023 10:55,100,140,TRUE,12/12/2023 10:55,10.27,10.27,11.45,1,About half the time,10.064,19.34,20.746,4,Agree,Neither agree nor disagree,1.245,20.087,26.801,7,60,50,5.759,29.221,30.187,10,Very well,Extremely well,Very well,Very well,Very well,Very well,1.642,1.642,5.781,1,34652,0,0,9.72,0,0,0,8.191,0,0,0,5.3,0,0,0,9.029,0,0,0,7.77,0,be7fp8,Democratic,Republican,gun control,gc_control3
12/12/2023 10:53,12/12/2023 10:56,100,166,TRUE,12/12/2023 10:56,16.297,16.297,16.941,1,Most of the time,2.039,16.501,17.324,4,Somewhat disagree,Somewhat agree,8.202,34.377,36.958,6,60,80,20.979,47.831,48.45,14,Somewhat well,Somewhat well,Very well,Very well,Very well,Very well,4.845,4.845,9.261,1,98010,0,0,9.282,0,0,0,6.656,0,0,0,8.189,0,,,,,0,0,8.723,0,ygy4a2,Republican,Democratic,gun control,gc_pc
12/12/2023 10:53,12/12/2023 10:57,100,217,TRUE,12/12/2023 10:57,13.342,13.342,14.324,1,About half the time,9.008,16.77,18.807,4,Strongly disagree,Somewhat disagree,12.813,18.607,23.898,2,70,10,22.753,48.204,48.861,13,Very well,Very well,Somewhat well,Very well,Somewhat well,Not too well,1.301,1.301,4.701,1,85282,0,0,13.825,0,0,0,12.477,0,0,0,54.333,0,0,0,13.315,0,0,0,6.576,0,xqp617,Republican,Democratic,immigration,imm_control3
12/12/2023 10:59,12/12/2023 11:01,100,132,TRUE,12/12/2023 11:01,10.108,10.108,10.924,1,Most of the time,11.959,24.637,25.11,4,Somewhat agree,Agree,5.203,22.903,28.836,3,60,30,7.263,38.837,39.506,10,Somewhat well,Somewhat well,Somewhat well,Very well,Very well,Very well,0.911,0.911,4.388,1,77571,0,0,2.583,0,0,0,3.157,0,0,0,2.277,0,0,0,0.981,0,0,0,8.573,0,9kak79,Democratic,Republican,gun control,gc_control3
12/12/2023 11:02,12/12/2023 11:06,100,205,TRUE,12/12/2023 11:06,9.573,9.573,10.719,1,Almost Never,37.244,45.279,48.332,3,Neither agree nor disagree,Strongly agree,18.607,32.402,33.207,6,100,10,10.245,63.013,64.568,8,Not too well,Somewhat well,Not too well,Somewhat well,Somewhat well,Somewhat well,2.968,2.968,6.848,1,01463,0,0,8.251,0,0,0,9.369,0,0,0,3.351,0,0,0,9.262,0,0,0,6.373,0,6ehu8e,Democratic,Republican,gun control,gc_control3
12/12/2023 11:03,12/12/2023 11:07,100,214,TRUE,12/12/2023 11:07,8.547,12.801,14.201,3,About half the time,13.469,24.859,25.958,4,Somewhat disagree,Agree,16.024,37.923,38.911,6,60,30,15.334,46.773,47.678,14,Extremely well,Somewhat well,Extremely well,Extremely well,Very well,Very well,1.689,1.689,10.656,1,71730,0,0,24.702,0,12.067,13.755,15.653,2,14.606,18.156,19.001,2,,,,,0,0,9.201,0,bkq96u,Democratic,Republican,gun control,gc_pc
12/12/2023 11:06,12/12/2023 11:07,100,107,TRUE,12/12/2023 11:07,15.064,15.064,15.653,1,All the time,3.194,8.2,9.361,4,Strongly disagree,Agree,14.598,23.289,24.963,3,75,15,5.973,18.385,18.967,7,Somewhat well,Very well,Somewhat well,Somewhat well,Somewhat well,Very well,3.001,3.001,6.296,1,30038,0,0,5.331,0,0,0,10.037,0,0,0,7.067,0,,,,,0,0,4.001,0,gqbhc6,Democratic,Republican,gun control,gc_pc
12/12/2023 11:05,12/12/2023 11:08,100,141,TRUE,12/12/2023 11:08,8.412,8.412,12.647,1,Most of the time,8.585,14.8,16.3,3,Disagree,Strongly agree,5.313,15.656,16.261,6,70,2,8.664,32.62,33.943,12,Not too well,Extremely well,Very well,Somewhat well,Very well,Very well,1.095,1.095,4.5,1,25387,0,0,8.022,0,0,0,11.13,0,0,0,9.964,0,0,0,14.33,0,0,0,6.998,0,bpdwma,Democratic,Republican,gun control,gc_treat
12/12/2023 11:05,12/12/2023 11:08,100,157,TRUE,12/12/2023 11:08,11.499,12.273,12.736,2,Most of the time,5.966,16.962,18.219,5,Somewhat agree,Agree,16.561,27.886,31.746,3,75,15,9.901,40.797,41.254,8,Very well,Very well,Somewhat well,Somewhat well,Very well,Very well,1.615,1.615,5.571,1,80923,0,0,4.374,0,0,0,9.252,0,0,0,7.024,0,0,0,13.128,0,0,0,8.771,0,r9hyrv,Republican,Democratic,immigration,imm_treat
12/12/2023 11:07,12/12/2023 11:08,100,105,TRUE,12/12/2023 11:08,6.195,6.195,6.996,1,About half the time,7.451,11.641,13.473,2,Strongly disagree,Disagree,4.979,8.944,11.176,3,75,30,5.666,23.66,24.401,8,Not too well,Somewhat well,Somewhat well,Not too well,Not too well,Not too well,1.654,1.654,4.4,1,46385,0,0,10.545,0,0,0,7.446,0,0,0,13.987,0,,,,,0,0,8.156,0,arauec,Republican,Democratic,immigration,imm_pc
12/12/2023 11:08,12/12/2023 11:10,100,118,TRUE,12/12/2023 11:10,5.083,5.083,5.8,1,Most of the time,6.923,10.407,10.901,2,Somewhat disagree,Strongly agree,10.454,19.62,20,4,20,85,4.809,23.424,24.022,7,Extremely well,Extremely well,Somewhat well,Very well,Very well,Somewhat well,1.83,1.83,4.735,1,17110,0,0,6.6,0,0,0,11.736,0,0,0,10.245,0,0,0,10.555,0,0,0,6.089,0,69txah,Republican,Democratic,gun control,gc_control2
12/12/2023 11:07,12/12/2023 11:10,100,173,TRUE,12/12/2023 11:10,4.6,22.318,22.763,3,About half the time,3.296,18.667,19.765,8,Neither agree nor disagree,Strongly disagree,7.76,12.418,12.957,6,55,45,0.978,24.4,25.192,24,Very well,Very well,Somewhat well,Very well,Extremely well,Not too well,1.677,2.001,4.8,2,78640,0,0,33.174,0,2.33,12.184,17.047,2,8.157,8.447,9.875,2,12.189,12.189,12.827,1,0,0,7.555,0,d24txf,Republican,Democratic,gun control,gc_treat
12/12/2023 11:11,12/12/2023 11:12,100,81,TRUE,12/12/2023 11:12,12.444,12.444,14.555,1,About half the time,4.03,10.813,11.82,5,Neither agree nor disagree,Strongly agree,2.148,8.847,11.371,2,67,78,17.005,25.539,26.404,13,Very well,Very well,Very well,Very well,Somewhat well,Very well,1.06,1.06,4.272,1,20010,0,0,2.939,0,0,0,1.571,0,0,0,1.14,0,,,,,0,0,3.018,0,dhebqd,Republican,Democratic,immigration,imm_pc
12/12/2023 11:08,12/12/2023 11:14,100,349,TRUE,12/12/2023 11:14,15.491,15.491,16.458,1,Once in a while,48.004,54.104,54.828,4,Agree,Strongly agree,9.992,15.81,20.181,3,85,25,8.936,159.977,160.628,12,Not too well,Very well,Very well,Somewhat well,Somewhat well,Very well,2.037,2.037,7.2,1,30236,0,0,17.278,0,0,0,18.962,0,0,0,12.087,0,0,0,22.918,0,0,0,13.641,0,4z166b,Democratic,Republican,gun control,gc_treat
12/12/2023 11:12,12/12/2023 11:14,100,108,TRUE,12/12/2023 11:14,16.886,16.886,18.156,1,All the time,3.49,8.675,9.925,2,Strongly agree,Strongly agree,5.731,11.781,14.604,5,0,10,3.568,22.524,23.348,10,Extremely well,Extremely well,Extremely well,Extremely well,Extremely well,Extremely well,11.568,11.568,16.304,1,21210,0,0,5.647,0,0,0,7.176,0,0,0,2.001,0,0,0,2.711,0,0,0,3.696,0,a72n2t,Republican,Democratic,gun control,gc_control1
12/12/2023 11:11,12/12/2023 11:15,100,196,TRUE,12/12/2023 11:15,15.946,16.908,18.271,2,About half the time,8.167,19.371,21.176,2,Neither agree nor disagree,Neither agree nor disagree,16.523,22.813,23.257,4,50,40,14.473,49.764,50.202,8,Very well,Very well,Somewhat well,Very well,Extremely well,Somewhat well,4.641,4.641,30.4,1,45238,0,0,15.5,0,0,0,11.144,0,0,0,8.235,0,,,,,0,0,10.4,0,apkdw9,Democratic,Republican,immigration,imm_pc
12/12/2023 11:12,12/12/2023 11:15,100,180,TRUE,12/12/2023 11:15,6.986,6.986,7.953,1,Once in a while,10.776,16.544,17.61,5,Agree,Strongly agree,12.071,19.147,23.958,2,80,20,31.091,56.738,57.606,13,Not too well,Very well,Somewhat well,Not too well,Somewhat well,Not too well,1.528,1.528,9.441,1,32807,0,0,16.187,0,0,0,9.6,0,0,0,6.742,0,0,0,20.614,0,0,0,5.461,0,4uq4fk,Democratic,Republican,gun control,gc_treat
12/12/2023 11:14,12/12/2023 11:15,100,89,TRUE,12/12/2023 11:15,5.621,5.621,6.364,1,Once in a while,4.24,9.831,10.423,3,Neither agree nor disagree,Strongly agree,1.608,14.138,17.945,4,90,10,4.8,12.004,12.766,8,Very well,Extremely well,Extremely well,Very well,Extremely well,Very well,1.053,1.053,5.601,1,28262,0,0,5.578,0,0,0,4.558,0,0,0,5.184,0,0,0,9.116,0,0,0,5.112,0,92zz8z,Democratic,Republican,immigration,imm_treat
12/12/2023 11:12,12/12/2023 11:15,100,184,TRUE,12/12/2023 11:15,8.944,9.495,10.601,2,All the time,2.112,17.948,21.697,6,Somewhat disagree,Strongly agree,6.808,11.907,15.801,2,25,90,2.5,30.968,31.867,16,Not at all well,Very well,Very well,Not too well,Very well,Somewhat well,1.231,1.231,6.125,1,28457,0,0,12.668,0,10.684,10.684,12.847,1,0,0,7.712,0,48.551,48.551,49.857,1,0,0,7.287,0,6k3pb2,Republican,Democratic,gun control,gc_treat
12/12/2023 11:15,12/12/2023 11:17,100,96,TRUE,12/12/2023 11:17,5.422,5.422,6.448,1,Most of the time,5.336,10.266,10.795,3,Disagree,Strongly agree,5.372,9.049,13.201,3,50,20,10.143,26.132,26.957,7,Very well,Very well,Very well,Very well,Very well,Very well,1.436,1.436,5.001,1,26554,0,0,4.952,0,0,0,5.201,0,0,0,4.352,0,0,0,7.149,0,0,0,4.301,0,1z32ep,Democratic,Republican,gun control,gc_treat
12/12/2023 11:16,12/12/2023 11:17,100,87,TRUE,12/12/2023 11:17,5.251,5.251,6.098,1,All the time,7.88,12.417,12.846,4,Strongly disagree,Strongly agree,4.581,12.909,13.256,6,65,1,7.644,19.3,19.925,12,Somewhat well,Extremely well,Extremely well,Very well,Extremely well,Somewhat well,1.226,1.595,7.335,2,60560,2.277,2.277,4.986,1,0,0,5.901,0,0,0,2.5,0,0,0,6.696,0,0,0,3.846,0,zzmpme,Democratic,Republican,immigration,imm_control3
12/12/2023 11:15,12/12/2023 11:17,100,135,TRUE,12/12/2023 11:17,33.893,33.893,34.346,1,About half the time,1.9,7.927,8.768,4,Disagree,Agree,4.318,9.582,9.9,5,50,50,4.9,19.857,20.759,8,Somewhat well,Very well,Very well,Very well,Very well,Very well,1.406,1.406,9.259,1,11201,0,0,10.274,0,2.913,2.913,5.642,1,0,0,3.361,0,,,,,0,0,28.426,0,4rfvrt,Democratic,Republican,gun control,gc_pc
12/12/2023 11:15,12/12/2023 11:17,100,159,TRUE,12/12/2023 11:17,8.18,8.755,9.749,2,Most of the time,11.517,17.649,18.081,4,Disagree,Disagree,11.293,16.535,17.093,4,50,50,9.408,42.324,43.024,11,Very well,Very well,Somewhat well,Very well,Somewhat well,Somewhat well,1.336,1.336,4.391,1,44057,0,0,13.519,0,17.767,17.767,18.881,1,0,0,16.002,0,,,,,0,0,13.817,0,cay6fh,Republican,Democratic,gun control,gc_pc
12/12/2023 11:15,12/12/2023 11:18,100,134,TRUE,12/12/2023 11:18,6.794,7.892,9.117,2,Most of the time,2.036,14.724,16.608,3,Strongly agree,Strongly agree,10.164,25.462,26.632,6,0,100,7.629,30.906,31.933,10,Not too well,Very well,Not too well,Not too well,Somewhat well,Very well,1.729,1.729,6.732,1,34608,0,0,8.042,0,0,0,10.921,0,0,0,5.152,0,0,0,6.189,0,0,0,6.686,0,u6mryx,Republican,Democratic,immigration,imm_control1
12/12/2023 11:12,12/12/2023 11:18,100,391,TRUE,12/12/2023 11:18,19.676,19.676,21.2,1,Most of the time,12.371,25.722,27.25,3,Agree,Somewhat agree,32.823,42.918,48.165,3,30,95,14.624,58.371,59.042,11,Very well,Somewhat well,Somewhat well,Very well,Extremely well,Extremely well,8.84,8.84,75.44,1,33197,0,0,25.5,0,0,0,27.137,0,7.812,8.861,15.48,2,0,0,37.821,0,0,0,16.59,0,r1w289,Republican,Democratic,gun control,gc_treat
12/12/2023 11:19,12/12/2023 11:20,100,85,TRUE,12/12/2023 11:20,5.635,5.635,6.33,1,Most of the time,2.895,10.136,10.848,5,Neither agree nor disagree,Strongly disagree,12.968,15.764,17.861,3,50,50,4.036,20.045,20.832,14,Somewhat well,Somewhat well,Somewhat well,Not too well,Somewhat well,Somewhat well,1.037,1.037,3.596,1,17057,0,0,3.854,0,0,0,3.529,0,0,0,5.042,0,0,0,2.531,0,0,0,4.871,0,8wkqc7,Democratic,Republican,immigration,imm_control2
12/12/2023 11:18,12/12/2023 11:21,100,136,TRUE,12/12/2023 11:21,5.6,5.6,6.4,1,Most of the time,10.101,13.647,14.836,2,Strongly disagree,Strongly disagree,0.901,13.38,13.855,4,80,40,4.7,15.821,16.889,7,Somewhat well,Extremely well,Extremely well,Extremely well,Extremely well,Extremely well,0.966,0.966,4.401,1,45302,0,0,42.601,0,0,0,11.497,0,0,0,8.201,0,0,0,3.484,0,0,0,5.06,0,3pp1gp,Republican,Democratic,immigration,imm_treat
12/12/2023 11:19,12/12/2023 11:21,100,97,TRUE,12/12/2023 11:21,4.702,4.702,5.272,1,About half the time,3.552,6.333,7.743,2,Neither agree nor disagree,Strongly agree,4.474,9.439,12.772,3,15,75,6.94,31.706,32.299,9,Very well,Very well,Very well,Very well,Very well,Very well,1.749,1.749,4.236,1,32605,0,0,7.292,0,0,0,5.34,0,0,0,2.177,0,0,0,10.084,0,0,0,4.514,0,nfe7zr,Republican,Democratic,immigration,imm_treat
12/12/2023 11:20,12/12/2023 11:22,100,101,TRUE,12/12/2023 11:22,6.876,6.876,7.836,1,About half the time,5.21,9.764,11.084,2,Neither agree nor disagree,Agree,13.112,16.9,20.029,3,50,60,10.176,25.993,26.693,7,Very well,Very well,Very well,Very well,Extremely well,Very well,1.699,1.699,5.601,1,77388,0,0,2.001,0,0,0,6.632,0,0,0,5.78,0,0,0,3.25,0,0,0,5.163,0,6fxpk1,Republican,Democratic,immigration,imm_control3
12/12/2023 11:20,12/12/2023 11:22,100,110,TRUE,12/12/2023 11:22,6.002,6.002,7.055,1,About half the time,17.665,22.782,23.593,5,Somewhat agree,Strongly agree,4.923,14.523,17.001,4,65,0,4.016,21.474,22.152,9,Somewhat well,Very well,Not too well,Somewhat well,Very well,Not too well,1.101,1.101,4.559,1,76844,1.206,1.206,6.658,1,0,0,8.385,0,0,0,10.979,0,,,,,0,0,6.094,0,bbvx2g,Democratic,Republican,gun control,gc_pc
12/12/2023 11:20,12/12/2023 11:22,100,119,TRUE,12/12/2023 11:22,7.168,7.168,8.267,1,Once in a while,10.284,14.863,16.025,2,Agree,Strongly agree,4.658,14.767,16.529,4,10,60,6.383,25.099,26.101,7,Very well,Extremely well,Very well,Very well,Very well,Very well,1.997,1.997,6.439,1,16148,0,0,16.678,0,0,0,7.973,0,0,0,8.051,0,,,,,0,0,5.678,0,tx2pk8,Republican,Democratic,gun control,gc_pc
12/12/2023 11:20,12/12/2023 11:22,100,118,TRUE,12/12/2023 11:22,8.051,8.051,9.376,1,About half the time,7.321,11.883,12.862,3,Somewhat agree,Agree,11.288,19.498,21.494,3,40,60,8.42,25.043,26.011,11,Somewhat well,Somewhat well,Very well,Somewhat well,Somewhat well,Somewhat well,1.29,1.29,3.71,1,60661,0,0,13.111,0,0,0,10.161,0,0,0,3.341,0,0,0,8.716,0,0,0,6.054,0,xzx7b3,Democratic,Republican,gun control,gc_treat
12/12/2023 11:20,12/12/2023 11:22,100,168,TRUE,12/12/2023 11:22,9.559,9.559,10.3,1,Most of the time,7.498,15.213,15.747,3,Neither agree nor disagree,Strongly agree,13.369,25.866,26.342,4,70,20,26.777,46.418,47.101,10,Somewhat well,Very well,Somewhat well,Somewhat well,Very well,Not too well,1.129,1.129,4.455,1,92626,0,0,10.304,0,12.918,12.918,13.66,1,0,0,8.193,0,0,0,12.593,0,0,0,8.656,0,wkxrha,Democratic,Republican,gun control,gc_treat
12/12/2023 11:21,12/12/2023 11:22,100,108,TRUE,12/12/2023 11:22,6.736,6.736,7.642,1,Once in a while,3.816,9.456,10.175,3,Disagree,Strongly agree,10.866,14.416,16.686,2,75,25,9.061,32.526,33.732,8,Somewhat well,Very well,Extremely well,Very well,Extremely well,Very well,1.918,1.918,4.501,1,08902,0,0,2.984,0,0,0,6.035,0,0,0,4.529,0,0,0,9.291,0,0,0,5.865,0,yvmftg,Democratic,Republican,gun control,gc_treat
12/12/2023 11:19,12/12/2023 11:23,100,211,TRUE,12/12/2023 11:23,8.601,8.601,9.693,1,All the time,5.479,10.188,11.375,3,Strongly disagree,Strongly agree,10.594,26.078,26.811,5,10,100,48.656,67.5,68.57,10,Not too well,Somewhat well,Somewhat well,Not too well,Somewhat well,Not at all well,2.001,2.001,5.46,1,34472,0,0,10.935,0,0,0,26.938,0,0,0,14.977,0,0,0,16.994,0,0,0,10.362,0,y9bed8,Democratic,Republican,immigration,imm_control1
12/12/2023 11:22,12/12/2023 11:24,100,120,TRUE,12/12/2023 11:24,6.189,6.189,7.127,1,Most of the time,12.838,18.321,19.023,3,Neither agree nor disagree,Strongly agree,9.328,15.2,20.442,4,75,10,4.632,21.183,22.058,8,Somewhat well,Very well,Somewhat well,Somewhat well,Somewhat well,Very well,1.681,1.681,5.301,1,15857,0,0,9.379,0,0,0,6.29,0,0,0,5.872,0,0,0,11.626,0,0,0,7.237,0,6yzdq8,Democratic,Republican,immigration,imm_treat
12/12/2023 11:23,12/12/2023 11:24,100,78,TRUE,12/12/2023 11:24,4.544,4.544,5.39,1,Almost Never,2.791,6.727,7.402,4,Somewhat disagree,Somewhat disagree,2.731,5.816,7.859,3,90,40,3.376,16.486,17.035,13,Very well,Extremely well,Extremely well,Extremely well,Extremely well,Not at all well,1.068,1.068,4.152,1,61554,0,0,8.573,0,0,0,6.365,0,0,0,3.807,0,0,0,6.88,0,0,0,5.301,0,a47q9u,Republican,Democratic,immigration,imm_control2
12/12/2023 11:23,12/12/2023 11:24,100,115,TRUE,12/12/2023 11:24,4.96,5.778,7.285,2,Once in a while,6.768,12.768,13.572,4,Neither agree nor disagree,Somewhat agree,9.772,14.2,16.98,2,50,50,6.074,25.423,26.544,11,Very well,Very well,Very well,Very well,Very well,Very well,1.605,1.605,4.982,1,33071,0,0,6.348,0,6.635,6.635,11.35,1,0,0,3.936,0,0,0,10.135,0,0,0,8.824,0,cczavu,Republican,Democratic,immigration,imm_control2
12/12/2023 11:23,12/12/2023 11:25,100,110,TRUE,12/12/2023 11:25,8.242,8.242,9.001,1,Most of the time,5.519,11.253,12.253,2,Disagree,Somewhat agree,5.847,10.072,13.378,3,68,14,5.701,22.842,36.601,9,Very well,Extremely well,Very well,Very well,Somewhat well,Very well,1.544,1.544,5.854,1,06850,0,0,4.051,0,0,0,8.4,0,0,0,5.583,0,,,,,0,0,7.147,0,37up4n,Democratic,Republican,immigration,imm_pc
12/12/2023 11:23,12/12/2023 11:25,100,77,TRUE,12/12/2023 11:25,24.239,24.239,24.661,1,About half the time,4.096,7.369,8.144,4,Somewhat disagree,Agree,4.618,9.135,9.594,6,70,50,2.162,8.427,8.944,12,Extremely well,Extremely well,Very well,Extremely well,Extremely well,Very well,1.164,1.164,3.701,1,91342,0,0,2.439,0,0,0,4.183,0,0,0,1.501,0,0,0,1.9,0,0,0,4.181,0,1art8b,Republican,Democratic,gun control,gc_treat
12/12/2023 11:23,12/12/2023 11:25,100,76,TRUE,12/12/2023 11:25,7.263,8.441,10.205,3,Most of the time,2.351,5.935,7.832,4,Disagree,Agree,1.614,15.149,17.454,8,5,9,2.433,16.172,16.857,11,Extremely well,Very well,Extremely well,Somewhat well,Very well,Somewhat well,1.02,1.02,4.101,1,19119,0,0,6.081,0,0,0,4.974,0,0,0,2.225,0,,,,,0,0,2.715,0,r7yxgr,Republican,Democratic,immigration,imm_pc
12/12/2023 11:23,12/12/2023 11:25,100,113,TRUE,12/12/2023 11:25,7.24,7.24,8.359,1,About half the time,3.224,9.553,10.289,5,Disagree,Agree,10.688,14.419,16.356,3,50,20,5.926,22.922,23.717,10,Not too well,Somewhat well,Somewhat well,Not too well,Somewhat well,Not too well,8.883,8.883,12.724,1,85004,0,0,20.489,0,0,0,4.024,0,0,0,2.459,0,0,0,6.216,0,0,0,3.952,0,r9ffv2,Democratic,Republican,gun control,gc_treat
12/12/2023 11:23,12/12/2023 11:25,100,139,TRUE,12/12/2023 11:25,3.843,29.607,30.591,3,Most of the time,11.78,16.548,17.161,3,Strongly agree,Agree,10.844,16.256,19.847,4,20,50,9.071,24,24.601,13,Extremely well,Extremely well,Very well,Very well,Very well,Very well,1.533,1.533,5.688,1,93722,0,0,9.178,0,0,0,6.335,0,0,0,3.396,0,0,0,7.101,0,0,0,6.045,0,7ek8b4,Republican,Democratic,gun control,gc_treat
12/12/2023 11:22,12/12/2023 11:26,100,229,TRUE,12/12/2023 11:26,4.301,4.301,20.977,1,Once in a while,2.544,6.111,7.145,2,Agree,Somewhat agree,2.93,5.063,7.495,2,75,80,153.041,162.6,163.513,10,Somewhat well,Somewhat well,Somewhat well,Somewhat well,Very well,Not too well,0.84,0.84,3.642,1,15210,0,0,4.993,0,0,0,3.16,0,0,0,2.932,0,0,0,5.57,0,0,0,5.154,0,e7bnfe,Democratic,Republican,gun control,gc_treat
12/12/2023 11:24,12/12/2023 11:26,100,94,TRUE,12/12/2023 11:26,8.037,8.037,9.078,1,About half the time,8.16,14.942,15.687,5,Disagree,Agree,14.315,17.953,20.701,2,90,20,4.005,16.981,18.081,10,Very well,Very well,Extremely well,Somewhat well,Very well,Very well,1.032,1.032,3.938,1,97403,0,0,2.958,0,0,0,5.253,0,0,0,2.009,0,0,0,3.963,0,0,0,6.683,0,7wg4ue,Democratic,Republican,immigration,imm_control3
12/12/2023 11:24,12/12/2023 11:26,100,121,TRUE,12/12/2023 11:26,6.84,6.84,7.6,1,Most of the time,5.786,9.682,10.733,2,Somewhat disagree,Agree,13.632,16.462,18.673,3,50,50,7.359,52.212,53.155,9,Somewhat well,Very well,Very well,Somewhat well,Very well,Very well,1.264,1.264,4.773,1,72916,0,0,5.004,0,0,0,6.021,0,0,0,4.19,0,,,,,0,0,6.109,0,pvp4q7,Democratic,Republican,immigration,imm_pc
12/12/2023 11:24,12/12/2023 11:26,100,127,TRUE,12/12/2023 11:26,3.104,9.348,10.178,5,About half the time,6.3,11.685,12.502,5,Agree,Somewhat agree,2.791,19.379,21.001,7,50,50,4.264,24.745,25.801,13,Somewhat well,Somewhat well,Somewhat well,Very well,Very well,Somewhat well,1.295,1.295,8.635,1,61107,6.292,6.292,8.093,1,5.314,9.705,10.445,2,5.924,5.924,6.7,1,9.445,9.445,10.553,1,6.119,6.119,6.863,1,cfhxn6,Republican,Democratic,immigration,imm_control3
12/12/2023 11:23,12/12/2023 11:26,100,208,TRUE,12/12/2023 11:26,17.246,17.246,23.721,1,Almost Never,19.838,26.319,27.349,3,Strongly agree,Somewhat agree,36.038,39.99,43.262,2,50,50,11.127,44.681,44.708,12,Not too well,Very well,Very well,Very well,Very well,Somewhat well,3.052,3.052,7.359,1,02359,0,0,12.574,0,23.083,23.083,23.871,1,9.816,9.816,11.255,1,,,,,0,0,9.698,0,21cdad,Democratic,Republican,gun control,gc_pc
12/12/2023 11:24,12/12/2023 11:26,100,125,TRUE,12/12/2023 11:26,14.594,18.427,19.867,2,About half the time,6.406,12.457,13.419,4,Somewhat disagree,Agree,8.166,14.888,17.623,2,70,40,3.831,26.424,27.79,16,Very well,Very well,Very well,Extremely well,Very well,Not too well,1.018,1.018,5.78,1,83702,0,0,5.757,0,0,0,5.463,0,0,0,6.101,0,0,0,14.758,0,0,0,3.529,0,xmv6q8,Democratic,Republican,immigration,imm_control2
12/12/2023 11:24,12/12/2023 11:26,100,163,TRUE,12/12/2023 11:26,51.036,52.738,53.304,3,Most of the time,5.432,14.104,14.562,5,Somewhat disagree,Strongly disagree,13.549,20.108,21.935,6,50,50,7.739,28.013,28.853,11,Not at all well,Extremely well,Extremely well,Not too well,Extremely well,Somewhat well,1.851,1.851,6.598,1,48021,0,0,5.449,0,11.115,12.44,12.899,2,6.417,6.417,7.016,1,,,,,0,0,8.115,0,ttyvm4,Democratic,Republican,gun control,gc_pc
12/12/2023 11:28,12/12/2023 11:29,100,88,TRUE,12/12/2023 11:29,7.66,8.807,10.322,2,About half the time,4.549,9.482,10.198,4,Agree,Strongly agree,3.874,7.958,9.842,2,50,50,5.095,26.978,27.547,11,Somewhat well,Very well,Very well,Somewhat well,Very well,Very well,1.162,1.162,4.033,1,67208,0,0,3.343,0,1.927,1.927,2.569,1,1.126,1.759,3.474,2,2.098,2.098,3.05,1,0,0,4.346,0,hwn2az,Democratic,Republican,gun control,gc_treat
12/12/2023 11:27,12/12/2023 11:29,100,115,TRUE,12/12/2023 11:29,13.844,13.844,15.291,1,All the time,3.721,6.992,8.748,2,Strongly disagree,Strongly agree,6.213,21.341,22.697,4,10,75,6.577,27.089,28.101,8,Very well,Very well,Very well,Very well,Very well,Extremely well,1.52,1.52,5.564,1,33068,0,0,7.417,0,0,0,8.921,0,0,0,3.71,0,,,,,0,0,7.301,0,zgq7c4,Republican,Democratic,gun control,gc_pc
12/12/2023 11:28,12/12/2023 11:30,100,94,TRUE,12/12/2023 11:30,13.2,13.2,14.136,1,Most of the time,2.959,6.842,7.883,3,Disagree,Strongly agree,6.68,11.223,13.055,2,90,20,3.556,15.197,15.927,8,Very well,Very well,Very well,Very well,Extremely well,Very well,1.182,1.182,4.369,1,74075,0,0,6.598,0,0,0,4.736,0,0,0,17.621,0,,,,,0,0,4.587,0,c67ank,Democratic,Republican,immigration,imm_pc
12/12/2023 11:29,12/12/2023 11:30,100,100,TRUE,12/12/2023 11:30,8.063,8.063,8.862,1,About half the time,4.844,8.676,9.547,3,Strongly agree,Agree,4.475,7.621,9.836,4,25,25,4.93,28.533,29.004,9,Extremely well,Very well,Extremely well,Very well,Very well,Extremely well,1.157,1.157,5.243,1,30813,0,0,11.001,0,2.817,2.817,10.298,1,0,0,4.049,0,,,,,0,0,8.483,0,a43n36,Republican,Democratic,immigration,imm_pc
12/12/2023 11:27,12/12/2023 11:30,100,184,TRUE,12/12/2023 11:30,9.756,11.754,12.666,2,All the time,30.389,38.209,39.099,3,Strongly disagree,Somewhat agree,8.525,14.129,16.713,2,60,0,11.712,36.065,36.96,10,Very well,Very well,Somewhat well,Somewhat well,Somewhat well,Very well,3.93,3.93,8.35,1,96088,0,0,10.724,0,6.785,6.785,10.331,1,3.101,6.402,7.14,2,0,0,9.263,0,0,0,8.547,0,kq86b6,Republican,Democratic,immigration,imm_control2
12/12/2023 11:27,12/12/2023 11:31,100,186,TRUE,12/12/2023 11:31,7.658,7.658,8.735,1,Most of the time,6.54,11.432,15.92,2,Disagree,Strongly disagree,9.318,24.56,27.626,3,95,80,42.238,71.811,72.595,7,Extremely well,Extremely well,Extremely well,Extremely well,Extremely well,Extremely well,1.764,1.764,5.386,1,38320,0,0,18.787,0,0,0,9.705,0,0,0,7.078,0,0,0,7.433,0,0,0,7.345,0,qgzxn8,Republican,Democratic,gun control,gc_control2
12/12/2023 11:28,12/12/2023 11:31,100,186,TRUE,12/12/2023 11:31,6.331,6.331,8.448,1,Once in a while,4.634,13.585,26.337,3,Agree,Strongly agree,10.902,14.841,43.95,2,90,10,9.515,50.249,51.136,8,Not too well,Somewhat well,Very well,Somewhat well,Somewhat well,Somewhat well,3.008,3.008,5.918,1,91010,0,0,6.386,0,0,0,8.51,0,0,0,6.241,0,0,0,15.155,0,0,0,7.97,0,tgytzy,Democratic,Republican,gun control,gc_treat
12/12/2023 11:30,12/12/2023 11:31,100,72,TRUE,12/12/2023 11:31,4.292,4.292,4.848,1,Most of the time,5.299,8.059,8.799,3,Strongly disagree,Neither agree nor disagree,2.229,9.398,10.128,4,0,25,3.037,15.89,16.555,13,Somewhat well,Somewhat well,Very well,Very well,Very well,Somewhat well,7.432,7.432,10.77,1,30307,0,0,3.332,0,0,0,3.497,0,0,0,2.005,0,0,0,5.346,0,0,0,2.392,0,7yrm8n,Republican,Democratic,immigration,imm_treat
12/12/2023 11:29,12/12/2023 11:31,100,102,TRUE,12/12/2023 11:31,7.164,7.164,7.963,1,Once in a while,6.898,11.347,12.408,3,Disagree,Somewhat agree,7.854,15.752,18.637,3,60,40,2.906,18.61,19.413,9,Very well,Extremely well,Very well,Extremely well,Extremely well,Very well,2.114,2.114,5.044,1,33606,0,0,3.8,0,0,0,4.792,0,0,0,3.187,0,0,0,13.046,0,0,0,7.024,0,6p9ykt,Republican,Democratic,gun control,gc_treat
12/12/2023 11:28,12/12/2023 11:31,100,188,TRUE,12/12/2023 11:31,22.215,22.215,23.145,1,About half the time,10.084,17.951,18.795,3,Agree,Somewhat agree,22.616,26.933,34.875,3,5,60,10.203,31.638,32.481,10,Very well,Very well,Very well,Very well,Very well,Very well,2.617,2.617,9.85,1,20850,7.959,7.959,19.463,1,0,0,12.998,0,0,0,7.702,0,0,0,12.692,0,0,0,9.648,0,2dvw8w,Republican,Democratic,immigration,imm_control2
12/12/2023 11:29,12/12/2023 11:32,100,138,TRUE,12/12/2023 11:32,34.447,34.447,35.353,1,All the time,4.998,9.789,16.047,2,Strongly agree,Strongly agree,8.275,15.067,15.938,4,1,45,5.648,27.29,27.83,8,Very well,Very well,Very well,Very well,Extremely well,Extremely well,1.674,1.674,6.539,1,97501,0,0,8.797,0,0,0,10.66,0,0,0,6,0,,,,,0,0,6.028,0,zhm1aa,Republican,Democratic,gun control,gc_pc
12/12/2023 11:30,12/12/2023 11:32,100,95,TRUE,12/12/2023 11:32,6.046,6.046,6.875,1,About half the time,4.373,7.171,8.166,2,Strongly disagree,Strongly agree,2.87,7.322,9.267,3,0,60,4.672,16.649,17.449,10,Extremely well,Extremely well,Extremely well,Extremely well,Extremely well,Extremely well,2.154,2.154,6.575,1,47172,0,0,6.214,0,0,0,17.221,0,0,0,2.991,0,0,0,9.797,0,0,0,6.417,0,u6agm4,Republican,Democratic,immigration,imm_treat
12/12/2023 11:30,12/12/2023 11:32,100,118,TRUE,12/12/2023 11:32,8.367,8.367,9.3,1,Almost Never,4.221,14.86,15.301,4,Strongly agree,Agree,10.096,14.224,21.037,2,50,30,7.539,25.016,25.706,8,Somewhat well,Very well,Somewhat well,Very well,Very well,Very well,1.364,1.364,5.883,1,93635,0,0,11.601,0,0,0,5.602,0,0,0,3.438,0,,,,,0,0,7.459,0,dtwtdx,Democratic,Republican,immigration,imm_pc
12/12/2023 11:29,12/12/2023 11:33,100,276,TRUE,12/12/2023 11:33,36.11,40.609,41.355,2,About half the time,4.192,18.793,20.823,3,Somewhat disagree,Agree,7.267,32.686,35.136,3,75,15,3.118,39.071,69.078,9,Very well,Very well,Somewhat well,Very well,Very well,Somewhat well,1.099,1.099,17.255,1,46250,0,0,9.331,0,15.903,19.736,50.932,2,0,0,11.546,0,0,0,9.196,0,0,0,6.882,0,yxxgbb,Democratic,Republican,immigration,imm_control1
12/12/2023 11:30,12/12/2023 11:34,100,257,TRUE,12/12/2023 11:34,17.233,17.233,18.902,1,Most of the time,12.569,48.683,49.411,3,Somewhat disagree,Agree,16.868,23.756,33.558,3,50,60,12.454,47.008,47.793,10,Extremely well,Somewhat well,Very well,Extremely well,Somewhat well,Very well,2.088,2.088,8.02,1,91606,0,0,16.857,0,17.123,19.243,19.805,2,11.727,13.353,14.469,2,0,0,27.145,0,0,0,13.766,0,pvctry,Republican,Democratic,gun control,gc_treat
12/12/2023 11:34,12/12/2023 11:34,100,45,TRUE,12/12/2023 11:34,3.013,3.013,4.035,1,About half the time,1.833,3.067,4.148,3,Neither agree nor disagree,Somewhat agree,1.453,5.245,9.001,4,80,70,1.076,8.29,9.633,9,Somewhat well,Not too well,Not too well,Not too well,Somewhat well,Not too well,1.264,1.264,3.773,1,85024,0,0,0.785,0,0,0,2.77,0,0,0,1.526,0,0,0,2.093,0,0,0,2.577,0,g33yme,Republican,Democratic,immigration,imm_treat
12/12/2023 11:29,12/12/2023 11:35,100,315,TRUE,12/12/2023 11:35,5.932,5.932,7.321,1,Once in a while,6.86,13.6,14.807,2,Neither agree nor disagree,Somewhat disagree,6.276,10.115,13.126,2,40,60,8.831,93.319,94.745,8,Extremely well,Extremely well,Extremely well,Extremely well,Extremely well,Extremely well,1.865,1.865,24.062,1,60628,0,0,14.232,0,0,0,15.298,0,0,0,4.821,0,,,,,8.139,8.139,8.158,1,8vetwa,Republican,Democratic,gun control,gc_pc
12/12/2023 11:34,12/12/2023 11:35,100,69,TRUE,12/12/2023 11:35,6.327,6.327,6.908,1,Once in a while,3.529,6.747,7.539,3,Somewhat disagree,Strongly agree,5.135,7.855,9.578,3,80,30,2.785,11.241,11.742,10,Very well,Very well,Very well,Very well,Very well,Somewhat well,1.34,1.34,4.082,1,33068,0,0,5.238,0,0,0,7.645,0,6.032,6.032,6.818,1,,,,,0,0,4.917,0,qq6rnr,Democratic,Republican,immigration,imm_pc
12/12/2023 11:34,12/12/2023 11:35,100,95,TRUE,12/12/2023 11:35,6.529,6.529,7.468,1,Almost Never,5.292,8.588,9.816,2,Agree,Strongly agree,7.261,10.739,12.401,2,50,50,11.373,35.567,36.389,8,Very well,Somewhat well,Very well,Very well,Extremely well,Extremely well,1.551,1.551,4.052,1,48507,0,0,7.623,0,1.709,1.709,4.156,1,0,0,0.982,0,0,0,1.292,0,0,0,6.916,0,zvh1bf,Democratic,Republican,gun control,gc_control3
12/12/2023 11:34,12/12/2023 11:35,100,102,TRUE,12/12/2023 11:35,9.455,9.455,10.196,1,About half the time,4.97,8.74,9.654,3,Somewhat disagree,Somewhat disagree,4.035,6.319,9.657,2,50,55,6.136,32.963,33.524,11,Very well,Very well,Very well,Very well,Very well,Very well,1.56,1.56,3.877,1,91351,0,0,7.837,0,0,0,5.176,0,3.815,3.815,5.07,1,0,0,5.627,0,0,0,5.975,0,e2161v,Republican,Democratic,gun control,gc_control1
12/12/2023 11:29,12/12/2023 11:35,100,389,TRUE,12/12/2023 11:35,32.719,38.57,39.521,3,About half the time,3.765,47.131,48.672,6,Somewhat disagree,Somewhat disagree,2.232,50.833,55.622,5,45,45,20.3,148.045,149.187,16,Somewhat well,Very well,Very well,Very well,Very well,Somewhat well,2.013,2.013,9.76,1,06757,0,0,12.291,0,0,0,14.885,0,0,0,4.603,0,0,0,40.701,0,0,0,9.159,0,htv7zf,Democratic,Republican,immigration,imm_treat
12/12/2023 11:35,12/12/2023 11:36,100,63,TRUE,12/12/2023 11:36,3.589,3.589,4.474,1,Most of the time,2.489,5.896,6.676,3,Neither agree nor disagree,Agree,2.072,4.821,7.002,2,50,50,3.326,11.817,12.372,9,Extremely well,Extremely well,Extremely well,Extremely well,Extremely well,Extremely well,1.049,1.049,4.401,1,30263,0,0,6.547,0,0,0,6.039,0,0,0,2.284,0,0,0,4.328,0,0,0,4.522,0,3u2bpx,Democratic,Republican,immigration,imm_control2
12/12/2023 11:34,12/12/2023 11:36,100,135,TRUE,12/12/2023 11:36,7.868,44.429,45.479,3,About half the time,3.132,10.475,12.3,4,Somewhat disagree,Strongly agree,2.57,8.58,10.2,3,0,40,6.381,30.026,30.494,15,Somewhat well,Extremely well,Very well,Very well,Extremely well,Extremely well,1.097,1.097,4.047,1,78240,0,0,6.5,0,0,0,10.581,0,0,0,4.468,0,,,,,0,0,5.7,0,uzwgay,Republican,Democratic,immigration,imm_pc
12/12/2023 11:34,12/12/2023 11:36,100,143,TRUE,12/12/2023 11:36,4.951,4.951,5.969,1,Almost Never,4.075,10.7,11.401,6,Neither agree nor disagree,Somewhat agree,1.939,13.201,18.043,3,79,47,4.101,54.653,55.433,14,Not too well,Somewhat well,Very well,Not too well,Somewhat well,Very well,1.117,1.117,4.025,1,10468,0,0,1.842,0,0,0,4.101,0,0,0,4.491,0,,,,,0,0,31.129,0,qkf17g,Democratic,Republican,gun control,gc_pc
12/12/2023 11:34,12/12/2023 11:36,100,118,TRUE,12/12/2023 11:36,7.883,7.883,8.975,1,About half the time,6.748,12.099,12.731,3,Disagree,Strongly agree,5,15.826,18.261,2,10,0,5.496,22.962,23.782,7,Somewhat well,Very well,Very well,Very well,Extremely well,Very well,1.333,1.333,4.816,1,33993,0,0,5.362,0,0,0,7.481,0,0,0,7.525,0,0,0,11.262,0,0,0,8.229,0,gqy7wz,Democratic,Republican,immigration,imm_treat
12/12/2023 11:33,12/12/2023 11:37,100,272,TRUE,12/12/2023 11:37,9.787,9.787,10.9,1,About half the time,21.899,30.792,31.6,4,Agree,Strongly agree,13.99,20.304,23.26,3,79,23,9.072,140.776,141.442,14,Somewhat well,Very well,Somewhat well,Somewhat well,Very well,Somewhat well,2.716,2.716,7.5,1,24017,2.17,2.17,23.82,1,5.217,5.217,6.523,1,3.088,3.088,6.061,1,0,0,8.441,0,0,0,7.187,0,11g3d4,Democratic,Republican,gun control,gc_treat
12/12/2023 11:35,12/12/2023 11:37,100,133,TRUE,12/12/2023 11:37,9.371,9.371,10.982,1,Once in a while,7.058,13.26,13.956,3,Agree,Disagree,7.686,11.365,14.293,3,50,50,8.953,30.175,30.659,10,Somewhat well,Very well,Somewhat well,Somewhat well,Very well,Very well,1.617,1.617,5.089,1,04943,0,0,12.5,0,0,0,13.663,0,0,0,11.641,0,,,,,0,0,10.179,0,rp663f,Republican,Democratic,gun control,gc_pc
12/12/2023 11:35,12/12/2023 11:38,100,170,TRUE,12/12/2023 11:38,6.975,8.537,9.529,3,Almost Never,24.006,29.089,30.668,5,Disagree,Agree,16.937,35.091,43.38,9,40,45,8.086,28.175,29.491,11,Very well,Extremely well,Very well,Extremely well,Extremely well,Very well,1.487,1.487,5.085,1,32773,0,0,12.049,0,0,0,11.059,0,0,0,9.298,0,0,0,7.702,0,0,0,4.901,0,mf3mmg,Republican,Democratic,immigration,imm_control1
12/12/2023 11:34,12/12/2023 11:38,100,245,TRUE,12/12/2023 11:38,4.819,4.819,5.979,1,Almost Never,5.219,13.861,14.691,6,Neither agree nor disagree,Strongly agree,103.828,111.869,114.889,3,70,70,15.452,47.323,48.234,10,Not too well,Extremely well,Extremely well,Extremely well,Extremely well,Extremely well,1.901,1.901,5.833,1,35096,0,0,1.467,0,0,0,9.639,0,4.999,4.999,5.671,1,0,0,11.921,0,0,0,20.182,0,bgqbqq,Democratic,Republican,gun control,gc_treat
12/12/2023 11:35,12/12/2023 11:39,100,202,TRUE,12/12/2023 11:39,13.713,13.713,16.242,1,About half the time,5.542,19.15,19.966,2,Strongly agree,Strongly disagree,21.971,25.605,27.771,3,50,50,10.634,48.262,49.083,11,Not at all well,Extremely well,Somewhat well,Somewhat well,Extremely well,Somewhat well,1.906,1.906,4.937,1,32409,0,0,15.143,0,0,0,14.179,0,0,0,16.638,0,0,0,22.862,0,0,0,11.073,0,3k22vn,Republican,Democratic,gun control,gc_control2
12/12/2023 11:39,12/12/2023 11:40,100,55,TRUE,12/12/2023 11:40,7.612,7.612,8.272,1,Once in a while,2.968,6.193,6.7,3,Neither agree nor disagree,Agree,3.437,6.785,8.965,2,11,90,1.854,8.047,9.213,9,Not too well,Very well,Very well,Extremely well,Somewhat well,Somewhat well,1.36,1.36,3.817,1,47809,0,0,1.196,0,1.032,1.449,2.004,2,0,0,0.116,0,0,0,0.678,0,6.007,6.007,7.537,1,gxe7d4,Republican,Democratic,immigration,imm_control1
12/12/2023 11:39,12/12/2023 11:41,100,74,TRUE,12/12/2023 11:41,2.646,3.178,4.165,2,All the time,2.559,7.54,8.225,4,Somewhat agree,Strongly agree,3.276,12.196,15.08,3,45,40,6.909,22.095,22.717,11,Somewhat well,Extremely well,Extremely well,Extremely well,Extremely well,Somewhat well,1.072,1.072,4.076,1,11415,0,0,4.181,0,2.71,2.71,3.322,1,0,0,1.511,0,0,0,1.948,0,0,0,4.176,0,yve1qb,Democratic,Republican,immigration,imm_treat
12/12/2023 11:39,12/12/2023 11:41,100,101,TRUE,12/12/2023 11:41,10.232,10.824,11.624,2,All the time,3.132,8.739,9.392,4,Somewhat disagree,Strongly agree,4.18,9.318,12.501,4,20,80,6.322,19.293,19.992,11,Very well,Very well,Very well,Very well,Extremely well,Very well,1.662,1.662,6.101,1,33076,0,0,9.03,0,9.226,9.226,10.084,1,0,0,7.513,0,1.36,1.36,2.674,1,0,0,6.022,0,nwddcw,Republican,Democratic,gun control,gc_treat
12/12/2023 11:38,12/12/2023 11:41,100,162,TRUE,12/12/2023 11:41,8.402,10.124,11.099,2,About half the time,5.101,11.447,12.297,3,Strongly agree,Strongly disagree,11.288,19.761,20.101,4,100,30,8.401,25.253,25.846,8,Not too well,Somewhat well,Somewhat well,Somewhat well,Somewhat well,Not too well,1.501,1.501,7.2,1,04402,0,0,6.785,0,42.142,43.455,44.047,2,0,0,5.2,0,10.973,10.973,12.14,1,0,0,7.701,0,bhgbme,Republican,Democratic,immigration,imm_treat
12/12/2023 11:40,12/12/2023 11:42,100,97,TRUE,12/12/2023 11:42,6.317,6.317,7.659,1,Most of the time,5.255,12.726,13.845,2,Neither agree nor disagree,Neither agree nor disagree,8.287,11.17,14.495,2,30,65,6.326,19.372,20.041,8,Very well,Very well,Extremely well,Very well,Very well,Very well,1.436,1.436,3.986,1,45410,0,0,8.906,0,0,0,10.156,0,0,0,6.155,0,,,,,0,0,7.911,0,nzbm3c,Democratic,Republican,gun control,gc_pc
12/12/2023 11:40,12/12/2023 11:42,100,153,TRUE,12/12/2023 11:42,6.744,8.665,9.75,3,Once in a while,5.56,12.522,14.149,4,Agree,Agree,8.955,29.794,30.859,8,65,70,9.471,34.139,35.541,12,Somewhat well,Somewhat well,Somewhat well,Very well,Very well,Very well,2.158,8.963,9.836,2,99223,9.567,13.125,14.263,2,9.845,13.411,15.634,4,4.79,5.855,7.329,2,,,,,8.364,8.364,9.532,1,3yyzee,Democratic,Republican,gun control,gc_pc
12/12/2023 11:40,12/12/2023 11:43,100,152,TRUE,12/12/2023 11:43,13.031,13.031,14.352,1,Most of the time,24.053,27.307,28.9,2,Disagree,Agree,4.194,11.575,12.152,5,70,5,7.864,27.001,28.257,9,Extremely well,Extremely well,Extremely well,Very well,Extremely well,Extremely well,8.853,8.853,12.789,1,93720,0,0,23.35,0,0,0,7.029,0,0,0,14.417,0,,,,,0,0,7.122,0,fvfryr,Democratic,Republican,gun control,gc_pc
12/12/2023 11:40,12/12/2023 11:44,100,213,TRUE,12/12/2023 11:44,8.685,8.685,10.149,1,Most of the time,6.629,13,17.833,2,Somewhat disagree,Strongly agree,7.494,16.757,48.989,5,55,35,23.988,61.399,62.292,8,Not too well,Very well,Very well,Somewhat well,Extremely well,Not too well,2.003,2.003,5.936,1,11218,2.266,2.266,12.129,1,0,0,11.752,0,0,0,9.173,0,0,0,19.241,0,0,0,10.091,0,7br6ez,Democratic,Republican,gun control,gc_treat
12/12/2023 11:41,12/12/2023 11:45,100,232,TRUE,12/12/2023 11:45,13.01,15.117,16.102,2,Most of the time,8.856,16.125,17.489,2,Disagree,Agree,13.684,17.994,22.501,3,50,50,10.393,40.832,41.957,8,Very well,Very well,Very well,Very well,Very well,Very well,2.869,2.869,7.768,1,80214,0,0,19.601,0,21.529,21.529,23.9,1,0,0,16.403,0,0,0,42.088,0,0,0,13.994,0,rn3xtu,Democratic,Republican,gun control,gc_treat
12/12/2023 11:45,12/12/2023 11:47,100,115,TRUE,12/12/2023 11:47,10.214,10.214,11.11,1,About half the time,5.842,9.244,10.368,2,Agree,Strongly agree,11.101,14.042,20.897,2,50,2,5.399,22.048,22.658,10,Extremely well,Very well,Extremely well,Extremely well,Extremely well,Extremely well,2.036,2.036,5.401,1,74036,0,0,7.348,0,0,0,8.167,0,0,0,4.954,0,0,0,11.262,0,0,0,6.995,0,cuvvfu,Democratic,Republican,gun control,gc_treat
12/12/2023 11:44,12/12/2023 11:47,100,173,TRUE,12/12/2023 11:47,13.805,13.805,15.374,1,Once in a while,9.934,22.883,23.874,5,Strongly disagree,Disagree,10.176,14.621,18.564,2,50,50,18.964,51.019,52.425,9,Somewhat well,Very well,Very well,Very well,Very well,Somewhat well,2.184,2.184,6.283,1,29568,0,0,11.262,0,0,0,13.985,0,0,0,17.162,0,,,,,0,0,9.993,0,wgxndh,Democratic,Republican,immigration,imm_pc
12/12/2023 11:44,12/12/2023 11:48,100,196,TRUE,12/12/2023 11:48,8.902,8.902,10.507,1,About half the time,8.401,14.607,17.185,2,Neither agree nor disagree,Somewhat disagree,13.001,21.326,24.368,4,80,35,10.501,36.7,38.309,9,Very well,Extremely well,Extremely well,Very well,Extremely well,Very well,2.301,17.505,21.77,3,48240,0,0,19.184,0,0,0,13.758,0,0,0,18.753,0,0,0,11.865,0,0,0,13.613,0,aqzd6e,Democratic,Republican,gun control,gc_control3
12/12/2023 11:46,12/12/2023 11:48,100,120,TRUE,12/12/2023 11:48,19.68,19.68,20.843,1,Most of the time,5.779,8.932,10.294,2,Strongly agree,Strongly disagree,6.839,9.066,16.189,2,50,50,7.073,24.324,25.399,8,Very well,Extremely well,Very well,Very well,Extremely well,Extremely well,1.654,1.654,4.365,1,75067,0,0,8.859,0,0,0,8.474,0,0,0,3.974,0,0,0,10.269,0,0,0,7.601,0,8c992q,Republican,Democratic,gun control,gc_treat
12/12/2023 11:41,12/12/2023 11:49,100,460,TRUE,12/12/2023 11:49,6.561,7.964,8.528,2,Most of the time,1.209,122.347,125.389,10,Disagree,Somewhat disagree,1.168,15.241,16.101,5,70,40,59.061,87.971,90.904,20,Somewhat well,Somewhat well,Very well,Somewhat well,Very well,Not too well,0.852,0.852,7.475,1,28056,0,0,93.341,0,0,0,68.95,0,0,0,4.601,0,4.18,4.18,29.71,1,0,0,8.777,0,93f7nn,Republican,Democratic,gun control,gc_treat
12/12/2023 11:47,12/12/2023 11:49,100,88,TRUE,12/12/2023 11:49,3.53,3.829,5.652,2,About half the time,4.579,10.298,11.301,4,Strongly disagree,Somewhat disagree,3.096,18.984,22.441,6,15,75,3.721,20.798,21.696,9,Somewhat well,Somewhat well,Somewhat well,Somewhat well,Very well,Very well,0.99,0.99,3.862,1,47374,0,0,1.923,0,0,0,2.952,0,3.467,3.467,4.169,1,0,0,6.146,0,0,0,1.086,0,myryr2,Democratic,Republican,immigration,imm_treat
12/12/2023 11:47,12/12/2023 11:49,100,111,TRUE,12/12/2023 11:49,7.749,8.807,9.692,2,About half the time,4.945,8.344,10.783,2,Strongly agree,Strongly agree,3.62,6.902,13.246,3,55,45,4.217,22.415,23.668,8,Extremely well,Extremely well,Extremely well,Extremely well,Extremely well,Extremely well,2.614,2.614,7.624,1,12590,0,0,8.565,0,0,0,8.391,0,0,0,7.477,0,0,0,9.948,0,0,0,8.037,0,3naupc,Republican,Democratic,immigration,imm_control1
12/12/2023 11:46,12/12/2023 11:49,100,194,TRUE,12/12/2023 11:49,6.261,6.261,7.251,1,About half the time,19.254,59.21,60.167,3,Somewhat disagree,Agree,7.843,11.193,14.355,2,60,55,4.984,16.953,17.681,10,Somewhat well,Somewhat well,Very well,Very well,Very well,Somewhat well,1.419,1.419,5.201,1,94110,0,0,6.366,0,0,0,11.309,0,3.675,3.675,5.282,1,0,0,57.28,0,0,0,5.095,0,3ca1aa,Democratic,Republican,gun control,gc_treat
12/12/2023 11:50,12/12/2023 11:51,100,100,TRUE,12/12/2023 11:51,4.821,4.821,5.542,1,All the time,4.922,10.798,12.857,4,Strongly agree,Somewhat agree,3.268,16.665,17.57,6,50,0,4.57,15.757,16.763,8,Extremely well,Extremely well,Extremely well,Extremely well,Extremely well,Extremely well,0.936,0.936,4.805,1,48463,0,0,6.807,0,0,0,5.906,0,0,0,5.744,0,0,0,15.913,0,0,0,4.033,0,81bn1h,Democratic,Republican,immigration,imm_control1
12/12/2023 11:51,12/12/2023 11:54,100,198,TRUE,12/12/2023 11:54,11.301,13.666,14.414,3,Most of the time,11.378,20.621,21.574,4,Strongly disagree,Somewhat agree,13.201,19.05,27.05,2,5,76,4.801,21.643,22.457,12,Very well,Extremely well,Very well,Somewhat well,Somewhat well,Somewhat well,2.291,2.291,11.058,1,99159,0,0,10.8,0,1.808,1.808,3.058,1,18.676,18.91,21.554,2,3.497,3.497,4.326,1,0,0,12.303,0,ama2px,Democratic,Republican,gun control,gc_control1
12/12/2023 11:56,12/12/2023 12:01,100,311,TRUE,12/12/2023 12:01,10.501,17.673,21.801,2,About half the time,8.302,36.606,45.908,6,Neither agree nor disagree,Agree,15.301,102.901,109.677,6,40,80,6.258,45.279,51.127,11,Very well,Extremely well,Very well,Very well,Very well,Somewhat well,2.902,2.902,21.402,1,33760,0,0,10.601,0,0,0,22.138,0,0,0,11.549,0,,,,,0,0,9.601,0,b947k8,Republican,Democratic,gun control,gc_pc
12/12/2023 11:58,12/12/2023 12:04,100,365,TRUE,12/12/2023 12:04,51.837,52.934,53.748,2,Once in a while,6.096,11.29,12.273,4,Strongly agree,Strongly disagree,62.707,66.52,69.895,2,75,0,17.475,55.805,57.432,15,Not too well,Somewhat well,Somewhat well,Not at all well,Not too well,Somewhat well,1.264,1.264,4.638,1,30236,0,0,5.355,0,120.256,120.256,122.078,1,0,0,9.991,0,0,0,11.267,0,0,0,12.522,0,8xqrfn,Republican,Democratic,gun control,gc_treat
12/12/2023 13:10,12/12/2023 13:16,100,334,TRUE,12/12/2023 13:16,98.396,98.396,99.474,1,About half the time,3.1,9.393,11.624,2,Strongly agree,Disagree,18.101,25.093,25.601,4,40,80,4.974,21.992,22.545,12,Very well,Extremely well,Extremely well,Extremely well,Extremely well,Extremely well,74.101,86.3,118.783,2,98198,0,0,33.398,0,0,0,5.759,0,0,0,2.4,0,0,0,1.457,0,0,0,0.984,0,c11h7u,Democratic,Republican,immigration,imm_control2
12/12/2023 13:51,12/12/2023 13:56,100,317,TRUE,12/12/2023 13:56,26.401,26.401,27.429,1,Most of the time,2.301,23.673,78.607,12,Strongly agree,Strongly agree,5.301,9.758,10.593,3,10,90,57.701,112.441,122.154,8,Very well,Very well,Very well,Very well,Very well,Extremely well,18.888,18.888,22.458,1,66221,0,0,8.529,0,0,0,8.718,0,0,0,8.742,0,0,0,14.234,0,0,0,2.456,0,aeenr8,Republican,Democratic,immigration,imm_control1
12/12/2023 14:54,12/12/2023 14:58,100,251,TRUE,12/12/2023 14:58,5.701,5.701,6.929,1,Once in a while,2.461,34.901,36.149,3,Agree,Strongly agree,1.001,4.8,7.071,2,100,0,4.101,6.7,9.264,6,Very well,Very well,Very well,Very well,Very well,Very well,9.201,9.201,13.564,1,30306,0,0,10.058,0,0,0,4.88,0,0,0,8.763,0,0,0,0.819,0,0,0,139.38,0,x2xkh6,Democratic,Republican,gun control,gc_control1
12/13/2023 9:26,12/13/2023 9:26,100,22,TRUE,12/13/2023 9:26,0.993,0.993,1.721,1,Almost Never,0.875,1.809,2.564,2,Somewhat agree,Disagree,2.099,2.099,2.104,1,,,1.134,3.054,3.064,2,,,,,,,2.453,2.453,2.458,1,,0,0,0.602,0,0,0,0.519,0,0,0,0.761,0,0,0,0.537,0,0,0,0.956,0,ec3gbk,Democratic,Republican,immigration,imm_control2
12/13/2023 9:53,12/13/2023 9:55,100,106,TRUE,12/13/2023 9:55,7.079,7.425,8.273,2,About half the time,5.509,11.754,12.855,4,Neither agree nor disagree,Agree,7.787,15.152,15.7,7,80,12,5.679,20.702,21.589,8,Somewhat well,Somewhat well,Very well,Not too well,Somewhat well,Not too well,1.385,1.385,5.101,1,13820,0,0,9.153,0,0,0,7.101,0,0,0,2.201,0,0,0,4.285,0,0,0,5.47,0,2k8crd,Democratic,Republican,gun control,gc_control1
12/13/2023 10:03,12/13/2023 10:06,100,188,TRUE,12/13/2023 10:06,38.686,38.686,39.542,1,Once in a while,28.065,32.242,33.014,2,Neither agree nor disagree,Neither agree nor disagree,4.367,14.616,17.655,3,70,50,5.059,53.991,55.153,11,Very well,Very well,Very well,Very well,Very well,Somewhat well,1.797,1.797,5.75,1,77095,0,0,5.684,0,0,0,7.529,0,0,0,3.611,0,0,0,6.463,0,0,0,6.894,0,q79qvu,Republican,Democratic,immigration,imm_control3
12/13/2023 10:09,12/13/2023 10:10,100,107,TRUE,12/13/2023 10:10,5.412,5.412,6.143,1,All the time,3.246,6.605,8.261,2,Strongly agree,Strongly agree,10.056,23.768,24.5,5,0,30,5.736,23.596,24.328,8,Very well,Very well,Extremely well,Very well,Very well,Very well,1.476,1.476,4.338,1,48197,0,0,6.628,0,0,0,5.742,0,0,0,2.318,0,0,0,12.9,0,0,0,6.849,0,pqkrcg,Republican,Democratic,immigration,imm_treat
12/13/2023 10:09,12/13/2023 10:11,100,94,TRUE,12/13/2023 10:11,18.2,18.2,19.327,1,About half the time,6.202,8.931,10.223,3,Disagree,Strongly agree,5.962,8.459,10.219,2,30,70,3.361,21.352,22.1,10,Very well,Very well,Extremely well,Extremely well,Very well,Extremely well,1.253,1.253,3.682,1,78751,0,0,8.041,0,0,0,6.252,0,0,0,5.013,0,,,,,0,0,5.377,0,e4dzw1,Republican,Democratic,gun control,gc_pc
12/13/2023 10:08,12/13/2023 10:12,100,221,TRUE,12/13/2023 10:12,55.59,56.801,57.581,2,Once in a while,8.502,16.18,17.042,3,Agree,Agree,16.087,29.432,30.092,5,40,40,9.3,40.694,41.538,9,Very well,Very well,Extremely well,Very well,Extremely well,Very well,2,2,4.689,1,27707,0,0,15.896,0,0,0,15.101,0,0,0,8.001,0,0,0,14.653,0,0,0,9.84,0,23kn1d,Republican,Democratic,immigration,imm_control2
12/13/2023 10:11,12/13/2023 10:13,100,125,TRUE,12/13/2023 10:13,17.072,18.587,19.295,2,About half the time,7.538,10.62,11.861,2,Disagree,Somewhat agree,16.264,19.216,21.313,2,60,40,11.714,33.257,33.877,8,Very well,Very well,Very well,Very well,Very well,Somewhat well,1.078,1.078,3.895,1,72758,0,0,4.819,0,0,0,7.724,0,0,0,4.555,0,0,0,5.618,0,0,0,5.335,0,7rt1gd,Republican,Democratic,gun control,gc_control2
12/13/2023 10:09,12/13/2023 10:14,100,284,TRUE,12/13/2023 10:14,8.062,9.901,12.488,2,About half the time,3.21,50.53,52.471,6,Agree,Strongly agree,16.524,26.092,26.763,4,3,3,17.635,68.805,70.101,13,Somewhat well,Very well,Very well,Somewhat well,Somewhat well,Extremely well,2.706,2.706,53.297,1,70806,0,0,12.03,0,0,0,13.219,0,0,0,9.874,0,0,0,16.681,0,0,0,10.677,0,2rge23,Democratic,Republican,gun control,gc_control2
12/13/2023 10:12,12/13/2023 10:15,100,185,TRUE,12/13/2023 10:15,9.801,13.402,14.201,2,Almost Never,5.608,19.903,21.102,4,Strongly agree,Somewhat agree,17.375,39.975,42.508,8,100,0,9.181,35.595,36.166,14,Somewhat well,Somewhat well,Not too well,Somewhat well,Somewhat well,Somewhat well,2.371,2.371,9.601,1,63701,0,0,9.268,0,10.068,14.601,15.742,2,10.571,11.81,12.592,2,,,,,0,0,13.901,0,p4am1m,Republican,Democratic,gun control,gc_pc
12/13/2023 10:13,12/13/2023 10:15,100,126,TRUE,12/13/2023 10:15,9.902,9.902,11.502,1,Once in a while,8.101,10.902,12.35,2,Neither agree nor disagree,Somewhat agree,9.301,16.591,19.002,5,60,50,7.468,27.673,28.727,11,Extremely well,Extremely well,Extremely well,Very well,Extremely well,Extremely well,1.629,1.629,5.581,1,78586,0,0,15.148,0,0,0,8.601,0,0,0,7.044,0,,,,,0,0,8.401,0,7ubzwf,Democratic,Republican,immigration,imm_pc
12/13/2023 10:16,12/13/2023 10:18,100,143,TRUE,12/13/2023 10:18,43.923,43.923,45.201,1,Most of the time,4.827,10.3,12.369,2,Strongly agree,Strongly agree,6.098,10.735,13.568,3,70,30,7.922,35.851,36.63,10,Somewhat well,Extremely well,Extremely well,Extremely well,Extremely well,Extremely well,1.208,1.208,5.523,1,98056,0,0,3.995,0,0,0,8.343,0,0,0,4.696,0,0,0,4.304,0,0,0,2.915,0,2kwk16,Democratic,Republican,gun control,gc_treat
12/13/2023 10:18,12/13/2023 10:19,100,112,TRUE,12/13/2023 10:19,4.438,6.256,6.777,3,Once in a while,4.223,9.182,9.762,5,Somewhat disagree,Somewhat agree,7.751,14.725,15.52,6,80,80,20.877,49.132,49.674,16,Somewhat well,Very well,Somewhat well,Very well,Very well,Very well,1.217,1.217,8.091,1,80634,0,0,4.917,0,3.176,3.176,3.816,1,0,0,1.901,0,,,,,0,0,6.354,0,k9b2r8,Democratic,Republican,gun control,gc_pc
12/13/2023 10:17,12/13/2023 10:20,100,139,TRUE,12/13/2023 10:20,7.954,7.954,8.893,1,Most of the time,6.802,15.813,16.583,3,Somewhat disagree,Agree,20.194,27.954,28.5,6,75,30,15.187,36.62,37.152,11,Not too well,Somewhat well,Very well,Somewhat well,Somewhat well,Somewhat well,1.83,3.125,7.566,2,33579,0,0,10.063,0,0,0,9.265,0,0,0,3.367,0,,,,,0,0,13.262,0,w6qxer,Democratic,Republican,gun control,gc_pc
12/13/2023 10:18,12/13/2023 10:21,100,176,TRUE,12/13/2023 10:21,7.09,10.73,11.978,3,About half the time,3.962,16.182,22.562,6,Disagree,Somewhat agree,1.506,25.689,27.233,6,70,60,9.492,50.658,52.674,15,Very well,Very well,Extremely well,Somewhat well,Somewhat well,Very well,0.917,1.619,6.013,2,89119,0,0,12.332,0,0,0,18.939,0,0,0,2.137,0,0,0,8.597,0,0,0,7.024,0,gvkuyq,Democratic,Republican,immigration,imm_control1
12/13/2023 10:22,12/13/2023 10:24,100,129,TRUE,12/13/2023 10:24,5.101,8.309,13.559,2,Almost Never,8.701,13.613,14.988,3,Strongly disagree,Strongly disagree,8.229,15.059,18.2,5,30,70,9.202,45.374,46.084,12,Not too well,Very well,Extremely well,Extremely well,Extremely well,Extremely well,1.393,1.393,5.381,1,08638,0,0,7.701,0,0,0,7.701,0,0,0,4.952,0,,,,,0,0,5.664,0,wph6uk,Republican,Democratic,immigration,imm_pc
12/13/2023 10:21,12/13/2023 10:24,100,177,TRUE,12/13/2023 10:24,6.533,7.59,8.676,2,Almost Never,5.783,14.861,15.5,6,Agree,Strongly disagree,12.791,18.521,20.885,5,50,50,13.115,47.441,48.401,15,Not at all well,Extremely well,Extremely well,Very well,Extremely well,Very well,2.945,2.945,6.789,1,85208,0,0,13.1,0,10.359,29.797,30.426,7,16.041,16.041,16.748,1,,,,,0,0,9.921,0,xre2zy,Democratic,Republican,gun control,gc_pc
12/13/2023 10:24,12/13/2023 10:26,100,116,TRUE,12/13/2023 10:26,12.41,12.41,13.098,1,Once in a while,5.662,12.441,13.289,3,Somewhat disagree,Agree,10.709,16.671,18.401,2,50,90,10.466,27.068,27.889,9,Not too well,Somewhat well,Extremely well,Not too well,Very well,Very well,1.869,1.869,4.414,1,77407,0,0,7.787,0,0,0,7.152,0,0,0,4.066,0,0,0,7.102,0,0,0,6.325,0,d91kgd,Democratic,Republican,immigration,imm_treat
12/13/2023 10:25,12/13/2023 10:26,100,99,TRUE,12/13/2023 10:26,5.774,5.774,6.495,1,Once in a while,4.012,7.579,8.723,2,Somewhat disagree,Strongly disagree,4.672,8.158,9.901,4,30,65,4.939,21.167,22.338,11,Extremely well,Somewhat well,Very well,Somewhat well,Extremely well,Extremely well,0.958,3,3.03,2,61401,0,0,8.936,0,0,0,6.834,0,0,0,12.349,0,0,0,10.794,0,0,0,5.699,0,fvvpfd,Democratic,Republican,immigration,imm_treat
12/13/2023 10:26,12/13/2023 10:27,100,92,TRUE,12/13/2023 10:27,6.427,6.427,7.285,1,Most of the time,4.18,8.573,9.76,2,Strongly disagree,Strongly disagree,6.406,8.348,9.76,3,0,100,5.185,25.319,25.757,11,Somewhat well,Not too well,Extremely well,Not at all well,Somewhat well,Extremely well,1.297,1.297,4.88,1,49841,0,0,6.676,0,0,0,4.234,0,0,0,2.101,0,0,0,9.27,0,0,0,5.501,0,nm8cet,Democratic,Republican,immigration,imm_treat
12/13/2023 10:26,12/13/2023 10:29,100,145,TRUE,12/13/2023 10:29,11.437,11.437,12.085,1,About half the time,6.639,11.764,13.211,2,Neither agree nor disagree,Strongly agree,14.337,21.08,26.314,2,60,40,7.794,27.352,28.149,8,Very well,Very well,Somewhat well,Not too well,Somewhat well,Somewhat well,2.451,2.451,7.051,1,84770,0,0,9.211,0,0,0,12.012,0,0,0,9.685,0,0,0,13.072,0,0,0,9.226,0,nadrnf,Republican,Democratic,gun control,gc_treat
12/13/2023 10:26,12/13/2023 10:29,100,160,TRUE,12/13/2023 10:29,13.081,13.081,14.474,1,Once in a while,6.843,16.877,19.101,2,Neither agree nor disagree,Agree,11.555,25.238,25.852,3,75,75,7.222,25.72,26.864,7,Extremely well,Extremely well,Extremely well,Extremely well,Extremely well,Extremely well,1.382,1.382,7.701,1,46514,0,0,13.3,0,0,0,11.501,0,0,0,7.956,0,0,0,15.155,0,0,0,9.904,0,8z7uzd,Republican,Democratic,immigration,imm_treat
12/13/2023 10:25,12/13/2023 10:31,100,318,TRUE,12/13/2023 10:31,51.329,70.103,71.482,7,About half the time,9.801,29.22,29.913,6,Strongly disagree,Disagree,13.701,24.749,25.308,5,40,60,14.801,100.967,101.83,11,Somewhat well,Somewhat well,Very well,Not too well,Somewhat well,Very well,1.802,1.802,5.701,1,76901,0,0,22.6,0,8.697,23.682,24.701,2,9.091,9.091,11.2,1,,,,,0,0,8.7,0,xz8b2v,Democratic,Republican,gun control,gc_pc
12/13/2023 10:27,12/13/2023 10:31,100,237,TRUE,12/13/2023 10:31,15.385,15.385,17.887,1,Once in a while,10.651,24.717,25.555,3,Neither agree nor disagree,Somewhat agree,16.978,23.481,27.3,3,100,100,9.51,39.774,40.561,11,Somewhat well,Very well,Extremely well,Very well,Extremely well,Extremely well,2.059,2.059,7.677,1,34609,0,0,46.593,0,0,0,17.559,0,0,0,13.656,0,0,0,21.759,0,0,0,12.064,0,vc9m7z,Republican,Democratic,gun control,gc_treat
12/13/2023 10:32,12/13/2023 10:35,100,140,TRUE,12/13/2023 10:35,8.432,8.432,9.955,1,Once in a while,5.929,14.913,16.749,2,Neither agree nor disagree,Somewhat agree,12.429,22.638,24.53,2,65,65,7.915,29.339,30.516,11,Somewhat well,Very well,Very well,Very well,Very well,Somewhat well,2.432,2.432,5.171,1,55422,0,0,12.378,0,0,0,7.77,0,0,0,6.791,0,0,0,13.136,0,0,0,8.241,0,ge1tnt,Democratic,Republican,gun control,gc_treat
12/13/2023 10:34,12/13/2023 10:36,100,88,TRUE,12/13/2023 10:36,3.626,3.626,4.264,1,Most of the time,20.943,32.042,32.941,2,Strongly disagree,Strongly agree,3.287,5.496,9.054,2,70,10,4.332,16.522,17.193,8,Somewhat well,Very well,Somewhat well,Extremely well,Extremely well,Very well,1.232,1.232,3.986,1,45202,0,0,4.018,0,0,0,4.562,0,0,0,3.504,0,,,,,0,0,3.239,0,7huwnb,Democratic,Republican,gun control,gc_pc
12/13/2023 10:34,12/13/2023 10:36,100,125,TRUE,12/13/2023 10:36,6.967,6.967,7.823,1,About half the time,7.346,12.297,12.857,3,Somewhat disagree,Strongly disagree,19.878,19.878,28.07,1,40,60,10.581,32.437,33.274,9,Very well,Extremely well,Extremely well,Extremely well,Extremely well,Extremely well,0,0,7.9,0,48081,0,0,6.68,0,0,0,1.274,0,0,0,3.864,0,0,0,4.264,0,0,0,3.567,0,r68ngt,Democratic,Republican,gun control,gc_treat
12/13/2023 10:34,12/13/2023 10:37,100,154,TRUE,12/13/2023 10:37,11.031,11.031,11.952,1,About half the time,9.795,15.8,17.474,3,Agree,Disagree,14.018,18.632,25.5,2,50,70,9.345,30.065,30.793,10,Very well,Extremely well,Extremely well,Extremely well,Extremely well,Very well,1.671,1.671,5.244,1,24368,0,0,10.427,0,0,0,11.121,0,0,0,8.549,0,0,0,11.685,0,0,0,11.325,0,dh4khq,Democratic,Republican,immigration,imm_control1
12/13/2023 10:36,12/13/2023 10:39,100,191,TRUE,12/13/2023 10:39,13.701,13.701,14.724,1,Once in a while,11.515,17.398,18.58,2,Somewhat disagree,Strongly agree,7.612,15.05,19.064,3,70,50,9.598,43.258,44.222,10,Somewhat well,Very well,Very well,Somewhat well,Extremely well,Very well,1.892,1.892,7.401,1,31302,0,0,15.271,0,0,0,20.397,0,0,0,16.947,0,0,0,15.85,0,0,0,11.678,0,uhuuy9,Democratic,Republican,gun control,gc_treat
12/13/2023 10:38,12/13/2023 10:40,100,84,TRUE,12/13/2023 10:40,4.696,5.386,6.756,2,About half the time,4.019,10.19,11.207,4,Agree,Strongly agree,2.255,4.986,8.674,2,70,25,9.148,20.105,20.78,8,Somewhat well,Very well,Very well,Somewhat well,Very well,Somewhat well,1.373,1.373,3.958,1,02141,0,0,4.84,0,0,0,6.479,0,0,0,5.583,0,0,0,7.893,0,0,0,4.089,0,7aubcq,Democratic,Republican,gun control,gc_treat
12/13/2023 10:36,12/13/2023 10:40,100,234,TRUE,12/13/2023 10:40,8.973,11.19,11.872,3,All the time,7.005,18.051,19.665,3,Neither agree nor disagree,Agree,13.97,21.972,25.402,3,80,15,10.784,38.15,39.393,8,Not at all well,Very well,Somewhat well,Not at all well,Very well,Not too well,1.561,1.561,5.001,1,12061,0,0,7.522,0,37.927,37.927,38.696,1,6.236,6.236,69.795,1,,,,,0,0,7.371,0,p1dvdf,Democratic,Republican,immigration,imm_pc
12/13/2023 10:24,12/13/2023 10:40,100,985,TRUE,12/13/2023 10:40,579.015,584.122,623.468,2,Almost Never,35.798,51.715,53.083,3,Neither agree nor disagree,Agree,3.026,8.892,16.601,3,0,50,9.88,42.813,44.746,11,Somewhat well,Very well,Extremely well,Somewhat well,Very well,Extremely well,2.097,2.097,5.279,1,30736,0,0,6.335,0,0,0,5.575,0,0,0,23.835,0,,,,,0,0,4.72,0,3q3g78,Republican,Democratic,immigration,imm_pc
12/13/2023 10:39,12/13/2023 10:40,100,97,TRUE,12/13/2023 10:40,5.621,5.621,6,1,Once in a while,1.036,4.656,5.101,2,Neither agree nor disagree,Agree,4.311,10.633,12.357,4,70,60,5.341,22.913,23.477,11,Extremely well,Extremely well,Extremely well,Extremely well,Extremely well,Extremely well,1.241,1.241,4.499,1,36340,0,0,6.071,0,0,0,5.115,0,0,0,7.769,0,0,0,8.801,0,0,0,10.124,0,77e76n,Democratic,Republican,immigration,imm_treat
12/13/2023 10:40,12/13/2023 10:41,100,56,TRUE,12/13/2023 10:41,10.429,13.41,14.378,4,Once in a while,1.45,2.448,3.503,3,Neither agree nor disagree,Neither agree nor disagree,0.802,7.129,9.196,5,50,50,1.25,7.124,7.985,10,Somewhat well,Very well,Somewhat well,Somewhat well,Very well,Somewhat well,1.102,1.102,3.401,1,11220,0,0,2.813,0,0.809,0.809,2.64,1,0.744,0.744,1.728,1,0,0,0.905,0,0,0,4.405,0,tqw1am,Democratic,Republican,gun control,gc_control1
12/13/2023 10:39,12/13/2023 10:41,100,101,TRUE,12/13/2023 10:41,7.018,7.018,7.744,1,About half the time,5.033,11.382,11.981,4,Somewhat agree,Somewhat disagree,3.485,9.265,13.138,3,57,24,6.502,25.316,26.081,10,Very well,Very well,Very well,Somewhat well,Very well,Somewhat well,1.172,1.172,3.601,1,45212,0,0,6.431,0,0,0,6.47,0,0,0,4.373,0,0,0,7.626,0,0,0,7.141,0,qrdffz,Republican,Democratic,gun control,gc_treat
12/13/2023 10:34,12/13/2023 10:41,100,407,TRUE,12/13/2023 10:41,10.436,15.601,16.601,5,All the time,7.65,34.041,35.3,5,Disagree,Disagree,12.194,33.301,44.457,6,25,75,14.599,100.477,101.969,16,Not too well,Very well,Somewhat well,Not too well,Somewhat well,Somewhat well,50.621,50.621,55.363,1,42041,105.592,106.539,107.301,2,12.2,14.121,15.39,3,5.618,6.868,8.005,2,,,,,9.275,9.275,9.901,1,xnukn4,Republican,Democratic,immigration,imm_pc
12/13/2023 10:40,12/13/2023 10:42,100,92,TRUE,12/13/2023 10:42,20.879,20.879,21.715,1,Once in a while,5.761,11.092,12.265,2,Somewhat agree,Neither agree nor disagree,5.457,10.564,15.971,3,20,70,4.37,16.458,16.891,11,Very well,Very well,Very well,Very well,Very well,Very well,0.93,0.93,3.632,1,99156,0,0,3.517,0,0,0,3.68,0,0,0,2.283,0,,,,,0,0,3.987,0,gzuvcc,Democratic,Republican,immigration,imm_pc
12/13/2023 10:40,12/13/2023 10:42,100,135,TRUE,12/13/2023 10:42,6.983,6.983,8.001,1,Once in a while,8.443,14.067,17.22,3,Agree,Agree,7.779,12.9,15.924,3,50,50,8.601,25.81,26.757,8,Very well,Very well,Very well,Extremely well,Very well,Extremely well,3.429,3.429,9.343,1,53150,0,0,16.971,0,0,0,12.055,0,0,0,3.469,0,0,0,11.192,0,0,0,8.235,0,kuedgq,Republican,Democratic,immigration,imm_treat
12/13/2023 10:40,12/13/2023 10:43,100,202,TRUE,12/13/2023 10:43,7.396,7.396,8.377,1,Once in a while,7.822,16.153,16.879,3,Disagree,Neither agree nor disagree,5.791,9.498,12.741,2,50,45,3.763,40.341,41.167,10,Very well,Very well,Very well,Very well,Very well,Not too well,19.11,22.772,27.311,2,74063,0,0,41.331,0,0,0,2.8,0,0,0,18.706,0,0,0,6.043,0,10.429,10.429,15.253,1,hy49dg,Democratic,Republican,immigration,imm_control1
12/13/2023 10:43,12/13/2023 10:45,100,103,TRUE,12/13/2023 10:45,15.261,15.261,16.07,1,All the time,2.286,7.724,9.607,3,Strongly disagree,Somewhat agree,8.861,13.254,17.458,2,20,70,3.972,22.134,23.241,9,Very well,Extremely well,Somewhat well,Somewhat well,Very well,Somewhat well,1.362,1.362,4.905,1,35979,0,0,5.449,0,9.475,9.475,14.669,1,0,0,2.25,0,,,,,0,0,5.095,0,mcv2qk,Republican,Democratic,immigration,imm_pc
12/13/2023 10:43,12/13/2023 10:46,100,175,TRUE,12/13/2023 10:46,9.815,9.815,11.153,1,Once in a while,7.661,14.686,16.544,2,Neither agree nor disagree,Somewhat agree,21.451,24.277,28.981,2,50,50,5.138,34.78,35.801,14,Extremely well,Very well,Extremely well,Extremely well,Somewhat well,Extremely well,1.314,1.314,6.553,1,60628,0,0,18.927,0,0,0,10.873,0,0,0,8.674,0,0,0,19.784,0,12.22,12.22,12.243,1,72qrce,Republican,Democratic,immigration,imm_treat
12/13/2023 10:44,12/13/2023 10:46,100,157,TRUE,12/13/2023 10:46,2.149,11.609,13.177,2,Once in a while,2.028,14.191,16.862,3,Agree,Strongly agree,12.718,27.036,33.768,5,80,40,11.248,33.541,34.854,13,Very well,Extremely well,Very well,Extremely well,Very well,Extremely well,1.524,1.524,7.788,1,34654,0,0,11.408,0,4.372,4.372,15.122,1,0,0,8.229,0,,,,,0,0,11.314,0,pm4ux8,Democratic,Republican,immigration,imm_pc
12/13/2023 10:44,12/13/2023 10:46,100,115,TRUE,12/13/2023 10:46,7.787,9.045,9.632,2,About half the time,5.952,10.769,12.699,2,Somewhat disagree,Somewhat disagree,10.576,14.961,18.143,2,65,70,6.351,24.678,25.579,11,Somewhat well,Very well,Extremely well,Somewhat well,Very well,Very well,1.638,1.638,5.668,1,48313,0,0,8.566,0,9.527,9.527,10.492,1,0,0,3.561,0,0,0,9.094,0,0,0,6.057,0,qaq4n1,Democratic,Republican,immigration,imm_control1
12/13/2023 10:45,12/13/2023 10:47,100,105,TRUE,12/13/2023 10:47,6.939,6.939,8.489,1,Once in a while,5.802,10.72,11.3,3,Strongly agree,Strongly agree,7.38,9.9,12.061,3,50,50,4.744,23.901,24.556,9,Somewhat well,Very well,Somewhat well,Somewhat well,Very well,Very well,1.211,1.211,4.645,1,32025,0,0,9.584,0,0,0,7.403,0,0,0,6.2,0,0,0,6.027,0,0,0,7.796,0,g9kueq,Democratic,Republican,gun control,gc_control1
12/13/2023 10:46,12/13/2023 10:48,100,126,TRUE,12/13/2023 10:48,6.847,6.847,7.984,1,About half the time,5.451,9.76,10.667,3,Neither agree nor disagree,Neither agree nor disagree,6.79,11.904,13.701,4,50,50,3.735,17.469,18.233,10,Very well,Extremely well,Extremely well,Extremely well,Extremely well,Extremely well,2.096,2.096,5.177,1,31023,0,0,16.202,0,0,0,14.462,0,0,0,10.577,0,0,0,15.737,0,0,0,6.535,0,x7zaam,Republican,Democratic,immigration,imm_control3
12/13/2023 10:47,12/13/2023 10:49,100,123,TRUE,12/13/2023 10:49,13.385,13.385,14.827,1,Most of the time,7.554,13.727,14.485,3,Agree,Strongly agree,3.508,10.787,15.258,3,30,75,8.397,29.228,29.818,9,Somewhat well,Very well,Very well,Very well,Somewhat well,Somewhat well,1.268,1.268,5.236,1,19001,0,0,2.543,0,0,0,10.235,0,0,0,6.237,0,0,0,6.681,0,0,0,13.579,0,trwye8,Republican,Democratic,immigration,imm_control1
12/13/2023 10:46,12/13/2023 10:49,100,229,TRUE,12/13/2023 10:49,13.057,13.057,14.42,1,About half the time,12.27,21.92,22.803,3,Disagree,Strongly agree,9.65,14.655,19.297,3,80,30,4.183,21.663,22.431,9,Not too well,Not at all well,Very well,Not too well,Somewhat well,Very well,10.584,10.584,13.902,1,11234,0,0,6.572,0,7.823,7.823,8.755,1,0,0,10.897,0,0,0,17.266,0,0,0,7.289,0,gycuyc,Republican,Democratic,immigration,imm_treat
12/13/2023 10:48,12/13/2023 10:50,100,134,TRUE,12/13/2023 10:50,6.329,6.329,7.338,1,About half the time,4.066,12.017,13.38,2,Strongly disagree,Agree,12.127,23.126,26.149,4,35,75,5.713,21.401,22.369,9,Somewhat well,Very well,Very well,Very well,Very well,Somewhat well,6.594,6.594,10.46,1,80503,0,0,14.21,0,0,0,11.833,0,0,0,5.495,0,0,0,13.116,0,0,0,4.907,0,arckq2,Republican,Democratic,immigration,imm_treat
12/13/2023 10:46,12/13/2023 10:51,100,312,TRUE,12/13/2023 10:51,12.167,13.631,14.339,2,Once in a while,14.57,45.388,46.685,4,Neither agree nor disagree,Strongly agree,23.569,33.619,39.472,2,80,2,16.146,105.048,109.671,20,Extremely well,Very well,Somewhat well,Not too well,Somewhat well,Very well,4.631,4.631,10.543,1,30102,0,0,30.198,0,24.448,24.448,27.224,1,0,0,13.501,0,,,,,0,0,16.11,0,ywrvdf,Democratic,Republican,gun control,gc_pc
12/13/2023 10:50,12/13/2023 10:52,100,77,TRUE,12/13/2023 10:52,2.801,2.801,3.501,1,About half the time,2.99,5.985,6.891,2,Somewhat agree,Strongly disagree,2.4,4.784,6.1,3,75,85,3.802,12.181,13.18,7,Very well,Very well,Very well,Very well,Very well,Very well,0.988,0.988,3.501,1,29456,0,0,3.585,0,0,0,4.74,0,0,0,8.302,0,,,,,0,0,19.822,0,9ztgau,Democratic,Republican,gun control,gc_pc
12/13/2023 10:50,12/13/2023 10:52,100,124,TRUE,12/13/2023 10:52,4.328,4.328,5.186,1,All the time,9.784,13.22,13.925,3,Strongly disagree,Strongly agree,2.881,5.515,7.401,3,100,0,11.569,43.141,46.982,10,Extremely well,Extremely well,Extremely well,Extremely well,Extremely well,Extremely well,1.263,1.263,4.459,1,48708,0,0,20.84,0,0,0,3.135,0,0,0,11.036,0,0,0,2.513,0,0,0,4.296,0,dg43kt,Democratic,Republican,immigration,imm_treat
12/13/2023 10:49,12/13/2023 10:52,100,195,TRUE,12/13/2023 10:52,55.978,58.036,58.953,2,Most of the time,6.941,46.123,47.722,5,Agree,Agree,10.436,13.678,16.501,2,70,1,6.108,36.505,37.469,14,Very well,Very well,Very well,Extremely well,Extremely well,Very well,1.677,1.677,4.285,1,60640,0,0,4.678,0,0,0,7.561,0,5.093,5.093,5.939,1,,,,,0,0,7.51,0,zfbz79,Democratic,Republican,gun control,gc_pc
12/13/2023 10:50,12/13/2023 10:52,100,138,TRUE,12/13/2023 10:52,5.702,6.19,7.102,2,Most of the time,4.131,11.199,11.735,5,Somewhat disagree,Strongly agree,13.338,16.883,19.948,3,40,35,4.498,27.373,28.001,12,Very well,Very well,Somewhat well,Very well,Somewhat well,Extremely well,2.298,2.298,6.512,1,27705,0,0,5.727,0,19.22,19.22,22.54,1,0,0,10.014,0,12.995,12.995,14.078,1,0,0,7.83,0,k7pp6m,Democratic,Republican,immigration,imm_control3
12/13/2023 10:52,12/13/2023 10:54,100,79,TRUE,12/13/2023 10:54,4.446,7.988,8.501,3,About half the time,2.922,7.743,8.444,3,Strongly agree,Agree,1.402,7.577,11.557,4,20,40,4.101,15.465,16.884,9,Somewhat well,Somewhat well,Somewhat well,Somewhat well,Somewhat well,Somewhat well,1.101,1.101,4.865,1,60609,0,0,2.901,0,2.796,2.796,3.478,1,0,0,1.544,0,0,0,5.5,0,0,0,3.06,0,mbb9g3,Republican,Democratic,gun control,gc_treat
12/13/2023 10:53,12/13/2023 10:55,100,124,TRUE,12/13/2023 10:55,5.913,5.913,7.474,1,Once in a while,13.183,17.781,18.843,2,Somewhat disagree,Somewhat agree,8.307,12.908,16.119,2,45,60,2.392,33.56,34.465,14,Somewhat well,Somewhat well,Somewhat well,Somewhat well,Very well,Very well,1.44,1.44,4.801,1,97230,2.629,2.629,8.662,1,0,0,6.602,0,0,0,4.021,0,0,0,11.347,0,0,0,5.668,0,fkbkh9,Republican,Democratic,gun control,gc_control3
12/13/2023 10:55,12/13/2023 10:57,100,74,TRUE,12/13/2023 10:57,6.47,6.47,7.101,1,Once in a while,1.563,10.516,11.267,3,Agree,Strongly agree,1.815,20.457,20.747,5,70,40,2.951,12.586,13.396,11,Very well,Extremely well,Extremely well,Extremely well,Very well,Somewhat well,0.99,0.99,2.892,1,21211,0,0,2.23,0,0,0,3.493,0,0,0,1.289,0,0,0,3.362,0,0,0,3.023,0,1zkaum,Democratic,Republican,immigration,imm_control3
12/13/2023 10:55,12/13/2023 10:57,100,112,TRUE,12/13/2023 10:57,6.821,6.821,7.735,1,Most of the time,3.348,8.363,9.194,3,Neither agree nor disagree,Strongly agree,6.047,14.318,15.802,4,90,0,6.347,26.799,27.586,9,Somewhat well,Extremely well,Very well,Somewhat well,Extremely well,Somewhat well,1.839,1.839,6.138,1,91321,0,0,6.883,0,0,0,9.267,0,0,0,7.958,0,0,0,9.997,0,0,0,6.666,0,cer1u8,Democratic,Republican,immigration,imm_treat
12/13/2023 10:56,12/13/2023 10:58,100,122,TRUE,12/13/2023 10:58,4.496,4.496,5.504,1,About half the time,2.676,26.01,26.899,4,Strongly disagree,Agree,6.903,11.372,13.598,2,70,80,16.92,34.176,35.264,8,Somewhat well,Not too well,Very well,Extremely well,Very well,Somewhat well,1.42,1.42,3.833,1,85756,0,0,8.939,0,1.756,1.756,5.581,1,0,0,7.29,0,0,0,4.677,0,0,0,4.536,0,4me7dd,Republican,Democratic,immigration,imm_treat
12/13/2023 10:56,12/13/2023 10:58,100,103,TRUE,12/13/2023 10:58,13.201,15.116,15.799,2,About half the time,3.392,8.56,9.461,4,Strongly agree,Strongly agree,7.634,12.458,14.387,2,90,10,3.635,24.027,24.908,16,Very well,Extremely well,Somewhat well,Very well,Extremely well,Somewhat well,1.323,1.323,3.975,1,14303,0,0,9.841,0,6.695,6.695,8.393,1,4.307,4.307,5.074,1,,,,,0,0,7.434,0,e9yt49,Democratic,Republican,immigration,imm_pc
12/13/2023 10:55,12/13/2023 10:58,100,203,TRUE,12/13/2023 10:58,8.124,9.815,10.861,2,About half the time,5.873,17.754,21.289,7,Neither agree nor disagree,Strongly agree,16.696,27.251,28.441,7,30,50,7.385,29.079,29.839,11,Extremely well,Extremely well,Extremely well,Very well,Extremely well,Very well,1.859,1.859,4.1,1,70070,0,0,12.729,0,10.197,10.197,10.801,1,19.085,19.085,20.523,1,17.56,17.56,20.618,1,0,0,38.669,0,241f8w,Republican,Democratic,gun control,gc_treat
12/13/2023 10:57,12/13/2023 10:59,100,111,TRUE,12/13/2023 10:59,7.772,7.772,8.884,1,Once in a while,5.476,11.544,12.932,2,Disagree,Somewhat agree,6.601,10.144,16.625,2,20,90,7.534,23.404,24.13,9,Very well,Very well,Very well,Very well,Very well,Somewhat well,2.504,2.504,5.423,1,35091,0,0,10.496,0,0,0,10.698,0,0,0,11.247,0,,,,,0,0,7.938,0,rfdmpt,Democratic,Republican,gun control,gc_pc
12/13/2023 10:53,12/13/2023 10:59,100,349,TRUE,12/13/2023 10:59,6.998,6.998,7.983,1,Once in a while,208.957,234.993,235.635,3,Neither agree nor disagree,Somewhat agree,17.541,26.42,31.853,2,40,60,9.569,35.231,38.832,8,Somewhat well,Very well,Somewhat well,Somewhat well,Very well,Somewhat well,0.286,1.486,4.952,2,38501,0,0,7.309,0,0,0,8.751,0,0,0,3.959,0,,,,,0,0,5.749,0,p6y7zy,Republican,Democratic,gun control,gc_pc
12/13/2023 10:57,12/13/2023 11:00,100,142,TRUE,12/13/2023 11:00,6.331,6.331,7.248,1,All the time,5.017,9.572,11.952,2,Strongly disagree,Strongly agree,9.141,14.851,17.938,3,100,0,8.475,39.269,40.093,8,Very well,Very well,Very well,Somewhat well,Extremely well,Somewhat well,1.76,1.76,5.701,1,90265,0,0,8.845,0,0,0,10.952,0,0,0,7.853,0,0,0,15.75,0,0,0,8.329,0,79nae6,Democratic,Republican,gun control,gc_treat
12/13/2023 10:57,12/13/2023 11:00,100,163,TRUE,12/13/2023 11:00,18.368,18.368,19.463,1,Once in a while,7.15,12.526,13.925,3,Neither agree nor disagree,Strongly agree,4.113,10.293,13.548,3,80,49,32.818,67.949,80.801,11,Very well,Very well,Very well,Very well,Very well,Very well,1.512,1.512,8.839,1,10466,0,0,5.615,0,0,0,6.37,0,0,0,2.771,0,0,0,1.617,0,0,0,5.934,0,pynx7z,Democratic,Republican,gun control,gc_treat
12/13/2023 10:59,12/13/2023 11:01,100,95,TRUE,12/13/2023 11:01,2.478,9.858,11.229,3,About half the time,2.13,11.349,13.663,3,Strongly agree,Strongly agree,3.779,6.29,8.057,2,100,100,8.012,24.349,25.037,12,Extremely well,Extremely well,Extremely well,Extremely well,Extremely well,Extremely well,1.234,1.234,4.553,1,38135,0,0,13.892,0,0,0,8.295,0,0,0,2.438,0,,,,,0,0,3.659,0,mvxueq,Democratic,Republican,immigration,imm_pc
12/13/2023 10:58,12/13/2023 11:01,100,171,TRUE,12/13/2023 11:01,8.701,8.701,11.273,1,About half the time,11.049,22.201,23.339,2,Somewhat agree,Neither agree nor disagree,10.8,15.257,19.272,2,75,75,13.701,40.931,41.724,8,Somewhat well,Somewhat well,Somewhat well,Very well,Somewhat well,Somewhat well,1.972,1.972,7.763,1,34243,0,0,10.575,0,0,0,12.785,0,0,0,6.47,0,0,0,9.258,0,0,0,12.462,0,7kk4yk,Democratic,Republican,gun control,gc_control2
12/13/2023 11:00,12/13/2023 11:01,100,99,TRUE,12/13/2023 11:01,5.855,7.319,8.973,2,About half the time,4.553,10.381,11.09,3,Neither agree nor disagree,Strongly agree,7.442,7.442,12.964,1,1,89,15.741,26.629,27.47,9,Very well,Very well,Very well,Very well,Very well,Somewhat well,2.088,2.088,5.226,1,91205,0,0,6.541,0,0,0,6.542,0,0,0,3.491,0,0,0,5.371,0,0,0,6.269,0,de6e6h,Republican,Democratic,gun control,gc_control3
12/13/2023 11:00,12/13/2023 11:01,100,102,TRUE,12/13/2023 11:01,5.483,5.483,6.4,1,About half the time,3.701,8.335,8.7,3,Agree,Strongly agree,5.493,15.029,15.396,10,80,30,4.001,39.436,39.82,10,Somewhat well,Very well,Very well,Very well,Very well,Very well,1.553,1.553,3.902,1,32086,0,0,5.168,0,0,0,3.232,0,0,0,3.878,0,0,0,5.382,0,0,0,5.381,0,8k4wga,Democratic,Republican,immigration,imm_control2
12/13/2023 10:58,12/13/2023 11:02,100,255,TRUE,12/13/2023 11:02,9.7,11.461,12.74,2,About half the time,42.862,48.8,49.46,4,Strongly disagree,Agree,46.436,57.454,57.9,6,35,50,6.522,32.689,33.401,10,Very well,Very well,Very well,Very well,Very well,Very well,1.683,1.683,4.6,1,78253,0,0,20.9,0,7.355,7.355,7.993,1,0,0,2.191,0,0,0,30.932,0,0,0,28.785,0,zywuwt,Democratic,Republican,gun control,gc_control3
12/13/2023 10:55,12/13/2023 11:02,100,410,TRUE,12/13/2023 11:02,6.139,7.785,8.769,2,About half the time,5.272,9.46,10.369,3,Disagree,Strongly agree,35.429,39.006,42.888,3,0,50,3.887,23.823,24.101,13,Somewhat well,Somewhat well,Somewhat well,Somewhat well,Somewhat well,Not too well,35.346,35.346,38.066,1,95688,0,0,14.096,0,4.445,4.445,7.186,1,0,0,2.178,0,0,0,6.023,0,0,0,4.825,0,bapru4,Republican,Democratic,immigration,imm_control3
12/13/2023 10:58,12/13/2023 11:02,100,221,TRUE,12/13/2023 11:02,54.703,54.703,55.629,1,Most of the time,9.411,14.287,15.865,2,Strongly agree,Disagree,12.484,34.359,41.88,5,45,55,9.92,30.697,31.6,8,Somewhat well,Very well,Very well,Somewhat well,Very well,Very well,2.196,2.196,8.446,1,92647,0,0,24.558,0,14.221,18.517,20.296,3,7.838,7.838,8.692,1,,,,,0,0,9.551,0,c8q1ee,Democratic,Republican,immigration,imm_pc
12/13/2023 10:59,12/13/2023 11:02,100,205,TRUE,12/13/2023 11:02,4.954,4.954,5.892,1,Almost Never,4.692,10.75,11.817,3,Neither agree nor disagree,Strongly agree,6.982,10.048,12.001,2,10,90,6.791,30.362,31.211,9,Not too well,Very well,Not at all well,Somewhat well,Very well,Somewhat well,3.104,3.104,6.142,1,80211,0,0,33.61,0,0,0,85.062,0,0,0,5.938,0,,,,,0,0,5.886,0,74faf8,Republican,Democratic,gun control,gc_pc
12/13/2023 10:58,12/13/2023 11:02,100,233,TRUE,12/13/2023 11:02,6.608,6.608,8.525,1,Almost Never,21.727,33.747,34.776,5,Neither agree nor disagree,Strongly agree,43.471,54.724,60.355,3,50,50,9.012,28.874,29.621,9,Very well,Extremely well,Extremely well,Extremely well,Extremely well,Extremely well,2.019,2.019,15.556,1,32765,0,0,11.139,0,0,0,9.006,0,0,0,24.02,0,0,0,22.163,0,0,0,9.233,0,uepwuv,Democratic,Republican,immigration,imm_treat
12/13/2023 11:01,12/13/2023 11:02,100,102,TRUE,12/13/2023 11:02,7.886,7.886,8.681,1,Once in a while,4.593,8.348,9.3,4,Agree,Agree,23.825,26.384,29.009,2,50,50,5.487,19.29,19.901,10,Somewhat well,Somewhat well,Somewhat well,Somewhat well,Somewhat well,Somewhat well,1.246,1.246,3.636,1,02118,0,0,5.16,0,0,0,9.577,0,0,0,5.125,0,,,,,0,0,6.861,0,vvu8rh,Republican,Democratic,immigration,imm_pc
12/13/2023 11:00,12/13/2023 11:03,100,132,TRUE,12/13/2023 11:03,9.496,9.496,10.702,1,Most of the time,3.922,12.073,13.245,2,Disagree,Strongly agree,3.87,23.872,27.201,7,75,0,7.022,27.875,31.401,10,Extremely well,Extremely well,Extremely well,Extremely well,Extremely well,Very well,2.258,2.258,11.476,1,20657,0,0,8.289,0,0,0,6.989,0,0,0,9.801,0,,,,,0,0,6.468,0,pmvvqz,Democratic,Republican,immigration,imm_pc
12/13/2023 10:58,12/13/2023 11:03,100,257,TRUE,12/13/2023 11:03,6.346,6.346,7.176,1,Once in a while,2.698,8.674,9.702,3,Neither agree nor disagree,Somewhat agree,3.867,5.889,7.466,3,50,50,6.135,26.424,29.7,9,Very well,Very well,Very well,Very well,Very well,Very well,1.572,1.572,5.669,1,78209,0,0,80.97,0,0,0,4.7,0,0,0,2.486,0,0,0,3.101,0,0,0,4.635,0,44vctz,Republican,Democratic,gun control,gc_control1
12/13/2023 10:59,12/13/2023 11:03,100,277,TRUE,12/13/2023 11:03,27.862,28.572,29.169,2,Most of the time,2.534,6.698,7.364,4,Neither agree nor disagree,Somewhat agree,4.29,13.296,13.701,4,50,50,2.477,11.841,12.496,11,Very well,Extremely well,Extremely well,Extremely well,Very well,Very well,1.156,1.156,4.247,1,84088,0,0,3.548,0,0,0,3.776,0,89.738,89.738,90.796,1,0,0,54.812,0,0,0,43.901,0,9gnmf8,Republican,Democratic,immigration,imm_control2
12/13/2023 11:02,12/13/2023 11:05,100,153,TRUE,12/13/2023 11:05,34.153,34.284,35.107,2,Once in a while,27.225,33.34,34.377,2,Neither agree nor disagree,Neither agree nor disagree,8.426,10.577,12.4,2,50,50,12.711,32.02,32.818,9,Somewhat well,Somewhat well,Somewhat well,Somewhat well,Somewhat well,Somewhat well,1.151,1.151,3.428,1,30605,0,0,8.886,0,0,0,6.48,0,0,0,4.951,0,,,,,0,0,8.456,0,933pcv,Democratic,Republican,immigration,imm_pc
12/13/2023 11:04,12/13/2023 11:05,100,70,TRUE,12/13/2023 11:05,3.465,5.655,6.251,2,About half the time,1.771,4.604,5.854,3,Strongly disagree,Agree,3.886,6.598,8.106,3,30,80,1.632,15.706,16.294,14,Somewhat well,Very well,Somewhat well,Very well,Very well,Somewhat well,0.809,0.809,3.009,1,93012,0,0,4.941,0,0,0,6.347,0,0,0,3.569,0,,,,,0,0,3.494,0,rybbmv,Republican,Democratic,immigration,imm_pc
12/13/2023 11:03,12/13/2023 11:05,100,163,TRUE,12/13/2023 11:05,8.815,10.729,12.141,2,Once in a while,6.575,15.717,16.585,3,Neither agree nor disagree,Agree,6.429,9.36,11.497,2,50,50,6.58,40.895,41.761,10,Very well,Somewhat well,Not at all well,Very well,Somewhat well,Extremely well,1.288,1.288,7.484,1,92405,0,0,9.789,0,0,0,12.955,0,0,0,29.79,0,0,0,8.744,0,0,0,6.562,0,pymudb,Democratic,Republican,gun control,gc_control2
12/13/2023 11:02,12/13/2023 11:06,100,227,TRUE,12/13/2023 11:06,18.907,18.907,20.386,1,Almost Never,10.655,25.545,28.8,3,Neither agree nor disagree,Strongly agree,7.844,12.926,15.366,3,100,100,17.528,67.239,68.095,13,Not at all well,Somewhat well,Extremely well,Not too well,Somewhat well,Somewhat well,6.607,6.607,12.134,1,54937,0,0,17.449,0,0,0,13.383,0,0,0,7.558,0,8.818,8.818,23.302,1,9.623,9.623,11.748,1,9v9caa,Democratic,Republican,immigration,imm_treat
12/13/2023 11:03,12/13/2023 11:06,100,152,TRUE,12/13/2023 11:06,17.575,17.575,18.678,1,About half the time,18.287,23.713,24.377,3,Somewhat agree,Agree,9.339,19.637,28.243,4,70,40,3.788,23.173,24.233,9,Somewhat well,Very well,Somewhat well,Very well,Very well,Somewhat well,2.03,2.03,6.547,1,30319,0,0,7.029,0,0,0,16.778,0,0,0,2.309,0,0,0,11.448,0,0,0,7.238,0,up9ca9,Democratic,Republican,immigration,imm_treat
12/13/2023 11:04,12/13/2023 11:06,100,99,TRUE,12/13/2023 11:06,9.223,9.223,10.601,1,Most of the time,5.172,10.621,11.47,2,Neither agree nor disagree,Somewhat agree,10.28,17.489,20.566,2,40,60,5.179,17.22,17.6,8,Somewhat well,Somewhat well,Somewhat well,Somewhat well,Somewhat well,Somewhat well,1.712,1.712,6.447,1,98101,0,0,3.101,0,0,0,6.381,0,0,0,4.548,0,0,0,3.502,0,0,0,5.5,0,g3gntf,Republican,Democratic,immigration,imm_control2
12/13/2023 11:05,12/13/2023 11:06,100,81,TRUE,12/13/2023 11:06,14.476,14.476,15.577,1,Most of the time,14.8,16.001,16.951,2,Strongly disagree,Strongly agree,5.049,7.101,9.157,3,30,20,3.6,11.701,12.341,8,Very well,Very well,Very well,Very well,Very well,Very well,1.066,1.066,3.347,1,87109,0,0,2.983,0,0,0,3.054,0,0,0,1.177,0,0,0,4.402,0,0,0,3.901,0,v7pkvt,Democratic,Republican,immigration,imm_treat
12/13/2023 11:04,12/13/2023 11:06,100,126,TRUE,12/13/2023 11:07,8.19,14.196,14.871,2,Most of the time,5.136,8.068,10.075,2,Disagree,Strongly agree,6.66,17.844,24.662,5,10,65,6.344,27.247,28.295,8,Very well,Extremely well,Very well,Somewhat well,Somewhat well,Somewhat well,1.689,1.689,4.998,1,08094,0,0,9.075,0,0,0,11.796,0,0,0,5.485,0,0,0,5.979,0,0,0,6.191,0,ddn4g8,Republican,Democratic,gun control,gc_control2
12/13/2023 11:05,12/13/2023 11:07,100,130,TRUE,12/13/2023 11:07,7.729,11.078,12.091,2,Most of the time,8.002,18.969,19.934,3,Somewhat agree,Somewhat disagree,11.037,15.723,20.92,3,75,60,9.604,35.019,35.931,10,Very well,Somewhat well,Very well,Somewhat well,Somewhat well,Somewhat well,1.789,1.789,6.129,1,23927,0,0,7.625,0,5.681,5.681,6.233,1,0,0,4.178,0,,,,,0,0,6.146,0,qaqrbp,Republican,Democratic,gun control,gc_pc
12/13/2023 11:07,12/13/2023 11:08,100,76,TRUE,12/13/2023 11:08,5.489,5.489,6.197,1,Most of the time,4.601,8.417,9.392,2,Neither agree nor disagree,Strongly agree,3.761,6.08,7.801,2,0,50,7.305,27.618,28.395,8,Somewhat well,Very well,Somewhat well,Very well,Very well,Very well,1.097,1.097,4.02,1,06403,0,0,3.522,0,2.787,2.787,3.656,1,0,0,2.124,0,,,,,0,0,5.61,0,aq1fy6,Republican,Democratic,immigration,imm_pc
12/13/2023 11:06,12/13/2023 11:08,100,127,TRUE,12/13/2023 11:08,7.427,7.427,8.275,1,About half the time,5.399,8.465,9.619,2,Agree,Strongly agree,4.016,10.824,14.023,2,75,20,24.67,45.912,46.581,11,Very well,Very well,Somewhat well,Very well,Somewhat well,Somewhat well,1.192,1.192,3.774,1,32825,5.224,5.224,6.129,1,0,0,10.844,0,0,0,3.857,0,0,0,9.932,0,0,0,6.171,0,7hdpr3,Democratic,Republican,gun control,gc_control3
12/13/2023 11:07,12/13/2023 11:09,100,95,TRUE,12/13/2023 11:09,7.113,9.256,9.819,3,About half the time,5.041,7.706,8.608,3,Disagree,Agree,7.577,11.452,13.754,3,50,80,4.335,15.558,16.27,11,Very well,Extremely well,Extremely well,Very well,Very well,Very well,1.145,1.145,4.847,1,80919,0,0,7.037,0,0,0,6.048,0,0,0,3.97,0,0,0,10.953,0,0,0,6.82,0,xaf4c4,Republican,Democratic,gun control,gc_treat
12/13/2023 11:08,12/13/2023 11:09,100,88,TRUE,12/13/2023 11:09,6.111,6.111,6.583,1,Most of the time,7.325,12.508,13.469,3,Somewhat disagree,Strongly agree,7.817,10.261,13.565,2,70,60,8.651,24.38,25.088,9,Not too well,Very well,Extremely well,Very well,Very well,Very well,1.276,1.276,3.734,1,22015,0,0,6.777,0,0,0,5.877,0,0,0,2.263,0,,,,,0,0,6.388,0,8w6ec6,Democratic,Republican,gun control,gc_pc
12/13/2023 11:09,12/13/2023 11:10,100,89,TRUE,12/13/2023 11:10,6.003,6.003,6.78,1,Most of the time,2.866,7.01,8.611,2,Somewhat agree,Strongly agree,3.777,9.567,11.667,4,80,20,2.993,14.494,15.643,7,Somewhat well,Extremely well,Very well,Extremely well,Extremely well,Very well,1.27,1.27,5.431,1,78759,0,0,8.572,0,0,0,6.816,0,0,0,4.9,0,0,0,10.188,0,0,0,4.763,0,ungtu6,Democratic,Republican,immigration,imm_treat
12/13/2023 11:08,12/13/2023 11:10,100,130,TRUE,12/13/2023 11:10,3.656,3.656,4.752,1,Once in a while,7.857,11.889,13.386,2,Strongly disagree,Agree,10.018,14.44,18.497,2,98,50,6.5,33.188,34.006,9,Somewhat well,Somewhat well,Very well,Somewhat well,Somewhat well,Very well,1.849,1.849,4.352,1,28217,0,0,8.639,0,0,0,7.451,0,0,0,4.445,0,0,0,8.228,0,0,0,18.682,0,chegtd,Democratic,Republican,immigration,imm_control2
12/13/2023 11:09,12/13/2023 11:11,100,111,TRUE,12/13/2023 11:11,8.03,8.03,8.5,1,Most of the time,4.816,8.923,9.299,3,Disagree,Strongly agree,2.436,9.603,9.951,6,0,100,6.44,21.312,21.92,10,Very well,Very well,Somewhat well,Somewhat well,Somewhat well,Very well,0.982,0.982,2.937,1,80004,0,0,7.476,0,0,0,5.268,0,2.159,2.159,3.289,1,,,,,0,0,32.401,0,8te4dy,Republican,Democratic,immigration,imm_pc
12/13/2023 11:09,12/13/2023 11:11,100,122,TRUE,12/13/2023 11:11,12.478,12.478,13.28,1,About half the time,8.519,15.017,15.454,3,Strongly disagree,Strongly agree,13.026,21.018,24.056,4,35,35,5.716,26.641,27.501,13,Somewhat well,Extremely well,Somewhat well,Very well,Very well,Somewhat well,1.49,1.49,5.45,1,77003,0,0,5.872,0,0,0,8.458,0,0,0,3.002,0,,,,,0,0,7.673,0,96vxuc,Republican,Democratic,immigration,imm_pc
12/13/2023 11:08,12/13/2023 11:12,100,216,TRUE,12/13/2023 11:12,11.294,14.616,15.6,2,Most of the time,12.1,27.253,27.9,6,Strongly agree,Strongly agree,15.4,53.124,56.232,14,50,50,13.943,43.153,44.301,12,Extremely well,Extremely well,Extremely well,Extremely well,Extremely well,Extremely well,2.133,2.133,6.195,1,15601,0,0,15.057,0,10.067,10.067,22.09,1,7.593,7.593,9.189,1,,,,,0,0,11.301,0,21q4nr,Democratic,Republican,immigration,imm_pc
12/13/2023 11:08,12/13/2023 11:12,100,204,TRUE,12/13/2023 11:12,12.851,13.682,14.455,2,About half the time,8.617,26.165,27.079,4,Disagree,Somewhat disagree,17.382,26.621,27.055,5,30,25,12.347,50.447,51.288,11,Not too well,Extremely well,Very well,Somewhat well,Somewhat well,Very well,1.288,1.288,4.165,1,96766,0,0,15.241,0,14.035,14.035,15.156,1,0,0,8.018,0,21.953,21.953,23.154,1,0,0,9.798,0,he1h31,Democratic,Republican,gun control,gc_treat
12/13/2023 11:09,12/13/2023 11:12,100,197,TRUE,12/13/2023 11:12,91.765,91.765,93.001,1,About half the time,2.618,4.623,11.079,2,Disagree,Strongly agree,2.244,12.496,14.3,2,20,55,4.366,23.981,25.502,9,Somewhat well,Very well,Somewhat well,Somewhat well,Very well,Not too well,4.289,4.289,12.403,1,68045,0,0,5.99,0,0,0,6.603,0,0,0,3.775,0,0,0,9.004,0,0,0,5.502,0,kz4amg,Republican,Democratic,gun control,gc_control1
12/13/2023 11:05,12/13/2023 11:12,100,432,TRUE,12/13/2023 11:12,32.365,32.365,33.311,1,Once in a while,3.338,8.393,9.137,4,Somewhat agree,Agree,7.064,13.214,15.361,2,60,40,5.565,143.831,144.322,9,Extremely well,Very well,Somewhat well,Very well,Extremely well,Extremely well,2.652,2.652,8.99,1,77407,0,0,47.414,0,0,0,3.469,0,0,0,3.246,0,,,,,0,0,5.654,0,gge7qe,Democratic,Republican,gun control,gc_pc
12/13/2023 11:11,12/13/2023 11:13,100,85,TRUE,12/13/2023 11:13,6.133,6.133,6.901,1,All the time,3.938,7.213,8.35,2,Agree,Disagree,3.993,8.772,9.244,5,10,2,3.185,15.644,16.368,8,Very well,Extremely well,Very well,Very well,Extremely well,Extremely well,1.496,1.496,3.96,1,43223,0,0,7.045,0,0,0,7.782,0,0,0,3.902,0,0,0,9.101,0,0,0,5.131,0,z9rkha,Democratic,Republican,immigration,imm_treat
12/13/2023 11:12,12/13/2023 11:13,100,63,TRUE,12/13/2023 11:13,4.856,4.856,6.388,1,Most of the time,2.591,6.826,8.201,4,Neither agree nor disagree,Strongly agree,4.543,6.661,8.839,3,0,80,4.822,17.526,18.009,9,Not too well,Very well,Very well,Very well,Very well,Very well,1.598,1.598,6.633,1,14228,0,0,2.864,0,0,0,3.734,0,0,0,1.694,0,,,,,0,0,1.393,0,2bw6ty,Republican,Democratic,immigration,imm_pc
12/13/2023 11:10,12/13/2023 11:13,100,203,TRUE,12/13/2023 11:13,9.283,10.355,11.07,2,Once in a while,8.945,14.898,15.581,5,Neither agree nor disagree,Neither agree nor disagree,12.679,12.679,21.675,1,50,50,9.234,29.963,31.427,13,Somewhat well,Very well,Very well,Somewhat well,Extremely well,Somewhat well,2.911,2.911,5.973,1,28557,0,0,18.788,0,19.765,19.765,20.843,1,0,0,25.386,0,0,0,31.101,0,0,0,11.102,0,ezemt4,Democratic,Republican,immigration,imm_control2
12/13/2023 11:12,12/13/2023 11:13,100,67,TRUE,12/13/2023 11:13,1.301,6.276,6.632,2,About half the time,3.079,7.096,7.881,2,Strongly agree,Strongly agree,1.467,8.598,10.401,3,50,50,2.574,14.172,16.081,9,Somewhat well,Very well,Very well,Very well,Somewhat well,Somewhat well,1.609,1.609,5.382,1,91764,0.573,0.573,5.246,1,0,0,1.808,0,0.079,0.079,0.083,1,0,0,0.712,0,0,0,0.834,0,bvkdyd,Republican,Democratic,immigration,imm_control1
12/13/2023 11:12,12/13/2023 11:14,100,79,TRUE,12/13/2023 11:14,8.905,8.905,9.519,1,Once in a while,5.888,10.805,11.742,4,Neither agree nor disagree,Agree,8.673,12.072,14.053,2,40,40,4.118,11.577,12.127,9,Very well,Very well,Very well,Somewhat well,Very well,Somewhat well,1.353,1.353,5.222,1,63501,0,0,2.43,0,0,0,2.8,0,0,0,3.396,0,0,0,5.221,0,0,0,5.958,0,q864zd,Republican,Democratic,gun control,gc_control3
12/13/2023 11:13,12/13/2023 11:14,100,83,TRUE,12/13/2023 11:14,5.764,7.044,7.69,2,Most of the time,3.286,6.586,7.626,3,Disagree,Strongly agree,3.433,10.668,12.698,2,21,73,4.295,24.555,25.55,15,Somewhat well,Very well,Somewhat well,Somewhat well,Very well,Not too well,1.415,1.415,5.04,1,10005,0,0,7.063,0,3.572,3.572,4.337,1,0,0,2.913,0,,,,,0,0,4.917,0,d62dcb,Republican,Democratic,gun control,gc_pc
12/13/2023 11:13,12/13/2023 11:14,100,116,TRUE,12/13/2023 11:14,8.501,9.493,9.947,2,Once in a while,4.801,14.585,15.256,5,Strongly agree,Strongly agree,4.825,17.225,17.758,6,30,60,5.9,25.028,25.643,11,Somewhat well,Extremely well,Very well,Very well,Extremely well,Very well,1.212,1.212,7.3,1,22546,0,0,8.051,0,4.354,4.354,4.876,1,0,0,3.777,0,,,,,0,0,17.7,0,7t9qt6,Democratic,Republican,immigration,imm_pc
12/13/2023 11:13,12/13/2023 11:14,100,116,TRUE,12/13/2023 11:14,11.301,11.301,12.785,1,About half the time,5.522,11.206,11.783,3,Agree,Strongly agree,6.713,12.753,15.633,3,80,65,4.785,25.424,26.249,9,Somewhat well,Very well,Somewhat well,Somewhat well,Very well,Very well,1.309,1.309,8.628,1,14221,0,0,8.317,0,0,0,14.505,0,0,0,4.998,0,,,,,0,0,9.444,0,hgwxgy,Democratic,Republican,immigration,imm_pc
12/13/2023 11:13,12/13/2023 11:15,100,110,TRUE,12/13/2023 11:15,4.015,4.514,5.445,2,About half the time,2.574,6.773,7.4,4,Neither agree nor disagree,Somewhat agree,7.295,10.669,13.4,3,40,42,3.081,12.029,12.668,10,Very well,Very well,Very well,Very well,Very well,Very well,1.688,1.688,7.143,1,35967,0,0,15.582,0,4.989,4.989,5.718,1,0,0,5.223,0,14.268,14.268,15.077,1,0,0,14.139,0,naykxy,Republican,Democratic,gun control,gc_treat
12/13/2023 11:12,12/13/2023 11:15,100,180,TRUE,12/13/2023 11:15,11.77,11.77,12.701,1,Most of the time,8.354,17.618,18.275,3,Disagree,Disagree,18.301,30.798,31.587,5,25,25,10.113,41.597,42.072,10,Very well,Very well,Extremely well,Very well,Extremely well,Very well,1.999,1.999,6.27,1,48219,0,0,17.234,0,0,0,14.023,0,0,0,7,0,0,0,12.728,0,0,0,11.401,0,twy41h,Democratic,Republican,immigration,imm_control3
12/13/2023 11:12,12/13/2023 11:15,100,140,TRUE,12/13/2023 11:15,10.77,10.77,11.901,1,About half the time,7.177,17.554,18.577,4,Neither agree nor disagree,Somewhat agree,6.37,11.648,16.001,2,35,55,5.205,26.208,27.39,8,Extremely well,Extremely well,Somewhat well,Very well,Extremely well,Somewhat well,1.798,1.798,6.383,1,96007,0,0,8.672,0,8.531,8.531,9.3,1,0,0,10.002,0,,,,,0,0,9.067,0,nbqgdb,Democratic,Republican,gun control,gc_pc
12/13/2023 11:13,12/13/2023 11:15,100,137,TRUE,12/13/2023 11:15,7.677,7.677,9.196,1,Once in a while,5.587,15.037,16.683,2,Agree,Strongly agree,6.479,11.257,16.178,3,20,75,5.303,38.364,39.429,12,Extremely well,Extremely well,Very well,Very well,Very well,Somewhat well,1.922,1.922,6.443,1,43512,0,0,11.088,0,0,0,14.009,0,0,0,4.596,0,,,,,0,0,9.072,0,8fgqbw,Republican,Democratic,gun control,gc_pc
12/13/2023 11:13,12/13/2023 11:15,100,123,TRUE,12/13/2023 11:15,6.785,9.804,10.663,3,About half the time,7.267,12.778,16.555,2,Disagree,Agree,5.869,10.777,13.8,3,10,65,6.837,30.11,30.501,11,Very well,Very well,Somewhat well,Very well,Very well,Very well,2.723,2.723,7.728,1,37323,0,0,7.989,0,0,0,9.499,0,0,0,8.776,0,,,,,0,0,7.568,0,6awhnt,Republican,Democratic,immigration,imm_pc
12/13/2023 11:14,12/13/2023 11:16,100,164,TRUE,12/13/2023 11:16,21.901,23.668,24.306,2,Most of the time,11.592,16.001,17.601,2,Disagree,Strongly agree,8.402,13.689,18.094,2,95,15,7.138,26.756,27.214,10,Somewhat well,Very well,Extremely well,Extremely well,Extremely well,Extremely well,1.705,1.705,6.201,1,97212,0,0,8.342,0,0,0,13.639,0,0,0,12.682,0,0,0,18.462,0,0,0,7.601,0,376mfq,Democratic,Republican,immigration,imm_treat
12/13/2023 11:14,12/13/2023 11:16,100,155,TRUE,12/13/2023 11:16,10.501,10.501,12.36,1,Most of the time,8.3,15.309,17.164,2,Somewhat disagree,Strongly agree,5.601,19.158,19.701,4,2,95,7.501,30.09,30.722,7,Somewhat well,Extremely well,Extremely well,Somewhat well,Extremely well,Extremely well,2.001,2.001,7.01,1,34274,0,0,11.951,0,0,0,13.401,0,9.301,10.501,11.549,2,0,0,14.201,0,0,0,9.001,0,crr9p7,Republican,Democratic,gun control,gc_treat
12/13/2023 11:14,12/13/2023 11:17,100,175,TRUE,12/13/2023 11:17,12.301,12.301,14.494,1,About half the time,8,39.415,44.606,9,Strongly agree,Strongly agree,13.501,22.685,23.182,5,75,25,9.562,39.402,40.6,9,Very well,Very well,Very well,Somewhat well,Somewhat well,Somewhat well,1.964,1.964,6.434,1,97233,0,0,11.343,0,0,0,7.47,0,0,0,5.348,0,0,0,4.401,0,0,0,8.246,0,vecmbf,Democratic,Republican,gun control,gc_control3
12/13/2023 11:14,12/13/2023 11:18,100,269,TRUE,12/13/2023 11:18,25.991,27.266,28.437,2,About half the time,9.418,17.061,17.701,3,Somewhat agree,Somewhat agree,10.683,29.103,30.2,5,40,35,13.67,121.397,122.37,12,Not too well,Very well,Very well,Somewhat well,Somewhat well,Very well,2.479,2.479,13.291,1,97223,0,0,13.18,0,0,0,11.918,0,0,0,5.753,0,0,0,8.31,0,0,0,12.356,0,1dwb82,Republican,Democratic,immigration,imm_control2
12/13/2023 11:13,12/13/2023 11:18,100,329,TRUE,12/13/2023 11:18,10.697,10.697,11.758,1,Once in a while,2.762,9.601,10.378,3,Neither agree nor disagree,Agree,4.252,6.196,10.993,2,50,40,88.084,107.404,108.281,8,Somewhat well,Very well,Somewhat well,Somewhat well,Very well,Somewhat well,1.515,1.515,66.525,1,71302,0,0,2.242,0,0,0,3.423,0,0,0,5.442,0,0,0,40.49,0,0,0,58.886,0,4khgr9,Democratic,Republican,immigration,imm_treat
12/13/2023 11:17,12/13/2023 11:19,100,88,TRUE,12/13/2023 11:19,7.691,8.59,9.469,2,Most of the time,1.874,7.685,8.899,3,Agree,Strongly agree,5.349,9.59,12.231,3,5,100,8.527,25.09,25.831,8,Very well,Very well,Very well,Very well,Extremely well,Somewhat well,1.061,1.061,4.02,1,68131,0,0,4.731,0,0,0,4.939,0,0,0,3.747,0,4.608,4.608,4.631,1,0,0,5.046,0,n9y2nv,Republican,Democratic,gun control,gc_control2
12/13/2023 11:18,12/13/2023 11:19,100,63,TRUE,12/13/2023 11:19,5.249,5.249,5.997,1,About half the time,4.252,10.023,10.769,3,Neither agree nor disagree,Strongly agree,5.162,7.697,9.515,2,0,50,5.78,16.133,16.756,9,Somewhat well,Somewhat well,Somewhat well,Somewhat well,Somewhat well,Somewhat well,2.742,2.742,5.126,1,19077,0,0,2.305,0,0,0,3.097,0,0,0,1.27,0,,,,,0,0,2.756,0,341pf7,Republican,Democratic,immigration,imm_pc
12/13/2023 11:18,12/13/2023 11:19,100,69,TRUE,12/13/2023 11:19,3.885,3.885,4.451,1,Once in a while,1.854,3.137,24.036,2,Agree,Agree,1.365,3.832,6.094,2,50,50,2.104,10.588,11.16,8,Very well,Very well,Somewhat well,Somewhat well,Somewhat well,Somewhat well,1.162,1.162,4.244,1,61111,0,0,2.887,0,0,0,3.553,0,0,0,2.336,0,0,0,1.511,0,0,0,4.647,0,b2q3v1,Republican,Democratic,immigration,imm_control3
12/13/2023 11:18,12/13/2023 11:19,100,85,TRUE,12/13/2023 11:19,6.875,6.875,7.672,1,Once in a while,3.346,24.159,25.154,3,Somewhat disagree,Agree,2.95,6.021,7.596,2,50,50,2.733,17.979,18.651,8,Very well,Extremely well,Extremely well,Very well,Very well,Very well,2.108,2.108,6.193,1,28079,0,0,4.916,0,0,0,4.199,0,0,0,2.013,0,,,,,0,0,3.304,0,nx7yaa,Democratic,Republican,immigration,imm_pc
12/13/2023 11:17,12/13/2023 11:19,100,123,TRUE,12/13/2023 11:19,18.406,18.906,19.654,2,All the time,2.7,8.091,8.671,3,Strongly disagree,Strongly agree,3.3,10.627,11.07,5,5,90,4.163,35.647,37.49,15,Not too well,Somewhat well,Somewhat well,Somewhat well,Somewhat well,Not too well,1.171,2.406,6.186,2,19125,0,0,6.973,0,8.091,8.091,11.987,1,5.62,7.237,7.778,3,,,,,5.423,5.423,5.954,1,egfp1v,Republican,Democratic,immigration,imm_pc
12/13/2023 11:18,12/13/2023 11:20,100,114,TRUE,12/13/2023 11:20,4.135,4.135,4.89,1,Almost Never,1.413,4.158,5.015,3,Strongly disagree,Somewhat agree,1.409,4.301,5.711,2,50,50,1.407,72.677,73.245,13,Extremely well,Extremely well,Extremely well,Extremely well,Extremely well,Extremely well,0.948,0.948,2.696,1,30060,0,0,1.86,0,0,0,11.843,0,0,0,0.56,0,,,,,0,0,3.833,0,zwbkxb,Democratic,Republican,gun control,gc_pc
12/13/2023 11:18,12/13/2023 11:20,100,102,TRUE,12/13/2023 11:20,6.319,6.319,6.908,1,All the time,8.67,15.332,16.864,6,Somewhat agree,Somewhat agree,3.879,9.149,11.675,4,60,40,9.108,34.525,35.5,9,Somewhat well,Somewhat well,Very well,Somewhat well,Somewhat well,Very well,0.722,0.722,3.985,1,11237,0,0,4.063,0,0,0,4.788,0,0,0,2.166,0,0,0,6.901,0,0,0,2.515,0,anph8d,Democratic,Republican,gun control,gc_control2
12/13/2023 11:18,12/13/2023 11:20,100,120,TRUE,12/13/2023 11:20,9.986,13.009,14.1,2,About half the time,3.726,11.345,12.1,4,Disagree,Agree,7.774,14.345,17.457,4,15,50,4.689,23.916,25.051,9,Somewhat well,Very well,Somewhat well,Somewhat well,Somewhat well,Very well,2.3,2.3,6.865,1,94553,0,0,7.878,0,0,0,6.941,0,0,0,6.064,0,0,0,9.976,0,0,0,6.675,0,92exvg,Republican,Democratic,gun control,gc_control1
12/13/2023 11:13,12/13/2023 11:20,100,452,TRUE,12/13/2023 11:20,61.885,61.885,63.472,1,All the time,12.916,45.347,46.601,3,Somewhat disagree,Somewhat agree,141.971,162.573,170.709,9,10,70,9.541,33.012,34.524,9,Very well,Very well,Very well,Very well,Very well,Extremely well,2.43,2.43,14.228,1,97206,0,0,25.671,0,0,0,55.302,0,0,0,12.7,0,0,0,11.727,0,0,0,9.45,0,84t4uh,Republican,Democratic,immigration,imm_control3
12/13/2023 11:19,12/13/2023 11:20,100,103,TRUE,12/13/2023 11:20,7.101,7.101,7.983,1,Once in a while,7.855,13.491,14.064,3,Disagree,Agree,5.316,13.209,13.795,6,60,20,4.53,20.519,21.697,10,Somewhat well,Very well,Very well,Very well,Very well,Very well,1.332,1.332,4.216,1,35620,0,0,7.041,0,0,0,6.725,0,0,0,3.923,0,0,0,7.725,0,0,0,5.818,0,9hrvwn,Democratic,Republican,immigration,imm_treat
12/13/2023 11:19,12/13/2023 11:21,100,112,TRUE,12/13/2023 11:21,6.845,6.845,7.5,1,About half the time,5.171,7.893,9.018,3,Agree,Agree,10.167,10.167,14.583,1,50,50,6.065,20.413,21.242,8,Somewhat well,Very well,Very well,Very well,Very well,Somewhat well,1.338,1.338,4.501,1,43551,0,0,8.04,0,0,0,8.844,0,1.931,1.931,4.392,1,0,0,16.802,0,0,0,10.054,0,fybnhf,Republican,Democratic,immigration,imm_treat
12/13/2023 11:13,12/13/2023 11:21,100,475,TRUE,12/13/2023 11:21,5.862,5.862,7.155,1,Almost Never,4.002,7.8,9.451,2,Neither agree nor disagree,Disagree,1.479,13.524,14.341,4,5,1,6.304,22.932,23.807,8,Somewhat well,Very well,Somewhat well,Somewhat well,Very well,Very well,1.2,1.2,4.6,1,33755,0,0,11.85,0,0,0,114.1,0,2.19,2.19,6.601,1,0,0,266.917,0,0,0,5.733,0,w9nc11,Republican,Democratic,immigration,imm_treat
12/13/2023 11:19,12/13/2023 11:21,100,129,TRUE,12/13/2023 11:21,8.79,8.79,9.844,1,Most of the time,7.131,12.693,17.287,3,Agree,Strongly agree,0.66,10.744,14.342,5,40,60,14.817,38.252,38.688,11,Not at all well,Somewhat well,Somewhat well,Very well,Somewhat well,Somewhat well,1.31,1.31,4.601,1,11219,0,0,2.794,0,5.442,5.442,9.487,1,0,0,8.564,0,0,0,6.776,0,0,0,4.854,0,tch3ef,Republican,Democratic,gun control,gc_treat
12/13/2023 11:20,12/13/2023 11:21,100,95,TRUE,12/13/2023 11:21,5.137,5.137,5.796,1,Almost Never,6.631,11.332,12.209,3,Agree,Agree,21.046,29.864,32.072,2,100,20,4.414,16.697,17.265,8,Very well,Extremely well,Extremely well,Extremely well,Extremely well,Extremely well,0.956,0.956,3.287,1,33165,0,0,1.798,0,0,0,5.051,0,0,0,2.638,0,,,,,0,0,6.331,0,hfbbyu,Democratic,Republican,gun control,gc_pc
12/13/2023 11:18,12/13/2023 11:21,100,221,TRUE,12/13/2023 11:21,5.382,5.382,6.221,1,About half the time,8.306,11.918,12.737,2,Disagree,Strongly agree,3.294,5.69,8.761,3,10,75,19.722,73.475,74.012,12,Not too well,Somewhat well,Not too well,Very well,Extremely well,Not too well,0.987,0.987,4.4,1,34613,0,0,8.694,0,0,0,16.556,0,0,0,2.401,0,64.206,64.206,75.755,1,0,0,5.368,0,wb8bty,Republican,Democratic,immigration,imm_treat
12/13/2023 11:20,12/13/2023 11:21,100,97,TRUE,12/13/2023 11:21,5.669,6.234,6.881,2,About half the time,2.897,7.404,7.897,3,Somewhat agree,Strongly agree,4.271,6.807,8.725,3,90,30,3.869,18.531,19.493,8,Extremely well,Extremely well,Very well,Very well,Extremely well,Somewhat well,0.995,0.995,3.481,1,18045,0,0,5.549,0,0,0,5.149,0,0,0,3.972,0,16.135,16.135,22.757,1,0,0,4.9,0,1fxn8t,Democratic,Republican,gun control,gc_treat
12/13/2023 11:19,12/13/2023 11:22,100,145,TRUE,12/13/2023 11:22,16.188,16.188,16.987,1,All the time,13.436,19.46,20.606,3,Somewhat agree,Strongly agree,7.046,14.147,20.842,2,80,10,12.869,42.638,44.271,10,Somewhat well,Somewhat well,Somewhat well,Somewhat well,Somewhat well,Somewhat well,1.79,1.79,6.939,1,04256,0,0,6.818,0,0,0,9.024,0,0,0,4.354,0,,,,,0,0,5.904,0,bfagpn,Democratic,Republican,immigration,imm_pc
12/13/2023 11:19,12/13/2023 11:22,100,144,TRUE,12/13/2023 11:22,9.884,9.884,10.935,1,Most of the time,6.664,18.028,19.946,2,Agree,Strongly agree,6.929,15.381,19.554,4,0,35,4.407,31.6,33.196,9,Very well,Very well,Somewhat well,Somewhat well,Very well,Somewhat well,6.151,6.151,10.706,1,75752,0,0,11.028,0,0,0,4.169,0,0,0,4.6,0,0,0,11.396,0,0,0,8.626,0,dwtmky,Republican,Democratic,immigration,imm_control1
12/13/2023 11:24,12/13/2023 11:25,100,89,TRUE,12/13/2023 11:25,8.3,8.3,9.101,1,About half the time,12.8,20.092,21.486,2,Strongly agree,Agree,7.302,10,12.591,3,0,100,5.801,22.839,23.957,8,Somewhat well,Somewhat well,Somewhat well,Somewhat well,Somewhat well,Somewhat well,1.201,1.201,4.401,1,47713,0,0,2.8,0,0,0,2.059,0,0,0,1.384,0,,,,,0,0,1.563,0,ahr9ft,Republican,Democratic,immigration,imm_pc
12/13/2023 11:24,12/13/2023 11:25,100,106,TRUE,12/13/2023 11:25,10.346,10.346,10.975,1,About half the time,2.176,4.464,5.301,3,Somewhat disagree,Disagree,2.901,9.88,10.349,6,70,62,2.407,7.126,8.025,8,Very well,Somewhat well,Not too well,Very well,Very well,Somewhat well,1.101,1.101,4.085,1,76039,0,0,40.903,0,0,0,12.275,0,0,0,1.601,0,0,0,0.901,0,0,0,3.642,0,c7pxkk,Republican,Democratic,gun control,gc_treat
12/13/2023 11:24,12/13/2023 11:25,100,86,TRUE,12/13/2023 11:25,4.763,4.763,5.562,1,Once in a while,4.742,8.583,10.701,2,Neither agree nor disagree,Strongly agree,3.435,8.901,11.612,3,85,12,6.334,16.831,22.117,8,Somewhat well,Very well,Very well,Somewhat well,Somewhat well,Somewhat well,1.587,1.587,4.772,1,30350,0,0,6.798,0,0,0,3.937,0,0,0,3.234,0,0,0,3.057,0,0,0,5.562,0,63c8ny,Democratic,Republican,gun control,gc_control3
12/13/2023 11:25,12/13/2023 11:26,100,64,TRUE,12/13/2023 11:26,5.391,6.013,7.046,2,About half the time,3.1,5.736,6.653,3,Strongly agree,Strongly agree,4.09,6.255,7.22,3,40,0,3.444,12.995,13.524,8,Not too well,Very well,Very well,Extremely well,Somewhat well,Somewhat well,0.886,0.886,3.194,1,67460,0,0,5.214,0,0,0,2.201,0,0,0,1.186,0,0,0,3.139,0,0,0,5.285,0,q7trtm,Democratic,Republican,gun control,gc_control3
12/13/2023 11:23,12/13/2023 11:26,100,144,TRUE,12/13/2023 11:26,10.16,10.16,11.085,1,Once in a while,9.142,17.16,18.325,4,Somewhat agree,Strongly agree,1.682,16.199,19.096,5,50,10,8.752,26.865,30.717,11,Somewhat well,Somewhat well,Very well,Very well,Very well,Somewhat well,2.643,2.643,6.69,1,60607,0,0,10.669,0,0,0,15.161,0,0,0,7.876,0,0,0,12.509,0,0,0,8.017,0,ydf4wz,Democratic,Republican,gun control,gc_control2
12/13/2023 11:25,12/13/2023 11:27,100,106,TRUE,12/13/2023 11:27,8.952,9.97,10.433,2,Once in a while,4.308,6.879,7.471,3,Disagree,Agree,6.179,12.448,13.364,4,50,30,2.875,17.038,17.501,12,Not at all well,Somewhat well,Very well,Very well,Very well,Very well,1.708,1.708,3.667,1,29501,0,0,9.466,0,1.508,3.856,9.063,2,0,0,10.742,0,9.414,9.414,10.459,1,0,0,4.737,0,n9aymt,Republican,Democratic,immigration,imm_treat
12/13/2023 11:24,12/13/2023 11:27,100,161,TRUE,12/13/2023 11:27,43.657,43.657,44.696,1,Once in a while,9.562,15.093,16.972,2,Neither agree nor disagree,Strongly agree,6.153,9.206,13,2,70,90,5.89,30.093,30.898,11,Somewhat well,Extremely well,Extremely well,Extremely well,Somewhat well,Somewhat well,2.59,2.59,5.901,1,33130,0,0,12.281,0,0,0,9.781,0,0,0,7.584,0,,,,,0,0,13.705,0,cazxxm,Democratic,Republican,immigration,imm_pc
12/13/2023 11:25,12/13/2023 11:27,100,129,TRUE,12/13/2023 11:27,5.647,6.564,7.195,2,About half the time,42.662,48.504,49.096,4,Somewhat agree,Strongly agree,3.334,7.979,11.031,4,70,10,3.837,18.706,19.801,15,Somewhat well,Somewhat well,Somewhat well,Somewhat well,Very well,Somewhat well,1.455,1.455,5.336,1,85706,0,0,4.773,0,0,0,3.758,0,0,0,3.201,0,0,0,11.972,0,0,0,3.956,0,bqm6we,Democratic,Republican,gun control,gc_treat
12/13/2023 11:24,12/13/2023 11:27,100,195,TRUE,12/13/2023 11:27,8.7,8.7,10.287,1,Once in a while,9.555,15.662,16.401,3,Agree,Strongly disagree,6.103,18.064,18.539,5,60,60,5.334,26.45,27.229,9,Not at all well,Not too well,Somewhat well,Somewhat well,Not too well,Not at all well,3.18,3.18,15.65,1,17044,42.416,42.416,49.198,1,0,0,11.787,0,0,0,14,0,0,0,15.331,0,0,0,8.821,0,9hmhbp,Republican,Democratic,immigration,imm_control2
12/13/2023 11:26,12/13/2023 11:27,100,97,TRUE,12/13/2023 11:27,4.228,13.722,14.698,2,About half the time,5.105,9.564,10.884,4,Disagree,Neither agree nor disagree,2.149,6.666,14.45,2,89,1,3.663,18.089,18.828,9,Somewhat well,Very well,Somewhat well,Somewhat well,Somewhat well,Very well,1.143,1.143,8.887,1,21040,0,0,9.206,0,0,0,2.912,0,0,0,4.317,0,0,0,4.169,0,0,0,2.197,0,67fgtn,Democratic,Republican,gun control,gc_control1
12/13/2023 11:26,12/13/2023 11:27,100,91,TRUE,12/13/2023 11:27,5.999,5.999,6.95,1,All the time,9.399,11.866,12.537,3,Strongly agree,Strongly agree,1.672,7.193,13.882,2,80,20,9.286,19.673,20.428,10,Very well,Extremely well,Extremely well,Very well,Extremely well,Extremely well,0.906,0.906,3.648,1,45011,0,0,4.201,0,0,0,3.738,0,0,0,7.242,0,0,0,6.4,0,0,0,5.237,0,c9138m,Democratic,Republican,immigration,imm_treat
12/13/2023 11:24,12/13/2023 11:27,100,178,TRUE,12/13/2023 11:27,7.771,7.771,8.862,1,About half the time,6.76,12.339,13.763,2,Neither agree nor disagree,Agree,19.624,23.064,25.585,2,50,40,18.719,53.507,54.443,8,Somewhat well,Somewhat well,Very well,Somewhat well,Very well,Very well,1.562,1.562,5.127,1,28376,0,0,24.837,0,0,0,9.439,0,0,0,5.417,0,0,0,14.101,0,0,0,7.753,0,q741vx,Democratic,Republican,gun control,gc_treat
12/13/2023 11:26,12/13/2023 11:27,100,104,TRUE,12/13/2023 11:27,4.027,20.6,21.279,26,Once in a while,1.543,41.719,42.3,9,Disagree,Agree,2.324,9.314,11.591,5,70,20,3.529,13.085,13.722,12,Somewhat well,Somewhat well,Somewhat well,Not too well,Not too well,Somewhat well,0.953,0.953,3.074,1,78238,0,0,0.736,0,1.218,1.218,2.325,1,0.82,0.82,1.204,1,0,0,0.652,0,0,0,2.183,0,27tdah,Republican,Democratic,gun control,gc_control2
12/13/2023 11:26,12/13/2023 11:28,100,100,TRUE,12/13/2023 11:28,4.51,4.51,5.542,1,All the time,5,7.465,8.491,2,Strongly disagree,Strongly agree,4.059,6.959,9.995,3,0,61,5.716,19.499,20.238,9,Somewhat well,Somewhat well,Extremely well,Somewhat well,Somewhat well,Very well,1.094,1.094,6.212,1,33578,0,0,5.297,0,0,0,25.708,0,0,0,4.06,0,0,0,4.624,0,0,0,4.472,0,tbmvxp,Republican,Democratic,immigration,imm_control3
12/13/2023 11:26,12/13/2023 11:28,100,137,TRUE,12/13/2023 11:28,8.958,8.958,10.345,1,Most of the time,6.657,14.062,14.7,3,Somewhat disagree,Agree,12.333,17.766,20.801,5,32,63,12.936,34.995,35.77,10,Very well,Very well,Very well,Very well,Very well,Very well,3.734,3.734,8.461,1,48219,0,0,10.401,0,0,0,4.976,0,0,0,3.841,0,0,0,5.581,0,0,0,13.26,0,6k2vtq,Republican,Democratic,immigration,imm_control2
12/13/2023 11:25,12/13/2023 11:28,100,227,TRUE,12/13/2023 11:28,11.946,12.786,14.041,2,All the time,15.953,24.625,25.3,4,Somewhat disagree,Strongly agree,12.101,19.436,25.093,2,10,85,13.582,49.769,50.487,10,Very well,Somewhat well,Somewhat well,Extremely well,Extremely well,Somewhat well,3.751,3.751,8.601,1,44035,0,0,15.963,0,23.421,23.421,24.424,1,10.575,10.575,11.242,1,22.446,22.446,23.499,1,0,0,11.54,0,fxhr4a,Republican,Democratic,immigration,imm_control2
12/13/2023 11:26,12/13/2023 11:29,100,162,TRUE,12/13/2023 11:29,8.401,12.774,13.1,3,Most of the time,5.47,14.371,17.146,6,Agree,Strongly agree,20.052,32.275,32.966,8,80,0,4.778,30.003,30.996,9,Extremely well,Extremely well,Very well,Extremely well,Extremely well,Somewhat well,2.822,2.822,7.188,1,85387,0,0,13.038,0,0,0,14.557,0,0,0,6.329,0,0,0,10.228,0,0,0,7.464,0,zfttwe,Democratic,Republican,gun control,gc_control3
12/13/2023 11:19,12/13/2023 11:29,100,650,TRUE,12/13/2023 11:29,33.6,34.399,35.325,2,Almost Never,133.955,143.405,145.054,2,Somewhat agree,Agree,56.649,67.271,79.213,6,50,50,11.393,109.169,110.321,10,Somewhat well,Very well,Very well,Very well,Very well,Very well,46.213,46.213,50.992,1,27540,0,0,56.55,0,39.068,39.068,39.528,1,21.188,27.019,30.883,2,,,,,36.665,36.665,92.399,1,cuxupd,Republican,Democratic,immigration,imm_pc
12/13/2023 11:26,12/13/2023 11:29,100,178,TRUE,12/13/2023 11:29,13.032,13.032,14.081,1,About half the time,6.328,17.096,18.087,7,Somewhat disagree,Somewhat agree,21.203,23.992,25.92,3,50,70,48.956,65.91,66.726,10,Somewhat well,Very well,Very well,Very well,Very well,Somewhat well,1.571,1.571,4.4,1,32809,0,0,9.519,0,0,0,12.692,0,0,0,9.901,0,,,,,0,0,9.584,0,46g71q,Republican,Democratic,gun control,gc_pc
12/13/2023 11:26,12/13/2023 11:30,100,200,TRUE,12/13/2023 11:30,7.474,13.025,13.825,4,Most of the time,7.668,12.836,13.581,3,Somewhat disagree,Strongly agree,13.532,19.898,25.124,2,80,30,9.972,51.452,52.135,14,Not too well,Very well,Somewhat well,Not too well,Somewhat well,Not too well,1.696,1.696,7.818,1,98282,0,0,17.181,0,17.89,17.89,20.004,1,0,0,10.005,0,0,0,18.565,0,0,0,13.888,0,dq2vp8,Democratic,Republican,gun control,gc_treat
12/13/2023 11:27,12/13/2023 11:30,100,225,TRUE,12/13/2023 11:30,8.058,8.058,9.174,1,About half the time,26.164,31.767,33.624,4,Somewhat agree,Agree,11.691,15.311,17.481,4,75,20,1.736,104.951,105.589,20,Not too well,Very well,Somewhat well,Somewhat well,Very well,Somewhat well,1.745,1.745,5.672,1,45245,0,0,12.164,0,0,0,9.613,0,0,0,17.707,0,,,,,0,0,9.611,0,bqak9p,Democratic,Republican,gun control,gc_pc
12/13/2023 11:30,12/13/2023 11:32,100,121,TRUE,12/13/2023 11:32,7.4,7.4,8.333,1,Most of the time,5.889,12.595,13.618,3,Somewhat disagree,Strongly agree,5.9,13.937,19.5,3,10,85,11.41,26.676,27.478,10,Somewhat well,Very well,Somewhat well,Somewhat well,Somewhat well,Very well,1.539,1.539,6.263,1,49519,0,0,13.484,0,0,0,9.598,0,6.05,6.05,6.68,1,,,,,0,0,7.779,0,tzvbqx,Republican,Democratic,immigration,imm_pc
12/13/2023 11:30,12/13/2023 11:33,100,183,TRUE,12/13/2023 11:33,40.753,40.753,41.478,1,About half the time,2.86,4.376,5.285,2,Agree,Somewhat agree,38.995,53.841,56.978,4,65,50,1.321,10.869,12.121,8,Very well,Somewhat well,Very well,Very well,Somewhat well,Very well,1.414,1.414,45.476,1,07086,0,0,3.598,0,0,0,1.498,0,0,0,0.929,0,,,,,0,0,0.872,0,1b4bqk,Republican,Democratic,immigration,imm_pc
12/13/2023 11:30,12/13/2023 11:33,100,204,TRUE,12/13/2023 11:33,2.935,23.301,24.794,3,All the time,3.78,8.201,11,2,Somewhat agree,Somewhat agree,11.001,17.101,20.665,3,80,50,2.402,15.95,19.738,9,Somewhat well,Not too well,Very well,Somewhat well,Not at all well,Somewhat well,5.202,37.403,45.002,3,20735,0,0,9.549,0,0,0,3.701,0,0,0,0.388,0,,,,,0,0,8.268,0,bt9tyu,Republican,Democratic,gun control,gc_pc
12/13/2023 11:30,12/13/2023 11:33,100,210,TRUE,12/13/2023 11:33,13.374,13.374,14.151,1,Most of the time,11.501,17.386,18.549,2,Somewhat agree,Agree,28.048,40.898,43.656,7,80,50,11.923,19.603,20.063,9,Very well,Extremely well,Very well,Very well,Very well,Extremely well,13.116,13.116,25.622,1,85013,0,0,8.185,0,0,0,1.401,0,14.645,14.645,15.409,1,0,0,12.534,0,0,0,6.982,0,bhdamn,Democratic,Republican,gun control,gc_treat
12/13/2023 11:30,12/13/2023 11:34,100,229,TRUE,12/13/2023 11:34,6.487,7.188,10.259,2,Most of the time,14.706,32.228,34.879,5,Disagree,Strongly agree,24.225,36.011,43.681,2,60,20,27.392,61.327,62.242,12,Somewhat well,Very well,Very well,Very well,Very well,Extremely well,1.44,1.44,9.8,1,33618,0,0,9.973,0,13.988,25.401,26.912,3,10.649,16.951,17.552,2,,,,,0,0,10.304,0,74tggn,Democratic,Republican,immigration,imm_pc
12/13/2023 11:32,12/13/2023 11:34,100,137,TRUE,12/13/2023 11:34,6.63,7.444,8.1,2,Once in a while,4.801,12.99,13.4,4,Somewhat disagree,Disagree,6.288,10.874,16.383,4,60,40,11.001,24.712,44.36,9,Very well,Very well,Extremely well,Somewhat well,Very well,Very well,1.8,1.8,6.266,1,75149,0,0,5.074,0,4.724,4.724,5.451,1,0,0,23.044,0,0,0,1.74,0,0,0,2.401,0,p6m8vw,Democratic,Republican,gun control,gc_control3
12/13/2023 11:34,12/13/2023 11:37,100,169,TRUE,12/13/2023 11:37,6.504,6.504,8.654,1,Most of the time,13.55,22.242,23.185,5,Disagree,Strongly agree,9.756,15.07,17.3,2,90,5,25.141,49.662,53.392,10,Somewhat well,Very well,Very well,Somewhat well,Very well,Not too well,1.165,1.165,4.977,1,30228,5.604,17.631,20.568,7,0,0,16.306,0,0,0,8.967,0,,,,,0,0,10.753,0,kgkpr3,Democratic,Republican,gun control,gc_pc
12/13/2023 11:35,12/13/2023 11:38,100,135,TRUE,12/13/2023 11:38,9.901,10.892,11.571,2,Almost Never,6.491,11.622,12.178,4,Strongly agree,Strongly agree,6.501,12.863,13.264,6,55,1,13.301,44.378,45.097,15,Not at all well,Not too well,Not too well,Not at all well,Not too well,Not too well,1.701,1.701,4.96,1,19382,0,0,7.638,0,6.26,6.26,6.974,1,0,0,5.239,0,0,0,10.962,0,2.862,3.023,8.463,2,r3e7u2,Democratic,Republican,immigration,imm_control3
12/13/2023 11:39,12/13/2023 11:40,100,97,TRUE,12/13/2023 11:40,5.889,7.825,8.191,2,Most of the time,4.63,30.549,31.276,2,Somewhat disagree,Strongly agree,3.366,7.526,10.122,2,23,45,4.318,14.28,15.559,8,Very well,Very well,Very well,Very well,Very well,Very well,1.423,1.423,4.902,1,15601,0,0,7.044,0,0,0,5.626,0,0,0,2.384,0,,,,,0,0,5.707,0,4xgad4,Republican,Democratic,immigration,imm_pc
12/13/2023 11:38,12/13/2023 11:41,100,153,TRUE,12/13/2023 11:41,9.002,9.002,10.192,1,About half the time,5.399,13.501,14.84,2,Disagree,Agree,8.168,35.2,41.086,6,33,15,7.297,24.601,25.884,8,Not too well,Somewhat well,Not too well,Not too well,Somewhat well,Not too well,1.533,1.533,5.846,1,52738,0,0,9.393,0,0,0,9.595,0,0,0,5.54,0,0,0,13.201,0,0,0,8.883,0,ewy29w,Democratic,Republican,gun control,gc_treat
12/13/2023 11:36,12/13/2023 11:41,100,307,TRUE,12/13/2023 11:41,15.489,16.898,17.784,2,Most of the time,12.891,23.128,23.901,4,Disagree,Somewhat agree,30.901,52.799,53.509,5,40,60,41.039,76.498,78.749,9,Very well,Very well,Very well,Very well,Very well,Somewhat well,3.002,3.002,13.765,1,22630,0,0,19.093,0,0,0,22.001,0,0,0,18.801,0,0,0,29.601,0,0,0,15.901,0,hu1xxw,Democratic,Republican,gun control,gc_treat
12/13/2023 11:37,12/13/2023 11:43,100,342,TRUE,12/13/2023 11:43,7.223,7.223,8.035,1,Once in a while,7.257,11.987,14.296,2,Neither agree nor disagree,Somewhat agree,91.181,170.985,174.265,3,50,50,1.343,109.503,110.425,13,Somewhat well,Somewhat well,Somewhat well,Not too well,Somewhat well,Somewhat well,1.599,1.599,4.342,1,29210,0,0,6.946,0,0,0,6.223,0,0,0,4.239,0,,,,,0,0,7.014,0,p8hgb2,Democratic,Republican,immigration,imm_pc
12/13/2023 11:35,12/13/2023 11:43,100,447,TRUE,12/13/2023 11:43,25.083,25.083,26.007,1,Most of the time,7.894,30.751,32.795,2,Disagree,Strongly agree,34.482,100.051,101.402,9,90,40,24.978,128.615,129.799,7,Not too well,Not too well,Very well,Not too well,Somewhat well,Somewhat well,3.708,3.708,27.074,1,49908,0,0,13.587,0,0,0,42.944,0,0,0,5.966,0,0,0,36.703,0,0,0,18.5,0,7au8zc,Republican,Democratic,immigration,imm_control2
12/13/2023 11:25,12/13/2023 11:43,100,1059,TRUE,12/13/2023 11:43,6.45,6.45,7.393,1,Once in a while,63.152,68.801,70.782,2,Somewhat disagree,Neither agree nor disagree,6.737,11.716,15.119,2,40,60,7.662,27.48,28.644,8,Somewhat well,Somewhat well,Somewhat well,Somewhat well,Somewhat well,Not too well,1.544,1.544,7.5,1,36695,0,0,12.679,0,0,0,15.561,0,0,0,10.733,0,,,,,0,0,8.546,0,bbuhx1,Democratic,Republican,gun control,gc_pc
12/13/2023 11:40,12/13/2023 11:43,100,211,TRUE,12/13/2023 11:43,6.299,9.911,10.865,4,About half the time,6.669,16.645,17.584,6,Strongly disagree,Strongly agree,12.517,39.864,40.2,14,50,50,7.472,37.33,37.901,18,Extremely well,Extremely well,Extremely well,Extremely well,Extremely well,Extremely well,3.312,3.312,7.447,1,44094,0,0,32.88,0,12.266,15.781,16.367,2,8.749,8.749,9.301,1,13.479,16.47,17.101,2,12.791,12.791,13.291,1,eh6vv6,Democratic,Republican,immigration,imm_control1
12/13/2023 11:42,12/13/2023 11:44,100,131,TRUE,12/13/2023 11:44,4.101,11.003,12.003,2,All the time,5.5,11.148,12.037,3,Neither agree nor disagree,Somewhat disagree,5.301,14.161,14.901,4,40,87,8.9,32.395,33.579,9,Somewhat well,Very well,Very well,Extremely well,Somewhat well,Somewhat well,1.701,1.701,12.101,1,70301,0,0,5.701,0,0,0,17.248,0,0,0,7.354,0,0,0,2.689,0,0,0,5,0,f2pkpw,Democratic,Republican,immigration,imm_treat
12/13/2023 11:42,12/13/2023 11:45,100,121,TRUE,12/13/2023 11:45,3.3,3.986,4.5,2,Once in a while,6.408,11.53,12.881,6,Somewhat agree,Disagree,4.791,15.331,15.5,8,50,50,6.601,25.038,25.203,20,Not too well,Somewhat well,Very well,Very well,Very well,Very well,2.461,2.461,6.6,1,48215,0,0,4.4,0,10.291,10.291,11.8,1,0,0,8.7,0,14.089,14.089,14.503,1,0,0,9.571,0,yxm28m,Democratic,Republican,gun control,gc_treat
12/13/2023 11:44,12/13/2023 11:47,100,165,TRUE,12/13/2023 11:47,25.356,25.356,26.339,1,About half the time,8.941,15.36,17.119,2,Strongly agree,Strongly agree,4.776,24.354,25.454,4,80,93,7.45,35.652,36.577,8,Not too well,Extremely well,Extremely well,Extremely well,Extremely well,Extremely well,2.893,2.893,7.785,1,29710,0,0,4.028,0,0,0,11.399,0,0,0,8.46,0,0,0,14.032,0,0,0,8.389,0,uged4m,Republican,Democratic,gun control,gc_treat
12/13/2023 11:41,12/13/2023 11:48,100,462,TRUE,12/13/2023 11:48,131.556,132.987,133.613,2,Most of the time,12.301,14.702,15.57,3,Agree,Strongly agree,1.026,85.683,86.133,7,70,5,63.301,112.482,113.049,12,Somewhat well,Very well,Very well,Somewhat well,Very well,Very well,1.502,1.502,7.64,1,78214,0,0,6.64,0,0,0,52.278,0,0,0,2.58,0,0,0,1.802,0,0,0,34.601,0,239dy4,Democratic,Republican,gun control,gc_treat
12/13/2023 11:48,12/13/2023 11:50,100,115,TRUE,12/13/2023 11:50,6.576,6.576,7.601,1,About half the time,4.407,9.049,11.101,3,Somewhat disagree,Agree,8.8,19.019,20.492,5,60,70,4.501,21.277,22.223,7,Very well,Very well,Very well,Very well,Very well,Somewhat well,2.065,2.065,12.274,1,07003,0,0,8.177,0,0.038,0.038,12.301,1,0,0,6.801,0,,,,,0,0,6.492,0,vy7pwe,Republican,Democratic,immigration,imm_pc
12/13/2023 11:49,12/13/2023 11:53,100,204,TRUE,12/13/2023 11:53,82.591,82.591,83.592,1,Most of the time,13.991,19.491,20.966,2,Agree,Strongly agree,8.601,17.273,21.4,2,20,80,4.801,29.397,30.43,8,Very well,Very well,Very well,Very well,Very well,Very well,1.604,1.604,5.351,1,60431,0,0,8.075,0,0,0,9.193,0,0,0,4.29,0,0,0,6.101,0,0,0,6.084,0,9cx681,Republican,Democratic,gun control,gc_control1
12/13/2023 11:51,12/13/2023 11:53,100,121,TRUE,12/13/2023 11:53,12.267,12.267,13.036,1,Most of the time,7.982,20.123,20.955,5,Disagree,Strongly agree,10.469,13.929,16.284,2,30,60,1.575,32.09,33.267,11,Not at all well,Very well,Extremely well,Very well,Very well,Extremely well,1.333,1.333,4.192,1,30135,0,0,10.293,0,0,0,7.468,0,0,0,3.236,0,0,0,3.304,0,0,0,2.339,0,74rdkb,Republican,Democratic,gun control,gc_control1
12/13/2023 11:59,12/13/2023 12:01,100,101,TRUE,12/13/2023 12:01,6.889,6.889,7.92,1,Most of the time,4.782,12.344,12.993,7,Neither agree nor disagree,Strongly agree,4.897,10.646,11.334,4,50,20,4.862,23.886,24.871,10,Very well,Extremely well,Extremely well,Extremely well,Extremely well,Very well,1.693,1.693,3.751,1,38135,0,0,7.5,0,0,0,3.7,0,0,0,6.024,0,0,0,5.517,0,0,0,5.712,0,e8f3x8,Democratic,Republican,gun control,gc_treat
12/13/2023 12:00,12/13/2023 12:05,100,312,TRUE,12/13/2023 12:05,122.922,123.468,124.014,2,Most of the time,0.773,2.33,3.11,3,Somewhat agree,Somewhat agree,0.684,3.106,5.251,2,60,45,0.895,4.11,4.76,7,Not too well,Very well,Somewhat well,Very well,Very well,Somewhat well,7.611,7.611,60.124,1,07712,86.452,86.452,86.78,1,0,0,0.73,0,0,0,0.595,0,0.055,0.055,0.296,1,0.076,0.859,1.29,5,8cax8p,Republican,Democratic,immigration,imm_treat
12/13/2023 12:23,12/13/2023 12:27,100,259,TRUE,12/13/2023 12:27,16.116,18.981,19.606,3,About half the time,2.327,6.959,7.318,5,Neither agree nor disagree,Agree,3.402,13.981,14.019,5,70,40,3.798,20.416,22.879,13,Somewhat well,Somewhat well,Somewhat well,Somewhat well,Very well,Very well,1.574,1.574,5.436,1,06763,0,0,101.231,0,1.551,1.551,3.463,1,0,0,2.066,0,69.373,69.373,70.553,1,0,0,4.713,0,gtfwhw,Democratic,Republican,gun control,gc_treat
12/13/2023 11:33,12/13/2023 12:29,100,3332,TRUE,12/13/2023 12:29,4.212,4.212,6.092,1,Most of the time,12.293,14.868,16.055,3,Somewhat agree,Strongly agree,18.777,18.777,25.848,1,10,55,3.812,13.761,14.768,8,Somewhat well,Very well,Somewhat well,Somewhat well,Very well,Somewhat well,1.535,1.535,3.94,1,92122,0,0,3.802,0,0,0,9.744,0,0,0,3.858,0,0,0,7.3,0,296.945,296.945,298.852,1,qmdt4b,Republican,Democratic,gun control,gc_treat
12/13/2023 12:55,12/13/2023 12:57,100,86,TRUE,12/13/2023 12:57,5.181,5.736,6.5,2,About half the time,2.012,8.295,8.859,5,Strongly disagree,Agree,5.639,9.162,11.443,4,50,3,4.47,23.586,24.032,11,Very well,Very well,Very well,Somewhat well,Very well,Not too well,1.347,1.347,7.611,1,97402,0,0,6.967,0,0.934,0.934,2.237,1,0.768,0.768,1.814,1,,,,,0,0,1.574,0,r8xzau,Democratic,Republican,gun control,gc_pc
12/13/2023 12:58,12/13/2023 12:59,100,84,TRUE,12/13/2023 12:59,6.261,6.261,7.07,1,Most of the time,14.437,19.624,20.311,3,Strongly agree,Strongly agree,5.324,8.316,12.1,3,75,13,3.747,14.904,15.586,12,Somewhat well,Very well,Extremely well,Very well,Very well,Very well,1.028,1.028,3.54,1,53212,0,0,3.723,0,0,0,3.203,0,0,0,1.857,0,,,,,0,0,7.225,0,4ye6ty,Democratic,Republican,gun control,gc_pc
12/13/2023 13:05,12/13/2023 13:06,100,66,TRUE,12/13/2023 13:06,10.076,10.076,10.671,1,About half the time,3.842,6.795,7.297,2,Agree,Strongly agree,1.607,6.451,6.859,4,45,10,4.017,15.272,15.835,9,Very well,Very well,Very well,Very well,Very well,Somewhat well,1.02,1.02,3.449,1,42066,0,0,4.018,0,0,0,2.073,0,0,0,3.67,0,,,,,0,0,3.239,0,xvv7b7,Democratic,Republican,gun control,gc_pc
12/13/2023 13:05,12/13/2023 13:06,100,58,TRUE,12/13/2023 13:06,6.261,6.261,6.577,1,About half the time,3.87,7.013,8.111,3,Strongly disagree,Somewhat agree,4.224,7.547,9.691,3,10,40,2.944,8.994,9.561,9,Very well,Very well,Extremely well,Very well,Very well,Extremely well,0.839,0.839,2.825,1,90012,0,0,1.137,0,0,0,8.767,0,0,0,2.484,0,0,0,1.27,0,0,0,0.88,0,x8xzca,Republican,Democratic,immigration,imm_control1
12/13/2023 13:06,12/13/2023 13:08,100,120,TRUE,12/13/2023 13:08,10.374,10.374,11.201,1,Once in a while,7.293,16.197,17.875,8,Disagree,Agree,1.067,7.453,8.985,4,50,50,8.723,34.995,35.816,7,Somewhat well,Very well,Extremely well,Somewhat well,Very well,Somewhat well,1.883,1.883,4.441,1,13126,0,0,7.313,0,0,0,7.91,0,0,0,3.255,0,0,0,8.027,0,0,0,9.859,0,xg1y6u,Republican,Democratic,immigration,imm_treat
12/13/2023 13:08,12/13/2023 13:11,100,137,TRUE,12/13/2023 13:11,7.667,7.667,8.756,1,Once in a while,12.03,19.639,20.373,4,Strongly disagree,Strongly agree,14.736,30.761,31.332,5,60,40,7.041,27.522,28.599,7,Extremely well,Extremely well,Extremely well,Somewhat well,Extremely well,Extremely well,1.637,1.637,5.887,1,33805,0,0,9.026,0,0,0,7.203,0,0,0,4.154,0,0,0,5.764,0,0,0,6.799,0,k6y96r,Democratic,Republican,immigration,imm_control2
12/13/2023 13:09,12/13/2023 13:11,100,155,TRUE,12/13/2023 13:11,4.563,5.166,6.235,2,All the time,2.149,15.581,16.443,4,Agree,Strongly agree,7.343,12.496,14.927,4,100,70,6.6,29.3,29.842,10,Very well,Very well,Very well,Somewhat well,Very well,Very well,1.393,5.497,7.298,2,94117,0,0,7.264,0,0,0,16.085,0,0,0,37.67,0,0,0,10.001,0,0,0,4.225,0,t14eza,Democratic,Republican,immigration,imm_control3
12/13/2023 13:10,12/13/2023 13:12,100,101,TRUE,12/13/2023 13:12,3.545,8.194,8.692,4,About half the time,1.328,11.094,11.675,7,Disagree,Strongly agree,3.215,9.017,11.57,3,75,25,8.936,29.499,30.033,18,Somewhat well,Very well,Very well,Very well,Extremely well,Very well,1.537,8.361,8.801,5,30318,0.936,4.201,5.417,2,1.656,1.656,4.09,1,0,0,1.626,0,0,0,7.29,0,3.052,3.052,6.44,1,pcz3e4,Democratic,Republican,immigration,imm_control2
12/13/2023 13:13,12/13/2023 13:14,100,94,TRUE,12/13/2023 13:14,3.536,3.536,5.303,1,About half the time,6.986,11.38,12.097,3,Neither agree nor disagree,Strongly agree,5.401,12.972,14.396,3,40,75,3.607,15.486,16.778,9,Somewhat well,Very well,Extremely well,Very well,Very well,Somewhat well,1.267,1.267,4.626,1,21218,2.594,2.594,14.872,1,0,0,5.307,0,0,0,6.833,0,0,0,4.94,0,0,0,4.777,0,3g4v9a,Republican,Democratic,gun control,gc_control3
12/13/2023 13:12,12/13/2023 13:15,100,142,TRUE,12/13/2023 13:15,10.08,10.08,10.992,1,Once in a while,7.585,13.094,14.048,2,Somewhat agree,Somewhat agree,14.764,18.712,31.765,3,30,80,9.788,26.964,27.637,10,Somewhat well,Somewhat well,Somewhat well,Not too well,Somewhat well,Somewhat well,1.561,1.561,5.885,1,48473,0,0,12.876,0,0,0,10.116,0,0,0,6.019,0,,,,,0,0,10.423,0,nr812a,Republican,Democratic,gun control,gc_pc
12/13/2023 13:11,12/13/2023 13:15,100,219,TRUE,12/13/2023 13:15,8.721,8.721,9.799,1,Once in a while,9.712,19.539,20.091,3,Disagree,Strongly agree,6.795,13.552,13.867,7,60,40,67.905,100.949,101.783,16,Extremely well,Extremely well,Extremely well,Extremely well,Extremely well,Very well,1.98,1.98,5.141,1,30058,0,0,10.391,0,0,0,24.854,0,0,0,6.142,0,0,0,11.942,0,0,0,8.434,0,pwghnt,Democratic,Republican,gun control,gc_control3
12/13/2023 13:14,12/13/2023 13:17,100,195,TRUE,12/13/2023 13:17,34.476,34.476,35.237,1,Most of the time,6.858,12.262,13.596,2,Neither agree nor disagree,Strongly agree,18.037,24.195,27.782,2,0,50,16.691,50.429,51.357,10,Not too well,Very well,Very well,Not too well,Somewhat well,Somewhat well,1.243,1.243,5.301,1,90068,0,0,10.512,0,0,0,15.222,0,0,0,7.825,0,0,0,12.319,0,0,0,10.473,0,dk3eg6,Republican,Democratic,immigration,imm_control3
12/13/2023 13:17,12/13/2023 13:20,100,170,TRUE,12/13/2023 13:20,4.997,8.283,9.248,2,Most of the time,17.016,53.775,55.075,3,Agree,Strongly agree,8.608,18.44,22.666,3,25,90,2.866,40.231,41.265,8,Extremely well,Extremely well,Extremely well,Extremely well,Extremely well,Extremely well,1.676,1.676,5.083,1,91042,0,0,7.145,0,0,0,6.497,0,0,0,6.027,0,0,0,5.54,0,0,0,6.436,0,pqvkay,Republican,Democratic,gun control,gc_control3
12/13/2023 13:18,12/13/2023 13:21,100,178,TRUE,12/13/2023 13:21,7.644,7.644,8.92,1,Most of the time,6.281,14.934,18.105,2,Agree,Strongly agree,14.459,19.661,30.089,2,70,25,15.382,41.85,44.564,11,Somewhat well,Very well,Extremely well,Very well,Very well,Very well,2.736,2.736,8.956,1,91387,0,0,9.155,0,0,0,13.983,0,0,0,6.428,0,0,0,20.139,0,0,0,12.269,0,4vw7ar,Democratic,Republican,gun control,gc_treat
12/13/2023 13:21,12/13/2023 13:22,100,96,TRUE,12/13/2023 13:22,20.781,20.781,22.251,1,Once in a while,5.323,9.377,10.793,2,Neither agree nor disagree,Somewhat agree,4.097,8.258,12.455,2,68,79,3.463,14.791,15.628,8,Very well,Very well,Somewhat well,Somewhat well,Extremely well,Somewhat well,1.344,1.344,3.901,1,40741,0,0,2.347,0,0,0,4.157,0,0,0,1.947,0,,,,,0,0,8.331,0,xgetxk,Democratic,Republican,immigration,imm_pc
12/13/2023 13:21,12/13/2023 13:23,100,136,TRUE,12/13/2023 13:23,8.935,8.935,9.959,1,About half the time,8.417,15.228,16.287,4,Somewhat disagree,Somewhat agree,11.52,16.037,18.746,4,80,50,7.246,24.464,25.844,10,Somewhat well,Somewhat well,Somewhat well,Somewhat well,Somewhat well,Somewhat well,3.169,3.169,6.422,1,11231,0,0,11.427,0,8.96,8.96,9.756,1,0,0,5.188,0,0,0,14.828,0,0,0,9.389,0,uv6a1n,Democratic,Republican,gun control,gc_control2
12/13/2023 13:20,12/13/2023 13:24,100,236,TRUE,12/13/2023 13:24,4.904,4.904,5.973,1,Most of the time,6.673,11.911,12.548,4,Strongly disagree,Neither agree nor disagree,5.527,10.8,12.256,6,0,0,2.791,15.291,16.132,11,Extremely well,Extremely well,Extremely well,Extremely well,Extremely well,Extremely well,1.2,1.2,4.961,1,93004,0,0,143.213,0,0,0,0.282,0,0,0,23.663,0,,,,,0,0,9.13,0,p4ty9t,Democratic,Republican,gun control,gc_pc
12/13/2023 13:18,12/13/2023 13:24,100,371,TRUE,12/13/2023 13:24,9.77,31.821,32.813,7,Almost Never,11.092,93.099,93.936,5,Neither agree nor disagree,Neither agree nor disagree,49.62,56.548,56.977,5,50,50,17.265,98.883,100.301,33,Somewhat well,Somewhat well,Extremely well,Extremely well,Extremely well,Very well,1.295,1.295,5.054,1,27858,0,0,21.859,0,17.043,18.251,20.511,2,10.097,10.097,10.848,1,10.422,11.531,14.186,2,0,0,8.027,0,u6p46d,Republican,Democratic,immigration,imm_treat
12/13/2023 13:24,12/13/2023 13:26,100,90,TRUE,12/13/2023 13:26,3.286,6.242,7.665,3,Most of the time,2.188,9.967,10.682,6,Strongly agree,Strongly disagree,2.588,9.494,10.119,4,7,2,4.29,18.893,19.866,9,Not too well,Extremely well,Somewhat well,Not too well,Extremely well,Somewhat well,1.508,1.508,6.575,1,10025,0,0,2.378,0,2.86,4.263,5.093,2,2.245,3.357,3.986,2,0,0,6.885,0,0,0,4.75,0,2kh6p6,Democratic,Republican,gun control,gc_control3
12/13/2023 13:25,12/13/2023 13:27,100,119,TRUE,12/13/2023 13:27,10.229,12.564,15.401,4,About half the time,3.068,13.22,13.892,5,Strongly disagree,Disagree,2.94,8.673,15.47,2,20,60,4.616,29.34,31.383,12,Very well,Extremely well,Not too well,Very well,Extremely well,Somewhat well,2.441,2.441,4.756,1,32566,0,0,5.673,0,5.3,5.3,6.048,1,0,0,3.394,0,0,0,9.873,0,0,0,6.409,0,z23p48,Republican,Democratic,gun control,gc_treat
12/13/2023 13:26,12/13/2023 13:27,100,61,TRUE,12/13/2023 13:27,3.428,4.199,4.947,2,Most of the time,2.988,7.881,9.079,6,Agree,Strongly agree,2.538,4.782,6.853,2,80,25,2.989,13.162,13.803,8,Not too well,Somewhat well,Not at all well,Not too well,Not too well,Not too well,0.765,0.765,4.862,1,94539,0,0,1.35,0,1.521,1.521,2.198,1,0,0,1.897,0,0,0,3.347,0,0,0,2.662,0,mhfrfz,Democratic,Republican,gun control,gc_treat
12/13/2023 13:26,12/13/2023 13:28,100,119,TRUE,12/13/2023 13:28,17.781,17.781,18.572,1,Most of the time,6.689,11.774,12.571,3,Agree,Strongly agree,4.228,9.604,13.383,2,25,80,5.717,21.811,22.648,9,Extremely well,Extremely well,Extremely well,Very well,Extremely well,Very well,1.776,1.776,3.98,1,40515,0,0,8.923,0,0,0,10.367,0,0,0,8.981,0,0,0,6.979,0,0,0,5.682,0,p1dc86,Republican,Democratic,gun control,gc_control2
12/13/2023 13:28,12/13/2023 13:33,100,268,TRUE,12/13/2023 13:33,11.002,11.002,12.402,1,Once in a while,50.201,56.793,57.774,3,Disagree,Neither agree nor disagree,22.482,27.887,30.302,4,50,50,15.057,46.116,47.287,10,Somewhat well,Somewhat well,Very well,Somewhat well,Extremely well,Somewhat well,1.324,1.324,7.966,1,45103,42.103,42.103,49.381,1,0,0,23.65,0,0,0,11.4,0,,,,,0,0,9.792,0,x8mtp6,Democratic,Republican,immigration,imm_pc
12/13/2023 13:31,12/13/2023 13:34,100,181,TRUE,12/13/2023 13:34,11.411,11.411,12.362,1,About half the time,11.258,21.662,22.093,5,Somewhat agree,Strongly agree,14.429,28.979,29.699,5,60,40,11.153,41.304,42.431,10,Very well,Extremely well,Very well,Very well,Very well,Very well,1.879,1.879,4.466,1,55445,0,0,10.9,0,9.508,9.508,11,1,0,0,6.749,0,11.196,11.196,21.541,1,0,0,7.472,0,a3c1va,Democratic,Republican,gun control,gc_treat
12/13/2023 13:33,12/13/2023 13:34,100,78,TRUE,12/13/2023 13:34,4.687,4.687,5.648,1,About half the time,3.511,6.858,7.623,2,Strongly agree,Somewhat agree,2.778,6.209,8.639,2,50,50,3.383,15.344,16.044,8,Very well,Very well,Very well,Very well,Very well,Very well,2.757,2.757,6.435,1,60466,0,0,6.507,0,0,0,8.253,0,0,0,4.154,0,0,0,5.234,0,0,0,5.234,0,kyn7wt,Democratic,Republican,gun control,gc_control1
12/13/2023 13:31,12/13/2023 13:35,100,219,TRUE,12/13/2023 13:35,38.137,38.137,41.312,1,Most of the time,7.655,23.435,24.255,4,Agree,Strongly agree,13.928,23.723,35.05,2,30,70,9.709,71.452,72.306,21,Somewhat well,Very well,Somewhat well,Somewhat well,Somewhat well,Somewhat well,2.319,2.319,7.089,1,40445,0,0,11.702,0,0,0,3.433,0,0,0,5.319,0,,,,,0,0,10.191,0,xnfyn9,Republican,Democratic,immigration,imm_pc
12/13/2023 13:34,12/13/2023 13:36,100,108,TRUE,12/13/2023 13:36,12.888,12.888,13.894,1,Once in a while,5.187,10.201,11.084,3,Neither agree nor disagree,Strongly agree,11.859,18.007,19.943,4,50,50,3.843,19.427,21.749,9,Very well,Very well,Very well,Very well,Very well,Very well,1.237,1.237,3.391,1,10029,0,0,6.884,0,0,0,6.52,0,0,0,2.951,0,0,0,12.257,0,0,0,5.523,0,ah13gu,Democratic,Republican,gun control,gc_treat
12/13/2023 13:34,12/13/2023 13:37,100,154,TRUE,12/13/2023 13:37,3.644,8.725,10.281,2,Once in a while,9.22,12.712,14.219,3,Strongly disagree,Strongly agree,14.452,16.844,22.869,2,85,15,4.238,23.861,25.642,11,Very well,Very well,Very well,Very well,Very well,Extremely well,1.473,1.473,5.629,1,98366,0,0,19.945,0,2.522,2.522,11.146,1,0,0,5.508,0,0,0,24.314,0,0,0,7.145,0,fgvnf8,Democratic,Republican,immigration,imm_treat
12/13/2023 13:33,12/13/2023 13:37,100,238,TRUE,12/13/2023 13:37,39.908,39.908,41.005,1,Almost Never,12.021,26.366,30.567,3,Somewhat agree,Agree,22.652,32.757,37.591,3,60,40,15.905,43.595,44.759,9,Somewhat well,Very well,Very well,Somewhat well,Somewhat well,Somewhat well,2.09,2.09,5.485,1,20784,0,0,12.692,0,0,0,25.786,0,0,0,8.788,0,0,0,15.442,0,0,0,8.46,0,t2hh6k,Democratic,Republican,immigration,imm_treat
12/13/2023 13:35,12/13/2023 13:37,100,112,TRUE,12/13/2023 13:37,6.099,6.099,7.504,1,About half the time,5.591,12.628,15.482,4,Strongly agree,Strongly disagree,8.357,11.684,16.384,2,50,100,7.611,33.583,34.357,10,Somewhat well,Somewhat well,Very well,Not too well,Somewhat well,Very well,1.346,1.346,4.551,1,08876,0,0,9.01,0,0,0,4.121,0,0,0,2.95,0,0,0,8.438,0,0,0,5.556,0,nbwdbg,Democratic,Republican,immigration,imm_control3
12/13/2023 13:36,12/13/2023 13:37,100,82,TRUE,12/13/2023 13:37,7.5,7.973,8.795,2,Once in a while,5.021,12.338,14.971,4,Neither agree nor disagree,Agree,8.913,12.596,14.234,3,50,50,4.62,15.579,16.341,9,Extremely well,Extremely well,Extremely well,Extremely well,Extremely well,Extremely well,1.738,1.738,5.419,1,95112,0,0,2.512,0,0,0,2.022,0,0,0,1.759,0,,,,,0,0,6.041,0,p29wya,Republican,Democratic,gun control,gc_pc
12/13/2023 13:36,12/13/2023 13:38,100,80,TRUE,12/13/2023 13:38,2.402,3.669,4.293,3,Almost Never,4.432,12.306,12.994,5,Agree,Strongly agree,2.09,26.692,28.39,5,100,0,3.812,18.179,18.844,14,Not at all well,Very well,Very well,Very well,Very well,Very well,1.3,1.3,3.688,1,33021,0,0,1.567,0,1.047,1.047,1.682,1,0,0,1.048,0,,,,,0,0,1.453,0,3ny28g,Republican,Democratic,gun control,gc_pc
12/13/2023 13:38,12/13/2023 13:40,100,101,TRUE,12/13/2023 13:40,4.951,4.951,5.636,1,All the time,4.508,9.844,10.576,3,Strongly disagree,Somewhat agree,11.912,19.969,20.562,4,70,20,6.833,24.631,25.201,9,Extremely well,Very well,Extremely well,Somewhat well,Very well,Very well,2.642,2.642,10.054,1,32162,0,0,3.968,0,0,0,3.922,0,0,0,3.901,0,0,0,5.081,0,0,0,5.745,0,cc4etk,Republican,Democratic,gun control,gc_control2
12/13/2023 13:37,12/13/2023 13:40,100,199,TRUE,12/13/2023 13:40,29.063,29.561,31.48,2,Most of the time,11.079,19.882,24.746,6,Neither agree nor disagree,Somewhat disagree,10.526,18.974,19.868,4,50,50,5.659,33.526,34.812,11,Very well,Very well,Very well,Very well,Very well,Somewhat well,1.817,1.817,6.734,1,48047,0,0,14.284,0,21.94,36.789,38.485,2,4.411,4.411,5.326,1,0,0,11.79,0,0,0,8.046,0,qdrv9v,Democratic,Republican,immigration,imm_control3
12/13/2023 13:36,12/13/2023 13:40,100,269,TRUE,12/13/2023 13:40,35.401,35.401,36.95,1,Most of the time,14.717,18.887,19.8,2,Neither agree nor disagree,Strongly disagree,7.601,17.993,20.034,5,60,60,13.891,33,34.293,9,Somewhat well,Very well,Somewhat well,Very well,Very well,Very well,5.691,5.691,9.995,1,20120,0,0,21.356,0,0,0,14.298,0,0,0,6.612,0,,,,,0,0,93.238,0,hxvqvq,Republican,Democratic,gun control,gc_pc
12/13/2023 13:39,12/13/2023 13:40,100,87,TRUE,12/13/2023 13:40,16.911,16.911,17.304,1,Once in a while,4.511,12.888,13.806,3,Somewhat disagree,Strongly agree,8.858,12.671,15.147,3,80,5,8.557,21.83,22.786,11,Very well,Very well,Very well,Very well,Very well,Very well,1.06,1.06,3.934,1,98006,0,0,1.634,0,0,0,1.521,0,1.715,1.715,3.932,1,0,0,0.856,0,0,0,0.844,0,v3pamx,Democratic,Republican,immigration,imm_control3
12/13/2023 13:38,12/13/2023 13:40,100,132,TRUE,12/13/2023 13:40,19.895,25.251,25.845,5,About half the time,23.063,30.04,30.436,7,Neither agree nor disagree,Disagree,3.562,9.205,9.538,5,40,60,3.092,20.101,20.4,13,Somewhat well,Somewhat well,Somewhat well,Somewhat well,Somewhat well,Somewhat well,0.793,0.793,8.047,1,35051,0,0,7.277,0,0,0,2.976,0,0,0,2.282,0,0,0,4.33,0,0,0,6.357,0,xkxbtx,Democratic,Republican,gun control,gc_control3
12/13/2023 13:39,12/13/2023 13:41,100,83,TRUE,12/13/2023 13:41,4.601,4.601,5.578,1,Most of the time,3.226,7.247,8.077,2,Neither agree nor disagree,Strongly agree,4.984,9.824,12.442,2,35,75,5.636,29.495,30.208,10,Somewhat well,Somewhat well,Very well,Somewhat well,Somewhat well,Somewhat well,1.055,1.055,3.689,1,30314,0,0,4.093,0,0,0,5.752,0,0,0,2.771,0,,,,,0,0,5.772,0,yku1f1,Republican,Democratic,gun control,gc_pc
12/13/2023 13:39,12/13/2023 13:42,100,172,TRUE,12/13/2023 13:42,15.047,15.047,16.001,1,Once in a while,10.802,15.852,16.751,2,Somewhat disagree,Somewhat disagree,12.386,21.021,21.55,6,60,40,10.303,35.521,36.095,11,Somewhat well,Somewhat well,Very well,Somewhat well,Somewhat well,Somewhat well,3.503,3.503,6.972,1,53538,0,0,14.688,0,0,0,17.701,0,6.801,8.301,9.09,2,0,0,12.9,0,0,0,8.485,0,p1ac1p,Republican,Democratic,immigration,imm_treat
12/13/2023 13:39,12/13/2023 13:42,100,179,TRUE,12/13/2023 13:42,5.279,5.279,6.034,1,Most of the time,17.68,23.426,25.087,4,Strongly agree,Strongly agree,8.918,11.797,17.355,2,80,15,6.1,22.817,23.647,10,Very well,Extremely well,Somewhat well,Very well,Extremely well,Somewhat well,1.566,1.566,4.584,1,49221,0,0,6.708,0,0,0,77.793,0,0,0,4.185,0,,,,,0,0,5.934,0,6cn23v,Democratic,Republican,gun control,gc_pc
12/13/2023 13:38,12/13/2023 13:43,100,304,TRUE,12/13/2023 13:43,9.6,9.6,11.046,1,Most of the time,14.729,62.009,63.101,3,Neither agree nor disagree,Strongly disagree,18.23,47.983,49.619,10,25,35,7.295,29.569,31.343,8,Extremely well,Extremely well,Extremely well,Extremely well,Extremely well,Very well,6.228,6.228,13.59,1,30507,0,0,20.201,0,69.324,69.324,70.072,1,0,0,10.783,0,0,0,13.589,0,0,0,11.837,0,tqce9e,Democratic,Republican,immigration,imm_control1
12/13/2023 13:42,12/13/2023 13:43,100,98,TRUE,12/13/2023 13:43,1.38,15.83,16.842,4,About half the time,5.478,12.384,13.028,4,Neither agree nor disagree,Agree,0.927,8.644,10.228,4,80,0,3.88,15.378,15.943,11,Somewhat well,Somewhat well,Somewhat well,Somewhat well,Somewhat well,Somewhat well,0.895,0.895,3.101,1,30114,3.539,3.539,8.206,1,1.603,4.038,8.789,2,1.376,1.376,1.877,1,0,0,8.031,0,0,0,6.905,0,hmewnx,Democratic,Republican,gun control,gc_treat
12/13/2023 13:43,12/13/2023 13:44,100,67,TRUE,12/13/2023 13:44,4.313,5.867,7.962,2,Most of the time,2.092,5.674,7.743,3,Strongly disagree,Strongly agree,6.485,11.069,12.501,3,50,0,3.028,13.396,14.183,10,Very well,Very well,Somewhat well,Somewhat well,Very well,Very well,0.956,0.956,4.014,1,11237,0,0,3.199,0,2.243,2.243,2.885,1,0,0,2.876,0,0,0,2.301,0,0,0,3.393,0,bnu2fa,Democratic,Republican,immigration,imm_control3
12/13/2023 13:40,12/13/2023 13:44,100,220,TRUE,12/13/2023 13:44,12.518,13.37,13.958,2,About half the time,8.966,14.024,14.903,2,Neither agree nor disagree,Somewhat disagree,9.311,14.411,18.209,3,85,15,67.749,118.622,119.325,11,Somewhat well,Somewhat well,Somewhat well,Somewhat well,Somewhat well,Not too well,1.375,1.375,4.04,1,30808,0,0,7.936,0,0,0,9.625,0,0,0,3.238,0,0,0,10.706,0,0,0,10.008,0,7gabcv,Republican,Democratic,gun control,gc_treat
12/13/2023 13:40,12/13/2023 13:44,100,258,TRUE,12/13/2023 13:44,11.3,11.3,12.87,1,All the time,24.724,36.772,38.054,3,Neither agree nor disagree,Strongly agree,32.173,46.35,64.586,3,50,90,12.043,37.354,38.599,8,Extremely well,Extremely well,Extremely well,Extremely well,Extremely well,Extremely well,2.477,2.477,9.287,1,46151,0,0,19.615,0,0,0,17.414,0,0,0,11.167,0,0,0,27.154,0,0,0,11.401,0,gn3nv7,Republican,Democratic,gun control,gc_treat
12/13/2023 13:44,12/13/2023 13:44,100,37,TRUE,12/13/2023 13:45,5.714,5.714,6.643,1,Almost Never,1.192,3.306,4.052,3,Strongly disagree,Strongly disagree,1.723,4.489,6.058,2,50,50,0.903,5.15,6.25,8,Extremely well,Somewhat well,Not too well,Somewhat well,Not too well,Not too well,1.015,3.828,3.855,2,77584,0,0,0.797,0,0.488,0.488,1.614,1,0,0,0.813,0,,,,,0,0,0.791,0,t1a6ch,Democratic,Republican,immigration,imm_pc
12/13/2023 13:43,12/13/2023 13:45,100,112,TRUE,12/13/2023 13:45,7.438,8.07,8.733,2,Most of the time,3.093,9.376,9.839,4,Somewhat disagree,Strongly agree,5.31,9.881,11.616,4,75,25,3.58,21.885,22.44,12,Very well,Very well,Not too well,Very well,Very well,Very well,1.3,1.3,3.329,1,11364,0,0,26.621,0,0,0,6.817,0,0,0,2.835,0,2.266,2.266,9.445,1,0,0,6.643,0,xzzehx,Democratic,Republican,gun control,gc_control1
12/13/2023 13:39,12/13/2023 13:45,100,401,TRUE,12/13/2023 13:45,8.076,8.076,9.357,1,Almost Never,7.069,9.605,10.257,3,Neither agree nor disagree,Agree,3.043,7.899,9.83,6,75,25,6.509,25.237,25.845,11,Somewhat well,Somewhat well,Somewhat well,Not too well,Somewhat well,Somewhat well,0.882,0.882,4.221,1,40356,0,0,26.294,0,0,0,92.356,0,0,0,2.735,0,,,,,0,0,4.704,0,d6gcbw,Democratic,Republican,gun control,gc_pc
12/13/2023 13:44,12/13/2023 13:46,100,102,TRUE,12/13/2023 13:46,5.281,5.88,6.506,2,Most of the time,18.227,22.836,25.382,3,Neither agree nor disagree,Strongly agree,6.356,8.901,10.199,3,100,5,3.097,23.284,23.849,10,Very well,Somewhat well,Somewhat well,Not too well,Somewhat well,Somewhat well,0.998,0.998,3.724,1,28775,0,0,5.769,0,0,0,3.813,0,0,0,3.118,0,0,0,9.961,0,0,0,4.963,0,qbhpd1,Democratic,Republican,gun control,gc_treat
12/13/2023 13:44,12/13/2023 13:47,100,153,TRUE,12/13/2023 13:47,9.173,9.173,10.267,1,About half the time,4.984,9.444,10.436,2,Agree,Neither agree nor disagree,4.452,7.95,9.566,3,50,100,7.101,63.515,64.462,7,Not too well,Not too well,Somewhat well,Not too well,Not too well,Not at all well,26.539,26.539,30.823,1,60610,0,0,7.835,0,0,0,5.906,0,0,0,1.542,0,0,0,2.83,0,0,0,1.097,0,xb374t,Democratic,Republican,immigration,imm_control2
12/13/2023 13:44,12/13/2023 13:47,100,226,TRUE,12/13/2023 13:47,9.619,9.619,10.416,1,Once in a while,10.1,22.024,22.741,3,Agree,Strongly agree,17.337,31.535,32.169,6,50,50,15.51,58.891,62.401,15,Very well,Somewhat well,Extremely well,Very well,Not too well,Very well,24.797,27.175,32.301,2,60007,0,0,10.48,0,19.34,22.362,29.563,3,0,0,5.784,0,,,,,0,0,8.155,0,a4at6g,Democratic,Republican,gun control,gc_pc
12/13/2023 13:41,12/13/2023 13:48,100,448,TRUE,12/13/2023 13:48,123.434,123.434,124.244,1,Most of the time,2.376,9.434,9.958,7,Agree,Strongly agree,2.901,5.86,7.624,5,0,50,1.549,86.337,86.937,14,Extremely well,Extremely well,Extremely well,Extremely well,Extremely well,Extremely well,1.001,1.001,4.981,1,80013,0,0,7.201,0,0,0,8.418,0,0,0,2.201,0,180.701,180.701,181.485,1,0,0,4.201,0,dgtmu4,Republican,Democratic,gun control,gc_treat
12/13/2023 13:48,12/13/2023 13:50,100,131,TRUE,12/13/2023 13:50,7.402,7.402,8.977,1,Most of the time,5.002,10.877,11.601,4,Agree,Agree,9.103,18.797,20.242,6,70,5,5.902,30.964,32.005,14,Very well,Very well,Not too well,Very well,Very well,Not too well,1.901,1.901,7.392,1,25312,0,0,8.944,0,0,0,6.928,0,0,0,6.67,0,0,0,6.471,0,0,0,7.628,0,69qxnx,Democratic,Republican,gun control,gc_control1
12/13/2023 13:47,12/13/2023 13:51,100,236,TRUE,12/13/2023 13:51,16.227,16.227,17.561,1,Once in a while,12.09,24.848,26.715,2,Disagree,Strongly agree,20.125,26.708,30.401,2,50,100,18.855,53.497,54.212,8,Not at all well,Somewhat well,Extremely well,Somewhat well,Extremely well,Extremely well,5.154,5.154,10.86,1,07304,0,0,17.565,0,19.883,19.883,21.67,1,0,0,14.012,0,0,0,23.707,0,0,0,13.256,0,ryq2nu,Republican,Democratic,gun control,gc_treat
12/13/2023 13:49,12/13/2023 13:52,100,159,TRUE,12/13/2023 13:52,16.605,16.605,34.445,1,About half the time,8.791,12.848,15.723,2,Neither agree nor disagree,Strongly agree,6.9,19.228,20.729,3,50,0,4.537,33.036,34.088,11,Somewhat well,Extremely well,Extremely well,Very well,Extremely well,Extremely well,2.43,2.43,4.665,1,78612,0,0,10.2,0,5.275,5.275,8.289,1,1.242,1.242,3.149,1,,,,,0,0,7.043,0,btrq9r,Democratic,Republican,gun control,gc_pc
12/13/2023 13:51,12/13/2023 13:52,100,61,TRUE,12/13/2023 13:52,3.301,3.301,4.439,1,Once in a while,3.829,6.979,7.668,2,Strongly disagree,Agree,3.116,6.001,7.437,2,60,40,6.586,15.19,15.748,7,Somewhat well,Very well,Not too well,Very well,Very well,Very well,3.141,3.141,8.571,1,60610,0,0,1.931,0,0,0,2.019,0,0,0,2.685,0,,,,,0,0,4.852,0,ad6zgb,Democratic,Republican,immigration,imm_pc
12/13/2023 13:49,12/13/2023 13:54,100,308,TRUE,12/13/2023 13:54,11.938,11.938,14.872,1,Once in a while,20.642,41.895,42.991,5,Disagree,Somewhat agree,22.751,86.074,86.835,16,50,40,9.378,52.228,55.985,10,Very well,Somewhat well,Somewhat well,Somewhat well,Somewhat well,Somewhat well,6.065,6.065,16.783,1,60436,0,0,18.253,0,7.665,9.088,21.601,2,0,0,11.376,0,0,0,19.301,0,0,0,12.001,0,dk7wxr,Democratic,Republican,immigration,imm_control3
12/13/2023 13:50,12/13/2023 13:55,100,327,TRUE,12/13/2023 13:55,14.408,14.408,15.494,1,Once in a while,7.438,12.745,14.763,2,Strongly agree,Strongly agree,67.444,73.593,79.477,4,50,0,13.356,56.235,57.082,9,Extremely well,Extremely well,Extremely well,Extremely well,Extremely well,Extremely well,1.81,1.81,5.555,1,74055,0,0,27.07,0,0,0,17.297,0,0,0,4.078,0,0,0,4.698,0,0,0,3.961,0,ddegm8,Democratic,Republican,gun control,gc_treat
12/13/2023 13:52,12/13/2023 13:56,100,242,TRUE,12/13/2023 13:56,4.902,4.902,5.492,1,All the time,94.969,97.361,98.365,3,Strongly agree,Strongly agree,7.057,14.975,17.443,4,20,20,4.301,17.056,17.501,8,Extremely well,Extremely well,Extremely well,Extremely well,Extremely well,Extremely well,1.458,1.458,12.95,1,98802,36.401,36.401,37.832,1,0,0,9.357,0,0,0,6.738,0,0,0,8.973,0,0,0,21.072,0,xepxfm,Republican,Democratic,immigration,imm_control2
12/13/2023 13:53,12/13/2023 13:56,100,179,TRUE,12/13/2023 13:56,6.502,6.502,9.902,1,Most of the time,7.15,11.817,12.388,3,Strongly disagree,Strongly agree,14.211,20.007,23.669,4,0,85,8.156,47.607,48.307,12,Somewhat well,Extremely well,Very well,Very well,Extremely well,Somewhat well,1.901,1.901,5.853,1,67203,0,0,15.3,0,0,0,8.671,0,0,0,11.301,0,0,0,19.238,0,0,0,13.001,0,3f86xn,Republican,Democratic,gun control,gc_treat
12/13/2023 13:54,12/13/2023 13:56,100,139,TRUE,12/13/2023 13:56,5.439,5.439,6.959,1,Almost Never,4.558,10.224,10.858,3,Neither agree nor disagree,Agree,10.333,17.545,18.19,6,60,40,5.424,18.355,18.954,10,Extremely well,Extremely well,Extremely well,Extremely well,Extremely well,Extremely well,2.308,2.308,5.875,1,46814,0,0,16.275,0,0,0,13.943,0,0,0,14.862,0,0,0,15.275,0,0,0,9.196,0,fbu6h1,Democratic,Republican,immigration,imm_control2
12/13/2023 13:54,12/13/2023 13:56,100,113,TRUE,12/13/2023 13:56,9.232,10.061,11.059,2,About half the time,7.665,14.656,15.501,4,Neither agree nor disagree,Somewhat disagree,7.5,11.503,17.379,2,60,60,4.685,23.473,24.472,9,Very well,Very well,Extremely well,Very well,Very well,Somewhat well,2.158,2.158,5.543,1,45302,0,0,7.865,0,8.297,8.297,9.2,1,6.222,6.222,8.753,1,,,,,0,0,6.301,0,7bh6r8,Democratic,Republican,immigration,imm_pc
12/13/2023 13:54,12/13/2023 13:56,100,164,TRUE,12/13/2023 13:56,9.858,9.858,10.569,1,Once in a while,6.992,16.093,16.509,4,Somewhat agree,Disagree,6.479,19.686,22.668,5,50,50,6.44,24.037,26.151,9,Very well,Very well,Very well,Very well,Very well,Very well,1.115,1.115,13.157,1,66548,0,0,26.789,0,0,0,9.058,0,0,0,4.2,0,0,0,11.723,0,0,0,9.728,0,3xqbyh,Republican,Democratic,immigration,imm_treat
12/13/2023 13:51,12/13/2023 13:57,100,383,TRUE,12/13/2023 13:57,4.46,4.46,5.318,1,Most of the time,3.593,8.556,8.85,3,Strongly disagree,Strongly agree,3.736,9.876,11.621,4,60,0,2.967,251.153,251.877,19,Very well,Very well,Not too well,Very well,Extremely well,Extremely well,0.949,1.867,4.676,2,32221,0,0,13.323,0,0,0,49.679,0,0,0,8.248,0,0,0,15.912,0,0,0,7.098,0,gkaz76,Democratic,Republican,immigration,imm_treat
12/13/2023 13:55,12/13/2023 13:58,100,139,TRUE,12/13/2023 13:58,5.553,7.788,9.071,2,Most of the time,3.537,13.152,15.591,5,Agree,Strongly agree,2.95,22.303,22.861,7,80,10,3.677,20.4,21.653,11,Extremely well,Extremely well,Extremely well,Very well,Very well,Very well,1.43,1.43,5.833,1,20132,0,0,13.284,0,8.934,8.934,12.464,1,0,0,8.019,0,13.188,13.188,17.756,1,0,0,4.9,0,2wuae3,Democratic,Republican,gun control,gc_treat
12/13/2023 13:55,12/13/2023 13:58,100,155,TRUE,12/13/2023 13:58,18.211,18.211,20.137,1,Almost Never,5.33,9.015,10.127,2,Neither agree nor disagree,Strongly agree,6.032,8.817,12,2,10,70,3.339,20.465,21.154,11,Very well,Extremely well,Very well,Extremely well,Extremely well,Not too well,35.661,35.661,38.761,1,44319,0,0,8.8,0,0,0,13.007,0,0,0,5.962,0,0,0,11.141,0,0,0,7.138,0,etmbe2,Republican,Democratic,immigration,imm_control3
12/13/2023 13:57,12/13/2023 13:59,100,89,TRUE,12/13/2023 13:59,5.105,6.49,7.255,3,About half the time,4.341,13.269,13.679,6,Agree,Somewhat agree,2.094,7.423,8.776,5,0,1,3.978,17.533,18.45,8,Extremely well,Extremely well,Extremely well,Extremely well,Extremely well,Extremely well,1.175,1.175,4.147,1,34746,0,0,14.649,0,0.42,0.42,2.754,1,0,0,1.801,0,0,0,3.564,0,0,0,3.651,0,8qwx2d,Republican,Democratic,gun control,gc_control3
12/13/2023 13:57,12/13/2023 13:59,100,138,TRUE,12/13/2023 13:59,24.188,24.888,25.501,2,All the time,7.331,22.783,23.553,3,Neither agree nor disagree,Somewhat agree,8.942,20.442,21.092,6,49,42,10.705,34.002,35.045,8,Very well,Extremely well,Extremely well,Extremely well,Very well,Somewhat well,1.344,1.344,5.201,1,66025,0,0,4.121,0,0,0,3.275,0,0,0,2.9,0,,,,,0,0,9.98,0,xku9wg,Republican,Democratic,gun control,gc_pc
12/13/2023 13:57,12/13/2023 13:59,100,151,TRUE,12/13/2023 13:59,9.803,9.803,12.794,1,Once in a while,7.94,11.219,12.279,3,Agree,Strongly agree,6.656,16.34,20.504,5,40,37,5.927,23.617,24.493,9,Somewhat well,Very well,Very well,Somewhat well,Somewhat well,Somewhat well,1.336,1.336,6.019,1,04011,0,0,8.469,0,0,0,10.826,0,0,0,7.587,0,0,0,21.643,0,0,0,19.137,0,f3m7zz,Republican,Democratic,immigration,imm_treat
12/13/2023 13:58,12/13/2023 14:00,100,104,TRUE,12/13/2023 14:00,5.9,5.9,7.081,1,All the time,6.228,10.283,11.299,3,Strongly disagree,Strongly disagree,2.595,10.638,17.343,3,15,85,13.408,37.003,37.89,9,Not at all well,Somewhat well,Extremely well,Not at all well,Extremely well,Extremely well,1.756,1.756,5.539,1,13069,0,0,3.772,0,0,0,4.743,0,0,0,1.677,0,0,0,1.3,0,0,0,6.422,0,fm8whu,Democratic,Republican,immigration,imm_treat
12/13/2023 13:59,12/13/2023 14:02,100,129,TRUE,12/13/2023 14:02,11.873,11.873,13.488,1,Most of the time,9.759,15.584,16.288,4,Somewhat agree,Somewhat agree,9.306,13.528,16.467,3,60,60,7.639,37.312,38.014,10,Somewhat well,Very well,Very well,Very well,Very well,Somewhat well,2.182,2.182,6.288,1,15235,0,0,6.825,0,0,0,5.383,0,0,0,4.732,0,0,0,3.804,0,0,0,5.722,0,2t1rcw,Republican,Democratic,gun control,gc_control2
12/13/2023 13:59,12/13/2023 14:02,100,157,TRUE,12/13/2023 14:02,20.067,20.067,22.261,1,About half the time,14.212,19.701,21.101,2,Somewhat disagree,Somewhat disagree,11.964,27.294,27.762,4,40,35,5.978,37.236,37.893,8,Very well,Somewhat well,Very well,Very well,Somewhat well,Very well,1.312,1.312,4.833,1,33063,0,0,8.26,0,0,0,7.053,0,0,0,4,0,0,0,9.368,0,0,0,6.622,0,1z4cp3,Democratic,Republican,immigration,imm_control3
12/13/2023 14:00,12/13/2023 14:02,100,130,TRUE,12/13/2023 14:02,5.824,6.319,7.872,2,Most of the time,16.2,26.159,27.036,5,Disagree,Agree,2.522,9.417,10.071,7,30,50,3.001,12.553,14.974,13,Extremely well,Extremely well,Extremely well,Extremely well,Extremely well,Extremely well,1.358,1.358,7.8,1,98391,0,0,11.389,0,2.9,12.044,12.779,2,0,0,3.184,0,0,0,12.157,0,0,0,12.762,0,rzgdvn,Democratic,Republican,gun control,gc_treat
12/13/2023 14:01,12/13/2023 14:03,100,137,TRUE,12/13/2023 14:03,4.549,5.751,6.202,3,All the time,5.574,17.823,18.863,9,Somewhat disagree,Agree,28.571,49.222,56.746,9,25,25,5.253,25.508,26.167,12,Not too well,Somewhat well,Not too well,Not too well,Very well,Not at all well,1.147,1.147,4.104,1,85308,0,0,3.991,0,3.163,3.163,4.761,1,2.364,2.364,3.715,1,,,,,0,0,5.01,0,3y1wrh,Democratic,Republican,gun control,gc_pc
12/13/2023 14:00,12/13/2023 14:03,100,185,TRUE,12/13/2023 14:03,10.866,10.866,13.202,1,Most of the time,9.182,15.572,17.805,2,Somewhat disagree,Disagree,13.566,19.129,19.601,5,100,100,13.696,34.743,36.605,10,Somewhat well,Extremely well,Extremely well,Extremely well,Extremely well,Extremely well,1.859,1.859,6.663,1,36201,0,0,12.351,0,0,0,11.703,0,0,0,12.501,0,0,0,27.901,0,0,0,11.601,0,tn7tt7,Democratic,Republican,gun control,gc_treat
12/13/2023 14:01,12/13/2023 14:03,100,150,TRUE,12/13/2023 14:03,7.001,7.001,8.701,1,Most of the time,8.981,14.489,14.934,3,Strongly agree,Strongly agree,9.601,19.836,20.378,4,20,60,5.401,22.706,23.345,9,Somewhat well,Extremely well,Very well,Very well,Extremely well,Extremely well,1.367,1.367,7.185,1,32839,0,0,14.237,0,0,0,13.201,0,0,0,9.602,0,,,,,0,0,28.687,0,x3dup3,Republican,Democratic,immigration,imm_pc
12/13/2023 14:02,12/13/2023 14:04,100,108,TRUE,12/13/2023 14:04,6.411,6.411,7.787,1,Once in a while,5.658,11.864,12.301,3,Somewhat disagree,Neither agree nor disagree,5.316,14.728,15.49,5,50,50,4.386,21.836,22.2,10,Somewhat well,Somewhat well,Somewhat well,Somewhat well,Somewhat well,Not too well,1.278,1.278,4.7,1,48463,0,0,9.669,0,0,0,10.801,0,0,0,6,0,,,,,0,0,7.204,0,wbfxz3,Republican,Democratic,gun control,gc_pc
12/13/2023 14:00,12/13/2023 14:04,100,203,TRUE,12/13/2023 14:04,10.411,11.342,13.101,2,About half the time,5.864,14.361,15.347,3,Strongly disagree,Disagree,6.797,13.414,14.355,4,10,75,12.204,53.615,54.635,15,Not too well,Somewhat well,Somewhat well,Very well,Somewhat well,Not too well,1.774,1.774,5,1,42567,0,0,12.687,0,0,0,22.281,0,0,0,18.769,0,0,0,28.624,0,0,0,7.431,0,kdht6u,Democratic,Republican,immigration,imm_treat
12/13/2023 14:00,12/13/2023 14:04,100,214,TRUE,12/13/2023 14:04,11.852,14.113,14.777,3,Once in a while,7.86,36.61,37.157,6,Neither agree nor disagree,Strongly agree,26.492,32.025,35.381,3,50,50,9.215,42.2,43.26,11,Somewhat well,Somewhat well,Very well,Very well,Very well,Somewhat well,2.172,2.172,7.953,1,28390,0,0,28.738,0,12.659,12.659,16.851,1,12.283,12.283,13.12,1,,,,,0,0,11.281,0,uzx7zd,Democratic,Republican,gun control,gc_pc
12/13/2023 14:02,12/13/2023 14:04,100,136,TRUE,12/13/2023 14:04,5.501,5.501,6.25,1,Once in a while,38.378,44.442,44.843,3,Neither agree nor disagree,Strongly agree,9.363,15.014,15.494,5,100,0,8.877,23.688,24.339,8,Somewhat well,Not too well,Very well,Somewhat well,Somewhat well,Not at all well,1.18,1.18,5.801,1,02878,0,0,4.284,0,0,0,5.627,0,0,0,4.667,0,,,,,0,0,6.241,0,rbkn2x,Republican,Democratic,gun control,gc_pc
12/13/2023 14:03,12/13/2023 14:04,100,113,TRUE,12/13/2023 14:04,6.654,7.811,8.297,2,All the time,6.3,9.248,10.499,3,Strongly agree,Strongly disagree,9.596,17.149,17.945,5,0,50,5.571,21.954,22.982,10,Very well,Very well,Very well,Very well,Somewhat well,Very well,1.087,1.087,5.635,1,93450,0,0,7.458,0,0,0,8.399,0,0,0,5.54,0,0,0,11.893,0,0,0,5.8,0,16rhru,Democratic,Republican,gun control,gc_treat
12/13/2023 13:56,12/13/2023 14:05,100,563,TRUE,12/13/2023 14:05,9.978,9.978,12.188,1,Once in a while,11.817,18.901,21.1,2,Disagree,Neither agree nor disagree,2.578,34.222,35.199,6,70,56,11.101,43.383,44.833,9,Not too well,Very well,Very well,Very well,Extremely well,Not too well,2.354,2.354,6.3,1,44510,0,0,10.001,0,55.316,65.881,66.392,2,11.285,11.483,13.062,2,0,0,16.252,0,0,0,326.063,0,4ectut,Democratic,Republican,gun control,gc_treat
12/13/2023 14:01,12/13/2023 14:05,100,267,TRUE,12/13/2023 14:06,4.146,4.493,5.772,2,Once in a while,1.972,5.41,6.926,4,Neither agree nor disagree,Somewhat agree,3.488,11.839,12.42,3,40,55,1.304,53.971,55.115,13,Extremely well,Extremely well,Extremely well,Extremely well,Extremely well,Extremely well,1.189,1.189,4.739,1,90048,0,0,1.215,0,3.321,4.648,5.427,2,2.244,2.244,2.648,1,0.675,0.675,3.344,1,0,0,3.503,0,upvf32,Republican,Democratic,immigration,imm_control3
12/13/2023 14:05,12/13/2023 14:06,100,62,TRUE,12/13/2023 14:06,5.836,5.836,6.796,1,About half the time,3.081,6.809,7.4,2,Neither agree nor disagree,Agree,2.582,7.153,9.434,4,60,40,3.938,12.895,13.6,9,Extremely well,Extremely well,Extremely well,Extremely well,Extremely well,Extremely well,1.244,1.244,3.391,1,40047,0,0,3.235,0,0,0,3.454,0,0,0,5.134,0,,,,,0,0,3.631,0,rqxqu2,Democratic,Republican,immigration,imm_pc
12/13/2023 14:01,12/13/2023 14:08,100,369,TRUE,12/13/2023 14:08,19.511,19.511,20.455,1,Most of the time,84.082,87.247,88.379,2,Somewhat agree,Agree,11.546,20.441,24.757,2,60,40,18.554,30.327,30.966,8,Somewhat well,Somewhat well,Very well,Not too well,Somewhat well,Somewhat well,7.079,7.079,10.819,1,92801,0,0,17.73,0,47.188,47.188,51.062,1,0.135,0.252,12.078,2,0,0,35.528,0,0,0,60.482,0,kyzudn,Republican,Democratic,gun control,gc_control1
12/13/2023 14:06,12/13/2023 14:08,100,96,TRUE,12/13/2023 14:08,4.27,4.27,5.014,1,Most of the time,12.169,16.887,18.196,3,Disagree,Agree,8.035,11.022,13.194,3,20,85,3.418,16.758,17.48,8,Very well,Extremely well,Somewhat well,Very well,Extremely well,Extremely well,1.337,1.337,3.834,1,38585,0,0,5.022,0,5.501,5.501,6.349,1,0,0,4.144,0,0,0,12.307,0,0,0,5.28,0,b4u92q,Republican,Democratic,gun control,gc_control1
12/13/2023 14:07,12/13/2023 14:08,100,106,TRUE,12/13/2023 14:08,9.775,9.775,10.569,1,Once in a while,7.066,11.919,12.696,2,Agree,Somewhat agree,6.519,18.059,20.412,2,30,100,5.533,20.759,21.391,12,Not too well,Very well,Very well,Extremely well,Extremely well,Very well,1.31,1.31,4.989,1,30052,0,0,6.494,0,0,0,4.085,0,0,0,2.912,0,0,0,4.123,0,0,0,7.902,0,692wd7,Republican,Democratic,gun control,gc_control2
12/13/2023 14:08,12/13/2023 14:09,100,48,TRUE,12/13/2023 14:09,3.037,3.037,3.748,1,Most of the time,4.501,7.268,8.194,2,Agree,Agree,1.558,3.625,5.549,2,10,80,2.225,12.44,12.895,10,Very well,Very well,Extremely well,Somewhat well,Very well,Very well,0.829,0.829,2.795,1,02420,0,0,1.02,0,0,0,1.524,0,0,0,1.212,0,0,0,3.016,0,0,0,0.847,0,zqkd1e,Republican,Democratic,gun control,gc_treat
12/13/2023 14:04,12/13/2023 14:09,100,288,TRUE,12/13/2023 14:09,5.887,5.887,6.601,1,All the time,7.607,55.97,58.046,11,Disagree,Strongly agree,9.192,15.712,16.229,4,10,100,5.017,47.908,49.123,11,Not too well,Very well,Very well,Very well,Somewhat well,Somewhat well,2.139,2.139,6.299,1,83201,0,0,6.497,0,18.359,18.359,31.901,1,0,0,5.301,0,29.408,29.408,94.842,1,0,0,6.051,0,bwkg2z,Republican,Democratic,gun control,gc_control1
12/13/2023 14:06,12/13/2023 14:09,100,155,TRUE,12/13/2023 14:09,8.801,12.085,13.288,3,About half the time,6.601,16.524,17.404,3,Neither agree nor disagree,Somewhat agree,13.001,25.097,25.817,6,50,50,5.901,31.076,32.077,9,Somewhat well,Somewhat well,Very well,Very well,Somewhat well,Not too well,3.202,3.202,9.001,1,97814,0,0,14.901,0,14.977,14.977,15.766,1,0,0,9.687,0,,,,,0,0,10.252,0,rhee8h,Republican,Democratic,immigration,imm_pc
12/13/2023 14:06,12/13/2023 14:09,100,169,TRUE,12/13/2023 14:09,29.792,29.792,30.966,1,About half the time,17.696,23.415,25.947,2,Somewhat disagree,Agree,7.539,18.116,19.366,3,45,85,6.77,22.379,23.779,11,Very well,Very well,Very well,Very well,Very well,Very well,1.168,1.168,6.484,1,90248,0,0,7.982,0,0,0,12.245,0,0,0,7.556,0,0,0,23.431,0,0,0,7.012,0,cmpuef,Republican,Democratic,gun control,gc_treat
12/13/2023 14:08,12/13/2023 14:10,100,164,TRUE,12/13/2023 14:10,7.015,7.015,8.896,1,About half the time,6.501,12.79,13.9,2,Disagree,Agree,5.512,25.294,28.784,8,70,40,6.171,32.249,33.197,8,Very well,Very well,Extremely well,Very well,Very well,Extremely well,2.055,2.055,4.5,1,78666,0,0,15.72,0,15.258,15.258,16.001,1,0,0,9.901,0,0,0,14.436,0,0,0,11.52,0,ay4v4u,Democratic,Republican,immigration,imm_treat
12/13/2023 14:09,12/13/2023 14:12,100,174,TRUE,12/13/2023 14:12,38.401,39.368,40.373,2,About half the time,4.001,8.256,8.717,3,Disagree,Disagree,14.171,18.601,24.496,4,30,19,4.98,25.894,26.826,11,Not too well,Not too well,Very well,Very well,Very well,Extremely well,2.801,2.801,8.255,1,90807,0,0,13.529,0,0,0,10.689,0,0,0,8.545,0,0,0,12.697,0,0,0,7.869,0,a6punv,Democratic,Republican,gun control,gc_treat
12/13/2023 14:09,12/13/2023 14:12,100,137,TRUE,12/13/2023 14:12,7.41,7.41,8.249,1,Once in a while,6.583,11.657,12.871,2,Disagree,Somewhat agree,11.094,11.094,15.048,1,50,50,6.529,27.607,28.001,8,Not too well,Somewhat well,Somewhat well,Not too well,Somewhat well,Somewhat well,1.567,1.567,4.972,1,32713,0,0,40.902,0,0,0,6.763,0,0,0,5.266,0,,,,,0,0,8.1,0,nuczur,Democratic,Republican,gun control,gc_pc
12/13/2023 14:08,12/13/2023 14:13,100,289,TRUE,12/13/2023 14:13,8.574,8.574,10.283,1,Most of the time,3.635,8.432,10.762,2,Somewhat disagree,Agree,6.656,17.698,18.532,4,5,40,4.892,32.347,33.241,11,Very well,Very well,Very well,Very well,Very well,Very well,3.702,3.702,8.491,1,30728,0,0,39.128,0,0,0,4.96,0,0,0,137.561,0,0,0,8.831,0,0,0,6.481,0,86pv26,Republican,Democratic,immigration,imm_treat
12/13/2023 14:07,12/13/2023 14:13,100,378,TRUE,12/13/2023 14:13,12.701,12.701,14.701,1,Most of the time,24.992,38.088,39.938,3,Strongly disagree,Disagree,44.177,69.328,70.948,6,55,45,6.454,152.788,154.081,10,Extremely well,Extremely well,Extremely well,Extremely well,Extremely well,Extremely well,2.246,2.246,6.3,1,27405,0,0,51.301,0,0,0,9.663,0,0,0,1.939,0,,,,,0,0,19.617,0,94tyvw,Republican,Democratic,gun control,gc_pc
12/13/2023 14:12,12/13/2023 14:14,100,121,TRUE,12/13/2023 14:14,7.404,8.475,9.112,2,About half the time,3.747,13.705,14.56,5,Neither agree nor disagree,Agree,5.254,20.863,21.722,4,50,30,8.812,22.832,23.883,11,Not too well,Very well,Very well,Somewhat well,Very well,Somewhat well,1.384,1.384,4.907,1,11706,0,0,8.905,0,0,0,7.458,0,0,0,10.768,0,0,0,7.14,0,0,0,5.012,0,mv1yt1,Democratic,Republican,immigration,imm_control1
12/13/2023 14:11,12/13/2023 14:16,100,266,TRUE,12/13/2023 14:16,11.755,12.971,17.388,2,Once in a while,7.279,37.266,38.102,17,Disagree,Strongly agree,24.517,33.788,34.774,6,75,25,76.925,103.765,104.847,12,Somewhat well,Very well,Extremely well,Not too well,Extremely well,Extremely well,2.305,2.305,6.801,1,27107,0,0,13.237,0,8.074,8.074,9.264,1,0,0,10.301,0,0,0,7.702,0,0,0,10.282,0,xzy1ck,Democratic,Republican,gun control,gc_control3
12/13/2023 14:14,12/13/2023 14:16,100,132,TRUE,12/13/2023 14:16,8.468,8.468,11.083,1,Most of the time,9.479,15.68,18.649,2,Disagree,Agree,8.142,23.102,23.962,4,70,25,4.493,33.714,34.438,9,Very well,Very well,Somewhat well,Very well,Very well,Very well,6.141,6.141,9.567,1,90042,0,0,8.333,0,0,0,5.103,0,0,0,4.26,0,0,0,7.512,0,0,0,5.456,0,r6fn1b,Democratic,Republican,immigration,imm_treat
12/13/2023 14:14,12/13/2023 14:16,100,115,TRUE,12/13/2023 14:16,4.117,4.684,5.3,2,Most of the time,4.725,9.63,10.372,3,Agree,Somewhat agree,7.475,13.035,13.4,5,12,5,2.786,37.234,40.301,14,Very well,Not too well,Somewhat well,Not at all well,Very well,Not too well,1.515,1.515,4.919,1,90813,10.931,10.931,15.645,1,0,0,8.938,0,0,0,3.985,0,,,,,0,0,7.569,0,nckc3z,Democratic,Republican,gun control,gc_pc
12/13/2023 14:14,12/13/2023 14:16,100,139,TRUE,12/13/2023 14:16,8.464,8.464,10.801,1,All the time,5.831,14.728,17.057,3,Strongly disagree,Strongly agree,9.96,24.619,25.362,3,45,60,9.455,26.46,27.101,8,Somewhat well,Extremely well,Extremely well,Extremely well,Extremely well,Extremely well,2.052,2.052,6.374,1,29640,0,0,9.498,0,0,0,15.479,0,5.769,5.769,11.397,1,,,,,0,0,6.841,0,wc13d3,Republican,Democratic,immigration,imm_pc
12/13/2023 14:03,12/13/2023 14:16,100,773,TRUE,12/13/2023 14:16,302.611,302.611,303.973,1,Most of the time,4.476,8.178,9.501,2,Agree,Strongly agree,2.316,6.018,8.72,3,1,80,18.137,38.478,39.354,9,Very well,Extremely well,Extremely well,Extremely well,Extremely well,Very well,1.783,1.783,5.72,1,23452,0,0,3.534,0,0,0,2.343,0,0,0,2.864,0,,,,,0,0,4.909,0,8pwbfd,Republican,Democratic,immigration,imm_pc
12/13/2023 14:15,12/13/2023 14:16,100,86,TRUE,12/13/2023 14:16,9.501,9.501,10.587,1,About half the time,9.145,15.737,16.532,3,Neither agree nor disagree,Agree,2.287,14.953,15.432,5,75,56,8.089,23.001,23.957,9,Very well,Very well,Very well,Very well,Very well,Very well,1.797,1.797,5.396,1,33540,0,0,1.502,0,0,0,1.702,0,0,0,1.745,0,,,,,0,0,2.136,0,d9n383,Republican,Democratic,gun control,gc_pc
12/13/2023 14:15,12/13/2023 14:17,100,147,TRUE,12/13/2023 14:17,7.566,7.566,8.801,1,Once in a while,4.7,9.164,10.281,2,Strongly disagree,Strongly disagree,9.197,12.327,14.181,3,50,50,10.598,37.506,38.587,8,Not too well,Very well,Somewhat well,Very well,Somewhat well,Somewhat well,1.749,1.749,5.101,1,24019,0,0,24.781,0,0,0,10.976,0,0,0,5.232,0,0,0,11.595,0,0,0,11.555,0,tnx3qf,Democratic,Republican,immigration,imm_control1
12/13/2023 14:14,12/13/2023 14:17,100,183,TRUE,12/13/2023 14:17,8.194,8.194,9.384,1,Most of the time,42.724,49.014,49.649,3,Somewhat agree,Agree,12.881,31.501,31.901,4,40,40,8.669,32.103,33.043,9,Somewhat well,Very well,Very well,Very well,Very well,Very well,2.683,2.683,7.879,1,21215,0,0,11.227,0,0,0,12.812,0,0,0,10.686,0,,,,,0,0,11.927,0,vrtqbb,Republican,Democratic,immigration,imm_pc
12/13/2023 14:15,12/13/2023 14:18,100,177,TRUE,12/13/2023 14:18,5.893,8.502,9.312,2,Most of the time,7.278,10.602,11.991,2,Neither agree nor disagree,Strongly agree,4.701,10.501,13.787,4,100,70,39.301,53.977,54.475,9,Extremely well,Extremely well,Extremely well,Extremely well,Extremely well,Extremely well,31.701,31.701,39.675,1,36104,0,0,5.2,0,10.702,10.702,11.87,1,5.501,5.501,7.903,1,0,0,4.901,0,0,0,6.602,0,z74qka,Democratic,Republican,immigration,imm_control2
12/13/2023 14:15,12/13/2023 14:18,100,167,TRUE,12/13/2023 14:18,10.379,10.379,11.476,1,Once in a while,1.742,35.52,36.356,7,Somewhat agree,Agree,7.125,19.6,22.785,3,70,30,5.392,39.635,40.282,12,Somewhat well,Somewhat well,Very well,Very well,Very well,Very well,1.373,1.373,3.559,1,95993,1.609,1.609,6.266,1,8.394,8.394,11.493,1,0,0,6.073,0,0.806,13.865,14.72,2,0,0,7.499,0,4423rk,Republican,Democratic,immigration,imm_treat
12/13/2023 14:17,12/13/2023 14:18,100,98,TRUE,12/13/2023 14:18,4.601,5.215,5.801,2,About half the time,0.929,9.4,10.295,4,Disagree,Disagree,1.1,12.754,13.436,6,19,30,6.492,29.655,30.491,15,Not too well,Not too well,Somewhat well,Very well,Somewhat well,Not too well,1.717,1.717,5.8,1,90807,0,0,4.19,0,0.984,0.984,2.101,1,0,0,1.489,0,0,0,2.801,0,0,0,13.401,0,a6punv,Republican,Democratic,gun control,gc_treat
12/13/2023 14:16,12/13/2023 14:18,100,162,TRUE,12/13/2023 14:18,18.401,18.401,19.431,1,Most of the time,9.945,27.633,28.859,4,Neither agree nor disagree,Strongly agree,11.868,18.143,18.895,4,90,10,10.157,37.872,38.401,10,Somewhat well,Extremely well,Very well,Very well,Very well,Very well,1.614,1.614,6.119,1,80550,0,0,13.339,0,0,0,13.269,0,0,0,9.256,0,,,,,0,0,7.98,0,n1ghd7,Democratic,Republican,immigration,imm_pc
12/13/2023 14:15,12/13/2023 14:19,100,241,TRUE,12/13/2023 14:19,6.771,6.771,7.596,1,Most of the time,149.686,154.395,155.715,3,Strongly agree,Agree,3.05,13.241,14.053,4,5,60,5.253,20.706,21.568,8,Extremely well,Extremely well,Very well,Extremely well,Extremely well,Very well,1.177,5.539,9.245,2,46220,5.025,5.025,6.096,1,0,0,5.375,0,0,0,5.728,0,1.133,3.209,3.226,3,0,0,6.04,0,fq4vqb,Republican,Democratic,immigration,imm_control2
12/13/2023 14:11,12/13/2023 14:19,100,491,TRUE,12/13/2023 14:19,2.671,76.319,77.462,5,Once in a while,2.543,8.71,10.281,6,Somewhat agree,Somewhat agree,1.554,66.115,68.161,8,90,5,56.566,135.02,138.078,15,Not too well,Somewhat well,Somewhat well,Not too well,Somewhat well,Somewhat well,1.524,7.623,8.393,2,78253,0,0,102.469,0,1.747,2.797,6.717,2,2.485,52.612,57.682,2,0,0,7.971,0,0,0,9.011,0,4r4ppr,Democratic,Republican,gun control,gc_control2
12/13/2023 14:18,12/13/2023 14:19,100,85,TRUE,12/13/2023 14:19,6.724,6.724,7.055,1,Most of the time,8.39,11.158,12.022,3,Agree,Strongly agree,5.379,8.43,9.752,2,70,10,2.27,16.01,16.601,13,Very well,Extremely well,Very well,Extremely well,Extremely well,Somewhat well,1.227,1.227,15.451,1,30273,0,0,6.559,0,0,0,5.245,0,0,0,3.406,0,,,,,0,0,4.93,0,4w4zmz,Democratic,Republican,gun control,gc_pc
12/13/2023 14:16,12/13/2023 14:19,100,168,TRUE,12/13/2023 14:19,13.113,14.323,15.119,2,Once in a while,8.717,19.551,20.324,4,Somewhat disagree,Strongly agree,8.11,16.56,21.262,3,10,10,15.117,38.817,42.328,10,Very well,Extremely well,Extremely well,Very well,Extremely well,Very well,2.13,2.13,7.462,1,29407,0,0,12.214,0,13.25,13.25,13.95,1,0,0,6.92,0,0,0,13.535,0,0,0,8.969,0,rhh6qg,Democratic,Republican,gun control,gc_control1
12/13/2023 14:16,12/13/2023 14:19,100,179,TRUE,12/13/2023 14:19,15.606,15.606,15.968,1,Most of the time,3.648,5.986,7.274,2,Somewhat agree,Agree,3.345,5.796,8.062,3,10,80,6.593,76.58,77.041,8,Somewhat well,Somewhat well,Somewhat well,Somewhat well,Somewhat well,Somewhat well,1.109,1.109,4.101,1,90007,0,0,5.582,0,0,0,7.649,0,0,0,29.872,0,,,,,0,0,4.362,0,u2bh1u,Republican,Democratic,immigration,imm_pc
12/13/2023 14:17,12/13/2023 14:20,100,198,TRUE,12/13/2023 14:20,40.341,43.011,43.401,3,Most of the time,21.751,27.091,28.028,3,Somewhat disagree,Strongly agree,20.388,30.087,30.595,5,75,20,6.022,32.154,32.79,16,Extremely well,Extremely well,Somewhat well,Very well,Extremely well,Very well,2.598,2.598,6.644,1,20650,0,0,9.4,0,15.08,15.08,15.478,1,8.218,8.218,8.631,1,10.103,10.103,11.155,1,0,0,6.423,0,k6qfmt,Democratic,Republican,gun control,gc_control3
12/13/2023 14:18,12/13/2023 14:20,100,106,TRUE,12/13/2023 14:20,5.312,5.312,6.3,1,Once in a while,6.644,10.931,11.843,2,Neither agree nor disagree,Strongly agree,3.503,6.481,9.052,3,55,97,5.032,15.372,16.138,7,Somewhat well,Very well,Somewhat well,Very well,Somewhat well,Very well,11.41,11.41,14.724,1,82001,0,0,31.498,0,0,0,1.419,0,0,0,1.136,0,,,,,0,0,1.012,0,8eqa46,Republican,Democratic,gun control,gc_pc
12/13/2023 14:16,12/13/2023 14:20,100,223,TRUE,12/13/2023 14:20,9.267,10.662,11.295,2,All the time,9.998,15.309,16.376,3,Strongly agree,Strongly agree,19.9,40.278,41.17,7,30,50,17.538,50.478,51.401,10,Somewhat well,Extremely well,Somewhat well,Very well,Somewhat well,Very well,1.921,1.921,6.929,1,92234,0,0,17.635,0,0,0,26.918,0,0,0,13.601,0,0,0,19.954,0,0,0,9.501,0,av4n4m,Republican,Democratic,gun control,gc_treat
12/13/2023 14:17,12/13/2023 14:21,100,193,TRUE,12/13/2023 14:21,12.492,12.492,14.384,1,Once in a while,10.645,18.709,20.987,2,Disagree,Agree,11.446,15.663,21.861,2,98,70,19.599,50.182,51.673,10,Very well,Somewhat well,Very well,Very well,Very well,Very well,1.938,1.938,6.025,1,48034,0,0,14.106,0,0,0,12.995,0,10.327,10.327,12.813,1,17.431,17.99,18.606,2,0,0,11.551,0,gk713k,Democratic,Republican,immigration,imm_treat
12/13/2023 14:18,12/13/2023 14:22,100,231,TRUE,12/13/2023 14:22,60.179,61.534,62.51,2,Once in a while,7.5,19.997,21.1,4,Neither agree nor disagree,Agree,8.31,15.19,17.59,5,50,50,25.198,48.766,49.901,9,Extremely well,Extremely well,Extremely well,Very well,Extremely well,Not at all well,1.532,1.532,4.121,1,48125,0,0,19.34,0,0,0,11.629,0,0,0,6.179,0,0,0,19.628,0,0,0,7.401,0,gektkv,Republican,Democratic,gun control,gc_treat
12/13/2023 14:20,12/13/2023 14:22,100,162,TRUE,12/13/2023 14:22,7.664,9.101,10.171,3,Most of the time,7.439,15.522,16.247,3,Disagree,Strongly agree,9.277,15.452,21.431,4,10,80,1.624,43.106,43.783,10,Extremely well,Very well,Very well,Extremely well,Very well,Somewhat well,1.939,1.939,8.852,1,99019,0,0,9.472,0,0,0,10.234,0,0,0,5.001,0,0,0,14.539,0,6.798,6.798,9.535,1,byxxzp,Republican,Democratic,gun control,gc_control1
12/13/2023 14:21,12/13/2023 14:23,100,75,TRUE,12/13/2023 14:23,4.093,4.093,5.049,1,Most of the time,5.418,11.374,12.051,3,Agree,Strongly agree,4.522,10.42,12.091,3,99,2,4.788,22.059,22.732,9,Not too well,Extremely well,Extremely well,Extremely well,Extremely well,Very well,1.499,1.499,5.667,1,30813,0,0,3.072,0,0,0,3.027,0,0,0,1.26,0,0,0,2.396,0,0,0,3.096,0,qceeb3,Democratic,Republican,gun control,gc_treat
12/13/2023 14:21,12/13/2023 14:23,100,156,TRUE,12/13/2023 14:23,9.518,9.518,10.555,1,About half the time,23.215,35.045,36.595,3,Somewhat disagree,Strongly agree,14.855,17.6,19.201,3,50,50,8.195,38.257,40.196,8,Not too well,Somewhat well,Very well,Somewhat well,Somewhat well,Very well,1.714,1.714,7.128,1,34683,0,0,11.722,0,0,0,9.596,0,0,0,6.693,0,,,,,0,0,6.501,0,ym3t3e,Republican,Democratic,gun control,gc_pc
12/13/2023 14:20,12/13/2023 14:23,100,199,TRUE,12/13/2023 14:23,7.126,7.126,9.574,1,Once in a while,9.112,28.968,29.793,4,Neither agree nor disagree,Agree,3.547,76.516,77.309,12,20,60,3.603,29.742,30.454,10,Very well,Very well,Very well,Very well,Very well,Very well,1.673,1.673,4.425,1,76706,0,0,22.255,0,0,0,6.594,0,0,0,5.113,0,,,,,0,0,8.658,0,e4mbag,Republican,Democratic,gun control,gc_pc
12/13/2023 14:21,12/13/2023 14:24,100,175,TRUE,12/13/2023 14:24,4.756,4.756,5.644,1,Once in a while,1.044,13.245,15.79,3,Somewhat disagree,Somewhat agree,22.106,24.573,27.234,2,50,50,1.441,6.308,19.097,7,Not too well,Not too well,Somewhat well,Somewhat well,Somewhat well,Very well,14.791,14.791,18.57,1,93110,0,0,5.042,0,0,0,20.293,0,41.076,44.397,45.122,4,,,,,0,0,1.532,0,qd1h9k,Republican,Democratic,gun control,gc_pc
12/13/2023 14:21,12/13/2023 14:24,100,136,TRUE,12/13/2023 14:24,9.896,12.226,13.17,2,About half the time,7.572,18.369,19.307,5,Strongly disagree,Strongly agree,10.044,14.784,23.055,3,100,30,13.13,41.291,42.038,13,Not too well,Somewhat well,Extremely well,Extremely well,Very well,Very well,1.883,1.883,8.291,1,92026,0,0,5.549,0,0,0,4.724,0,0,0,4.485,0,0,0,1.897,0,0,0,7.169,0,n89vgv,Democratic,Republican,gun control,gc_control1
12/13/2023 14:23,12/13/2023 14:24,100,66,TRUE,12/13/2023 14:24,3.048,3.048,3.801,1,Almost Never,3.846,7.191,8.559,2,Agree,Agree,1.983,4.3,6.221,3,0,90,4.149,20.391,22.503,13,Extremely well,Extremely well,Extremely well,Extremely well,Extremely well,Extremely well,1.831,1.831,4.342,1,55379,0,0,4.126,0,3.353,3.353,3.794,1,0,0,1.301,0,,,,,0,0,4.184,0,6qkccb,Republican,Democratic,immigration,imm_pc
12/13/2023 14:23,12/13/2023 14:25,100,98,TRUE,12/13/2023 14:25,5.099,5.099,6.695,1,Most of the time,4.054,10.707,11.827,4,Disagree,Strongly agree,5.618,9.199,11.684,2,60,20,5.858,22.363,22.92,11,Extremely well,Extremely well,Somewhat well,Somewhat well,Extremely well,Somewhat well,1.366,3.792,6.269,2,25411,0,0,7.089,0,0,0,5.8,0,0,0,4.693,0,0,0,9.254,0,0,0,5.271,0,dn9nft,Democratic,Republican,immigration,imm_treat
12/13/2023 14:23,12/13/2023 14:25,100,104,TRUE,12/13/2023 14:25,5.398,5.398,6.392,1,Once in a while,4.563,12.474,13.48,4,Neither agree nor disagree,Strongly agree,5.879,8.6,11.201,3,90,0,6.861,26.377,27.288,13,Not too well,Somewhat well,Somewhat well,Somewhat well,Somewhat well,Very well,1.477,1.477,5.15,1,60174,0,0,7.7,0,0,0,12.975,0,0,0,9.101,0,,,,,0,0,4.901,0,vdrpbb,Democratic,Republican,gun control,gc_pc
12/13/2023 14:23,12/13/2023 14:25,100,129,TRUE,12/13/2023 14:25,4.24,6.439,7.2,2,Most of the time,3.48,11.062,11.845,6,Agree,Strongly agree,7.493,11.939,17.499,3,20,70,6.27,20.699,21.306,11,Very well,Extremely well,Very well,Somewhat well,Very well,Somewhat well,2.123,2.123,7.601,1,35581,0,0,9.002,0,7.168,8.359,9.183,2,4.318,4.318,6.048,1,14.529,14.529,16.126,1,0,0,7.256,0,gxgrac,Republican,Democratic,gun control,gc_treat
12/13/2023 14:23,12/13/2023 14:25,100,110,TRUE,12/13/2023 14:25,19.845,19.845,21.091,1,Once in a while,4.051,9.233,10.129,3,Neither agree nor disagree,Agree,8.385,11.112,15.411,2,70,40,6.36,25.159,25.998,8,Somewhat well,Somewhat well,Somewhat well,Somewhat well,Somewhat well,Somewhat well,1.233,1.233,3.566,1,11219,0,0,1.358,0,0,0,4.047,0,0,0,5.098,0,0,0,8.994,0,0,0,2.289,0,zyw7q7,Democratic,Republican,immigration,imm_treat
12/13/2023 14:23,12/13/2023 14:25,100,148,TRUE,12/13/2023 14:25,10.681,14.249,14.889,3,Once in a while,4.447,13.567,14.521,4,Neither agree nor disagree,Agree,5.1,17.406,19.963,2,65,30,8.526,31.492,32.179,12,Not too well,Very well,Somewhat well,Somewhat well,Very well,Not too well,2.154,2.154,4.702,1,43210,0,0,12.043,0,7.245,7.558,8.261,2,5.456,5.456,6.124,1,0,0,12.879,0,0,0,9.198,0,yu49ky,Democratic,Republican,gun control,gc_control3
12/13/2023 14:22,12/13/2023 14:26,100,258,TRUE,12/13/2023 14:26,10.086,10.086,11.301,1,Once in a while,9.025,15.698,17.301,2,Neither agree nor disagree,Neither agree nor disagree,27.259,34.515,39.964,2,50,50,13.526,57.543,58.82,8,Not too well,Very well,Very well,Somewhat well,Very well,Somewhat well,2.115,11.57,33.701,2,37891,0,0,15.085,0,0,0,10.99,0,0,0,15.001,0,0,0,33.564,0,0,0,13.001,0,6r8yma,Democratic,Republican,gun control,gc_treat
12/13/2023 14:23,12/13/2023 14:27,100,195,TRUE,12/13/2023 14:27,5.901,7.636,8.095,2,About half the time,8.602,12.661,13.24,3,Disagree,Disagree,1.601,5.685,8.1,3,15,15,5.501,17.553,18.168,13,Very well,Very well,Extremely well,Very well,Very well,Very well,1.201,1.201,95.104,1,48035,0,0,6.694,0,5.22,5.22,6.113,1,5.159,5.159,5.852,1,,,,,0,0,4.569,0,b3qpgw,Democratic,Republican,immigration,imm_pc
12/13/2023 14:25,12/13/2023 14:27,100,110,TRUE,12/13/2023 14:27,6.523,7.179,7.979,2,Once in a while,5.333,9.085,10.26,2,Somewhat disagree,Strongly disagree,3.83,7.801,10.295,3,50,50,5.817,22.02,23.183,11,Not too well,Very well,Very well,Somewhat well,Very well,Very well,0.886,0.886,3.859,1,49506,0,0,10.93,0,0,0,4.702,0,0,0,2.668,0,0,0,10.341,0,0,0,6.362,0,fhm1ar,Democratic,Republican,immigration,imm_treat
12/13/2023 14:17,12/13/2023 14:27,100,573,TRUE,12/13/2023 14:27,3.598,12.801,13.801,8,About half the time,1.712,12.577,13.857,8,Disagree,Somewhat agree,3.253,36.801,40.374,21,20,50,2.412,153.509,153.936,35,Not too well,Somewhat well,Somewhat well,Somewhat well,Somewhat well,Somewhat well,1.301,1.301,5,1,43204,1.295,1.295,11.646,1,1.013,109.771,110.528,49,1.355,82.71,87.837,31,20.444,42.597,43.116,12,68.408,77.792,80.042,2,1xfe1a,Democratic,Republican,gun control,gc_treat
12/13/2023 14:23,12/13/2023 14:27,100,279,TRUE,12/13/2023 14:27,13.375,13.375,16.556,1,Most of the time,13.298,29.249,48.956,3,Strongly disagree,Somewhat agree,32.435,38.249,42.25,2,30,30,13.741,48.005,48.865,9,Somewhat well,Somewhat well,Somewhat well,Somewhat well,Somewhat well,Somewhat well,3.377,3.377,26.963,1,10466,0,0,14.293,0,19.892,19.892,22.598,1,10.451,13.647,14.237,5,0,0,25.527,0,0,0,12.972,0,2rnv7n,Republican,Democratic,gun control,gc_control2
12/13/2023 14:26,12/13/2023 14:28,100,97,TRUE,12/13/2023 14:28,4.993,6.635,7.488,2,Once in a while,4.866,10.268,11.342,3,Disagree,Strongly agree,7.009,13.762,17.254,3,50,50,4.705,20.021,22.169,9,Somewhat well,Somewhat well,Very well,Very well,Somewhat well,Somewhat well,1.466,1.466,7.198,1,30066,0,0,3.614,0,9.901,9.901,11.92,1,0,0,5.087,0,,,,,0,0,4.078,0,cc72np,Republican,Democratic,immigration,imm_pc
12/13/2023 14:26,12/13/2023 14:28,100,104,TRUE,12/13/2023 14:28,5.054,5.4,6.201,2,All the time,2.45,10.292,10.911,5,Strongly disagree,Neither agree nor disagree,3.001,11.57,12.301,5,80,3,2.8,14.262,15.255,10,Somewhat well,Very well,Somewhat well,Somewhat well,Very well,Not too well,1.122,1.122,5.894,1,34638,0,0,4.6,0,5.037,5.037,5.736,1,3.799,3.799,4.964,1,6.326,17.729,18.699,3,0,0,4.277,0,694y4m,Republican,Democratic,immigration,imm_treat
12/13/2023 14:25,12/13/2023 14:28,100,193,TRUE,12/13/2023 14:28,14.275,16.299,18.295,3,Once in a while,6.331,12.052,13.501,3,Somewhat agree,Strongly agree,20.363,54.123,55.801,12,50,60,7.449,43.776,44.848,9,Extremely well,Extremely well,Very well,Extremely well,Extremely well,Extremely well,2.11,2.11,6.339,1,30043,0,0,18.256,0,14.351,14.351,15.669,1,0,0,5.301,0,,,,,0,0,10.155,0,kuwb48,Republican,Democratic,immigration,imm_pc
12/13/2023 14:27,12/13/2023 14:29,100,71,TRUE,12/13/2023 14:29,5.643,6.254,6.998,2,About half the time,2.667,7.134,7.794,4,Somewhat disagree,Strongly agree,4.83,8.998,11.372,2,30,50,4.265,16.985,18.035,8,Somewhat well,Extremely well,Very well,Very well,Extremely well,Somewhat well,0.88,0.88,3.4,1,21771,0,0,2.337,0,0,0,4.474,0,0,0,3.227,0,0,0,4.769,0,0,0,3.391,0,f3ehve,Republican,Democratic,gun control,gc_control2
12/13/2023 14:26,12/13/2023 14:29,100,140,TRUE,12/13/2023 14:29,11.679,12.378,13.206,2,About half the time,8.571,13.894,15.572,2,Agree,Somewhat agree,9.077,13.87,16.703,2,50,50,7.66,32.125,33.11,8,Not too well,Somewhat well,Extremely well,Extremely well,Somewhat well,Not too well,1.578,1.578,5.604,1,75246,0,0,9.927,0,0,0,12.477,0,0,0,3.202,0,0,0,14.297,0,0,0,9.471,0,x8cudc,Republican,Democratic,immigration,imm_control1
12/13/2023 14:28,12/13/2023 14:29,100,37,TRUE,12/13/2023 14:29,2.473,2.473,3.094,1,Once in a while,1.827,3.21,3.882,2,Neither agree nor disagree,Agree,1.015,2.88,6.691,2,70,40,2.009,6.553,7.796,8,Somewhat well,Somewhat well,Somewhat well,Somewhat well,Somewhat well,Somewhat well,1.036,1.036,3.319,1,11219,0,0,0.783,0,0,0,0.237,0,0,0,0.647,0,,,,,0,0,0.772,0,zyw7q7,Democratic,Republican,gun control,gc_pc
12/13/2023 14:26,12/13/2023 14:29,100,176,TRUE,12/13/2023 14:29,29.55,29.55,30.691,1,Once in a while,10.81,13.624,14.292,3,Neither agree nor disagree,Agree,6.469,11.657,16.083,2,76,76,7.088,50.05,51.501,10,Somewhat well,Somewhat well,Very well,Very well,Somewhat well,Somewhat well,1.105,1.105,3.598,1,89123,0,0,5.777,0,8.885,9.413,9.905,2,3.102,4.068,4.458,2,0,0,11.851,0,0,0,13.584,0,r1x7x4,Republican,Democratic,immigration,imm_treat
12/13/2023 14:26,12/13/2023 14:29,100,197,TRUE,12/13/2023 14:29,8.081,8.081,10.295,1,Most of the time,5.364,18.233,19.935,3,Agree,Strongly agree,14.923,21.292,28.976,3,5,90,16.553,57.39,61.239,9,Not at all well,Somewhat well,Very well,Somewhat well,Not too well,Somewhat well,1.404,1.404,6.54,1,60640,0,0,15.409,0,0,0,18.929,0,0,0,4.221,0,0,0,12.385,0,0,0,11.067,0,byw89m,Republican,Democratic,immigration,imm_treat
12/13/2023 14:25,12/13/2023 14:29,100,251,TRUE,12/13/2023 14:29,14.1,14.1,15.067,1,Most of the time,41.217,53.462,55.639,4,Somewhat disagree,Neither agree nor disagree,11.076,24.172,24.775,5,65,55,7.333,25.272,26.049,9,Not too well,Somewhat well,Very well,Very well,Very well,Very well,2.507,2.507,6.377,1,75002,0,0,9.831,0,0,0,26.026,0,0,0,57.701,0,6.874,6.874,9.036,1,0,0,6.393,0,mbexte,Democratic,Republican,immigration,imm_treat
12/13/2023 14:28,12/13/2023 14:29,100,92,TRUE,12/13/2023 14:29,4.92,4.92,5.903,1,Most of the time,6.29,9.407,10.869,2,Somewhat agree,Agree,8.994,20.247,22.007,4,50,60,3.4,18.302,19.129,10,Somewhat well,Very well,Very well,Somewhat well,Somewhat well,Not too well,1.263,1.263,4.322,1,10457,0,0,6.606,0,4.701,4.701,5.66,1,0,0,2.403,0,0,0,3.151,0,0,0,4.213,0,xknpdn,Republican,Democratic,immigration,imm_control2
12/13/2023 14:28,12/13/2023 14:30,100,102,TRUE,12/13/2023 14:30,3.884,5.579,6.327,3,About half the time,2.691,7.407,7.919,4,Agree,Strongly agree,4.347,6.751,8.1,3,5,55,2.845,20.705,21.157,12,Very well,Very well,Very well,Very well,Very well,Very well,0.869,0.869,4.496,1,02118,0,0,5.804,0,0,0,26.915,0,0,0,2.81,0,3.719,6.037,6.835,2,0,0,6.158,0,fu8hw2,Republican,Democratic,immigration,imm_treat
12/13/2023 14:28,12/13/2023 14:30,100,120,TRUE,12/13/2023 14:30,4.661,5.589,6.499,2,Most of the time,6.759,12.129,12.6,4,Strongly agree,Strongly disagree,4.701,17.546,18.054,5,40,60,6.301,24.344,24.808,11,Very well,Very well,Very well,Extremely well,Very well,Somewhat well,1.895,1.895,7.061,1,97321,0,0,8.765,0,8.027,8.027,8.824,1,7.183,7.183,7.916,1,5.307,5.307,6.684,1,0,0,6.401,0,wy8vc2,Democratic,Republican,immigration,imm_control2
12/13/2023 14:28,12/13/2023 14:30,100,121,TRUE,12/13/2023 14:30,12.927,12.927,13.672,1,Most of the time,8.023,12.443,13.624,2,Neither agree nor disagree,Somewhat agree,1.825,6.78,14.416,2,4,70,8.401,36.09,37.254,8,Somewhat well,Somewhat well,Extremely well,Not too well,Very well,Very well,1.453,1.453,9.284,1,61704,0,0,6.499,0,0,0,5.699,0,3.407,3.407,4.839,1,,,,,0,0,5.771,0,1pwfru,Republican,Democratic,immigration,imm_pc
12/13/2023 14:26,12/13/2023 14:30,100,239,TRUE,12/13/2023 14:30,3.109,3.109,3.741,1,All the time,64.416,68.047,68.51,3,Strongly disagree,Strongly agree,1.588,6.902,23.242,4,0,100,49.01,57.912,58.74,9,Extremely well,Extremely well,Extremely well,Extremely well,Extremely well,Extremely well,22.843,22.843,26.201,1,48708,23.921,23.921,39.377,1,0,0,2.271,0,0,0,1.466,0,0,0,7.142,0,0,0,1.799,0,ybect4,Republican,Democratic,immigration,imm_treat
12/13/2023 14:24,12/13/2023 14:30,100,334,TRUE,12/13/2023 14:30,13.729,13.729,14.96,1,Most of the time,49.656,96.888,103.52,5,Neither agree nor disagree,Strongly agree,13.807,42.679,43.632,5,83,23,14.206,54.175,55.621,7,Somewhat well,Very well,Very well,Somewhat well,Very well,Very well,2.826,2.826,9.416,1,20852,0,0,33.927,0,0,0,41.555,0,0,0,10.467,0,,,,,0,0,13.551,0,uyvydy,Democratic,Republican,gun control,gc_pc
12/13/2023 14:28,12/13/2023 14:30,100,89,TRUE,12/13/2023 14:30,5.175,5.175,6.116,1,Most of the time,3.906,10.573,11.341,3,Strongly disagree,Strongly agree,8.83,12.783,16.854,3,50,0,4.65,21.42,22.288,10,Somewhat well,Somewhat well,Somewhat well,Somewhat well,Somewhat well,Somewhat well,1.647,1.647,5.301,1,11238,0,0,6.335,0,0,0,7.889,0,0,0,4.064,0,,,,,0,0,4.921,0,ydewyb,Democratic,Republican,immigration,imm_pc
12/13/2023 14:29,12/13/2023 14:30,100,89,TRUE,12/13/2023 14:30,6.401,6.401,7.202,1,All the time,3.303,6.409,7.48,3,Strongly agree,Strongly agree,5.668,10.784,11.98,5,95,5,2.166,11.9,13.02,11,Somewhat well,Very well,Extremely well,Very well,Very well,Extremely well,1.177,1.177,6.528,1,93223,0,0,8.228,0,0,0,4.601,0,0,0,5.601,0,0,0,7.601,0,0,0,8.376,0,t3k1rb,Democratic,Republican,gun control,gc_treat
12/13/2023 14:27,12/13/2023 14:30,100,180,TRUE,12/13/2023 14:30,4.816,6.09,7.155,2,All the time,3.616,11.894,12.793,4,Neither agree nor disagree,Strongly agree,2.078,33.745,35.961,9,10,80,9.231,34.273,36.285,12,Not too well,Somewhat well,Somewhat well,Somewhat well,Somewhat well,Not too well,5.056,5.056,9.129,1,17111,0,0,10.3,0,20.268,21.136,22.988,2,11.97,11.97,12.5,1,0,0,15.73,0,5.593,8.746,12.159,2,bw1z8x,Republican,Democratic,gun control,gc_control3
12/13/2023 14:29,12/13/2023 14:30,100,85,TRUE,12/13/2023 14:30,4.695,7.637,8.709,2,Once in a while,3.454,9.591,10.607,5,Neither agree nor disagree,Agree,4.8,10.33,15.93,3,70,30,4.096,19.85,21.165,10,Very well,Extremely well,Very well,Very well,Very well,Very well,1.201,1.201,6.301,1,08232,0,0,2.198,0,2.013,2.013,3.193,1,1.459,1.459,2.501,1,0.615,0.615,1.402,1,0,0,2.701,0,nwq716,Democratic,Republican,gun control,gc_control3
12/13/2023 14:29,12/13/2023 14:31,100,120,TRUE,12/13/2023 14:31,4.763,4.763,5.483,1,Most of the time,2.28,7.17,7.58,5,Disagree,Agree,5.79,8.466,10.101,4,50,50,1.429,41.858,42.555,9,Very well,Very well,Very well,Very well,Extremely well,Extremely well,1.308,1.308,3.393,1,60618,0,0,8.577,0,5.062,5.062,13.143,1,0,0,3.829,0,,,,,0,0,18.619,0,d8yefh,Democratic,Republican,gun control,gc_pc
12/13/2023 14:05,12/13/2023 14:31,100,1559,TRUE,12/13/2023 14:31,5.968,5.968,6.774,1,Most of the time,124.262,254.079,255.866,6,Disagree,Strongly agree,105.999,201.248,204.42,5,2,60,136.764,266.94,267.479,15,Very well,Very well,Very well,Somewhat well,Very well,Not too well,1.572,1.572,4.732,1,06114,0,0,5.569,0,0,0,4.835,0,0,0,3.069,0,0,0,7.157,0,0,0,4.8,0,cd14nd,Republican,Democratic,immigration,imm_control3
12/13/2023 14:28,12/13/2023 14:31,100,180,TRUE,12/13/2023 14:31,3.897,7.988,9.36,3,Once in a while,4.57,11.594,12.265,4,Somewhat disagree,Somewhat agree,12.026,26.356,27.068,6,40,40,7.541,29.66,30.918,11,Very well,Very well,Very well,Very well,Very well,Somewhat well,1.603,1.603,8.533,1,93534,0,0,10.145,0,8.313,8.313,9.793,1,3.021,3.021,5.185,1,4.696,4.696,8.959,1,0,0,5.457,0,hbh468,Democratic,Republican,gun control,gc_control3
12/13/2023 14:31,12/13/2023 14:32,100,60,TRUE,12/13/2023 14:32,3.45,4.601,5.671,2,Almost Never,0.301,8.488,9.029,5,Disagree,Strongly disagree,3.756,8.554,8.876,6,75,40,4.886,14.166,14.701,13,Extremely well,Very well,Extremely well,Extremely well,Very well,Very well,0.93,0.93,3.168,1,63701,0,0,1.452,0,0,0,4.002,0,0,0,1.847,0,,,,,0,0,5.777,0,m3ytg7,Democratic,Republican,gun control,gc_pc
12/13/2023 14:29,12/13/2023 14:32,100,153,TRUE,12/13/2023 14:32,8.582,8.582,9.489,1,About half the time,8.945,14.745,15.905,3,Disagree,Strongly agree,5.219,27.578,28.335,5,75,20,10.354,34.317,36.161,10,Very well,Very well,Somewhat well,Very well,Very well,Somewhat well,2.435,2.435,9.903,1,06374,0,0,8.858,0,0,0,8.406,0,0,0,7.153,0,0,0,13.683,0,0,0,8.167,0,mzefrr,Democratic,Republican,gun control,gc_treat
12/13/2023 14:30,12/13/2023 14:32,100,115,TRUE,12/13/2023 14:32,7.06,7.06,7.802,1,About half the time,5.524,12.516,13.566,3,Somewhat disagree,Somewhat agree,1.229,5.362,14.763,2,50,50,11.714,38.571,39.334,12,Somewhat well,Very well,Very well,Somewhat well,Very well,Very well,1.188,1.188,5.601,1,92844,0,0,3.396,0,0,0,5.336,0,0,0,7.726,0,0,0,4.639,0,0,0,6.321,0,6gf4ga,Republican,Democratic,gun control,gc_control1
12/13/2023 14:31,12/13/2023 14:32,100,60,TRUE,12/13/2023 14:32,4.295,4.295,4.7,1,Most of the time,5.747,8.735,9.628,2,Agree,Disagree,1.696,7.588,9.527,5,65,10,4.1,16.751,17.348,10,Somewhat well,Very well,Very well,Somewhat well,Very well,Somewhat well,0.966,0.966,3.157,1,27858,0,0,3.445,0,0,0,1.848,0,0,0,0.75,0,0,0,0.572,0,0,0,1.299,0,2uucyq,Republican,Democratic,immigration,imm_control1
12/13/2023 14:30,12/13/2023 14:33,100,133,TRUE,12/13/2023 14:33,7.128,7.128,8.521,1,Most of the time,6.108,11.342,13.401,2,Disagree,Strongly agree,13.925,20.632,25.657,3,3,50,6.295,23.61,24.9,9,Very well,Very well,Very well,Very well,Very well,Somewhat well,3.887,3.887,8.798,1,17013,0,0,8.948,0,0,0,15.388,0,0,0,15.194,0,,,,,0,0,8.089,0,rnrugx,Republican,Democratic,gun control,gc_pc
12/13/2023 14:30,12/13/2023 14:33,100,134,TRUE,12/13/2023 14:33,6.666,6.666,8.644,1,Once in a while,6.012,15.114,16.224,3,Neither agree nor disagree,Somewhat agree,13.457,16.473,21.85,2,40,60,7.861,23.511,24.689,9,Somewhat well,Very well,Extremely well,Very well,Very well,Extremely well,2.73,2.73,7.425,1,27529,0,0,10.433,0,0,0,9.528,0,0,0,10.297,0,0,0,10.825,0,0,0,9.08,0,gbezud,Democratic,Republican,gun control,gc_treat
12/13/2023 14:31,12/13/2023 14:33,100,163,TRUE,12/13/2023 14:33,7.868,9.469,10.648,2,Most of the time,9.258,16.034,16.708,5,Disagree,Disagree,2.342,12.038,16.116,5,75,5,13.93,41.38,42.296,10,Somewhat well,Very well,Very well,Somewhat well,Very well,Very well,1.306,1.306,7.231,1,43749,0,0,15.429,0,9.86,9.86,14.209,1,9.212,9.212,10.541,1,15.522,15.522,16.287,1,0,0,7.884,0,ma13ck,Republican,Democratic,gun control,gc_control1
12/13/2023 14:31,12/13/2023 14:33,100,174,TRUE,12/13/2023 14:33,17.428,17.428,18.87,1,Most of the time,5.003,15.502,16.877,4,Strongly agree,Disagree,13.801,24.583,27.101,5,25,25,6.492,26.643,28.753,8,Very well,Very well,Very well,Very well,Very well,Very well,1.893,1.893,6.354,1,97534,0,0,10.291,0,0,0,15.936,0,0,0,10.401,0,0,0,15.802,0,0,0,11.901,0,87xatq,Democratic,Republican,immigration,imm_treat
12/13/2023 14:31,12/13/2023 14:34,100,178,TRUE,12/13/2023 14:34,8.698,8.698,9.684,1,Once in a while,8.525,15.205,17.784,2,Somewhat agree,Strongly agree,15.68,27.91,32.081,3,60,60,8.127,64.653,65.353,9,Extremely well,Extremely well,Very well,Somewhat well,Very well,Somewhat well,2.984,2.984,10.145,1,95123,0,0,10.725,0,0,0,10.675,0,0,0,5.876,0,,,,,0,0,9.414,0,c4xtmz,Republican,Democratic,immigration,imm_pc
12/13/2023 14:31,12/13/2023 14:34,100,165,TRUE,12/13/2023 14:34,5.863,5.863,7.159,1,All the time,7.66,15.403,16.034,4,Strongly disagree,Strongly disagree,12.43,15.167,16.973,3,0,100,10.235,50.076,50.739,11,Not at all well,Somewhat well,Somewhat well,Not too well,Very well,Somewhat well,1.997,1.997,5.266,1,48126,0,0,13.102,0,0,0,13.889,0,0,0,7.383,0,0,0,13.787,0,0,0,14.855,0,nhnk8d,Democratic,Republican,gun control,gc_treat
12/13/2023 14:31,12/13/2023 14:34,100,206,TRUE,12/13/2023 14:34,10.232,15.666,16.964,2,Most of the time,15.067,26.985,28.124,4,Agree,Agree,7.107,23.507,25.658,5,84,3,9.701,43.903,44.52,10,Very well,Very well,Somewhat well,Very well,Very well,Extremely well,1.703,1.703,10.188,1,48188,0,0,15.205,0,25.04,30.29,32.589,5,12.114,15.957,17.364,3,,,,,0,0,10.741,0,ekc8aq,Democratic,Republican,immigration,imm_pc
12/13/2023 14:32,12/13/2023 14:35,100,174,TRUE,12/13/2023 14:35,14.803,17.115,18.332,2,Once in a while,8.283,19.766,20.949,4,Neither agree nor disagree,Strongly agree,18.391,23.378,28.838,2,50,50,16.602,42.233,43.303,10,Somewhat well,Very well,Extremely well,Very well,Very well,Somewhat well,2.826,2.826,8.132,1,77590,0,0,11.643,0,14.502,14.502,15.317,1,0,0,8.4,0,,,,,0,0,11.368,0,2u6xkf,Democratic,Republican,gun control,gc_pc
12/13/2023 14:32,12/13/2023 14:35,100,158,TRUE,12/13/2023 14:35,5.544,10.363,11.2,2,About half the time,5.091,14.07,14.842,5,Strongly disagree,Disagree,12.977,37.012,37.498,7,40,60,7.144,27.511,28.48,11,Somewhat well,Somewhat well,Somewhat well,Somewhat well,Somewhat well,Somewhat well,1.482,1.482,5.129,1,75904,0,0,9.888,0,11.497,11.497,12.162,1,0,0,4.8,0,0,0,8.201,0,0,0,8.065,0,8wwcg7,Democratic,Republican,immigration,imm_control2
12/13/2023 14:32,12/13/2023 14:35,100,171,TRUE,12/13/2023 14:35,8.842,8.842,10.013,1,Most of the time,7.557,16.666,17.425,3,Disagree,Agree,11.841,22.008,28.044,2,75,40,8.007,34.457,35.175,9,Very well,Very well,Very well,Very well,Very well,Very well,1.819,1.819,7.527,1,31816,0,0,13.099,0,0,0,15.434,0,0,0,10.933,0,0,0,15.975,0,0,0,10.726,0,92kpud,Republican,Democratic,gun control,gc_control2
12/13/2023 14:34,12/13/2023 14:36,100,85,TRUE,12/13/2023 14:36,7.001,7.001,7.864,1,Once in a while,5.657,8.164,8.741,3,Neither agree nor disagree,Agree,8.323,11.012,15.385,2,30,20,3.688,22.7,23.36,12,Somewhat well,Somewhat well,Somewhat well,Not too well,Somewhat well,Not too well,1.04,1.04,3.977,1,28752,0,0,5.359,0,0,0,7.455,0,0,0,3.573,0,,,,,0,0,3.525,0,mwbgen,Republican,Democratic,gun control,gc_pc
12/13/2023 14:35,12/13/2023 14:36,100,78,TRUE,12/13/2023 14:36,4.242,4.242,5.209,1,Most of the time,6.388,9.981,10.753,3,Somewhat agree,Agree,4.63,8.386,12.079,3,40,40,7.593,20.532,21.163,10,Not too well,Very well,Somewhat well,Somewhat well,Very well,Very well,1.265,1.265,3.85,1,30213,0,0,2.239,0,0,0,4.877,0,0,0,2.483,0,0,0,3.87,0,0,0,7.169,0,m2ey27,Republican,Democratic,gun control,gc_control1
12/13/2023 14:34,12/13/2023 14:36,100,152,TRUE,12/13/2023 14:36,7.18,8.256,8.7,2,Once in a while,20.737,29.091,30.002,6,Somewhat disagree,Agree,9.135,19.977,20.701,6,12,38,4.791,28.125,29.301,9,Somewhat well,Very well,Very well,Somewhat well,Somewhat well,Very well,2.158,2.158,6.001,1,37122,0,0,10.33,0,0,0,10.244,0,0,0,6.678,0,0,0,11.98,0,0,0,7.6,0,x1qf3f,Republican,Democratic,immigration,imm_control2
12/13/2023 14:35,12/13/2023 14:36,100,85,TRUE,12/13/2023 14:36,8.028,8.028,9.139,1,Most of the time,5.373,9.271,9.884,3,Strongly agree,Strongly disagree,6.446,12.468,13.024,5,34,61,4.471,15.214,15.7,10,Somewhat well,Somewhat well,Somewhat well,Somewhat well,Very well,Very well,1.501,2.787,6.826,2,82414,0,0,4.942,0,0,0,4.814,0,0,0,2.033,0,0,0,3.7,0,0,0,5.847,0,a9xfzr,Democratic,Republican,immigration,imm_control1
12/13/2023 14:34,12/13/2023 14:36,100,118,TRUE,12/13/2023 14:36,6.517,11.881,12.757,5,Once in a while,1.227,8.106,8.784,9,Neither agree nor disagree,Strongly agree,1.086,14.827,16.736,16,75,10,4.703,29.358,30.01,25,Somewhat well,Very well,Somewhat well,Somewhat well,Very well,Very well,1.058,1.058,3.809,1,03062,0.97,7.599,8.53,11,0.8,6.199,7.349,8,3.231,4.644,5.283,3,1.414,5.979,6.599,6,0,0,11.175,0,vy4zu4,Democratic,Republican,immigration,imm_control2
12/13/2023 14:34,12/13/2023 14:36,100,153,TRUE,12/13/2023 14:36,5.914,5.914,6.9,1,Most of the time,13.641,17.719,18.664,3,Agree,Agree,9.564,25.846,26.581,4,90,0,10.4,28.797,29.471,9,Somewhat well,Very well,Very well,Very well,Very well,Very well,1.43,1.43,7.472,1,30184,0,0,8.104,0,0,0,8.072,0,0,0,6.401,0,0,0,16.085,0,0,0,18.021,0,nv9arv,Democratic,Republican,immigration,imm_control3
12/13/2023 14:34,12/13/2023 14:36,100,126,TRUE,12/13/2023 14:36,8.293,10.213,10.868,2,Most of the time,4.973,11.127,11.544,4,Somewhat agree,Neither agree nor disagree,8.789,15.677,15.801,6,55,45,3.2,22.45,22.8,14,Very well,Very well,Extremely well,Somewhat well,Very well,Not too well,1.886,1.886,6.655,1,63052,0,0,8.879,0,7.484,7.484,11.68,1,0,0,4.845,0,10.12,13.518,14.605,3,0,0,8.802,0,cz24vk,Republican,Democratic,immigration,imm_treat
12/13/2023 14:34,12/13/2023 14:37,100,181,TRUE,12/13/2023 14:37,9.796,9.796,12.085,1,About half the time,6.601,11.619,14.719,2,Neither agree nor disagree,Agree,19.601,26.201,37.501,2,30,60,7.196,30.092,31.738,8,Somewhat well,Very well,Very well,Somewhat well,Somewhat well,Somewhat well,2.601,2.601,7.444,1,32254,0,0,11.168,0,0,0,20.355,0,0,0,10.401,0,0,0,17.498,0,0,0,10.88,0,qzyee4,Republican,Democratic,gun control,gc_control2
12/13/2023 14:34,12/13/2023 14:37,100,140,TRUE,12/13/2023 14:37,23.953,25.28,26.275,2,About half the time,7.547,10.673,11.701,2,Neither agree nor disagree,Agree,3.301,7.501,10.501,3,30,85,4.413,19.432,20.17,7,Somewhat well,Very well,Very well,Somewhat well,Somewhat well,Somewhat well,1.093,1.093,4.668,1,67337,16.328,16.328,17.101,1,0,0,14.784,0,0,0,7.564,0,0,0,10.858,0,0,0,6.301,0,qrda43,Republican,Democratic,immigration,imm_treat
12/13/2023 14:35,12/13/2023 14:37,100,127,TRUE,12/13/2023 14:37,5.803,5.803,6.975,1,About half the time,6.313,17.811,18.509,7,Strongly disagree,Disagree,14.031,19.292,23.501,4,5,90,6.235,23.254,24.225,10,Very well,Very well,Extremely well,Very well,Very well,Somewhat well,4.548,4.548,13.087,1,94578,0,0,7.436,0,0,0,3.978,0,0,0,5.798,0,0,0,5.842,0,0,0,5.5,0,8ttqyt,Democratic,Republican,immigration,imm_control2
12/13/2023 14:35,12/13/2023 14:37,100,141,TRUE,12/13/2023 14:37,25.997,27.28,27.311,3,Once in a while,3.553,7.571,8.501,3,Neither agree nor disagree,Neither agree nor disagree,5.072,7.605,10.13,2,99,100,13.913,32.315,33.144,17,Very well,Extremely well,Very well,Extremely well,Extremely well,Very well,1.043,1.043,5.274,1,95356,0,0,31.805,0,1.23,1.23,1.655,1,0,0,0.976,0,3.891,3.891,4.779,1,0,0,5.126,0,razn2u,Democratic,Republican,gun control,gc_treat
12/13/2023 14:35,12/13/2023 14:38,100,158,TRUE,12/13/2023 14:38,13.016,13.016,18.625,1,Most of the time,5.642,10.935,12.05,3,Neither agree nor disagree,Agree,20.788,25.193,28.047,2,15,85,7.065,32.008,34.364,10,Somewhat well,Very well,Somewhat well,Very well,Very well,Somewhat well,1.351,1.351,6.201,1,98208,0,0,7.696,0,14.117,15.232,16.091,2,5.453,8.417,10.756,6,,,,,0,0,17.453,0,u12hw2,Republican,Democratic,immigration,imm_pc
12/13/2023 14:33,12/13/2023 14:38,100,255,TRUE,12/13/2023 14:38,14.123,14.123,15.674,1,About half the time,11.358,29.198,30.14,3,Neither agree nor disagree,Strongly disagree,18.376,22.172,25.618,2,75,80,9.221,70.383,71.502,8,Very well,Very well,Extremely well,Somewhat well,Somewhat well,Very well,1.413,1.413,9.459,1,93560,0,0,17.186,0,0,0,23.838,0,0,0,18.512,0,0,0,23.252,0,0,0,12.309,0,y3y9pq,Democratic,Republican,gun control,gc_treat
12/13/2023 14:39,12/13/2023 14:40,100,95,TRUE,12/13/2023 14:40,4.799,7.148,7.841,2,Most of the time,6.626,10.156,11.443,3,Strongly disagree,Strongly agree,9.603,13.474,16.366,3,0,60,6.859,20.786,21.605,8,Extremely well,Extremely well,Extremely well,Extremely well,Extremely well,Extremely well,1.111,1.111,4.601,1,25405,0,0,7.849,0,0,0,7.969,0,0,0,2.187,0,0,0,3.213,0,0,0,6.439,0,b27k2g,Republican,Democratic,gun control,gc_treat
12/13/2023 14:38,12/13/2023 14:41,100,140,TRUE,12/13/2023 14:41,11.31,11.31,12.583,1,About half the time,10.109,18.713,19.95,3,Disagree,Neither agree nor disagree,8.591,14.306,17.939,3,61,0,15.456,42.906,43.866,8,Somewhat well,Very well,Very well,Very well,Very well,Somewhat well,1.749,1.749,6.297,1,60963,0,0,7.73,0,0,0,7.941,0,0,0,6.818,0,,,,,0,0,11.23,0,khvkfq,Democratic,Republican,immigration,imm_pc
12/13/2023 14:39,12/13/2023 14:41,100,133,TRUE,12/13/2023 14:41,8.888,8.888,10.002,1,Most of the time,6.741,11.663,12.301,3,Neither agree nor disagree,Strongly agree,10.601,20.053,20.601,4,0,75,7.398,26.285,27.103,8,Extremely well,Extremely well,Extremely well,Extremely well,Extremely well,Extremely well,2.348,2.348,7.601,1,45237,0,0,15.888,0,0,0,15.669,0,0,0,7.401,0,,,,,0,0,6.302,0,k1gft8,Republican,Democratic,gun control,gc_pc
12/13/2023 14:34,12/13/2023 14:41,100,407,TRUE,12/13/2023 14:41,3.699,17.403,22.892,4,Once in a while,9.145,17.582,18.094,4,Agree,Strongly agree,8.878,14.343,26.265,4,20,80,13.146,77.409,78.031,10,Somewhat well,Very well,Very well,Very well,Extremely well,Extremely well,25.034,25.034,29.344,1,90013,0,0,21.507,0,4.873,4.873,6.538,1,0,0,19.824,0,18.976,18.976,20.251,1,21.807,21.807,21.95,1,a7gawg,Republican,Democratic,gun control,gc_treat
12/13/2023 14:39,12/13/2023 14:41,100,130,TRUE,12/13/2023 14:41,11.032,11.561,12.901,2,Most of the time,22.455,28.326,29.652,2,Strongly agree,Strongly agree,9.776,13.242,19.473,2,100,0,5.261,18.886,20.704,8,Extremely well,Extremely well,Extremely well,Extremely well,Extremely well,Extremely well,1.56,1.56,9.979,1,49321,0,0,8.397,0,0,0,7.904,0,0,0,5.703,0,,,,,0,0,7.786,0,7de4q6,Democratic,Republican,immigration,imm_pc
12/13/2023 14:39,12/13/2023 14:42,100,160,TRUE,12/13/2023 14:42,6.374,6.374,37.898,1,Most of the time,3.846,11.319,12.07,3,Strongly agree,Strongly agree,9.701,24.245,26.294,5,50,51,10.647,31.385,32.071,9,Very well,Somewhat well,Very well,Very well,Somewhat well,Somewhat well,2.001,2.001,8.401,1,66604,0,0,8.98,0,0,0,14.388,0,0,0,7.003,0,,,,,0,0,7.164,0,x39r1k,Republican,Democratic,gun control,gc_pc
12/13/2023 14:40,12/13/2023 14:42,100,83,TRUE,12/13/2023 14:42,3.455,5.485,6.5,2,Most of the time,4.668,10.076,10.989,5,Agree,Strongly agree,3.778,9.641,10.045,4,85,4,5.846,20.569,21.2,9,Very well,Very well,Very well,Very well,Very well,Extremely well,1.144,1.144,4.127,1,55410,0,0,4.153,0,1.885,1.885,2.779,1,0,0,1.367,0,0,0,2.728,0,0,0,5.001,0,btncc4,Democratic,Republican,gun control,gc_control2
12/13/2023 14:40,12/13/2023 14:42,100,104,TRUE,12/13/2023 14:42,8.5,8.918,9.755,2,Most of the time,4.409,13.492,14.744,6,Neither agree nor disagree,Somewhat agree,7.056,13.266,14.377,3,65,35,5.379,22.319,23.295,9,Extremely well,Extremely well,Extremely well,Extremely well,Extremely well,Extremely well,0.83,0.83,7.044,1,90034,0,0,9.331,0,6.964,6.964,8.241,1,3.028,3.028,4.086,1,,,,,0,0,8.053,0,x3uvw2,Democratic,Republican,immigration,imm_pc
12/13/2023 14:41,12/13/2023 14:42,100,44,TRUE,12/13/2023 14:42,4.001,4.001,5.138,1,About half the time,2.2,4.801,6.353,2,Strongly agree,Disagree,0.8,2.625,4.042,2,34,77,1.101,6.224,8.144,7,Not too well,Very well,Very well,Not at all well,Somewhat well,Not too well,1,1,3.791,1,33180,0,0,4.388,0,0,0,1.885,0,0,0,1.454,0,,,,,0,0,5.623,0,nvtrtw,Democratic,Republican,immigration,imm_pc
12/13/2023 14:40,12/13/2023 14:42,100,137,TRUE,12/13/2023 14:42,25.81,25.81,26.554,1,Once in a while,13.798,18.895,19.831,3,Neither agree nor disagree,Agree,7.581,11.5,14.133,2,49,35,13.994,32.357,32.892,9,Somewhat well,Very well,Extremely well,Very well,Somewhat well,Somewhat well,2.071,2.071,7.171,1,28054,0,0,8.192,0,0,0,9.184,0,0,0,7.2,0,,,,,0,0,5.568,0,yge926,Democratic,Republican,gun control,gc_pc
12/13/2023 14:41,12/13/2023 14:42,100,45,TRUE,12/13/2023 14:42,2.026,2.48,3.317,2,Once in a while,2.74,3.749,4.417,2,Agree,Neither agree nor disagree,0.753,3.448,6.62,2,70,30,1.1,6.219,7.187,8,Somewhat well,Somewhat well,Somewhat well,Somewhat well,Somewhat well,Somewhat well,1.192,1.192,3.702,1,11219,0,0,0.827,0,2.759,2.759,5.353,1,2.436,2.436,3.153,1,0,0,2.639,0,0,0,1.739,0,zyw7q7,Republican,Democratic,immigration,imm_treat
12/13/2023 14:40,12/13/2023 14:42,100,147,TRUE,12/13/2023 14:42,13.65,13.65,14.581,1,Most of the time,11.998,21.501,22.289,3,Disagree,Agree,8.154,11.679,15.481,2,55,73,10.158,36.59,37.391,14,Somewhat well,Somewhat well,Very well,Very well,Very well,Very well,1.79,1.79,5.62,1,30736,0,0,10.8,0,0,0,17.029,0,9.383,9.383,10.618,1,,,,,0,0,8.052,0,y7nwdp,Democratic,Republican,immigration,imm_pc
12/13/2023 14:40,12/13/2023 14:43,100,157,TRUE,12/13/2023 14:43,5.82,7.4,8.214,2,Almost Never,5.275,12.857,13.461,10,Agree,Agree,37.788,68.639,70.762,14,50,50,2.894,25.079,25.752,13,Not too well,Not too well,Not too well,Not too well,Not too well,Not too well,1.205,1.205,7.297,1,10466,0,0,3.678,0,2.813,2.813,3.379,1,0,0,4.204,0,0,0,10.071,0,0,0,4.475,0,4129fb,Republican,Democratic,immigration,imm_treat
12/13/2023 14:40,12/13/2023 14:43,100,132,TRUE,12/13/2023 14:43,12.156,14.288,14.601,2,Once in a while,5.763,10.504,12.958,3,Neither agree nor disagree,Strongly agree,10.256,27.6,30.629,10,100,2,7.527,26.901,28.874,11,Very well,Very well,Extremely well,Extremely well,Extremely well,Extremely well,1.4,1.4,4.267,1,60077,0,0,8.601,0,4.854,4.854,5.2,1,0,0,4.578,0,0,0,9.035,0,0,0,6.079,0,gw7nxq,Democratic,Republican,immigration,imm_control1
12/13/2023 14:40,12/13/2023 14:43,100,145,TRUE,12/13/2023 14:43,11.616,11.616,12.797,1,Most of the time,6.115,9.207,10.267,2,Agree,Strongly agree,23.431,30.536,32.845,4,60,0,5.311,20.085,20.884,8,Very well,Very well,Very well,Somewhat well,Very well,Somewhat well,1.084,1.084,4.837,1,10965,0,0,8.543,0,0,0,19.275,0,0,0,2.486,0,0,0,18.081,0,0,0,6.322,0,43nhb8,Democratic,Republican,gun control,gc_control2
12/13/2023 14:40,12/13/2023 14:43,100,156,TRUE,12/13/2023 14:43,7.242,8.019,8.912,2,About half the time,4.849,10.063,10.963,3,Somewhat agree,Somewhat disagree,33.264,51.815,53.221,5,40,30,6.274,26.966,27.744,12,Extremely well,Extremely well,Extremely well,Extremely well,Extremely well,Extremely well,1.588,1.588,5.539,1,33334,0,0,9.636,0,9.001,9.001,11.372,1,0,0,3.501,0,0,0,13.359,0,0,0,6.034,0,vxbx2h,Republican,Democratic,immigration,imm_treat
12/13/2023 14:41,12/13/2023 14:43,100,77,TRUE,12/13/2023 14:43,3.662,3.662,4.437,1,All the time,4.781,9.56,10.241,4,Agree,Strongly agree,2.571,6.911,7.536,4,100,0,3.592,19.211,19.666,10,Somewhat well,Somewhat well,Very well,Very well,Very well,Not too well,0.924,0.924,3.27,1,19119,0,0,4.574,0,0,0,2.245,0,0,0,3.599,0,0,0,4.221,0,0,0,5.001,0,4ny466,Democratic,Republican,immigration,imm_control2
12/13/2023 14:40,12/13/2023 14:43,100,136,TRUE,12/13/2023 14:43,4.746,4.746,5.636,1,Once in a while,28.505,31.404,33.288,2,Somewhat disagree,Somewhat agree,10.394,15.981,19.681,3,75,25,7.046,19.019,20.557,9,Somewhat well,Somewhat well,Somewhat well,Somewhat well,Somewhat well,Very well,1.512,1.512,7.152,1,05301,0,0,8.032,0,0,0,5.369,0,0,0,4.697,0,0,0,17.665,0,0,0,7.926,0,6an2n4,Democratic,Republican,immigration,imm_treat
12/13/2023 14:41,12/13/2023 14:43,100,119,TRUE,12/13/2023 14:43,3.191,5.644,23.4,4,Most of the time,0.869,2.633,3.038,4,Somewhat agree,Somewhat agree,3.257,38.751,40.486,20,70,65,1.118,13.225,15.948,9,Somewhat well,Somewhat well,Somewhat well,Extremely well,Very well,Very well,0.996,3.78,4.346,2,79124,0,0,6.833,0,0,0,6.148,0,0,0,0.14,1,6.399,6.399,8.138,1,0,0,0.65,0,pgwh4x,Republican,Democratic,gun control,gc_treat
12/13/2023 14:40,12/13/2023 14:43,100,161,TRUE,12/13/2023 14:43,7.886,7.886,9.568,1,About half the time,7.401,12.899,13.922,2,Disagree,Somewhat agree,16.514,18.479,22.8,3,50,60,3.5,25.352,25.824,11,Very well,Extremely well,Very well,Somewhat well,Very well,Somewhat well,1.131,1.131,3.044,1,18301,0,0,35.878,0,5.153,5.153,12.3,1,12.917,12.917,14.335,1,0,0,8.596,0,0,0,5.916,0,zdqx4p,Democratic,Republican,immigration,imm_treat
12/13/2023 14:41,12/13/2023 14:43,100,112,TRUE,12/13/2023 14:43,3.933,5.49,6.1,2,Most of the time,4.142,7.56,8.591,3,Strongly disagree,Strongly disagree,20,25.836,29.434,3,30,75,3.201,21.801,23.725,6,Very well,Very well,Very well,Extremely well,Extremely well,Somewhat well,1.859,1.859,5.491,1,32565,0,0,5.303,0,0,0,7.367,0,0,0,6.353,0,0,0,7,0,0,0,5.958,0,vatz46,Democratic,Republican,immigration,imm_treat
12/13/2023 14:40,12/13/2023 14:43,100,206,TRUE,12/13/2023 14:43,7.382,7.382,8.602,1,Once in a while,46.668,53.247,54.074,4,Neither agree nor disagree,Agree,54.804,58.759,63.847,3,50,70,6.804,26.106,26.999,10,Somewhat well,Very well,Very well,Very well,Somewhat well,Very well,3.551,3.551,7.757,1,76446,0,0,12.669,0,0,0,12.306,0,0,0,6.803,0,,,,,0,0,8.529,0,64rekd,Democratic,Republican,gun control,gc_pc
12/13/2023 14:41,12/13/2023 14:43,100,131,TRUE,12/13/2023 14:43,10.469,10.469,11.601,1,Most of the time,9.037,17.986,18.656,3,Disagree,Strongly agree,5.813,16.807,17.4,5,50,2,7.264,25.73,26.601,8,Somewhat well,Very well,Somewhat well,Somewhat well,Very well,Somewhat well,1.408,1.408,8.553,1,48708,0,0,14.401,0,0,0,10.101,0,0,0,7.884,0,,,,,0,0,8.887,0,vu7btk,Democratic,Republican,immigration,imm_pc
12/13/2023 14:42,12/13/2023 14:43,100,84,TRUE,12/13/2023 14:43,6.967,6.967,8.099,1,All the time,2.865,10.753,11.57,5,Strongly agree,Strongly agree,5.653,9.422,12.73,2,0,50,6.876,24.055,26.348,10,Very well,Very well,Somewhat well,Very well,Very well,Somewhat well,1.608,1.608,5.396,1,90007,0,0,4.516,0,0,0,4.493,0,0,0,1.529,0,,,,,0,0,4.633,0,mghq7q,Republican,Democratic,immigration,imm_pc
12/13/2023 14:41,12/13/2023 14:43,100,120,TRUE,12/13/2023 14:44,6.032,7.902,9.137,3,About half the time,7.428,11.19,12.187,3,Somewhat disagree,Agree,3.746,9.196,13.761,4,50,50,4.284,16.272,16.865,10,Very well,Very well,Somewhat well,Somewhat well,Very well,Somewhat well,1.535,1.535,4.628,1,48220,0,0,6.147,0,0,0,5.198,0,0,0,2.585,0,0,0,35.888,0,0,0,4.838,0,m7u916,Democratic,Republican,gun control,gc_control1
12/13/2023 14:40,12/13/2023 14:44,100,238,TRUE,12/13/2023 14:44,8.4,8.4,9.5,1,Once in a while,22.323,34.815,36.345,3,Somewhat agree,Somewhat disagree,32.051,40.344,41.193,5,90,70,4.926,25.428,27.944,10,Somewhat well,Very well,Very well,Somewhat well,Very well,Somewhat well,1.81,1.81,4.9,1,75501,0,0,13.584,0,0,0,11.673,0,0,0,15.001,0,,,,,0,0,8.1,0,pfnnqu,Democratic,Republican,gun control,gc_pc
12/13/2023 14:42,12/13/2023 14:44,100,77,TRUE,12/13/2023 14:44,6.598,6.598,7.268,1,All the time,5.501,8.6,10.087,2,Strongly disagree,Strongly disagree,2.5,2.5,9.471,1,75,10,6.806,16.9,17.422,7,Not too well,Somewhat well,Very well,Somewhat well,Somewhat well,Somewhat well,1.388,1.388,3.631,1,53228,0,0,6.051,0,0,0,6.344,0,0,0,5.932,0,,,,,0,0,6.2,0,u19vdt,Republican,Democratic,immigration,imm_pc
12/13/2023 14:41,12/13/2023 14:44,100,195,TRUE,12/13/2023 14:44,13.467,13.467,14.673,1,About half the time,9.604,26.71,27.414,2,Strongly agree,Strongly agree,6.001,9.382,19.057,2,1,80,14.635,46.961,47.953,9,Very well,Extremely well,Extremely well,Extremely well,Extremely well,Extremely well,2.274,2.274,5.425,1,19810,0,0,16.157,0,0,0,14.642,0,0,0,9.986,0,0,0,21.388,0,0,0,12.496,0,7qnaf8,Republican,Democratic,gun control,gc_control3
12/13/2023 14:42,12/13/2023 14:44,100,136,TRUE,12/13/2023 14:44,5.154,5.154,5.852,1,All the time,4.525,24.265,25.399,2,Somewhat disagree,Strongly agree,3.141,13.08,13.919,5,75,0,6.116,52.433,52.802,16,Somewhat well,Extremely well,Very well,Very well,Very well,Somewhat well,1.351,1.351,3.535,1,10033,0,0,2.301,0,0,0,0.702,0,0,0,3.401,0,0,0,6.14,0,0,0,10.279,0,re7u9t,Democratic,Republican,immigration,imm_control1
12/13/2023 14:40,12/13/2023 14:44,100,254,TRUE,12/13/2023 14:44,14.43,18.39,19.449,2,Almost Never,20.713,31.642,32.774,2,Neither agree nor disagree,Strongly agree,26.139,35.089,37.157,4,60,5,19.183,60.55,61.176,9,Not too well,Somewhat well,Somewhat well,Very well,Somewhat well,Very well,4.022,4.022,8.032,1,30236,0,0,24.9,0,0,0,29.833,0,16.458,16.458,17.4,1,,,,,0,0,15.918,0,ar3d1a,Democratic,Republican,immigration,imm_pc
12/13/2023 14:43,12/13/2023 14:44,100,85,TRUE,12/13/2023 14:44,4.638,4.638,5.601,1,All the time,3.396,5.973,7.101,3,Strongly disagree,Strongly agree,3.417,6.518,8.695,3,50,0,2.94,19.001,20.3,10,Extremely well,Extremely well,Not at all well,Extremely well,Extremely well,Extremely well,1.2,1.2,4.062,1,78744,0,0,6.39,0,0,0,5.791,0,0,0,5.001,0,0,0,8.426,0,0,0,5.165,0,p9prh1,Democratic,Republican,immigration,imm_treat
12/13/2023 14:43,12/13/2023 14:44,100,109,TRUE,12/13/2023 14:44,6.67,6.67,7.699,1,All the time,3.572,7.806,9.467,2,Agree,Strongly agree,5.245,10.435,13.353,3,15,90,7.907,29.035,29.655,8,Somewhat well,Very well,Somewhat well,Somewhat well,Very well,Not too well,2.359,2.359,7.265,1,27587,0,0,7.734,0,0,0,6.224,0,0,0,5.587,0,0,0,7.051,0,0,0,8.004,0,kqfmgr,Republican,Democratic,gun control,gc_control2
12/13/2023 14:41,12/13/2023 14:45,100,191,TRUE,12/13/2023 14:45,11.4,11.4,12.455,1,All the time,7.262,15.006,17.406,3,Neither agree nor disagree,Agree,16.236,20.316,27.347,2,50,10,8.838,34.526,35.719,10,Very well,Extremely well,Extremely well,Extremely well,Extremely well,Extremely well,2.019,2.019,9.98,1,35801,0,0,17.031,0,0,0,21.028,0,0,0,15.58,0,0,0,16.221,0,0,0,12.185,0,7bzpmr,Democratic,Republican,gun control,gc_control3
12/13/2023 14:42,12/13/2023 14:45,100,151,TRUE,12/13/2023 14:45,8.772,10.8,11.203,2,Almost Never,9.601,18.758,20.836,6,Neither agree nor disagree,Neither agree nor disagree,5.356,17.927,18.401,3,30,20,9.203,37.343,38.545,14,Somewhat well,Somewhat well,Somewhat well,Not too well,Somewhat well,Somewhat well,1.493,1.493,3.988,1,27101,1.091,1.091,10.397,1,4.906,4.906,6.082,1,9.038,9.038,9.894,1,9.89,9.89,11.183,1,0,0,6.952,0,augvm7,Republican,Democratic,immigration,imm_control3
12/13/2023 14:42,12/13/2023 14:45,100,144,TRUE,12/13/2023 14:45,9.962,13.039,13.884,2,About half the time,1.758,15.103,17.151,4,Strongly disagree,Neither agree nor disagree,15.833,19.747,23.936,3,50,50,7.267,31.159,32.434,9,Somewhat well,Very well,Extremely well,Somewhat well,Very well,Extremely well,1.844,1.844,5.513,1,27405,0,0,10.038,0,0,0,10.44,0,0,0,5.873,0,0,0,12.031,0,0,0,8.66,0,hv16n6,Democratic,Republican,immigration,imm_treat
12/13/2023 14:43,12/13/2023 14:45,100,130,TRUE,12/13/2023 14:45,4.509,4.509,5.721,1,Almost Never,5.043,12.559,14.401,4,Disagree,Somewhat disagree,3.816,7.448,11.143,2,75,25,5.603,44.46,49.329,13,Not too well,Somewhat well,Very well,Not at all well,Not at all well,Somewhat well,1.467,1.467,5.664,1,16236,0,0,5.221,0,0,0,5.775,0,8.355,12.239,13.86,5,2.409,3.635,7.086,2,0,0,5.357,0,gb44y6,Republican,Democratic,immigration,imm_control2
12/13/2023 14:43,12/13/2023 14:45,100,160,TRUE,12/13/2023 14:45,10.868,10.868,12.017,1,Most of the time,5.869,11.208,16.929,2,Neither agree nor disagree,Strongly agree,6.379,25.955,29.501,3,55,50,4.878,50.172,51.001,19,Somewhat well,Somewhat well,Somewhat well,Very well,Very well,Somewhat well,2.605,2.605,6.884,1,78746,0,0,6.689,0,0,0,7.708,0,0,0,9.258,0,0,0,8.081,0,0,0,5.97,0,v33qqp,Democratic,Republican,gun control,gc_treat
12/13/2023 14:42,12/13/2023 14:45,100,187,TRUE,12/13/2023 14:45,8.962,10.696,11.435,3,All the time,7.047,15.007,15.801,5,Disagree,Strongly agree,18.694,28.455,36.551,4,100,10,13.384,53.758,54.645,10,Not at all well,Not too well,Somewhat well,Not at all well,Not too well,Not too well,3.212,3.212,8.401,1,76308,0,0,22.42,0,9.068,9.068,10.045,1,3.418,3.418,4.93,1,9.171,9.171,9.801,1,0,0,7.869,0,a1n6d8,Democratic,Republican,immigration,imm_control2
12/13/2023 14:44,12/13/2023 14:46,100,113,TRUE,12/13/2023 14:46,7.821,7.821,8.935,1,Once in a while,6.65,9.218,10.499,2,Somewhat disagree,Strongly disagree,3.669,7.755,11.097,2,55,55,4.815,29.981,30.729,10,Very well,Very well,Very well,Extremely well,Very well,Very well,1.011,1.011,4.162,1,56751,0,0,9.042,0,0,0,8.406,0,0,0,12.579,0,,,,,0,0,6.922,0,r9fd96,Democratic,Republican,gun control,gc_pc
12/13/2023 14:43,12/13/2023 14:46,100,156,TRUE,12/13/2023 14:46,16.402,16.402,17.44,1,Once in a while,12.701,17,18.368,2,Agree,Strongly agree,5.9,8.301,11.137,2,5,75,6.3,18.827,19.207,8,Very well,Extremely well,Extremely well,Very well,Extremely well,Somewhat well,1.558,1.558,4.989,1,32765,23.591,23.591,31.64,1,0,0,11.379,0,0,0,13.239,0,0,0,12.35,0,0,0,8.499,0,n4d8w6,Republican,Democratic,gun control,gc_control2
12/13/2023 14:44,12/13/2023 14:46,100,99,TRUE,12/13/2023 14:46,6.738,6.738,7.557,1,Once in a while,6.902,13.399,14.193,3,Somewhat disagree,Agree,7.441,12.193,14.999,2,60,20,4.424,20.988,21.752,9,Not at all well,Somewhat well,Somewhat well,Not too well,Not too well,Not too well,1.345,2.367,6.352,3,15227,0,0,8.627,0,0,0,6.511,0,0,0,6.833,0,,,,,0,0,6.952,0,arghpv,Democratic,Republican,immigration,imm_pc
12/13/2023 14:43,12/13/2023 14:46,100,132,TRUE,12/13/2023 14:46,10.415,10.415,11.487,1,Most of the time,9.907,16.024,17.187,2,Somewhat disagree,Strongly agree,14.1,19.633,22.768,2,60,20,6.941,29.815,30.665,10,Very well,Extremely well,Somewhat well,Extremely well,Extremely well,Very well,2.724,2.724,5.817,1,28386,0,0,10.737,0,0,0,12,0,0,0,7.517,0,,,,,8.02,8.02,8.823,1,utmznc,Democratic,Republican,immigration,imm_pc
12/13/2023 14:42,12/13/2023 14:46,100,221,TRUE,12/13/2023 14:46,17.859,17.859,19.058,1,About half the time,7.502,13.88,15.194,3,Disagree,Agree,25.879,36.191,37.05,6,15,80,9.2,33.939,34.491,10,Not too well,Somewhat well,Extremely well,Somewhat well,Somewhat well,Somewhat well,39.003,39.003,43.037,1,23607,0,0,6.593,0,0,0,9.055,0,0,0,29.081,0,0,0,14.009,0,0,0,6.363,0,tv1kbm,Republican,Democratic,gun control,gc_treat
12/13/2023 14:44,12/13/2023 14:46,100,123,TRUE,12/13/2023 14:46,4.974,7.967,9.341,4,Most of the time,1.738,12.889,14.419,7,Strongly agree,Strongly agree,3.597,10.827,14.698,3,2,85,1.624,35.492,36.072,17,Somewhat well,Somewhat well,Somewhat well,Somewhat well,Very well,Somewhat well,1.597,1.597,10.531,1,95409,0,0,6.559,0,4.176,7.71,8.576,3,6.619,10.101,10.676,4,,,,,0,0,6.189,0,84z39x,Republican,Democratic,gun control,gc_pc
12/13/2023 14:43,12/13/2023 14:46,100,192,TRUE,12/13/2023 14:46,6.41,8.332,9.775,2,Most of the time,8.094,14.77,16.566,3,Strongly disagree,Strongly disagree,32.736,48.225,49.684,8,50,15,9.153,41.952,43.311,11,Somewhat well,Somewhat well,Very well,Very well,Somewhat well,Very well,1.373,1.373,6.259,1,27958,0,0,11.254,0,19.763,19.763,28.732,1,0,0,6.058,0,0,0,5.043,0,0,0,6.892,0,fxpzzg,Republican,Democratic,immigration,imm_control2
12/13/2023 14:39,12/13/2023 14:46,100,457,TRUE,12/13/2023 14:46,80.472,80.472,82.7,1,Once in a while,6.231,10.428,107.901,2,Somewhat disagree,Strongly disagree,9.521,21.439,22.501,4,20,60,4.252,26.8,29.401,9,Very well,Extremely well,Extremely well,Very well,Extremely well,Somewhat well,1.618,1.618,9.066,1,53029,0,0,133.001,0,0,0,7.098,0,7.535,7.535,8.247,1,0,0,12.396,0,0,0,37.401,0,paqbp6,Democratic,Republican,immigration,imm_treat
12/13/2023 14:44,12/13/2023 14:47,100,170,TRUE,12/13/2023 14:47,14.5,14.5,15.401,1,Most of the time,9.871,16.991,18.093,2,Neither agree nor disagree,Strongly agree,6.37,11.22,11.766,4,50,50,26.678,50.698,57.676,8,Very well,Extremely well,Extremely well,Extremely well,Extremely well,Extremely well,1.871,1.871,5.884,1,29477,0,0,15.375,0,0,0,12.1,0,0,0,13.154,0,,,,,0,0,12.439,0,9wynka,Democratic,Republican,gun control,gc_pc
12/13/2023 14:44,12/13/2023 14:47,100,163,TRUE,12/13/2023 14:47,6.065,6.065,7.193,1,All the time,35.939,42.586,43.341,3,Strongly disagree,Agree,11.065,14.247,17.244,2,1,0,6.186,34.104,35.237,8,Somewhat well,Extremely well,Very well,Very well,Extremely well,Extremely well,2.6,2.6,8.347,1,33157,0,0,9.69,0,0,0,7.921,0,0,0,1.845,0,0,0,16.365,0,0,0,9.875,0,1z4t36,Democratic,Republican,gun control,gc_control1
12/13/2023 14:42,12/13/2023 14:47,100,309,TRUE,12/13/2023 14:47,6.102,6.102,7.985,1,Most of the time,7.003,15.745,16.404,3,Somewhat disagree,Somewhat agree,6.39,21.445,22.601,8,70,40,4.364,23.822,25.113,12,Extremely well,Extremely well,Very well,Very well,Very well,Somewhat well,1.53,1.53,5.001,1,92243,0,0,12.601,0,6.936,6.936,10.349,1,0,0,11.301,0,0,0,6.171,0,25.262,44.031,172.464,3,8yb4kf,Democratic,Republican,immigration,imm_control3
12/13/2023 14:43,12/13/2023 14:49,100,345,TRUE,12/13/2023 14:49,18.964,19.55,23.828,2,About half the time,6.681,12.023,15.621,2,Somewhat agree,Strongly agree,10.295,22.327,35.314,10,70,30,16.229,37.962,38.642,8,Not too well,Somewhat well,Somewhat well,Somewhat well,Somewhat well,Somewhat well,1.549,1.549,5.645,1,92307,0,0,38.355,0,0,0,10.898,0,0,0,8.569,0,0,0,45.224,0,0,0,10.991,0,hkm2zx,Democratic,Republican,immigration,imm_treat
12/13/2023 14:47,12/13/2023 14:49,100,93,TRUE,12/13/2023 14:49,6.373,7.12,7.907,2,Most of the time,3.229,8.311,9.036,3,Neither agree nor disagree,Agree,4.273,7.654,11.207,2,90,30,5.538,19.458,20.211,10,Somewhat well,Very well,Extremely well,Somewhat well,Very well,Not too well,1.159,1.159,10.123,1,70802,0,0,6.912,0,6.049,6.049,7.008,1,5.797,7.235,8.045,2,,,,,0,0,5.819,0,ghcx3u,Democratic,Republican,gun control,gc_pc
12/13/2023 14:47,12/13/2023 14:49,100,122,TRUE,12/13/2023 14:49,7.212,8.591,9.493,2,Most of the time,5.222,10.891,13.773,3,Strongly disagree,Strongly agree,7.868,12.234,15.337,3,80,0,6.135,36.437,37.856,9,Extremely well,Extremely well,Very well,Extremely well,Extremely well,Extremely well,1.275,1.275,5.959,1,92124,0,0,7.618,0,10.01,10.01,11.294,1,0,0,6.073,0,,,,,0,0,6.887,0,c8mxp4,Democratic,Republican,gun control,gc_pc
12/13/2023 14:47,12/13/2023 14:50,100,143,TRUE,12/13/2023 14:50,9.18,9.18,10.3,1,About half the time,4.448,13.351,14.246,5,Somewhat disagree,Strongly agree,17.327,34.824,37.336,7,75,25,2.76,18.34,19.247,10,Extremely well,Extremely well,Very well,Very well,Extremely well,Somewhat well,1.795,1.795,5.96,1,92504,0,0,7.455,0,0,0,14.618,0,0,0,7.833,0,0,0,7.372,0,0,0,13.637,0,3bg8fb,Democratic,Republican,gun control,gc_treat
12/13/2023 14:44,12/13/2023 14:50,100,346,TRUE,12/13/2023 14:50,193.43,193.43,194.41,1,Most of the time,14.429,19.301,20.366,3,Agree,Strongly agree,5.931,10.046,14.291,2,15,65,2.545,29.573,30.359,12,Somewhat well,Very well,Very well,Very well,Very well,Somewhat well,1.391,1.391,5.744,1,48640,0,0,11.759,0,0,0,14.349,0,0,0,13.154,0,0,0,18.676,0,0,0,12.683,0,uzxk9y,Republican,Democratic,gun control,gc_treat
12/13/2023 14:47,12/13/2023 14:50,100,159,TRUE,12/13/2023 14:50,15.414,15.414,16.249,1,Most of the time,4.533,10.781,11.673,3,Disagree,Agree,14.266,17.514,20.171,3,20,80,12.03,30.519,31.321,9,Not too well,Very well,Very well,Not too well,Very well,Somewhat well,1.323,1.323,4.918,1,33020,0,0,12.853,0,0,0,13.896,0,0,0,9.301,0,0,0,19.449,0,0,0,10.558,0,4yu7x1,Republican,Democratic,immigration,imm_treat
12/13/2023 14:48,12/13/2023 14:50,100,141,TRUE,12/13/2023 14:50,8.45,9.399,10.1,2,All the time,6.695,12.914,13.598,4,Strongly agree,Somewhat disagree,4.97,12.873,13.48,4,80,10,12,36.512,37.269,12,Somewhat well,Somewhat well,Somewhat well,Somewhat well,Somewhat well,Somewhat well,1.601,1.601,5.532,1,23150,0,0,8.391,0,9.883,9.883,13.16,1,0,0,8.854,0,0,0,16.57,0,0,0,7.948,0,yh41cg,Republican,Democratic,gun control,gc_treat
12/13/2023 14:48,12/13/2023 14:50,100,140,TRUE,12/13/2023 14:50,3.467,3.467,4.433,1,Most of the time,2.828,5.056,5.898,2,Neither agree nor disagree,Strongly agree,6.375,11.974,12.517,3,79,33,4.315,13.712,15.581,7,Very well,Very well,Extremely well,Very well,Very well,Extremely well,7.313,7.313,12.218,1,10486,0,0,9.732,0,0,0,3.534,0,0,0,35.528,0,0,0,6.234,0,0,0,11.09,0,bd1h4v,Democratic,Republican,immigration,imm_treat
12/13/2023 14:44,12/13/2023 14:50,100,412,TRUE,12/13/2023 14:50,199.735,199.735,200.717,1,Most of the time,70.156,77.204,78.177,3,Somewhat agree,Strongly agree,6.401,10.701,13.64,4,87,38,22.901,29.966,30.715,9,Very well,Somewhat well,Somewhat well,Extremely well,Extremely well,Extremely well,5.401,5.401,9.078,1,10065,0,0,5.381,0,0,0,4.535,0,0,0,36.952,0,0,0,9.351,0,0,0,8.489,0,7gpqmk,Democratic,Republican,immigration,imm_treat
12/13/2023 14:49,12/13/2023 14:51,100,101,TRUE,12/13/2023 14:51,4.139,4.139,4.834,1,Most of the time,5.155,10.323,11.378,3,Agree,Strongly agree,1.222,4.7,5.124,4,50,40,1.791,4.903,5.26,7,Not too well,Not too well,Very well,Somewhat well,Not too well,Not too well,1.151,1.151,52.266,1,20147,0,0,1.401,0,0,0,0.601,0,0,0,5.58,0,0,0,0.169,0,0.671,0.671,1.226,1,2vykxw,Democratic,Republican,gun control,gc_control3
12/13/2023 14:47,12/13/2023 14:51,100,200,TRUE,12/13/2023 14:51,8.45,8.45,10.111,1,Most of the time,11.194,27.09,28.616,3,Disagree,Strongly agree,16.349,32.28,33.377,4,80,15,18.899,56.334,57.051,10,Somewhat well,Extremely well,Extremely well,Very well,Extremely well,Extremely well,1.911,1.911,4.421,1,60153,0,0,26.397,0,0,0,13.993,0,0,0,9.774,0,,,,,0,0,12.048,0,8qgy6w,Democratic,Republican,immigration,imm_pc
12/13/2023 14:35,12/13/2023 14:51,100,948,TRUE,12/13/2023 14:51,144.595,157.283,157.883,3,About half the time,215.239,221.398,222.174,2,Disagree,Agree,13.895,114.637,115.956,17,30,60,4.604,20.952,21.383,8,Very well,Very well,Very well,Very well,Very well,Very well,1.602,1.602,5.34,1,90006,0,0,6.001,0,0,0,18.367,0,0,0,0.701,0,0,0,5,0,0,0,9.723,0,4zb2bt,Republican,Democratic,gun control,gc_treat
12/13/2023 14:49,12/13/2023 14:51,100,125,TRUE,12/13/2023 14:51,8.638,8.638,10.199,1,Once in a while,4.707,9.348,10.377,2,Somewhat agree,Strongly agree,7.2,10.267,14.37,2,10,75,5.739,23.209,24.047,8,Somewhat well,Very well,Somewhat well,Somewhat well,Somewhat well,Somewhat well,3.17,3.17,7.882,1,21228,0,0,7.093,0,0,0,3.976,0,0,0,2.899,0,0,0,11.483,0,0,0,7.027,0,rrnczg,Republican,Democratic,immigration,imm_control3
12/13/2023 14:39,12/13/2023 14:51,100,711,TRUE,12/13/2023 14:51,21.972,21.972,29.69,1,Once in a while,4.978,194.085,194.897,4,Strongly disagree,Neither agree nor disagree,4.518,8.301,12.232,3,75,50,74.062,204.154,205.239,7,Somewhat well,Very well,Very well,Somewhat well,Extremely well,Somewhat well,33.445,33.445,76.751,1,30605,0,0,9.886,0,0,0,4.903,0,0,0,6.985,0,0,0,13.786,0,0,0,7.652,0,m31623,Republican,Democratic,immigration,imm_treat
12/13/2023 14:49,12/13/2023 14:51,100,139,TRUE,12/13/2023 14:51,13.701,13.701,15.468,1,Almost Never,6.01,12.369,13.101,3,Neither agree nor disagree,Somewhat agree,4.201,8.716,9.5,4,0,0,10.501,42.159,43.424,10,Not too well,Somewhat well,Not too well,Not at all well,Very well,Very well,3.301,3.301,7.202,1,76710,0,0,9.044,0,0,0,7.955,0,0,0,8.049,0,0,0,10.398,0,0,0,8.339,0,zhd4rx,Republican,Democratic,gun control,gc_control1
12/13/2023 14:49,12/13/2023 14:51,100,140,TRUE,12/13/2023 14:51,9.438,9.438,10.512,1,Almost Never,9.157,14.42,15.916,3,Strongly disagree,Strongly agree,6.616,6.616,13.937,1,60,40,6.694,42.678,43.17,14,Somewhat well,Very well,Very well,Very well,Very well,Somewhat well,1.442,1.442,4.122,1,30215,0,0,18.8,0,8.401,8.401,10.117,1,2.878,2.878,6.181,1,,,,,0,0,11.26,0,p2q1x2,Democratic,Republican,gun control,gc_pc
12/13/2023 14:40,12/13/2023 14:51,100,694,TRUE,12/13/2023 14:51,8.973,29.022,30.301,13,About half the time,8.096,13.31,14.204,3,Agree,Strongly agree,26.198,558.352,561.13,44,24,50,6.205,30.255,30.879,14,Somewhat well,Extremely well,Very well,Very well,Very well,Very well,1.505,1.505,6.401,1,73115,0,0,6.301,0,0,0,9.102,0,4.333,5.882,7.201,3,0,0,9.976,0,0,0,7.802,0,ca6fex,Republican,Democratic,immigration,imm_treat
12/13/2023 14:49,12/13/2023 14:51,100,143,TRUE,12/13/2023 14:51,14.701,19.957,20.518,3,About half the time,32.721,37.781,45.849,4,Somewhat agree,Somewhat agree,3.657,9.289,13.897,2,60,40,6.402,21.724,22.671,11,Extremely well,Extremely well,Extremely well,Very well,Extremely well,Extremely well,1.319,1.319,4.484,1,20903,0,0,2.947,0,0,0,5.11,0,0,0,16.44,0,,,,,0,0,5.327,0,avx9qe,Democratic,Republican,immigration,imm_pc
12/13/2023 14:49,12/13/2023 14:51,100,124,TRUE,12/13/2023 14:51,8.779,8.779,10.353,1,About half the time,4.844,10.824,13.155,4,Somewhat disagree,Neither agree nor disagree,15.9,18.566,25.724,2,50,35,5.8,19.502,20.326,9,Very well,Extremely well,Very well,Very well,Extremely well,Somewhat well,1.646,1.646,4.623,1,92284,0,0,10.601,0,0,0,4.437,0,0,0,6.523,0,0,0,11.53,0,0,0,7.672,0,a3atem,Democratic,Republican,immigration,imm_treat
12/13/2023 14:48,12/13/2023 14:52,100,210,TRUE,12/13/2023 14:52,13.301,13.301,14.875,1,Most of the time,6.901,13.706,16.689,2,Strongly disagree,Somewhat disagree,6.201,14.812,15.4,4,20,50,6.101,29.851,31.25,7,Very well,Very well,Somewhat well,Very well,Very well,Somewhat well,1.701,1.701,5.241,1,17268,0,0,99.961,0,8.266,8.266,10.853,1,0,0,4.201,0,,,,,0,0,3.701,0,c44zaz,Democratic,Republican,gun control,gc_pc
12/13/2023 14:49,12/13/2023 14:52,100,148,TRUE,12/13/2023 14:52,8.391,8.391,10.097,1,Most of the time,9.468,16.729,19.135,2,Neither agree nor disagree,Disagree,6.135,13.055,13.981,3,12,82,6.556,40.375,41.3,7,Somewhat well,Somewhat well,Somewhat well,Not too well,Somewhat well,Somewhat well,1.838,1.838,6.087,1,99688,0,0,4.954,0,0,0,10.926,0,2.078,2.078,8.085,1,0,0,12.6,0,0,0,9.601,0,hpbqfy,Democratic,Republican,gun control,gc_treat
12/13/2023 14:47,12/13/2023 14:52,100,271,TRUE,12/13/2023 14:52,10.107,15.325,16.189,3,About half the time,7.502,44.545,45.322,6,Neither agree nor disagree,Agree,11.012,17.674,21.955,4,100,100,8.396,26.549,27.338,10,Extremely well,Extremely well,Extremely well,Extremely well,Extremely well,Extremely well,3.59,3.59,21.001,1,49423,0,0,12.734,0,29.577,29.577,33.451,1,0,0,13.319,0,0,0,1.926,0,0,0,73.912,0,ffpnzt,Democratic,Republican,immigration,imm_treat
12/13/2023 14:52,12/13/2023 14:53,100,54,TRUE,12/13/2023 14:53,1.295,4.473,5.533,4,Most of the time,0.853,6.686,7.165,8,Strongly agree,Strongly agree,1.135,4.67,6.501,2,85,2,1.464,8.681,9.421,12,Somewhat well,Somewhat well,Somewhat well,Somewhat well,Somewhat well,Somewhat well,0.808,0.808,4.288,1,95400,0,0,5.593,0,1.016,1.016,1.832,1,1.091,1.091,1.988,1,1.099,1.099,2.138,1,0,0,2.083,0,84z39x,Democratic,Republican,immigration,imm_control2
12/13/2023 14:51,12/13/2023 14:54,100,137,TRUE,12/13/2023 14:54,9.664,10.865,15.061,2,Most of the time,4.692,11.586,13.93,4,Neither agree nor disagree,Agree,6.053,11.772,13.952,3,80,0,5.94,26.093,29.017,11,Not too well,Somewhat well,Somewhat well,Not too well,Somewhat well,Not too well,2.278,2.278,6.188,1,33594,0,0,10.836,0,6.609,8.148,10.028,2,0,0,6.496,0,0,0,13.406,0,0,0,12.035,0,2xqzea,Democratic,Republican,gun control,gc_control1
12/13/2023 14:47,12/13/2023 14:55,100,431,TRUE,12/13/2023 14:55,20.512,20.512,22.041,1,Most of the time,8.832,15.505,16.091,3,Somewhat disagree,Agree,60.119,65.239,71.631,3,10,80,7.827,192.587,193.028,9,Very well,Very well,Very well,Very well,Very well,Very well,55.149,55.149,58.248,1,92392,0,0,12.186,0,0,0,19,0,0,0,6.858,0,0,0,17.701,0,0,0,9.347,0,cnmd9e,Republican,Democratic,gun control,gc_control2
12/13/2023 14:49,12/13/2023 14:56,100,383,TRUE,12/13/2023 14:56,16.906,19.74,20.775,2,About half the time,5.017,17.437,18.445,4,Somewhat disagree,Strongly agree,60.197,73.731,76.583,5,1,2,8.246,74.382,75.186,9,Extremely well,Extremely well,Very well,Extremely well,Extremely well,Extremely well,107.667,107.667,112.763,1,27104,0,0,10.523,0,8.964,8.964,9.822,1,0,0,3.97,0,3.946,14.68,19.689,2,23.25,23.25,24.277,1,t9ykwd,Republican,Democratic,immigration,imm_treat
12/13/2023 14:52,12/13/2023 14:56,100,224,TRUE,12/13/2023 14:56,9.532,9.532,10.3,1,Most of the time,35.101,41.166,41.686,3,Somewhat agree,Somewhat agree,1.801,21.677,22.355,4,15,40,3.4,25.657,27.336,14,Very well,Somewhat well,Somewhat well,Somewhat well,Very well,Not too well,5.486,5.486,11.882,1,11204,0,0,8.102,0,1.161,1.161,2.906,1,24.06,24.06,26.563,1,0,0,5.573,0,0,0,6.773,0,umazr8,Republican,Democratic,gun control,gc_treat
12/13/2023 14:52,12/13/2023 14:56,100,240,TRUE,12/13/2023 14:56,9.38,10.076,11.401,2,About half the time,5.595,15.541,16.32,4,Strongly disagree,Agree,21.669,32.001,32.701,5,60,20,2.379,72.945,73.731,14,Not too well,Somewhat well,Very well,Very well,Very well,Very well,3.49,3.49,8.703,1,60162,0,0,15.898,0,22.887,22.887,25.976,1,9.387,17.017,18.301,2,16.051,18.016,19.301,2,0,0,8.958,0,emmkna,Democratic,Republican,gun control,gc_treat
12/13/2023 14:54,12/13/2023 14:56,100,130,TRUE,12/13/2023 14:56,24.475,24.475,25.928,1,Once in a while,5.042,13.957,14.539,5,Neither agree nor disagree,Agree,4.401,12.368,12.964,7,38,74,4.502,17.943,18.644,11,Very well,Very well,Very well,Very well,Very well,Somewhat well,1.529,1.529,4.5,1,91733,0,0,7.29,0,0,0,7.729,0,0,0,9.893,0,0,0,13.785,0,0,0,7.355,0,tnzc8c,Republican,Democratic,gun control,gc_control3
12/13/2023 14:52,12/13/2023 14:57,100,296,TRUE,12/13/2023 14:57,8.5,9.96,10.44,5,Most of the time,7.601,25.344,26.931,7,Strongly disagree,Strongly agree,13.668,28.858,29.401,4,100,0,12.27,44.702,45.795,9,Not too well,Extremely well,Extremely well,Extremely well,Extremely well,Not at all well,3.831,3.831,8.98,1,19134,0,0,22.301,0,88.779,88.779,109.161,1,0,0,11,0,,,,,0,0,14.631,0,yd7n7a,Democratic,Republican,immigration,imm_pc
12/13/2023 14:42,12/13/2023 14:58,100,955,TRUE,12/13/2023 14:58,5.828,5.828,7.039,1,Once in a while,1.698,6.02,6.62,5,Neither agree nor disagree,Neither agree nor disagree,6.455,10.321,13.525,2,30,55,69.111,74.786,75.401,11,Somewhat well,Somewhat well,Very well,Somewhat well,Somewhat well,Very well,1.648,1.648,4.583,1,95076,0,0,9.597,0,0,0,6.458,0,1.376,1.376,195.295,1,,,,,1.198,1.198,629.882,1,gtqpwr,Democratic,Republican,gun control,gc_pc
12/13/2023 14:53,12/13/2023 14:59,100,322,TRUE,12/13/2023 14:59,9.839,9.839,10.923,1,Once in a while,9.791,29.779,30.871,2,Neither agree nor disagree,Somewhat agree,7.434,32.1,46.533,3,60,20,9.892,38.145,41.255,10,Not too well,Very well,Extremely well,Very well,Extremely well,Not too well,1.585,1.585,6.728,1,84115,0,0,117.889,0,0,0,23.485,0,24.931,24.931,31.755,1,,,,,0,0,7.419,0,dtaduc,Republican,Democratic,gun control,gc_pc
12/13/2023 14:41,12/13/2023 14:59,100,1089,TRUE,12/13/2023 14:59,9.584,12.813,13.28,3,Most of the time,16.229,28.939,29.4,4,Strongly agree,Agree,7.145,17.048,17.415,6,0,50,6.072,22.338,22.877,11,Very well,Very well,Somewhat well,Very well,Very well,Somewhat well,3.143,3.143,7.48,1,91342,56.655,327.164,345.033,4,20.575,161.831,162.561,18,15.328,402.985,423.268,16,7.032,7.032,9.295,1,0,0,7.452,0,n71ugb,Republican,Democratic,gun control,gc_control2
12/13/2023 15:00,12/13/2023 15:01,100,90,TRUE,12/13/2023 15:01,4.304,4.304,5.477,1,Once in a while,3.381,5.953,6.563,3,Disagree,Somewhat agree,1.278,11.774,12.301,6,66,38,6.351,15.67,16.4,9,Somewhat well,Somewhat well,Very well,Somewhat well,Very well,Extremely well,1.245,6.152,16.264,2,11212,0,0,4.235,0,0,0,7.36,0,0,0,1.846,0,0,0,4.537,0,0,0,5.535,0,rmxzfc,Democratic,Republican,gun control,gc_treat
12/13/2023 14:59,12/13/2023 15:02,100,181,TRUE,12/13/2023 15:02,16.202,16.202,17.1,1,Once in a while,8.876,14.153,15.401,2,Neither agree nor disagree,Strongly agree,1.567,13.419,14.763,5,80,0,11.711,29.434,30.462,8,Somewhat well,Very well,Very well,Very well,Very well,Somewhat well,1.388,1.388,4.872,1,31313,0,0,31.341,0,0,0,11.824,0,0,0,14.573,0,0,0,17.684,0,0,0,16.2,0,ywtgub,Democratic,Republican,gun control,gc_treat
12/13/2023 15:01,12/13/2023 15:04,100,201,TRUE,12/13/2023 15:04,40.22,40.22,42.598,1,Once in a while,9.743,19.175,19.859,3,Neither agree nor disagree,Neither agree nor disagree,11.003,14.677,17.977,2,50,50,6.981,48.645,49.66,9,Very well,Very well,Very well,Somewhat well,Extremely well,Not too well,2.131,2.131,8.364,1,45040,0,0,10.382,0,0,0,17.835,0,0,0,5.414,0,0,0,7.314,0,0,0,8.941,0,vqwk3m,Republican,Democratic,immigration,imm_control1
12/13/2023 14:47,12/13/2023 15:04,100,1022,TRUE,12/13/2023 15:04,8,8,8.873,1,All the time,148.432,155.044,903.899,2,Neither agree nor disagree,Strongly agree,11.134,14.547,17.875,3,80,0,12.565,41.733,42.561,11,Extremely well,Extremely well,Extremely well,Extremely well,Very well,Extremely well,1.526,1.526,4.981,1,10552,0,0,9.784,0,0,0,15.285,0,0,0,3.367,0,,,,,0,0,9.615,0,g4ydg8,Democratic,Republican,immigration,imm_pc
12/13/2023 15:03,12/13/2023 15:06,100,199,TRUE,12/13/2023 15:06,6.755,8.748,9.621,2,Most of the time,8.078,15.703,16.831,3,Agree,Strongly agree,6.945,10.893,13.175,3,75,5,4.657,25.276,27.363,9,Somewhat well,Very well,Somewhat well,Somewhat well,Very well,Somewhat well,1.218,1.218,5.287,1,54911,0,0,68.947,0,5.827,5.827,7.541,1,0,0,3.592,0,15.752,15.752,16.852,1,0,0,22.622,0,n3u4wc,Democratic,Republican,immigration,imm_treat
12/13/2023 15:05,12/13/2023 15:07,100,134,TRUE,12/13/2023 15:07,2.892,2.892,3.698,1,Once in a while,5.101,7.403,8.112,2,Somewhat disagree,Agree,1.192,3.576,5.945,2,50,30,6.038,48.54,49.627,8,Not too well,Not too well,Not too well,Not too well,Somewhat well,Not too well,1.558,1.558,5.274,1,15227,0,0,36.036,0,0,0,1.445,0,0,0,2.505,0,0,0,9.901,0,0,0,2.343,0,tpzzqa,Democratic,Republican,gun control,gc_control2
12/13/2023 15:06,12/13/2023 15:07,100,102,TRUE,12/13/2023 15:07,7.482,7.482,8.659,1,Most of the time,5.431,11.045,11.429,3,Somewhat agree,Agree,9.575,16.182,16.591,5,80,5,4.939,22.603,23.299,8,Extremely well,Very well,Very well,Very well,Extremely well,Somewhat well,1.864,1.864,5.886,1,28110,0,0,7.36,0,0,0,5.634,0,0,0,3.3,0,,,,,0,0,6.402,0,kb39hv,Democratic,Republican,gun control,gc_pc
12/13/2023 15:07,12/13/2023 15:09,100,125,TRUE,12/13/2023 15:09,21.046,21.046,22.351,1,All the time,10.35,12.415,13.228,2,Somewhat disagree,Agree,43.11,49.162,51.688,2,80,50,4.74,11.841,12.224,11,Very well,Extremely well,Extremely well,Extremely well,Extremely well,Extremely well,1.132,1.132,5.17,1,07604,0,0,8.714,0,0,0,1.821,0,0.963,1.312,1.8,2,0.704,0.704,1.122,1,0,0,0.822,0,vf336t,Republican,Democratic,immigration,imm_treat
12/13/2023 14:54,12/13/2023 15:10,100,944,TRUE,12/13/2023 15:10,146.714,146.714,147.6,1,Most of the time,9.442,14.91,19.319,2,Disagree,Agree,118.324,124.905,127.352,2,75,10,39.225,246.561,247.635,12,Extremely well,Somewhat well,Extremely well,Not too well,Very well,Somewhat well,2.86,2.86,10.363,1,77539,0,0,89.127,0,0,0,23.758,0,0,0,5.634,0,0,0,14.592,0,0,0,11.185,0,4cmag8,Democratic,Republican,immigration,imm_treat
12/13/2023 15:07,12/13/2023 15:11,100,254,TRUE,12/13/2023 15:11,9.718,13.091,13.998,3,About half the time,9.2,16.398,17.4,4,Somewhat agree,Agree,15.516,26.201,31.301,5,10,70,7.353,53.976,54.478,14,Not too well,Very well,Very well,Somewhat well,Very well,Somewhat well,1.801,1.801,9.586,1,55805,0,0,19.254,0,11.038,20.52,21.501,3,3.441,3.441,4.344,1,16.536,18.913,19.91,2,0,0,17.701,0,gphg8w,Republican,Democratic,gun control,gc_treat
12/13/2023 15:11,12/13/2023 15:12,100,97,TRUE,12/13/2023 15:13,5.541,5.541,6.553,1,Almost Never,4.584,8.825,9.361,2,Agree,Neither agree nor disagree,5.272,7.354,9.244,2,80,30,4.834,16.9,17.54,9,Not too well,Very well,Very well,Very well,Extremely well,Extremely well,1.162,1.162,4.168,1,68046,0,0,4.498,0,0,0,4.925,0,0,0,4.927,0,0,0,8.408,0,0,0,6.999,0,zwtg94,Democratic,Republican,gun control,gc_treat
12/13/2023 14:41,12/13/2023 15:15,100,2035,TRUE,12/13/2023 15:15,10.412,10.412,11.401,1,Most of the time,3.698,7.778,8.277,3,Neither agree nor disagree,Agree,3.411,11.322,11.902,5,80,30,5.284,161.775,162.392,9,Not too well,Very well,Very well,Very well,Very well,Very well,1.317,1.317,6.802,1,10472,0,0,11.138,0,0,0,18.379,0,7.958,7.958,203.855,1,0,0,3.9,0,0,0,4.949,0,zwym97,Democratic,Republican,immigration,imm_treat
12/13/2023 15:14,12/13/2023 15:16,100,127,TRUE,12/13/2023 15:16,4.757,6.541,6.801,2,Most of the time,2.56,12.808,13.2,4,Somewhat agree,Strongly agree,2.801,18.566,19.401,6,5,12,21.364,43.967,44.55,10,Somewhat well,Very well,Extremely well,Somewhat well,Very well,Somewhat well,1.376,1.376,6.27,1,22043,2.114,2.114,7.757,1,0,0,12.782,0,0,0,4.399,0,,,,,0,0,6.287,0,gmtuqx,Republican,Democratic,immigration,imm_pc
12/13/2023 15:11,12/13/2023 15:17,100,335,TRUE,12/13/2023 15:17,8.953,10.014,13.687,2,Most of the time,2.605,21.312,21.925,5,Strongly disagree,Strongly disagree,1.441,17.539,20.169,4,3,4,204.04,225.677,240.22,20,Not at all well,Somewhat well,Extremely well,Not too well,Extremely well,Somewhat well,1.308,1.308,5.466,1,34470,0,0,4.9,0,1.193,3.672,4.174,3,0.41,1.301,2.387,2,,,,,0,0,9.823,0,fpqc9n,Republican,Democratic,immigration,imm_pc
12/13/2023 15:19,12/13/2023 15:22,100,158,TRUE,12/13/2023 15:22,56.78,56.78,57.178,1,Most of the time,5.21,8.601,10.455,2,Somewhat agree,Neither agree nor disagree,6.044,10.759,15.088,2,70,30,4,22.94,23.497,8,Somewhat well,Very well,Somewhat well,Somewhat well,Somewhat well,Somewhat well,1.503,1.503,4.377,1,14424,0,0,5.62,0,0,0,6.301,0,0,0,1.996,0,,,,,0,0,5.894,0,223va1,Democratic,Republican,gun control,gc_pc
12/13/2023 14:54,12/13/2023 15:26,100,1928,TRUE,12/13/2023 15:26,6.961,8.11,8.858,2,Most of the time,150.577,223.955,225.509,3,Disagree,Strongly agree,5.646,13.945,16.901,3,25,75,131.929,150.732,152.673,9,Somewhat well,Very well,Very well,Very well,Very well,Somewhat well,1.771,1.771,8.294,1,92324,0,0,6.82,0,108.295,108.295,109.107,1,0,0,3.315,0,0,0,8.171,0,0,0,6.494,0,enh8yy,Republican,Democratic,gun control,gc_control3
12/13/2023 15:27,12/13/2023 15:32,100,283,TRUE,12/13/2023 15:32,12.117,12.117,12.805,1,Most of the time,152.13,155.909,157.083,2,Strongly disagree,Somewhat agree,11.656,14.21,16.77,2,20,95,4.066,12.012,12.75,8,Very well,Extremely well,Very well,Extremely well,Extremely well,Extremely well,2.477,2.477,6.174,1,34769,0,0,53.792,0,0,0,1.501,0,0,0,1.765,0,0,0,1.604,0,0,0,11.186,0,mnzznf,Democratic,Republican,gun control,gc_treat
12/13/2023 15:13,12/13/2023 15:33,100,1184,TRUE,12/13/2023 15:33,17.002,17.002,17.935,1,About half the time,10.518,16.359,17.061,3,Strongly agree,Strongly agree,25.996,29.417,31.847,2,0,0,13.567,38.992,40.298,8,Extremely well,Extremely well,Extremely well,Extremely well,Extremely well,Extremely well,2.146,3.125,8.565,2,30311,0,0,24.573,0,0,0,21.419,0,0,0,9.721,0,0,0,32.006,0,0,0,15.64,0,z98wzb,Republican,Democratic,gun control,gc_control2
12/13/2023 15:58,12/13/2023 16:01,100,204,TRUE,12/13/2023 16:01,6.738,6.738,7.697,1,About half the time,1.386,75.909,76.501,7,Neither agree nor disagree,Somewhat disagree,43.796,50.275,51.231,4,30,70,6.474,12.375,12.791,8,Very well,Extremely well,Extremely well,Very well,Very well,Extremely well,1.346,1.346,10.084,1,35201,0,0,10.102,0,0,0,1.052,0,0,0,1.701,0,0,0,18.441,0,0,0,1.043,0,83htyb,Republican,Democratic,immigration,imm_control1
12/13/2023 17:09,12/13/2023 17:12,100,143,TRUE,12/13/2023 17:12,17.27,17.27,18.101,1,Most of the time,25.862,28.646,29.872,2,Neither agree nor disagree,Strongly disagree,2.704,39.727,40.375,5,20,80,4.048,10.314,10.9,8,Extremely well,Extremely well,Extremely well,Extremely well,Very well,Extremely well,1.88,1.88,20.786,1,06804,0,0,1.784,0,0,0,1.451,0,0,0,0.966,0,0,0,1.369,0,0,0,1.301,0,thebf2,Republican,Democratic,immigration,imm_control2
12/13/2023 17:19,12/13/2023 17:22,100,155,TRUE,12/13/2023 17:22,5.089,5.089,19.484,1,About half the time,15.3,31.101,32.162,4,Disagree,Neither agree nor disagree,19.868,26.598,27.084,4,90,10,3.293,8.777,9.672,8,Very well,Very well,Somewhat well,Very well,Very well,Very well,9.701,31.001,33.283,2,20874,0,0,4.702,0,0,0,1.865,0,0,0,8.696,0,,,,,0,0,2.663,0,bnzyd7,Democratic,Republican,gun control,gc_pc
12/13/2023 22:53,12/13/2023 22:55,100,138,TRUE,12/13/2023 22:55,26.601,26.601,27.701,1,Most of the time,12.201,15.335,16.018,3,Agree,Agree,3.1,16.196,17.995,4,100,0,2.501,7.551,8.652,7,Very well,Extremely well,Very well,Very well,Extremely well,Extremely well,5.601,5.601,16.159,1,01609,0,0,3.094,0,0.045,0.045,0,1,0,0,2.493,0,0,0,15.63,0,12.284,12.284,14.965,1,7rh9ug,Democratic,Republican,immigration,imm_treat
12/14/2023 3:27,12/14/2023 3:29,100,141,TRUE,12/14/2023 3:29,3.763,3.763,4.75,1,About half the time,3.521,4.907,6,2,Neither agree nor disagree,Neither agree nor disagree,40.66,52.18,52.747,5,60,40,5.059,12.115,12.881,8,Very well,Very well,Very well,Extremely well,Very well,Very well,9.55,9.55,14.502,1,64081,0,0,1.3,0,1.217,1.217,11.75,1,11.931,11.931,12.7,1,,,,,0,0,12.839,0,x9xg9w,Republican,Democratic,immigration,imm_pc
12/14/2023 7:26,12/14/2023 7:29,100,195,TRUE,12/14/2023 7:29,9.301,9.301,9.998,1,All the time,7.102,14.806,15.63,3,Agree,Strongly agree,18.301,22.901,24.502,3,100,0,77.301,84.028,84.787,8,Somewhat well,Somewhat well,Very well,Somewhat well,Somewhat well,Very well,20.871,20.871,29.301,1,53142,0,0,1.033,0,0,0,1.613,0,0.008,0.008,0.033,1,0,0,0.953,0,0,0,17.571,0,a9f131,Democratic,Republican,gun control,gc_control3
12/14/2023 7:52,12/14/2023 7:54,100,118,TRUE,12/14/2023 7:54,20.402,20.402,21.095,1,About half the time,1.602,3.47,4.1,3,Strongly disagree,Strongly disagree,13.476,30.105,32.501,6,25,75,2.501,7.41,7.933,8,Extremely well,Extremely well,Extremely well,Very well,Extremely well,Extremely well,10.4,10.4,23.967,1,02914,0,0,7.634,0,0,0,1.15,0,0,0,4.2,0,,,,,0,0,3.148,0,646typ,Democratic,Republican,immigration,imm_pc
12/14/2023 8:05,12/14/2023 8:05,100,24,TRUE,12/14/2023 8:05,1.076,1.076,1.82,1,About half the time,0.563,2.385,2.392,2,,,1.208,2.379,2.381,2,,,0.686,2.78,2.792,3,Not at all well,,,,,,2.277,2.277,2.287,1,,0,0,0.936,0,0,0,0.808,0,0,0,0.826,0,0,0,0.701,0,0,0,0.977,0,4q2kwh,Democratic,Republican,immigration,imm_control1
12/7/2023 8:34,12/7/2023 8:34,85,19,FALSE,12/14/2023 8:34,3.083,3.083,3.091,1,,1.871,1.871,1.88,1,,,1.705,1.705,1.714,1,,,0.763,2.315,2.327,2,,,,,,,1.425,1.425,1.435,1,,0,0,0.637,0,0,0,1.099,0,0,0,1.122,0,,,,,,,,,drgqdt,Republican,Democratic,immigration,imm_treat
12/14/2023 8:52,12/14/2023 8:55,100,147,TRUE,12/14/2023 8:55,10.445,10.445,11.444,1,About half the time,6.821,13.417,15.774,2,Neither agree nor disagree,Agree,16.599,26.628,29.673,3,40,20,7.234,24.279,25.146,8,Very well,Very well,Very well,Very well,Very well,Somewhat well,2.018,2.018,10.061,1,17370,0,0,11.878,0,0,0,17.753,0,0,0,12.599,0,,,,,0,0,8.779,0,kwuqa9,Democratic,Republican,gun control,gc_pc
12/14/2023 8:54,12/14/2023 8:55,100,110,TRUE,12/14/2023 8:55,5.955,5.955,6.799,1,All the time,4.302,9.259,10.211,3,Neither agree nor disagree,Strongly agree,3.704,11.388,13.959,3,80,50,5.244,20.388,21.228,9,Extremely well,Extremely well,Extremely well,Extremely well,Extremely well,Extremely well,1.517,1.517,4.519,1,33544,0,0,6.834,0,0,0,30.276,0,0,0,4.08,0,,,,,0,0,6.41,0,un4u2t,Democratic,Republican,immigration,imm_pc
12/14/2023 8:58,12/14/2023 8:59,100,76,TRUE,12/14/2023 8:59,6.042,6.042,6.895,1,About half the time,3.516,6.701,8.039,2,Agree,Strongly agree,8.141,10.94,12.975,2,80,20,4.837,15.012,15.821,9,Very well,Very well,Very well,Very well,Very well,Very well,1.358,1.358,3.514,1,14450,0,0,5.886,0,0,0,5.842,0,0,0,3.495,0,0,0,4.962,0,0,0,4.925,0,zqzve9,Democratic,Republican,immigration,imm_control2
12/14/2023 8:57,12/14/2023 9:01,100,246,TRUE,12/14/2023 9:01,8.788,8.788,65.127,1,About half the time,9.099,16.503,17.421,2,Somewhat agree,Somewhat agree,16.633,21.545,29.991,3,40,45,16.088,55.734,56.726,9,Somewhat well,Very well,Very well,Very well,Somewhat well,Very well,3.237,3.237,11.432,1,11901,0,0,17.193,0,14.562,14.562,15.299,1,12.737,12.737,13.761,1,,,,,0,0,15.041,0,xvn4we,Republican,Democratic,gun control,gc_pc
12/14/2023 9:00,12/14/2023 9:02,100,134,TRUE,12/14/2023 9:02,2.402,3.702,4.886,2,About half the time,19.548,40.829,41.201,4,Neither agree nor disagree,Strongly agree,21.381,43.818,44.396,6,10,90,1.596,7.083,7.647,10,Very well,Extremely well,Very well,Extremely well,Extremely well,Extremely well,1.101,1.101,11.601,1,60623,0,0,2.035,0,0,0,1.473,0,0.985,0.985,2.09,1,0,0,4.09,0,0,0,1.15,0,bvbmwu,Democratic,Republican,immigration,imm_control1
12/14/2023 9:03,12/14/2023 9:05,100,122,TRUE,12/14/2023 9:05,6.439,6.439,7.445,1,All the time,3.536,7.577,8.5,2,Strongly disagree,Strongly agree,10.1,19.101,20.335,4,85,12,15.072,34.945,35.696,10,Extremely well,Extremely well,Very well,Extremely well,Extremely well,Very well,1.214,1.214,3.617,1,19702,0,0,7.332,0,0,0,5.647,0,0,0,7.2,0,0,0,12.768,0,0,0,8.5,0,rtzmwc,Democratic,Republican,gun control,gc_treat
12/14/2023 9:04,12/14/2023 9:05,100,67,TRUE,12/14/2023 9:05,4.901,4.901,5.745,1,Most of the time,2.063,4.836,5.844,2,Strongly disagree,Somewhat agree,2.209,5.421,7.754,3,80,20,3.549,19.518,20.057,8,Very well,Very well,Somewhat well,Very well,Very well,Very well,0.878,0.878,3.901,1,12550,0,0,5.522,0,0,0,4.692,0,0,0,2.401,0,,,,,0,0,4.2,0,d3xzfn,Democratic,Republican,immigration,imm_pc
12/14/2023 9:06,12/14/2023 9:07,100,73,TRUE,12/14/2023 9:07,4.333,4.333,5.143,1,Almost Never,4.168,7.771,9.147,2,Somewhat disagree,Strongly agree,5.282,7.766,11.045,3,52,0,4.579,17.334,20.236,8,Somewhat well,Somewhat well,Very well,Very well,Very well,Very well,1.571,1.571,4.357,1,32217,0,0,1.213,0,0,0,6.735,0,0,0,1.949,0,0,0,1.734,0,0,0,5.805,0,zxyz1h,Democratic,Republican,immigration,imm_control1
12/14/2023 9:05,12/14/2023 9:07,100,119,TRUE,12/14/2023 9:07,6.094,6.094,7.137,1,Most of the time,3.1,12.472,13.18,3,Neither agree nor disagree,Agree,6.373,12.465,16.052,3,100,0,8.099,48.739,49.619,8,Somewhat well,Somewhat well,Somewhat well,Not too well,Somewhat well,Somewhat well,1.563,1.563,4.714,1,54235,0,0,3.808,0,0,0,4.906,0,0,0,3.105,0,0,0,5.634,0,0,0,4.813,0,epxa82,Democratic,Republican,gun control,gc_treat
12/14/2023 9:07,12/14/2023 9:09,100,110,TRUE,12/14/2023 9:09,6.67,6.67,7.389,1,About half the time,5.801,9.537,10.251,2,Neither agree nor disagree,Strongly agree,7.265,17.546,20.644,4,10,80,5.665,31.243,32.252,14,Very well,Very well,Extremely well,Very well,Extremely well,Extremely well,1.559,2.185,4.594,3,33952,0,0,6.252,0,0,0,5.544,0,0,0,1.629,0,0,0,11.864,0,0,0,4.75,0,ubc3dz,Republican,Democratic,immigration,imm_treat
12/14/2023 9:08,12/14/2023 9:09,100,103,TRUE,12/14/2023 9:09,6.185,6.185,6.998,1,About half the time,4.385,8.772,10.35,2,Agree,Strongly agree,5.364,10.14,12.825,2,60,0,7.018,22.391,23.195,9,Not too well,Somewhat well,Not too well,Not at all well,Somewhat well,Not too well,1.484,1.484,5.241,1,60417,0,0,7.484,0,0,0,10.144,0,0,0,5.394,0,0,0,10.366,0,0,0,5.406,0,1bdbaz,Democratic,Republican,immigration,imm_control3
12/14/2023 9:07,12/14/2023 9:10,100,128,TRUE,12/14/2023 9:10,8.059,8.059,8.759,1,All the time,7.225,12.947,13.966,3,Agree,Strongly agree,7.177,13.285,16.826,3,90,20,8.842,31.317,31.937,11,Not too well,Somewhat well,Not too well,Not too well,Somewhat well,Somewhat well,1.281,1.281,3.99,1,90021,0,0,9.816,0,0,0,11.112,0,0,0,7.05,0,0,0,8.489,0,0,0,10.515,0,b3q27z,Democratic,Republican,gun control,gc_control3
12/14/2023 9:08,12/14/2023 9:10,100,162,TRUE,12/14/2023 9:10,8.418,8.418,9.485,1,About half the time,5.821,10.322,11.398,2,Somewhat disagree,Somewhat agree,7.735,11.18,14.848,2,75,50,6.811,31.341,38.276,9,Very well,Very well,Extremely well,Extremely well,Very well,Very well,47.476,47.476,49.983,1,92804,0,0,6.811,0,0,0,7.749,0,0,0,3.334,0,0,0,8.881,0,0,0,7.001,0,f7guu6,Democratic,Republican,gun control,gc_treat
12/14/2023 9:11,12/14/2023 9:12,100,103,TRUE,12/14/2023 9:12,9.411,9.411,10.101,1,All the time,7.409,12.644,13.686,3,Strongly disagree,Neither agree nor disagree,3.375,17.84,18.4,4,40,40,3.249,23.042,23.6,9,Very well,Extremely well,Very well,Somewhat well,Extremely well,Very well,1.557,1.557,12.119,1,32162,0,0,1.261,0,0,0,5.322,0,0,0,2.355,0,0,0,3.921,0,0,0,5.294,0,vnphmu,Democratic,Republican,gun control,gc_control3
12/14/2023 9:11,12/14/2023 9:13,100,150,TRUE,12/14/2023 9:13,7.919,8.972,9.362,2,Once in a while,25.389,34.433,34.838,4,Somewhat disagree,Somewhat agree,6.301,11.201,14.24,5,50,50,11.459,30.324,30.998,10,Not at all well,Very well,Very well,Very well,Very well,Very well,2.247,2.247,5.068,1,37918,0,0,5.142,0,0,0,7.443,0,0,0,19.681,0,0,0,7.001,0,0,0,10.951,0,484d6r,Democratic,Republican,gun control,gc_treat
12/14/2023 9:11,12/14/2023 9:13,100,154,TRUE,12/14/2023 9:13,6.562,6.562,8.024,1,Most of the time,8.514,15.823,17.898,3,Agree,Strongly agree,11.162,17.11,21.778,2,60,40,14.558,35.227,35.777,9,Somewhat well,Very well,Very well,Somewhat well,Very well,Very well,1.769,1.769,5.637,1,06089,0,0,19.567,0,0,0,11.156,0,0,0,8.355,0,0,0,13.134,0,0,0,8.156,0,drxx2m,Democratic,Republican,gun control,gc_control1
12/14/2023 9:11,12/14/2023 9:15,100,227,TRUE,12/14/2023 9:15,10.506,10.506,11.433,1,Almost Never,9.776,32.445,32.921,2,Agree,Somewhat agree,26.258,30.092,33.202,2,50,50,34.207,73.133,75.571,9,Somewhat well,Very well,Extremely well,Somewhat well,Extremely well,Very well,1.963,1.963,7.781,1,19540,0,0,18.048,0,0,0,8.352,0,0,0,11.462,0,0,0,14.413,0,8.257,8.257,8.529,1,t7tvt4,Republican,Democratic,immigration,imm_treat
12/14/2023 9:11,12/14/2023 9:15,100,256,TRUE,12/14/2023 9:15,10.915,11.932,12.56,2,Once in a while,40.778,47.143,47.689,4,Agree,Somewhat agree,5.374,14.271,17.535,3,75,70,5.498,129.12,129.698,11,Extremely well,Extremely well,Extremely well,Extremely well,Extremely well,Very well,1.278,1.278,7.094,1,59405,0,0,8.046,0,0,0,7.752,0,0,0,4.068,0,0,0,5.751,0,0,0,5.994,0,g3w232,Republican,Democratic,gun control,gc_control2
12/14/2023 9:14,12/14/2023 9:16,100,122,TRUE,12/14/2023 9:16,31.781,31.781,32.547,1,All the time,3.126,7.465,8.1,2,Strongly disagree,Strongly agree,4.037,7.205,12.492,2,20,0,4.688,18.322,18.83,10,Very well,Extremely well,Very well,Extremely well,Extremely well,Very well,6.888,6.888,9.101,1,11727,0,0,6.478,0,0,0,4.972,0,0,0,7.296,0,0,0,7.701,0,0,0,6.689,0,kb3mrr,Democratic,Republican,gun control,gc_treat
12/14/2023 9:13,12/14/2023 9:17,100,180,TRUE,12/14/2023 9:17,41.631,41.631,42.938,1,About half the time,6.227,11.676,13.481,3,Disagree,Strongly agree,11.081,16.372,18.668,3,75,25,12.341,27.523,28.423,10,Somewhat well,Very well,Somewhat well,Very well,Very well,Somewhat well,1.067,1.733,5.434,2,03054,0,0,10.448,0,0,0,8.288,0,0,0,3.806,0,0,0,11.476,0,0,0,33.367,0,9ct1zb,Democratic,Republican,immigration,imm_treat
12/14/2023 9:15,12/14/2023 9:17,100,134,TRUE,12/14/2023 9:17,8.797,11.213,11.944,2,About half the time,6.158,11.436,12.427,3,Neither agree nor disagree,Strongly agree,8.761,15.356,19.32,3,10,85,4.52,31.327,31.984,11,Somewhat well,Very well,Somewhat well,Very well,Extremely well,Very well,2.215,2.215,9.994,1,94111,0,0,6.736,0,0,0,15.458,0,0,0,3.857,0,0,0,10.161,0,0,0,7.608,0,qm7qhf,Republican,Democratic,immigration,imm_control3
12/14/2023 9:15,12/14/2023 9:17,100,137,TRUE,12/14/2023 9:17,15.454,15.454,16.493,1,Most of the time,7.17,13.381,16.994,2,Somewhat agree,Strongly agree,7.098,13.163,17.003,3,80,30,6.729,29.151,30.501,8,Very well,Very well,Very well,Very well,Very well,Very well,2.493,2.493,6.232,1,54494,0,0,9.101,0,0,0,9.572,0,0,0,6.576,0,0,0,8.591,0,0,0,8.65,0,3n9yrk,Democratic,Republican,gun control,gc_control1
12/14/2023 9:18,12/14/2023 9:19,100,51,TRUE,12/14/2023 9:19,4.01,5.117,5.863,3,About half the time,1.256,4.747,5.348,5,Disagree,Neither agree nor disagree,2.793,6.025,7.801,2,50,50,2.672,11.468,11.912,12,Very well,Somewhat well,Very well,Very well,Somewhat well,Very well,1.057,1.057,5.224,1,20120,0,0,1.954,0,0,0,1.561,0,0.167,0.167,1.091,1,0,0,1.052,0,0,0,1.61,0,ag4trd,Democratic,Republican,gun control,gc_treat
12/14/2023 9:18,12/14/2023 9:19,100,95,TRUE,12/14/2023 9:19,7.442,7.442,8.21,1,Once in a while,4.605,9.355,10.76,2,Neither agree nor disagree,Somewhat agree,5.557,10.161,12.586,3,75,50,11.35,24.657,25.575,8,Very well,Very well,Very well,Very well,Very well,Very well,1.529,1.529,5.927,1,65810,0,0,3.427,0,0,0,7.333,0,0,0,1.315,0,0,0,2.449,0,0,0,5.656,0,vp3c1w,Democratic,Republican,gun control,gc_control3
12/14/2023 9:17,12/14/2023 9:20,100,132,TRUE,12/14/2023 9:20,7.719,7.719,8.835,1,All the time,7.114,12.957,13.896,3,Neither agree nor disagree,Somewhat agree,15.451,25.952,26.492,5,30,70,9.601,30.976,31.99,8,Somewhat well,Very well,Very well,Not too well,Somewhat well,Somewhat well,1.371,1.371,6.945,1,79252,0,0,11.476,0,0,0,8.601,0,0,0,5.034,0,,,,,0,0,8.649,0,zr6r2r,Republican,Democratic,immigration,imm_pc
12/14/2023 9:19,12/14/2023 9:21,100,131,TRUE,12/14/2023 9:21,8.4,8.4,9.647,1,Most of the time,8.775,13.372,16.5,2,Somewhat disagree,Strongly agree,8.949,18.014,18.948,5,25,80,6.465,22.147,23.185,8,Very well,Very well,Very well,Very well,Very well,Very well,2.059,2.059,6.465,1,16601,0,0,5.671,0,0,0,14.097,0,0,0,9.7,0,0,0,11.442,0,0,0,9.034,0,mat7ua,Republican,Democratic,gun control,gc_control3
12/14/2023 9:19,12/14/2023 9:22,100,186,TRUE,12/14/2023 9:22,12.817,12.817,15.278,1,About half the time,4.272,14.116,14.993,3,Neither agree nor disagree,Neither agree nor disagree,11.501,16.701,22.136,2,50,50,12.699,55.254,60.499,6,Not too well,Somewhat well,Very well,Not too well,Somewhat well,Somewhat well,2.501,2.501,11.182,1,32084,0,0,10.275,0,0,0,15.602,0,0,0,8.745,0,0,0,11.316,0,0,0,7.601,0,4uq8ng,Democratic,Republican,gun control,gc_treat
12/14/2023 9:20,12/14/2023 9:22,100,120,TRUE,12/14/2023 9:22,7.029,8.183,8.592,2,Most of the time,7.663,16.13,16.601,3,Strongly disagree,Disagree,10.265,18.208,18.664,5,75,15,9.457,27.404,27.997,10,Not too well,Very well,Very well,Very well,Very well,Somewhat well,1.355,1.355,4.943,1,56170,0,0,9.755,0,8.633,8.633,9.076,1,3.25,3.25,4.848,1,0,0,4.258,0,0,0,7.016,0,zk98uz,Republican,Democratic,immigration,imm_control2
12/14/2023 9:21,12/14/2023 9:23,100,84,TRUE,12/14/2023 9:23,6.163,6.163,7.103,1,About half the time,5.006,9.499,10.843,3,Disagree,Strongly agree,10.443,14.705,16.804,2,40,60,4.509,20.218,20.997,10,Extremely well,Very well,Somewhat well,Very well,Very well,Very well,1.599,1.599,3.891,1,30120,0,0,6.708,0,0,0,4.798,0,0,0,3.836,0,,,,,0,0,5.075,0,w7zkv2,Republican,Democratic,gun control,gc_pc
12/14/2023 9:20,12/14/2023 9:23,100,203,TRUE,12/14/2023 9:23,8.16,15.404,17.369,2,About half the time,6,20.76,23.134,5,Somewhat agree,Strongly agree,7.621,15.706,25.205,4,30,5,10.302,62.974,64.774,16,Extremely well,Very well,Somewhat well,Extremely well,Somewhat well,Very well,1.502,1.502,7.403,1,45036,0,0,11.201,0,10.392,10.392,12.102,1,0,0,8.963,0,15.311,15.311,16.658,1,0,0,9.73,0,kyrhdk,Democratic,Republican,immigration,imm_treat
12/14/2023 9:21,12/14/2023 9:24,100,139,TRUE,12/14/2023 9:24,8.201,8.201,10.43,1,Once in a while,4.683,16.351,17.1,3,Disagree,Strongly agree,9.73,15.409,20.749,2,35,55,2.903,23.839,25.236,10,Somewhat well,Very well,Very well,Very well,Extremely well,Extremely well,1.699,1.699,8.1,1,62223,0,0,13.356,0,0,0,11.823,0,0,0,4.861,0,0,0,13.801,0,0,0,7.97,0,nywfp3,Republican,Democratic,gun control,gc_treat
12/14/2023 9:22,12/14/2023 9:24,100,137,TRUE,12/14/2023 9:24,6.494,6.494,7.998,1,Most of the time,4.562,10.736,13.966,3,Agree,Strongly agree,6.452,10.975,15.183,2,25,60,5.066,45.664,48.229,20,Extremely well,Extremely well,Very well,Somewhat well,Very well,Somewhat well,1.59,1.59,3.984,1,42101,0,0,8.304,0,0,0,10.656,0,0,0,3.853,0,0,0,11.881,0,0,0,5.303,0,gcn73h,Republican,Democratic,gun control,gc_control3
12/14/2023 9:20,12/14/2023 9:24,100,222,TRUE,12/14/2023 9:24,9.283,9.283,10.202,1,About half the time,23.76,29.313,29.801,3,Strongly disagree,Strongly agree,104.368,111.13,113.798,3,50,50,9.088,27.749,28.239,9,Very well,Very well,Extremely well,Very well,Very well,Very well,1.232,1.232,4.847,1,30014,0,0,7.933,0,0,0,10.941,0,0,0,2.304,0,0,0,2.163,0,0,0,4.76,0,x21ctm,Republican,Democratic,immigration,imm_control3
12/14/2023 9:22,12/14/2023 9:24,100,102,TRUE,12/14/2023 9:24,7.561,7.561,8.435,1,Once in a while,5.49,8.6,9.514,2,Strongly agree,Strongly agree,7.913,12.142,14.552,3,50,100,5.914,18.352,19.083,9,Somewhat well,Very well,Very well,Very well,Very well,Very well,1.782,1.782,5.001,1,11366,0,0,10.308,0,0,0,13.318,0,0,0,4.668,0,0,0,7.692,0,0,0,4.812,0,zy6tqc,Republican,Democratic,immigration,imm_treat
12/14/2023 9:23,12/14/2023 9:26,100,169,TRUE,12/14/2023 9:26,16.027,16.027,16.918,1,Once in a while,8.516,13.326,14.281,3,Strongly agree,Disagree,14.542,18.278,23.3,2,80,40,9.577,41.828,42.806,10,Very well,Very well,Extremely well,Not too well,Somewhat well,Not too well,1.775,1.775,5.674,1,92688,0,0,10.142,0,0,0,11.676,0,0,0,6.016,0,0,0,23.622,0,0,0,9.66,0,fbbbya,Republican,Democratic,immigration,imm_treat
12/14/2023 9:24,12/14/2023 9:26,100,129,TRUE,12/14/2023 9:26,7.816,7.816,8.687,1,All the time,4.2,8.522,9.194,3,Strongly agree,Agree,28.976,35.985,37.622,4,95,5,3.932,29.588,30.239,9,Extremely well,Extremely well,Extremely well,Extremely well,Extremely well,Very well,1.684,1.684,5.519,1,53555,0,0,9.591,0,5.2,5.2,11.682,1,0,0,5.481,0,,,,,0,0,5.175,0,y24buu,Democratic,Republican,immigration,imm_pc
12/14/2023 9:24,12/14/2023 9:27,100,183,TRUE,12/14/2023 9:27,13.565,13.565,14.448,1,About half the time,15.255,25.735,27.177,3,Somewhat agree,Strongly agree,14.869,21.428,22,5,40,88,5.836,30.555,31.964,9,Very well,Extremely well,Very well,Extremely well,Very well,Not too well,2.441,2.441,7.55,1,30077,0,0,23.085,0,0,0,15.367,0,0,0,12.836,0,0,0,12.066,0,0,0,11.613,0,ru3q4r,Republican,Democratic,immigration,imm_control1
12/14/2023 9:27,12/14/2023 9:28,100,58,TRUE,12/14/2023 9:28,6.237,6.684,7.373,2,Once in a while,3.434,6.785,7.407,2,Disagree,Agree,7.276,14.51,14.868,3,100,0,1.627,11.436,12.232,8,Not too well,Somewhat well,Very well,Not too well,Not too well,Very well,1.063,1.063,3.362,1,52328,0,0,1.482,0,0,0,3.194,0,0,0,1.041,0,,,,,0,0,3.999,0,xanmux,Republican,Democratic,gun control,gc_pc
12/14/2023 9:26,12/14/2023 9:30,100,188,TRUE,12/14/2023 9:30,8.952,8.952,9.801,1,Almost Never,45.352,46.581,47.668,3,Somewhat agree,Somewhat agree,2.855,8.6,10.401,4,50,50,32.163,40.867,42.075,11,Somewhat well,Somewhat well,Extremely well,Very well,Very well,Very well,36.719,36.719,40.201,1,10010,0,0,13.073,0,0,0,1.785,0,0,0,1.651,0,0,0,1.165,0,0,0,4.101,0,89hvnc,Republican,Democratic,immigration,imm_control2
12/14/2023 9:28,12/14/2023 9:30,100,116,TRUE,12/14/2023 9:30,13.051,14.339,14.855,2,Once in a while,22.861,25.728,26.544,3,Disagree,Strongly agree,8.804,13.173,15.557,3,80,30,3.711,18.412,19.354,11,Very well,Very well,Very well,Very well,Extremely well,Very well,1.632,1.632,4.795,1,15122,0,0,8.351,0,7.899,7.899,9.126,1,0,0,4.617,0,,,,,0,0,6.864,0,d794da,Democratic,Republican,immigration,imm_pc
12/14/2023 9:29,12/14/2023 9:31,100,130,TRUE,12/14/2023 9:31,6.065,6.065,7.257,1,Once in a while,5.765,15.358,18.827,4,Somewhat agree,Strongly agree,6.045,10.198,13.519,3,70,20,5.528,32.694,33.875,10,Somewhat well,Not too well,Somewhat well,Not too well,Very well,Not too well,1.353,1.353,5.469,1,74008,0,0,19.544,0,0,0,9.114,0,0,0,2.051,0,0,0,9.861,0,0,0,5.979,0,2baa2x,Democratic,Republican,gun control,gc_treat
12/14/2023 9:29,12/14/2023 9:31,100,152,TRUE,12/14/2023 9:31,8.039,8.039,9.153,1,Most of the time,9.455,16.957,18.138,2,Strongly agree,Strongly agree,12.519,18.045,22.298,3,80,20,10.834,32.244,33.13,10,Somewhat well,Somewhat well,Very well,Very well,Very well,Very well,1.505,1.505,5.249,1,77038,0,0,13.994,0,0,0,15.741,0,0,0,8.83,0,0,0,10.241,0,0,0,10.076,0,h2m8xp,Democratic,Republican,gun control,gc_control1
12/14/2023 9:30,12/14/2023 9:32,100,162,TRUE,12/14/2023 9:32,8.849,8.849,10.291,1,Most of the time,6.212,16.14,16.782,3,Somewhat agree,Somewhat disagree,10.934,28.938,30.215,4,50,60,10.043,31.837,32.632,10,Somewhat well,Very well,Very well,Somewhat well,Very well,Very well,1.758,1.758,14.601,1,22611,0,0,11.31,0,0,0,14.664,0,0,0,7.824,0,0,0,10.853,0,0,0,8.109,0,9tvm4w,Democratic,Republican,gun control,gc_control3
12/14/2023 9:31,12/14/2023 9:33,100,92,TRUE,12/14/2023 9:33,3.487,3.487,4.31,1,Once in a while,4.311,8.616,9.352,3,Neither agree nor disagree,Agree,4.426,7.258,9.4,2,50,50,3.465,16.951,17.664,10,Very well,Extremely well,Very well,Very well,Extremely well,Extremely well,1.44,1.44,3.75,1,28212,0,0,2.304,0,2.86,2.86,7.573,1,0,0,7.229,0,0,0,13.233,0,0,0,11.185,0,wtmhvk,Democratic,Republican,gun control,gc_treat
12/14/2023 9:32,12/14/2023 9:33,100,60,TRUE,12/14/2023 9:33,5.413,5.413,6.172,1,About half the time,2.459,5.028,5.866,3,Somewhat agree,Strongly agree,3.024,6.938,8.838,3,50,20,5.849,13.971,15.944,9,Very well,Very well,Very well,Very well,Very well,Very well,0.871,0.871,4.061,1,43623,0,0,2.054,0,0,0,2.057,0,0,0,3.336,0,0,0,4.704,0,0,0,2.03,0,gdfk7y,Republican,Democratic,gun control,gc_treat
12/14/2023 9:32,12/14/2023 9:34,100,122,TRUE,12/14/2023 9:34,8.925,13.638,14.574,4,About half the time,1.811,10.449,11.194,5,Neither agree nor disagree,Strongly agree,9.294,19.61,22.82,4,85,15,8.887,28.823,29.596,15,Somewhat well,Somewhat well,Very well,Somewhat well,Very well,Not too well,1.336,1.336,4.618,1,28607,0,0,10.158,0,7.148,9.107,13.609,2,0,0,3.452,0,,,,,0,0,6.593,0,eb4rnw,Democratic,Republican,immigration,imm_pc
12/14/2023 9:33,12/14/2023 9:36,100,179,TRUE,12/14/2023 9:36,48.467,51.134,52.06,3,Most of the time,6.055,13.255,14.202,5,Somewhat agree,Agree,7.668,15.751,19.07,3,86,42,6.047,28.373,29.609,12,Very well,Extremely well,Very well,Extremely well,Very well,Very well,3.44,3.44,9.457,1,33060,0,0,13.524,0,6.1,7.181,7.996,2,3.974,3.974,5.752,1,8.001,8.001,9.099,1,0,0,11.534,0,hrc8f7,Democratic,Republican,gun control,gc_treat
12/14/2023 9:34,12/14/2023 9:36,100,136,TRUE,12/14/2023 9:36,23.492,23.492,24.771,1,Most of the time,3.32,6.118,7.382,2,Strongly disagree,Strongly agree,4.701,12.478,15.3,3,90,30,3.4,26.796,27.501,8,Extremely well,Extremely well,Extremely well,Extremely well,Extremely well,Extremely well,1.739,1.739,5.3,1,55057,0,0,16.081,0,0,0,7.428,0,0,0,3.337,0,15.872,15.872,16.741,1,0,0,5.343,0,z8ryk8,Democratic,Republican,immigration,imm_treat
12/14/2023 9:34,12/14/2023 9:37,100,163,TRUE,12/14/2023 9:37,8.471,8.471,11.067,1,Most of the time,3.386,29.338,29.946,5,Agree,Agree,7.159,30.265,33.037,7,40,70,7.604,47.4,48.155,10,Very well,Very well,Somewhat well,Very well,Very well,Very well,1.618,1.618,8.896,1,15024,0,0,9.87,0,0,0,6.488,0,0,0,3.883,0,,,,,0,0,7.117,0,d4nrr3,Republican,Democratic,gun control,gc_pc
12/14/2023 9:35,12/14/2023 9:38,100,150,TRUE,12/14/2023 9:38,11.692,11.692,12.419,1,About half the time,6.089,9.956,10.614,3,Somewhat agree,Agree,6.819,12.103,13.676,3,45,55,8.446,20.881,21.409,11,Very well,Very well,Extremely well,Very well,Extremely well,Extremely well,1.362,1.362,4.571,1,32908,0,0,7.301,0,0,0,5.564,0,18.104,18.104,59.017,1,0,0,4.759,0,0,0,5.305,0,8q7w8v,Republican,Democratic,immigration,imm_control1
12/14/2023 9:37,12/14/2023 9:38,100,75,TRUE,12/14/2023 9:38,6.888,6.888,7.477,1,About half the time,9.014,12.165,13.055,3,Agree,Agree,6.428,11.447,13.5,3,45,35,2.749,14.228,14.774,13,Extremely well,Extremely well,Extremely well,Extremely well,Very well,Very well,0.883,0.883,5.433,1,15367,0,0,3.691,0,0,0,4.133,0,0,0,1.926,0,,,,,0,0,4.551,0,d89v9a,Republican,Democratic,immigration,imm_pc
12/14/2023 9:37,12/14/2023 9:39,100,133,TRUE,12/14/2023 9:39,5.248,6.124,6.595,3,Most of the time,3.435,6.815,8.001,5,Disagree,Agree,5.394,15.883,16.656,5,42,77,2.617,50.486,50.997,17,Somewhat well,Somewhat well,Somewhat well,Very well,Somewhat well,Somewhat well,1.368,1.368,4.543,1,60647,0,0,7.512,0,4.908,5.791,7.539,2,0,0,3.972,0,9.441,9.441,12.787,1,0,0,5.817,0,3aagtz,Republican,Democratic,gun control,gc_treat
12/14/2023 9:06,12/14/2023 9:40,100,2013,TRUE,12/14/2023 9:40,15.524,15.524,17.759,1,Most of the time,3.518,27.707,28.343,7,Disagree,Agree,13.322,183.537,185.249,9,1,86,65.598,309.791,310.484,24,Somewhat well,Very well,Very well,Somewhat well,Somewhat well,Somewhat well,1.338,1.338,6.201,1,10027,0,0,5.079,0,0,0,9.365,0,0,0,10.35,0,0,0,5.706,0,0,0,7.086,0,3af7kc,Republican,Democratic,immigration,imm_control3
12/14/2023 9:40,12/14/2023 9:41,100,76,TRUE,12/14/2023 9:41,4.122,4.24,5.25,2,Most of the time,3.418,8.756,9.945,2,Disagree,Somewhat agree,4.909,8.01,10.342,2,100,60,4.815,19.472,20.638,11,Very well,Very well,Very well,Very well,Very well,Very well,1.348,1.348,4.06,1,02771,0,0,3.306,0,0,0,3.981,0,0,0,3.561,0,0,0,4.442,0,0,0,5.939,0,4gg8u9,Republican,Democratic,immigration,imm_control2
12/14/2023 9:39,12/14/2023 9:41,100,126,TRUE,12/14/2023 9:41,9.699,9.699,11.301,1,About half the time,6.365,24.087,25.087,3,Somewhat agree,Neither agree nor disagree,6.615,9.263,11.401,3,5,65,3.868,21.735,22.399,11,Somewhat well,Not too well,Very well,Somewhat well,Not too well,Not too well,1.373,1.373,4.763,1,75035,0,0,8.365,0,0,0,9.985,0,0,0,8.028,0,0,0,13.848,0,0,0,4.943,0,3pcp2u,Republican,Democratic,gun control,gc_treat
12/14/2023 9:39,12/14/2023 9:41,100,169,TRUE,12/14/2023 9:41,10.364,12.43,13.474,2,About half the time,7.524,15.802,16.394,4,Disagree,Agree,13.396,29.332,32.142,7,35,65,7.174,32.118,32.802,10,Very well,Very well,Very well,Very well,Very well,Very well,2.719,2.719,10.798,1,32608,0,0,9.727,0,10.746,10.746,21.472,1,0,0,6.749,0,0,0,12.401,0,0,0,7.54,0,wpq1q8,Republican,Democratic,immigration,imm_control1
12/14/2023 9:41,12/14/2023 9:43,100,130,TRUE,12/14/2023 9:43,3.782,4.614,5.434,2,About half the time,8.226,10.674,11.791,3,Neither agree nor disagree,Agree,6.708,10.532,12.868,3,30,20,3.252,21.473,22.004,11,Very well,Very well,Very well,Very well,Very well,Extremely well,0.851,0.851,3.532,1,75704,0,0,50.165,0,0,0,8.025,0,0,0,3.789,0,0,0,0.659,0,0,0,3.401,0,yfrqpz,Democratic,Republican,gun control,gc_treat
12/14/2023 9:42,12/14/2023 9:43,100,98,TRUE,12/14/2023 9:43,6.867,8.702,9.722,3,About half the time,3.801,8.853,9.818,4,Agree,Strongly disagree,4.017,12.867,16.495,2,100,50,3.327,17.614,18.643,11,Extremely well,Extremely well,Extremely well,Extremely well,Extremely well,Very well,1.549,1.549,5.805,1,65559,0,0,6.673,0,5.199,5.199,7.996,1,2.228,2.228,3.165,1,,,,,0,0,5.572,0,k4de4e,Democratic,Republican,immigration,imm_pc
12/14/2023 9:41,12/14/2023 9:44,100,161,TRUE,12/14/2023 9:44,7.647,8.493,9.141,2,About half the time,10.965,20.319,21.019,4,Somewhat disagree,Strongly agree,30.799,35.491,38.802,4,25,60,4.564,53.866,55.589,12,Somewhat well,Very well,Very well,Very well,Very well,Very well,1.095,1.095,4.449,1,95117,0,0,6.43,0,5.581,6.583,7.339,2,0,0,8.906,0,,,,,0,0,4.397,0,3t63w9,Republican,Democratic,gun control,gc_pc
12/14/2023 9:43,12/14/2023 9:44,100,106,TRUE,12/14/2023 9:44,20.559,31.573,32.067,4,About half the time,2.374,6.525,7.59,4,Neither agree nor disagree,Agree,3.557,6.07,7.733,3,40,40,5.273,17.32,17.866,12,Somewhat well,Very well,Very well,Very well,Very well,Somewhat well,1.428,1.428,4.154,1,20852,2.584,2.584,3.605,1,0,0,21.278,0,0,0,2.624,0,,,,,0,0,4.828,0,gmxvu3,Republican,Democratic,gun control,gc_pc
12/14/2023 9:42,12/14/2023 9:45,100,141,TRUE,12/14/2023 9:45,3.203,3.203,10.675,1,Most of the time,3.898,10.302,26.502,3,Neither agree nor disagree,Somewhat agree,3.401,27.536,28.852,3,70,90,3.101,19.019,20.314,10,Very well,Somewhat well,Not too well,Very well,Extremely well,Extremely well,2.501,2.501,11.293,1,10013,0,0,4.244,0,0,0,1.301,0,0,0,1.98,0,,,,,0,0,3.203,0,pmqr26,Democratic,Republican,gun control,gc_pc
12/14/2023 9:42,12/14/2023 9:45,100,179,TRUE,12/14/2023 9:45,8.296,9.599,10.537,2,Once in a while,11.414,19.883,21.069,3,Somewhat disagree,Neither agree nor disagree,16.393,27.23,27.692,5,10,50,13.001,34.514,35.159,9,Somewhat well,Somewhat well,Extremely well,Very well,Somewhat well,Somewhat well,8.067,8.067,10.906,1,77598,0,0,10.771,0,0,0,25.376,0,0,0,7.601,0,0,0,12.5,0,0,0,7.657,0,9pcxtv,Democratic,Republican,immigration,imm_treat
12/14/2023 9:42,12/14/2023 9:46,100,243,TRUE,12/14/2023 9:46,8.143,10.545,11.377,2,About half the time,10.715,34.272,35.07,5,Neither agree nor disagree,Somewhat agree,14.622,29.153,29.922,4,40,40,6.539,33.939,34.657,11,Very well,Very well,Extremely well,Very well,Somewhat well,Very well,1.565,1.565,4.802,1,93637,0,0,9.985,0,0,0,72.95,0,0,0,6.578,0,0,0,22.273,0,0,0,10,0,4493vx,Republican,Democratic,immigration,imm_treat
12/14/2023 9:45,12/14/2023 9:47,100,132,TRUE,12/14/2023 9:47,11.724,12.177,12.993,2,All the time,9.658,13.59,14.69,3,Neither agree nor disagree,Strongly agree,6.633,13.45,18.245,4,30,85,6.577,22.713,23.398,9,Not too well,Extremely well,Extremely well,Extremely well,Extremely well,Extremely well,1.499,1.499,6.642,1,61865,0,0,10.069,0,9.745,9.745,10.265,1,7.124,7.124,7.552,1,12.488,12.488,13.029,1,0,0,7.775,0,gdm7bm,Republican,Democratic,gun control,gc_control1
12/14/2023 9:45,12/14/2023 9:47,100,120,TRUE,12/14/2023 9:47,7.113,7.113,8.333,1,Most of the time,1.834,11.89,13.618,3,Neither agree nor disagree,Somewhat agree,11.305,14.315,17.201,2,65,60,8.051,24.96,25.946,12,Not too well,Very well,Very well,Very well,Very well,Somewhat well,1.855,1.855,6.67,1,47906,0,0,8.745,0,0,0,11.735,0,0,0,6.336,0,0,0,10.159,0,0,0,7.814,0,dp3v4v,Democratic,Republican,gun control,gc_control3
12/14/2023 9:43,12/14/2023 9:48,100,306,TRUE,12/14/2023 9:48,5.852,5.852,6.915,1,All the time,4.505,12.793,13.549,3,Strongly disagree,Strongly agree,9.696,22.84,23.763,7,100,0,25.065,59.03,59.92,11,Not at all well,Very well,Very well,Not too well,Extremely well,Extremely well,1.95,1.95,6.059,1,44060,0,0,1.178,0,0,0,130.116,0,0,0,51.389,0,,,,,0,0,6.969,0,61h2fg,Democratic,Republican,immigration,imm_pc
12/14/2023 9:46,12/14/2023 9:48,100,121,TRUE,12/14/2023 9:48,9.339,9.339,10.082,1,Most of the time,6.27,10.571,11.475,2,Strongly disagree,Strongly agree,6.152,14.561,23.528,4,0,15,7.603,34.947,35.689,9,Somewhat well,Somewhat well,Somewhat well,Somewhat well,Somewhat well,Somewhat well,1.814,1.814,5.282,1,20152,0,0,2.83,0,0,0,6.097,0,0,0,7.098,0,0,0,7.528,0,0,0,6.692,0,t4e41u,Republican,Democratic,immigration,imm_treat
12/14/2023 9:46,12/14/2023 9:48,100,116,TRUE,12/14/2023 9:48,7.449,7.449,8.201,1,All the time,5.948,10.168,11.565,3,Disagree,Strongly agree,7.648,20.65,25.148,4,40,15,5.335,21.843,22.992,10,Very well,Very well,Very well,Very well,Very well,Very well,2.008,2.008,5.782,1,30601,0,0,9.871,0,0,0,8.09,0,0,0,5.401,0,0,0,9.442,0,0,0,5.769,0,bkbmbu,Democratic,Republican,immigration,imm_treat
12/14/2023 9:46,12/14/2023 9:48,100,89,TRUE,12/14/2023 9:48,5.425,5.425,6.326,1,Once in a while,4.164,8.28,8.68,3,Somewhat agree,Disagree,7.425,11.995,12.429,5,50,50,4.8,21.775,22.327,13,Somewhat well,Very well,Very well,Somewhat well,Very well,Somewhat well,1.545,1.545,5.159,1,35769,0,0,7.7,0,0,0,8.021,0,0,0,4.489,0,,,,,0,0,6.2,0,emtw8n,Democratic,Republican,immigration,imm_pc
12/14/2023 9:46,12/14/2023 9:48,100,136,TRUE,12/14/2023 9:48,4.31,4.774,5.957,2,All the time,10.926,15.714,16.901,3,Agree,Agree,1.165,28.471,30.76,7,10,70,8.041,33.622,34.434,10,Extremely well,Extremely well,Extremely well,Extremely well,Extremely well,Very well,1.708,1.708,8.238,1,40208,0,0,8.832,0,3.588,3.588,4.789,1,1.48,1.48,2.2,1,0.836,10.426,12.058,3,0,0,4.649,0,fk83ey,Republican,Democratic,gun control,gc_treat
12/14/2023 9:47,12/14/2023 9:48,100,67,TRUE,12/14/2023 9:48,6.112,8.504,10.201,2,Most of the time,5.259,7.985,8.838,3,Somewhat agree,Somewhat agree,5.104,8.503,10.825,2,60,60,1.398,8.482,9.561,9,Somewhat well,Somewhat well,Somewhat well,Somewhat well,Somewhat well,Very well,0.921,0.921,3.503,1,07666,0,0,6.096,0,0,0,3.412,0,0,0,2.707,0,0,0,4.009,0,0,0,2.937,0,un644y,Democratic,Republican,immigration,imm_control3
12/14/2023 9:45,12/14/2023 9:50,100,264,TRUE,12/14/2023 9:50,12.796,12.796,14.051,1,Most of the time,10.946,18.594,19.319,3,Somewhat disagree,Strongly agree,19.555,24.735,32.201,3,75,25,12.214,90.071,91.052,8,Not too well,Somewhat well,Not too well,Not too well,Not too well,Not at all well,1.816,1.816,9.101,1,02053,0,0,16.914,0,0,0,33.117,0,0,0,13.438,0,0,0,17.353,0,0,0,13.818,0,tqt1zb,Democratic,Republican,immigration,imm_control1
12/14/2023 9:49,12/14/2023 9:50,100,75,TRUE,12/14/2023 9:50,5.829,5.829,6.732,1,About half the time,3.531,7.031,8.134,3,Somewhat agree,Strongly agree,4.904,8.123,10.379,2,69,80,5.098,16.682,17.671,9,Somewhat well,Very well,Very well,Extremely well,Very well,Very well,1.738,1.738,5.861,1,60621,0,0,4.541,0,0,0,4.006,0,0,0,2.946,0,0,0,1.84,0,0,0,5.213,0,pv2bfr,Republican,Democratic,gun control,gc_control2
12/14/2023 9:48,12/14/2023 9:50,100,119,TRUE,12/14/2023 9:50,6.701,6.701,7.76,1,About half the time,4.945,8.551,9.4,2,Neither agree nor disagree,Strongly agree,6.641,14.642,18.6,2,15,70,5.926,24.722,25.719,9,Somewhat well,Very well,Somewhat well,Somewhat well,Very well,Somewhat well,2.171,2.171,6.4,1,75034,0,0,11.549,0,0,0,9.65,0,0,0,8.387,0,,,,,0,0,8.568,0,vd7r6g,Republican,Democratic,immigration,imm_pc
12/14/2023 9:49,12/14/2023 9:50,100,114,TRUE,12/14/2023 9:50,6.401,6.401,7.263,1,Most of the time,4.6,8.098,8.634,2,Neither agree nor disagree,Neither agree nor disagree,11.701,15.401,18.975,4,90,75,4.818,17.326,17.91,10,Somewhat well,Somewhat well,Very well,Very well,Very well,Very well,0.901,0.901,4.902,1,38401,0,0,8.656,0,7.525,7.525,8.301,1,0,0,5.137,0,0,0,14.593,0,0,0,9.501,0,k4m4a1,Republican,Democratic,gun control,gc_control3
12/14/2023 9:46,12/14/2023 9:51,100,299,TRUE,12/14/2023 9:51,8.093,8.093,8.986,1,Most of the time,5.504,11.526,13.209,5,Neither agree nor disagree,Strongly agree,3.5,8.356,10.785,3,100,10,7.201,192.247,192.939,9,Somewhat well,Extremely well,Somewhat well,Somewhat well,Not too well,Not too well,5.423,5.423,11.246,1,23224,0,0,10.401,0,18.063,18.063,19.094,1,0,0,12.13,0,,,,,0,0,7.149,0,nwnng8,Democratic,Republican,immigration,imm_pc
12/14/2023 9:47,12/14/2023 9:51,100,223,TRUE,12/14/2023 9:51,6.449,6.449,10.463,1,Almost Never,13.5,25.02,27.775,2,Neither agree nor disagree,Agree,47.717,53.223,57.988,4,55,10,16.697,33.519,34.296,7,Somewhat well,Somewhat well,Somewhat well,Somewhat well,Somewhat well,Not too well,3.365,3.365,8.14,1,77048,0,0,13.701,0,0,0,6.064,0,0,0,8.546,0,,,,,0,0,45.634,0,gcvctx,Democratic,Republican,gun control,gc_pc
12/14/2023 9:48,12/14/2023 9:51,100,176,TRUE,12/14/2023 9:51,5.547,5.547,6.105,1,Once in a while,5.358,8.91,9.888,2,Somewhat agree,Agree,5.142,11.064,12.919,2,50,50,5.409,11.88,13.062,7,Very well,Very well,Very well,Very well,Very well,Very well,71.601,71.601,75.325,1,61115,0,0,18.977,0,0,0,12.218,0,0,0,7.059,0,0,0,5.863,0,0,0,4.735,0,phh6xv,Republican,Democratic,gun control,gc_control1
12/14/2023 9:50,12/14/2023 9:52,100,134,TRUE,12/14/2023 9:52,7.109,10.174,11.076,2,Once in a while,5.06,11.42,13.818,4,Disagree,Strongly agree,4.04,18.126,23.501,6,30,70,7.901,29.872,30.772,11,Very well,Very well,Very well,Extremely well,Very well,Somewhat well,2.753,2.753,13.302,1,28805,0,0,6.98,0,1.51,8.779,9.681,2,0,0,6.93,0,4.156,4.156,6.088,1,0,0,6.163,0,kvub4w,Republican,Democratic,gun control,gc_treat
12/14/2023 9:51,12/14/2023 9:52,100,83,TRUE,12/14/2023 9:52,8.252,8.252,9.656,1,Once in a while,3.384,7.503,8.423,2,Somewhat agree,Somewhat agree,3.666,7.622,13.789,4,40,60,2.818,14.326,15.025,8,Very well,Very well,Extremely well,Very well,Extremely well,Somewhat well,1.45,1.45,5.65,1,33843,0,0,5.07,0,0,0,5.149,0,0,0,2.518,0,0,0,4.591,0,0,0,4.278,0,4z66bu,Republican,Democratic,gun control,gc_control1
12/14/2023 9:50,12/14/2023 9:53,100,171,TRUE,12/14/2023 9:53,28.555,29.812,30.817,2,Most of the time,6.713,11.981,12.987,3,Neither agree nor disagree,Agree,12.988,18.224,20.767,3,90,90,7.101,32.4,33.897,9,Very well,Very well,Very well,Very well,Very well,Extremely well,1.719,1.719,7.357,1,10453,0,0,12.858,0,0,0,13.14,0,0,0,8.029,0,0,0,15.601,0,0,0,8.694,0,u4qcy9,Republican,Democratic,immigration,imm_control2
12/14/2023 9:52,12/14/2023 9:54,100,91,TRUE,12/14/2023 9:54,3.664,8.015,8.901,4,About half the time,2.562,10.609,11.375,8,Somewhat disagree,Agree,8.317,13.417,15.815,3,75,20,4.314,19.765,20.714,11,Somewhat well,Somewhat well,Very well,Somewhat well,Somewhat well,Somewhat well,1.072,1.072,3.3,1,27292,0,0,5.246,0,4.99,4.99,5.785,1,0,0,2.325,0,0,0,2.903,0,0,0,8.964,0,8va9qm,Democratic,Republican,gun control,gc_control1
12/14/2023 9:51,12/14/2023 9:54,100,184,TRUE,12/14/2023 9:54,10.342,11.661,12.555,2,About half the time,15.692,23.576,24.148,4,Neither agree nor disagree,Somewhat agree,10.02,37.583,41.5,5,60,40,8.298,43.382,44.132,10,Very well,Very well,Very well,Very well,Very well,Very well,17.135,17.135,20.539,1,30132,0,0,18.429,0,4.517,6.301,6.742,2,0,0,3.889,0,,,,,0,0,6.833,0,2h7zdn,Republican,Democratic,immigration,imm_pc
12/14/2023 9:52,12/14/2023 9:54,100,127,TRUE,12/14/2023 9:54,7.477,8.371,8.981,2,Once in a while,2.805,8.798,10.235,3,Strongly agree,Strongly agree,9.483,28.6,29.708,6,50,0,4.031,17.475,18.432,12,Somewhat well,Very well,Extremely well,Extremely well,Extremely well,Extremely well,1.085,1.085,7.928,1,32824,0,0,6.79,0,23.557,23.557,25.107,1,1.758,1.758,2.651,1,1.555,1.555,2.567,1,0,0,5.516,0,z8yu69,Democratic,Republican,immigration,imm_control3
12/14/2023 9:53,12/14/2023 9:54,100,90,TRUE,12/14/2023 9:54,5.284,5.284,6.169,1,Almost Never,5.019,8.52,9.099,3,Neither agree nor disagree,Agree,5.995,9.115,12.055,2,50,75,4.387,18.734,19.288,9,Not too well,Very well,Extremely well,Somewhat well,Somewhat well,Somewhat well,1.453,1.453,4.861,1,90035,0,0,8.404,0,0,0,7.516,0,0,0,2.734,0,0,0,8.056,0,0,0,6,0,af6wg4,Republican,Democratic,immigration,imm_treat
12/14/2023 9:53,12/14/2023 9:54,100,91,TRUE,12/14/2023 9:54,6.801,6.801,7.791,1,Once in a while,4.65,7.903,9.105,2,Disagree,Strongly agree,4.245,6.52,9.24,2,35,85,4.546,18.653,19.163,10,Somewhat well,Very well,Very well,Somewhat well,Very well,Somewhat well,1.195,1.195,5.201,1,35645,0,0,8.254,0,0,0,6.286,0,0,0,4.938,0,0,0,9.83,0,0,0,5.829,0,a3ffad,Republican,Democratic,immigration,imm_treat
12/14/2023 9:51,12/14/2023 9:54,100,219,TRUE,12/14/2023 9:54,6.95,6.95,7.863,1,Most of the time,56.153,61.779,62.24,4,Disagree,Agree,1.374,23.84,24.301,7,60,10,12.466,80.985,81.694,11,Somewhat well,Somewhat well,Very well,Very well,Very well,Somewhat well,1.489,1.489,4.174,1,11779,0,0,8.5,0,0,0,8.228,0,0,0,8.757,0,,,,,0,0,7.682,0,m6ztam,Democratic,Republican,immigration,imm_pc
12/14/2023 9:53,12/14/2023 9:55,100,123,TRUE,12/14/2023 9:55,21.234,21.971,22.658,2,Once in a while,3.776,9.506,10.164,4,Somewhat disagree,Disagree,4.717,9.994,12.886,4,50,90,6.531,23.422,24.157,11,Not at all well,Somewhat well,Very well,Very well,Somewhat well,Very well,1.512,1.512,4.903,1,80701,0,0,5.58,0,14.853,14.853,15.593,1,2.469,2.469,3.276,1,6.416,6.416,7.03,1,0,0,5.543,0,7hgbdf,Republican,Democratic,gun control,gc_control3
12/14/2023 9:54,12/14/2023 9:56,100,98,TRUE,12/14/2023 9:56,4.51,5.391,7.383,2,Once in a while,5.025,10.45,11.047,5,Neither agree nor disagree,Agree,2.883,11.635,13.86,3,12,87,4.23,17.616,18.35,12,Somewhat well,Very well,Very well,Very well,Very well,Very well,1.4,1.4,5.091,1,89183,0,0,1.897,0,2.747,2.747,3.497,1,0,0,21.804,0,0,0,1.691,0,0,0,5.551,0,z4b9cp,Republican,Democratic,immigration,imm_treat
12/14/2023 9:54,12/14/2023 9:56,100,136,TRUE,12/14/2023 9:56,17.297,17.297,17.7,1,All the time,6.11,19.143,19.651,6,Disagree,Strongly disagree,5.302,14.469,16.901,6,70,60,6.924,26.614,27.084,13,Very well,Extremely well,Very well,Very well,Somewhat well,Very well,2.079,2.079,7.476,1,30044,0,0,13.396,0,9.174,9.174,11.193,1,0,0,6.049,0,0,0,4.765,0,0,0,7.011,0,d6ub1r,Republican,Democratic,gun control,gc_control1
12/14/2023 9:55,12/14/2023 9:57,100,77,TRUE,12/14/2023 9:57,4.855,4.855,5.915,1,About half the time,3.618,8.31,8.979,3,Disagree,Disagree,2.181,5.094,8.298,2,85,20,3.138,15.111,16.986,10,Somewhat well,Very well,Very well,Very well,Very well,Very well,1.311,1.311,3.847,1,67050,0,0,13.558,0,0,0,4.306,0,0,0,1.672,0,,,,,0,0,5.331,0,y4wkxf,Republican,Democratic,gun control,gc_pc
12/14/2023 9:53,12/14/2023 9:57,100,206,TRUE,12/14/2023 9:57,10.707,10.707,12.239,1,Most of the time,8.889,25.039,25.601,5,Neither agree nor disagree,Strongly agree,12.768,20.068,21.434,4,90,20,40.331,69.933,70.539,9,Not too well,Extremely well,Extremely well,Not too well,Very well,Extremely well,4.122,4.122,8.046,1,33764,0,0,19.621,0,0,0,12.964,0,0,0,5.301,0,0,0,14.063,0,0,0,10.543,0,4udp8y,Democratic,Republican,gun control,gc_control2
12/14/2023 9:55,12/14/2023 9:57,100,123,TRUE,12/14/2023 9:57,7.832,7.832,8.601,1,About half the time,3.789,8.272,9.119,2,Somewhat disagree,Somewhat agree,6.453,20.453,23.523,7,70,50,5.117,21.185,21.874,11,Somewhat well,Somewhat well,Very well,Very well,Very well,Not too well,1.73,1.73,4.176,1,49010,0,0,6.572,0,0,0,3.025,0,0,0,1.543,0,0,0,5.652,0,0,0,5.475,0,ufk8m6,Republican,Democratic,immigration,imm_control1
12/14/2023 9:53,12/14/2023 9:57,100,268,TRUE,12/14/2023 9:57,23.041,29.426,31,4,About half the time,4.6,23.56,24.891,9,Somewhat agree,Somewhat agree,6.487,22.034,27.515,8,50,30,7.621,35.087,35.5,13,Very well,Very well,Somewhat well,Very well,Very well,Not too well,3.836,3.836,100.354,1,32964,0,0,15.537,0,6.356,6.356,7.433,1,5.163,5.163,6.053,1,1.882,1.882,7.201,1,0,0,4.945,0,uw6aqr,Democratic,Republican,immigration,imm_control2
12/14/2023 9:56,12/14/2023 9:57,100,82,TRUE,12/14/2023 9:57,8.475,8.475,9.272,1,About half the time,5.528,8.063,8.792,2,Agree,Agree,6.765,8.451,10.581,2,0,80,9.945,15.332,17.35,7,Very well,Very well,Very well,Very well,Very well,Very well,3.573,3.573,6.316,1,19428,0,0,8.509,0,0,0,4.695,0,0,0,6.169,0,,,,,0,0,5.549,0,ex14px,Republican,Democratic,gun control,gc_pc
12/14/2023 9:46,12/14/2023 9:57,100,669,TRUE,12/14/2023 9:57,16.352,25.907,27.445,3,About half the time,21.201,31.002,33.233,3,Agree,Somewhat agree,30.502,78.708,80.023,8,90,50,21.401,126.628,130.323,12,Somewhat well,Not too well,Somewhat well,Somewhat well,Somewhat well,Somewhat well,118.271,118.271,131.63,1,92154,0,0,34.423,0,0,0,55.638,0,0,0,55.206,0,0,0,23.441,0,0,0,35.117,0,efwpke,Democratic,Republican,immigration,imm_control1
12/14/2023 9:56,12/14/2023 9:58,100,148,TRUE,12/14/2023 9:58,8.989,8.989,9.754,1,Once in a while,5.055,9.606,10.487,2,Disagree,Strongly agree,13.364,27.756,30.257,5,20,85,39.593,55.461,56.404,9,Somewhat well,Somewhat well,Somewhat well,Somewhat well,Very well,Not too well,2.009,2.009,5.101,1,55343,0,0,9.199,0,0,0,9.411,0,0,0,3.468,0,,,,,0,0,9.189,0,xrkgn9,Republican,Democratic,gun control,gc_pc
12/14/2023 9:58,12/14/2023 9:59,100,90,TRUE,12/14/2023 9:59,5.884,5.884,6.871,1,Once in a while,3.398,5.401,6.5,2,Neither agree nor disagree,Agree,5.085,13.134,13.86,6,25,75,3.297,18.792,21.259,10,Not too well,Very well,Very well,Somewhat well,Very well,Somewhat well,1.678,1.678,4.582,1,53212,0,0,8.065,0,0,0,5.832,0,0,0,2.863,0,0,0,9.399,0,0,0,5.343,0,mkdaq1,Republican,Democratic,immigration,imm_treat
12/14/2023 9:57,12/14/2023 10:00,100,162,TRUE,12/14/2023 10:00,78.619,81.258,85.132,3,Most of the time,2.9,10.43,11.163,4,Strongly disagree,Somewhat agree,2,10.689,11.391,4,0,25,3.8,18.971,19.972,9,Somewhat well,Very well,Somewhat well,Somewhat well,Not too well,Extremely well,1.302,1.302,6.159,2,48174,0,0,5.344,0,3.705,3.705,4.5,1,0,0,3.101,0,0,0,2.971,0,0,0,2.7,0,rhp2te,Republican,Democratic,gun control,gc_control1
12/14/2023 9:58,12/14/2023 10:00,100,99,TRUE,12/14/2023 10:00,4.879,4.879,5.617,1,All the time,5.434,8.7,10.172,2,Agree,Disagree,5.878,9.335,12.503,2,20,45,4.404,22.265,23.082,12,Somewhat well,Very well,Somewhat well,Somewhat well,Very well,Somewhat well,0.866,3.834,3.855,2,07834,0,0,9.123,0,0,0,4.424,0,0,0,4.09,0,0,0,13.679,0,0,0,6.334,0,b6mhvg,Republican,Democratic,gun control,gc_treat
12/14/2023 9:58,12/14/2023 10:00,100,131,TRUE,12/14/2023 10:00,5.177,6.373,8,2,Almost Never,6.601,15.789,16.346,3,Disagree,Strongly agree,1.887,17.06,26.819,5,40,70,2.264,21.963,22.446,11,Very well,Extremely well,Extremely well,Extremely well,Extremely well,Extremely well,1.124,2.043,5.665,2,33321,0,0,8.295,0,2.973,9.857,11.95,2,1.363,4.944,6.239,2,2.648,9.472,11.252,2,0,0,8.147,0,dyy4qa,Republican,Democratic,immigration,imm_treat
12/14/2023 9:58,12/14/2023 10:00,100,101,TRUE,12/14/2023 10:00,5.769,5.769,6.529,1,Once in a while,5.539,23.721,24.878,4,Neither agree nor disagree,Agree,4.437,10.887,12.899,2,50,50,5.143,22.049,22.707,11,Very well,Very well,Very well,Very well,Very well,Very well,1.432,1.432,4.401,1,90250,0,0,7.832,0,0,0,5.666,0,0,0,3.655,0,0,0,2.643,0,0,0,4.916,0,6y2bm9,Democratic,Republican,immigration,imm_control1
12/14/2023 9:53,12/14/2023 10:01,100,454,TRUE,12/14/2023 10:01,2.413,2.95,3.807,2,Once in a while,11.138,45.94,46.529,3,Disagree,Strongly agree,15.248,44.148,51.402,10,80,0,2.729,31.024,31.361,10,Extremely well,Extremely well,Very well,Extremely well,Very well,Very well,1.43,1.43,4.233,1,28677,0,0,6.103,0,2.671,34.269,34.572,2,1.956,1.956,2.571,1,6.605,6.605,7.341,1,0,0,28.243,0,qgc13g,Democratic,Republican,immigration,imm_treat
12/14/2023 9:59,12/14/2023 10:01,100,133,TRUE,12/14/2023 10:01,6.794,6.794,8.341,1,About half the time,3.873,10.337,12.501,2,Neither agree nor disagree,Strongly agree,3.323,7.156,12.301,3,0,65,5.563,26.53,27.101,8,Somewhat well,Very well,Somewhat well,Very well,Extremely well,Somewhat well,1.266,1.266,7.159,1,14425,24.98,24.98,27.801,1,0,0,7.85,0,0,0,3.79,0,0,0,11.501,0,0,0,7.433,0,wkwpp2,Republican,Democratic,gun control,gc_treat
12/14/2023 10:00,12/14/2023 10:02,100,79,TRUE,12/14/2023 10:02,5.385,5.385,6.477,1,Once in a while,4.13,7.203,8.138,3,Neither agree nor disagree,Somewhat agree,2.204,4.943,7.123,2,50,50,9.507,35.126,36.054,12,Somewhat well,Somewhat well,Very well,Somewhat well,Somewhat well,Somewhat well,1.166,1.166,3.301,1,68046,0,0,2.37,0,0,0,4.899,0,0,0,1.623,0,0,0,2.026,0,0,0,2.683,0,4r7yup,Democratic,Republican,immigration,imm_control2
12/14/2023 10:00,12/14/2023 10:02,100,96,TRUE,12/14/2023 10:02,15.959,15.959,17.001,1,About half the time,4.468,8.219,9.278,2,Agree,Agree,2.737,6.922,11.126,2,85,15,4.755,23.017,23.696,10,Somewhat well,Very well,Somewhat well,Not too well,Very well,Somewhat well,1.133,1.133,4.755,1,37876,0,0,7.947,0,0,0,3.959,0,0,0,4.145,0,0,0,4.204,0,0,0,4.965,0,v22wt6,Democratic,Republican,gun control,gc_control2
12/14/2023 10:01,12/14/2023 10:02,100,95,TRUE,12/14/2023 10:02,5.302,5.302,6.473,1,About half the time,5.384,15.663,16.478,3,Agree,Somewhat agree,7.7,13.105,13.544,4,20,80,4.797,21.372,22.061,9,Very well,Extremely well,Somewhat well,Very well,Extremely well,Very well,1.5,1.5,5.358,1,29572,0,0,7.663,0,0,0,5.864,0,0,0,6.477,0,,,,,0,0,4.953,0,mcfex2,Republican,Democratic,gun control,gc_pc
12/14/2023 10:01,12/14/2023 10:03,100,81,TRUE,12/14/2023 10:03,2.381,4.286,7.783,2,Once in a while,2.65,5.676,6.101,3,Strongly disagree,Strongly agree,2.489,5.272,7.752,2,50,60,2.736,24.725,25.217,10,Extremely well,Very well,Somewhat well,Extremely well,Extremely well,Extremely well,1.695,1.695,4.601,1,02360,0,0,4.201,0,1.425,2.237,4.101,2,1.137,1.137,1.634,1,1.025,1.643,4.001,2,0,0,3.795,0,3r2mqf,Republican,Democratic,gun control,gc_control3
12/14/2023 10:00,12/14/2023 10:03,100,138,TRUE,12/14/2023 10:03,20.64,20.64,26.901,1,About half the time,7.473,11.505,13.791,3,Somewhat agree,Agree,3.983,11.766,12.393,5,30,10,5.457,23.089,23.8,11,Somewhat well,Very well,Somewhat well,Very well,Very well,Very well,1.161,1.161,4.801,1,85364,0,0,29.192,0,0,0,5.401,0,0,0,2.367,0,0,0,5.501,0,0,0,5.901,0,uq34q4,Republican,Democratic,gun control,gc_treat
12/14/2023 10:00,12/14/2023 10:03,100,170,TRUE,12/14/2023 10:03,42.101,42.101,43.326,1,Most of the time,4.635,10.534,12.378,2,Strongly agree,Somewhat disagree,12.035,14.908,17.493,2,80,0,12.252,32.118,33.175,9,Somewhat well,Somewhat well,Somewhat well,Not too well,Not too well,Not too well,2.386,2.386,6.855,1,65270,0,0,8.955,0,0,0,24.055,0,0,0,13.283,0,,,,,0,0,6.272,0,myt842,Republican,Democratic,immigration,imm_pc
12/14/2023 10:00,12/14/2023 10:03,100,156,TRUE,12/14/2023 10:03,8.593,8.593,9.8,1,All the time,6.766,13.89,15.428,2,Strongly disagree,Strongly disagree,7.844,18.423,23.06,5,10,50,11.69,42.135,42.699,9,Not too well,Somewhat well,Not too well,Not too well,Somewhat well,Somewhat well,2.149,2.149,7.395,1,37922,0,0,13.287,0,0,0,13.614,0,0,0,5.517,0,0,0,10.34,0,0,0,7.901,0,nxq1c1,Democratic,Republican,gun control,gc_control2
12/14/2023 10:00,12/14/2023 10:03,100,176,TRUE,12/14/2023 10:03,9.415,17.117,18.356,4,Most of the time,9.064,24.465,26.745,4,Neither agree nor disagree,Somewhat disagree,14.314,21.832,29.809,3,30,60,7.201,30.402,35.712,14,Extremely well,Extremely well,Extremely well,Extremely well,Extremely well,Extremely well,3.27,3.27,8.152,1,11201,0,0,14.042,0,10.66,10.66,12.011,1,4.052,4.052,5.333,1,9.978,9.978,10.912,1,0,0,9.465,0,cmdpep,Democratic,Republican,gun control,gc_treat
12/14/2023 10:01,12/14/2023 10:04,100,170,TRUE,12/14/2023 10:04,11.454,11.454,12.683,1,About half the time,6.675,26.795,28.16,8,Neither agree nor disagree,Strongly agree,7.679,14.617,22.526,2,45,60,7.776,26.218,27.575,7,Extremely well,Extremely well,Extremely well,Extremely well,Extremely well,Extremely well,1.687,1.687,8.398,1,43512,0,0,14.587,0,0,0,12.811,0,0,0,9.174,0,0,0,17.476,0,0,0,11.871,0,zrxk68,Republican,Democratic,immigration,imm_treat
12/14/2023 10:02,12/14/2023 10:04,100,135,TRUE,12/14/2023 10:04,10.596,12.844,15.466,3,Once in a while,8.482,16.173,16.888,4,Somewhat agree,Agree,14.742,20.978,25.152,3,30,30,4.801,23.935,24.625,11,Somewhat well,Very well,Very well,Somewhat well,Very well,Somewhat well,1.709,1.709,4.972,1,78244,0,0,11.368,0,0.992,6.191,9.585,3,2.273,2.273,3.454,1,1.332,1.332,11.011,1,0,0,6.428,0,zqbye7,Republican,Democratic,immigration,imm_control3
12/14/2023 10:02,12/14/2023 10:04,100,132,TRUE,12/14/2023 10:04,19.681,25.165,25.906,4,Once in a while,4.96,11.71,13.443,6,Neither agree nor disagree,Agree,13.422,17.991,20.854,3,70,70,6.188,19.589,20.35,11,Somewhat well,Very well,Very well,Somewhat well,Very well,Somewhat well,1.568,1.568,5.652,1,85635,0,0,7.264,0,2.111,2.111,7.155,1,0,0,4.787,0,0,0,14.35,0,5.787,5.787,6.936,1,ttwnvq,Republican,Democratic,gun control,gc_treat
12/14/2023 10:02,12/14/2023 10:04,100,143,TRUE,12/14/2023 10:04,8.432,8.432,9.148,1,Most of the time,18.852,22.399,23.839,2,Somewhat agree,Agree,12.364,19.255,22.335,3,48,30,5.005,21.571,22.153,9,Somewhat well,Not too well,Extremely well,Very well,Somewhat well,Somewhat well,1.759,1.759,5.599,1,28110,0,0,10.181,0,0,0,24.2,0,0,0,3.963,0,0,0,8.61,0,0,0,9.006,0,tvua78,Democratic,Republican,immigration,imm_control1
12/14/2023 10:02,12/14/2023 10:05,100,186,TRUE,12/14/2023 10:05,51.075,51.075,52.046,1,Once in a while,6.827,15.037,16.147,3,Somewhat agree,Strongly agree,8.41,12.762,15.216,3,5,6,15.431,40.483,41.759,11,Somewhat well,Somewhat well,Very well,Not too well,Somewhat well,Not too well,1.761,1.761,10.199,1,85260,0,0,8.897,0,0,0,8.377,0,0,0,5.51,0,0,0,12.436,0,0,0,8.673,0,719bu9,Democratic,Republican,immigration,imm_control2
12/14/2023 10:03,12/14/2023 10:05,100,140,TRUE,12/14/2023 10:05,9.926,9.926,11.414,1,About half the time,5.276,14.757,15.784,3,Strongly disagree,Strongly agree,18.014,27.465,31.182,4,75,40,7.627,36.165,36.734,10,Very well,Extremely well,Very well,Very well,Very well,Extremely well,1.741,1.741,5.745,1,07719,0,0,9.315,0,0,0,11.68,0,0,0,9.318,0,,,,,0,0,5.555,0,rydt9k,Democratic,Republican,gun control,gc_pc
12/14/2023 10:03,12/14/2023 10:06,100,177,TRUE,12/14/2023 10:06,8.677,8.677,9.901,1,Most of the time,8.441,21.2,22.259,4,Disagree,Agree,10.753,24.583,25.525,4,20,85,9.432,37.344,38.847,9,Somewhat well,Somewhat well,Somewhat well,Somewhat well,Very well,Very well,2.233,2.233,8.298,1,80249,0,0,8.468,0,0,0,17.192,0,7.908,7.908,17.267,1,0,0,14.45,0,0,0,8.263,0,yx6dhe,Republican,Democratic,gun control,gc_control1
12/14/2023 10:05,12/14/2023 10:07,100,103,TRUE,12/14/2023 10:07,7.309,7.309,9.075,1,Most of the time,5.169,10.653,11.4,3,Agree,Agree,11.934,16.91,19.027,3,50,50,6.195,22.301,23.118,9,Not too well,Very well,Very well,Somewhat well,Somewhat well,Very well,1.011,1.011,4.401,1,23456,0,0,5.894,0,0,0,5.389,0,0,0,5.607,0,0,0,8.931,0,0,0,4.84,0,7ubxyv,Democratic,Republican,gun control,gc_treat
12/14/2023 10:03,12/14/2023 10:07,100,203,TRUE,12/14/2023 10:07,62.156,62.156,63.216,1,About half the time,6.046,10.268,13.1,2,Neither agree nor disagree,Disagree,7.611,19.915,20.401,5,30,50,11.202,34.503,35.581,7,Not too well,Somewhat well,Very well,Somewhat well,Very well,Somewhat well,1.742,1.742,11.596,1,34614,0,0,8.364,0,0,0,10.581,0,0,0,5.701,0,0,0,14.801,0,0,0,6.8,0,tx4v1z,Republican,Democratic,gun control,gc_treat
12/14/2023 10:05,12/14/2023 10:07,100,166,TRUE,12/14/2023 10:07,6.921,9.344,9.916,2,Once in a while,14.95,34.343,34.978,4,Neither agree nor disagree,Strongly agree,4.153,11.288,14.039,3,100,25,11.292,33.961,35.577,11,Not too well,Somewhat well,Very well,Somewhat well,Very well,Somewhat well,1.68,1.68,9.601,1,70817,0,0,4.225,0,10.279,16.911,17.989,3,7.701,9.601,11.117,2,0,0,14.942,0,0,0,6.431,0,hy2kmm,Democratic,Republican,gun control,gc_treat
12/14/2023 10:06,12/14/2023 10:07,100,74,TRUE,12/14/2023 10:07,3.416,4.679,5.776,3,About half the time,1.961,7.424,8.419,4,Disagree,Disagree,2.362,8.531,11.599,3,50,50,3.534,16.4,17.011,10,Very well,Very well,Somewhat well,Very well,Very well,Somewhat well,1.057,1.057,4.122,1,33713,0,0,7.436,0,2.096,2.096,3.601,1,0,0,2.673,0,0,0,3.862,0,0,0,4.555,0,n4ymrx,Democratic,Republican,gun control,gc_control1
12/14/2023 10:06,12/14/2023 10:08,100,100,TRUE,12/14/2023 10:08,6.973,7.575,8.959,2,About half the time,6.696,9.799,11.005,2,Strongly agree,Agree,8.599,12.008,14.772,2,50,10,4.566,25.709,26.76,12,Very well,Extremely well,Very well,Very well,Very well,Somewhat well,1.533,1.533,4.845,1,77023,0,0,9.469,0,0,0,8.883,0,0,0,3.904,0,,,,,0,0,6.903,0,b3drf6,Democratic,Republican,immigration,imm_pc
12/14/2023 10:06,12/14/2023 10:08,100,110,TRUE,12/14/2023 10:08,8.351,8.351,9.227,1,About half the time,4.934,8.458,9.682,2,Disagree,Somewhat agree,4.043,7.027,8.545,3,80,80,6.625,42.565,43.21,12,Somewhat well,Very well,Very well,Very well,Very well,Somewhat well,1.453,1.453,5.825,1,84065,0,0,2.309,0,0,0,6.662,0,0,0,4.116,0,0,0,8.046,0,0,0,5.418,0,ph9yc9,Democratic,Republican,immigration,imm_treat
12/14/2023 10:06,12/14/2023 10:08,100,103,TRUE,12/14/2023 10:08,6.362,6.362,7.575,1,Once in a while,2.763,7.035,7.802,3,Disagree,Neither agree nor disagree,8.192,20,20.551,7,70,70,6.093,20.973,21.596,12,Very well,Very well,Very well,Very well,Very well,Extremely well,0.884,0.884,3.479,1,37725,0,0,5.17,0,0,0,8.702,0,0,0,5.544,0,7.971,7.971,9.401,1,0,0,6.071,0,g1yg6t,Democratic,Republican,immigration,imm_control1
12/14/2023 10:06,12/14/2023 10:08,100,114,TRUE,12/14/2023 10:08,5.062,7.989,8.802,5,All the time,2.359,15.564,16.593,7,Neither agree nor disagree,Strongly agree,1.933,12.54,13.366,8,100,0,6.701,24.959,25.959,14,Very well,Extremely well,Very well,Not at all well,Somewhat well,Not at all well,1.467,1.467,7.599,1,41015,2.584,3.367,5.463,2,4.32,11.259,12.114,6,2.422,2.422,4.4,1,2.785,3.752,4.301,2,0,0,5.585,0,xpunmt,Democratic,Republican,immigration,imm_control2
12/14/2023 10:06,12/14/2023 10:09,100,124,TRUE,12/14/2023 10:09,8.061,8.061,9.126,1,About half the time,7.192,15.523,16.695,3,Disagree,Disagree,10.842,14.285,17.077,2,90,25,9.089,32.304,33.047,11,Not at all well,Somewhat well,Somewhat well,Not at all well,Somewhat well,Somewhat well,1.919,1.919,8.557,1,37363,0,0,7.323,0,0,0,4.282,0,0,0,6.264,0,0,0,6.482,0,0,0,10.298,0,2rz33d,Republican,Democratic,gun control,gc_control1
12/14/2023 10:06,12/14/2023 10:09,100,146,TRUE,12/14/2023 10:09,8.757,8.757,10.6,1,Once in a while,6.861,12.12,12.143,4,Disagree,Agree,17.11,31.878,35.066,4,65,50,8.2,32.858,33.623,9,Somewhat well,Very well,Very well,Very well,Very well,Very well,1.474,1.474,4.801,1,77354,0,0,13.011,0,0,0,5.375,0,0,0,4.08,0,0,0,11.657,0,0,0,6.878,0,t7mn3b,Democratic,Republican,immigration,imm_control2
12/14/2023 10:05,12/14/2023 10:09,100,229,TRUE,12/14/2023 10:09,27.004,27.004,27.939,1,All the time,5.032,9.236,10.499,2,Strongly disagree,Strongly agree,10.603,21.162,25.656,2,33,50,5.83,22.044,23.649,8,Extremely well,Extremely well,Extremely well,Extremely well,Extremely well,Extremely well,4.092,4.092,7.351,1,20736,0,0,8.201,0,0,0,23.741,0,0,0,10.001,0,51.751,51.751,77.862,1,0,0,6.3,0,4f7bmb,Republican,Democratic,gun control,gc_treat
12/14/2023 10:06,12/14/2023 10:09,100,152,TRUE,12/14/2023 10:09,4.457,4.457,5.099,1,Most of the time,4.346,84.678,84.711,3,Agree,Strongly agree,2.563,13.411,15.033,3,68,22,5.279,17.575,18.663,10,Somewhat well,Very well,Extremely well,Extremely well,Very well,Very well,1.384,1.384,6.9,1,32174,0,0,4.237,0,0,0,3.722,0,0,0,1.06,0,0,0,4.074,0,0,0,4.793,0,uwkhnx,Democratic,Republican,immigration,imm_treat
12/14/2023 10:06,12/14/2023 10:09,100,180,TRUE,12/14/2023 10:09,9.936,13.956,14.771,3,Most of the time,4.57,25.491,29.087,5,Somewhat disagree,Strongly agree,7.969,15.79,16.227,4,10,70,13.776,40.113,40.886,12,Somewhat well,Somewhat well,Somewhat well,Very well,Somewhat well,Not too well,1.519,1.519,6.175,1,20148,0,0,11.182,0,7.743,7.743,14.808,1,0,0,10.623,0,21.545,21.545,25.097,1,0,0,7.945,0,hy7mhc,Republican,Democratic,immigration,imm_treat
12/14/2023 9:29,12/14/2023 10:09,100,2394,TRUE,12/14/2023 10:09,9.17,10.51,11.578,2,Most of the time,7.589,18.641,19.521,4,Disagree,Agree,14.607,38.991,42.52,5,65,78,9.182,43.655,44.812,11,Very well,Somewhat well,Extremely well,Somewhat well,Somewhat well,Very well,1.606,5.27,71.291,2,11212,0,0,5.496,0,6.896,6.896,8.159,1,0,0,5.212,0,0,0,72.682,0,0,0,35.542,0,kdua3w,Republican,Democratic,immigration,imm_treat
12/14/2023 10:08,12/14/2023 10:09,100,97,TRUE,12/14/2023 10:09,5.411,5.411,6.079,1,Most of the time,2.833,14.447,15.417,9,Somewhat agree,Agree,1.86,10.218,12.992,3,10,85,3.883,23.772,24.544,11,Somewhat well,Somewhat well,Not too well,Not too well,Very well,Somewhat well,1.151,1.151,3.586,1,77506,0,0,7.074,0,0,0,7.192,0,0,0,4.383,0,0,0,6.301,0,0,0,4.323,0,akyu3d,Republican,Democratic,gun control,gc_control3
12/14/2023 10:08,12/14/2023 10:09,100,57,TRUE,12/14/2023 10:09,4.499,4.499,5.444,1,Once in a while,3.122,7.248,7.936,4,Somewhat agree,Strongly agree,6.092,8.519,11.032,2,0,60,5.051,11.949,12.588,10,Very well,Somewhat well,Somewhat well,Somewhat well,Somewhat well,Somewhat well,1.062,1.062,3.777,1,90502,0,0,1.33,0,0,0,4.001,0,0,0,1.87,0,0,0,1.781,0,0,0,3.757,0,m1frqt,Republican,Democratic,gun control,gc_treat
12/14/2023 10:08,12/14/2023 10:10,100,108,TRUE,12/14/2023 10:10,7.113,7.113,8.273,1,Most of the time,3.606,9.511,9.9,3,Strongly disagree,Strongly agree,4.547,14.611,16.699,3,60,1,6.425,22.267,22.786,9,Somewhat well,Very well,Very well,Very well,Very well,Somewhat well,1.672,1.672,6.386,1,29627,0,0,7.901,0,0,0,7.599,0,0,0,4.9,0,0,0,11.201,0,0,0,6.834,0,9cxpzh,Democratic,Republican,immigration,imm_treat
12/14/2023 10:09,12/14/2023 10:10,100,68,TRUE,12/14/2023 10:10,4.685,4.685,5.142,1,About half the time,3.376,7.227,7.974,4,Disagree,Disagree,3.694,6.114,8.296,3,85,49,4.061,12.811,13.49,10,Somewhat well,Somewhat well,Very well,Somewhat well,Not too well,Somewhat well,1.923,1.923,4.1,1,04950,0,0,6.843,0,0,0,5.466,0,0,0,3.103,0,,,,,0,0,10.22,0,7npkek,Republican,Democratic,immigration,imm_pc
12/14/2023 10:09,12/14/2023 10:10,100,70,TRUE,12/14/2023 10:10,5.772,5.772,6.67,1,About half the time,3.995,7.707,8.413,3,Strongly agree,Strongly agree,3.036,5.98,7.783,3,0,0,4.266,15.052,15.625,12,Very well,Very well,Very well,Very well,Very well,Very well,1.1,1.1,4.701,1,77042,0,0,5.754,0,0,0,7.681,0,0,0,3.221,0,,,,,0,0,5.439,0,en7ux4,Republican,Democratic,gun control,gc_pc
12/14/2023 10:08,12/14/2023 10:10,100,155,TRUE,12/14/2023 10:10,4.06,6.694,7.355,2,Most of the time,1.625,9.891,10.437,4,Somewhat agree,Somewhat agree,4.644,7.527,9.447,2,70,40,4.921,23.855,25.334,12,Somewhat well,Very well,Extremely well,Very well,Extremely well,Very well,1.082,1.082,4.701,1,89149,0,0,11.087,0,0,0,6.679,0,0,0,2.032,0,0,0,4.923,0,0,0,69.058,0,uq68rk,Democratic,Republican,immigration,imm_control2
12/14/2023 10:06,12/14/2023 10:11,100,249,TRUE,12/14/2023 10:11,16.282,18.396,19.592,2,Once in a while,11.21,33.864,35.023,6,Neither agree nor disagree,Strongly agree,18.42,31.604,40.162,3,70,70,11.674,51.602,53.047,9,Somewhat well,Very well,Very well,Somewhat well,Very well,Very well,3.172,3.172,20.431,1,95843,0,0,24.295,0,10.678,15.628,17.111,2,0,0,10.812,0,,,,,0,0,9.151,0,dtnm39,Democratic,Republican,gun control,gc_pc
12/14/2023 10:08,12/14/2023 10:11,100,164,TRUE,12/14/2023 10:11,37.536,37.536,38.603,1,About half the time,6.7,15.267,16.76,6,Neither agree nor disagree,Neither agree nor disagree,11.518,15.979,16.617,4,0,50,5.095,25.702,26.875,9,Very well,Extremely well,Very well,Extremely well,Extremely well,Somewhat well,1.601,1.601,5.087,1,98444,0,0,8.629,0,0,0,12.786,0,0,0,6.501,0,0,0,16.073,0,0,0,9.087,0,x4a3p3,Republican,Democratic,gun control,gc_treat
12/14/2023 10:09,12/14/2023 10:11,100,91,TRUE,12/14/2023 10:11,2.816,2.816,4.371,1,Once in a while,4.15,7.84,8.706,3,Strongly agree,Somewhat disagree,4.628,11.168,11.573,5,25,70,4.215,15.203,16.898,13,Very well,Extremely well,Very well,Extremely well,Extremely well,Very well,1.998,1.998,4.301,1,66762,0,0,8.847,0,0,0,10.975,0,4.229,4.229,5.579,1,0,0,4.603,0,0,0,6.6,0,vakm6x,Democratic,Republican,gun control,gc_control2
12/14/2023 10:03,12/14/2023 10:11,100,487,TRUE,12/14/2023 10:11,4.581,4.581,5.551,1,Once in a while,14.066,21.546,23.349,3,Somewhat agree,Strongly agree,122.092,221.81,225.584,9,55,50,7.988,92.701,96.035,17,Very well,Extremely well,Very well,Very well,Somewhat well,Somewhat well,1.348,1.348,3.422,1,21009,0,0,8.249,0,0,0,9.129,0,0,0,5.502,0,,,,,0,0,6.181,0,c71e9k,Democratic,Republican,gun control,gc_pc
12/14/2023 10:09,12/14/2023 10:11,100,134,TRUE,12/14/2023 10:11,21.34,22,23.964,2,Once in a while,1.996,10.896,12.3,5,Disagree,Agree,1.841,15.823,16.434,6,50,50,18.22,39.028,39.579,9,Somewhat well,Very well,Very well,Very well,Extremely well,Extremely well,2.073,2.073,8.737,1,78412,0,0,3.176,0,8.254,8.254,9.967,1,0,0,3.247,0,0,0,4.922,0,0,0,5.881,0,7fvzma,Republican,Democratic,immigration,imm_control2
12/14/2023 10:03,12/14/2023 10:11,100,473,TRUE,12/14/2023 10:11,7.89,7.89,8.588,1,About half the time,57.914,62.108,72.714,3,Agree,Somewhat disagree,7.559,15.552,16.016,7,3,75,1.276,208.796,209.43,13,Very well,Very well,Extremely well,Somewhat well,Very well,Very well,1.503,1.503,6.817,1,06082,0,0,8.297,0,0,0,22.588,0,0,0,41.62,0,60.546,60.546,61.091,1,0,0,16.639,0,xb64ew,Democratic,Republican,immigration,imm_treat
12/14/2023 10:10,12/14/2023 10:12,100,125,TRUE,12/14/2023 10:12,8.57,8.57,9.535,1,Once in a while,6.185,10.401,11.446,2,Agree,Strongly agree,14.113,17.613,21.764,3,30,60,8.471,28.693,29.678,9,Extremely well,Extremely well,Extremely well,Extremely well,Extremely well,Extremely well,3.642,3.642,6.001,1,78006,0,0,9.743,0,0,0,6.182,0,0,0,7.484,0,0,0,10.564,0,0,0,8.094,0,kxhueq,Republican,Democratic,gun control,gc_control1
12/14/2023 10:11,12/14/2023 10:12,100,89,TRUE,12/14/2023 10:12,6.381,6.381,7.307,1,About half the time,3.34,6.05,6.624,2,Disagree,Agree,1.813,5.381,8.301,2,70,38,3.518,19.307,26.138,10,Somewhat well,Somewhat well,Very well,Somewhat well,Somewhat well,Somewhat well,1.16,1.16,5.244,1,46219,0,0,6.62,0,0,0,5.716,0,0,0,3.701,0,0,0,6.458,0,0,0,6.139,0,7xhp7w,Democratic,Republican,gun control,gc_control2
12/14/2023 10:11,12/14/2023 10:13,100,76,TRUE,12/14/2023 10:13,4.499,4.499,5.601,1,Once in a while,2.193,10.142,11.1,4,Strongly disagree,Disagree,1.62,8.237,13.799,3,50,50,4.123,15.101,16.001,7,Very well,Very well,Very well,Very well,Very well,Very well,1.23,1.23,5.201,1,90007,0,0,3.035,0,0,0,3.75,0,0,0,1.8,0,0,0,2.389,0,0,0,5.834,0,2uz7xb,Republican,Democratic,gun control,gc_treat
12/14/2023 10:11,12/14/2023 10:13,100,117,TRUE,12/14/2023 10:13,11.28,11.28,12.433,1,Once in a while,8.525,12.801,13.81,2,Strongly agree,Strongly agree,7.315,11.14,14.279,3,8,1,9.692,23.135,24.551,9,Extremely well,Extremely well,Extremely well,Extremely well,Extremely well,Very well,1.77,1.77,5.759,1,20155,8.279,8.279,10.382,1,0,0,10.663,0,0,0,10.696,0,,,,,0,0,9.809,0,npm9bk,Democratic,Republican,immigration,imm_pc
12/14/2023 10:09,12/14/2023 10:13,100,265,TRUE,12/14/2023 10:13,15.036,15.036,16.7,1,About half the time,8.768,28.173,29.768,4,Agree,Agree,55.585,68.72,71.127,6,65,10,14.727,53.178,53.801,10,Somewhat well,Very well,Extremely well,Very well,Extremely well,Very well,1.924,1.924,5.953,1,30188,0,0,16.986,0,0,0,19.901,0,0,0,10.023,0,0,0,17.593,0,0,0,16.688,0,dh46t4,Democratic,Republican,gun control,gc_control3
12/14/2023 10:11,12/14/2023 10:13,100,116,TRUE,12/14/2023 10:13,26.041,26.041,26.93,1,Most of the time,4.659,9.832,10.516,3,Disagree,Disagree,5.617,8.398,13.859,3,80,30,4.776,27.902,28.518,8,Somewhat well,Somewhat well,Somewhat well,Somewhat well,Somewhat well,Somewhat well,2.048,2.048,7.001,1,27609,0,0,2.619,0,0,0,8.779,0,0,0,5.113,0,0,0,2.298,0,0,0,6.358,0,dhzyhn,Republican,Democratic,gun control,gc_control1
12/14/2023 10:11,12/14/2023 10:14,100,122,TRUE,12/14/2023 10:14,1.161,6.513,7.309,2,Most of the time,1.128,12.097,13.395,7,Strongly agree,Strongly agree,6.048,17.479,21.001,4,15,75,9.444,29.624,30.429,11,Not too well,Very well,Somewhat well,Not too well,Very well,Very well,1.305,1.305,3.42,1,55416,1.325,8.159,11.119,2,2.08,3.051,11.384,2,0,0,8.504,0,,,,,0,0,10.401,0,vfeuuc,Republican,Democratic,gun control,gc_pc
12/14/2023 10:09,12/14/2023 10:14,100,258,TRUE,12/14/2023 10:14,14.97,23.045,24.101,3,Most of the time,13.56,31.695,32.918,4,Neither agree nor disagree,Agree,10.109,26.126,26.968,6,25,65,19.045,50.708,51.68,12,Very well,Very well,Very well,Somewhat well,Very well,Very well,2.604,2.604,13.426,1,48001,0,0,18,0,21.609,26.745,28.888,5,8.168,8.168,9.062,1,18.664,18.664,19.446,1,0,0,16.329,0,4cge9k,Republican,Democratic,gun control,gc_treat
12/14/2023 10:12,12/14/2023 10:14,100,111,TRUE,12/14/2023 10:14,8.256,8.256,9.163,1,Once in a while,7.089,10.827,11.765,2,Neither agree nor disagree,Strongly agree,10.159,13.445,15.263,2,20,80,9.597,33.101,33.963,9,Somewhat well,Somewhat well,Somewhat well,Somewhat well,Very well,Not too well,1.404,1.404,3.896,1,92612,0,0,9.659,0,0,0,10.116,0,0,0,7.001,0,,,,,0,0,6.186,0,yddg93,Republican,Democratic,immigration,imm_pc
12/14/2023 10:12,12/14/2023 10:14,100,155,TRUE,12/14/2023 10:14,27.881,27.881,28.3,1,About half the time,4.119,7.584,8.675,2,Strongly agree,Somewhat agree,8.783,15.055,15.401,4,100,0,4.687,53.819,54.301,11,Not at all well,Very well,Extremely well,Very well,Very well,Very well,1.707,1.707,5.529,1,30252,0,0,8.476,0,0,0,5.49,0,0,0,4.9,0,8.323,8.323,9.917,1,0,0,6.098,0,bga8b7,Democratic,Republican,immigration,imm_treat
12/14/2023 10:13,12/14/2023 10:15,100,105,TRUE,12/14/2023 10:15,22.667,22.667,23.547,1,Most of the time,3.779,8.709,9.755,3,Somewhat disagree,Strongly agree,2.365,6.693,8.798,2,0,45,4.233,22.349,23.104,8,Somewhat well,Somewhat well,Not too well,Not too well,Very well,Somewhat well,1.214,1.214,4.24,1,33186,0,0,6.804,0,0,0,5.393,0,0,0,3.222,0,0,0,9.559,0,0,0,6.081,0,nrvbkf,Republican,Democratic,gun control,gc_control1
12/14/2023 10:14,12/14/2023 10:15,100,72,TRUE,12/14/2023 10:15,4.001,4.001,5,1,Most of the time,2.447,5.166,6.001,2,Neither agree nor disagree,Strongly agree,1.5,4.453,6.328,3,35,5,3.906,10.99,13.789,7,Very well,Very well,Very well,Very well,Very well,Very well,0.971,7.541,10.839,3,24013,0,0,1.787,0,0,0,1.548,0,0,0,1.8,0,0,0,13.36,0,0,0,6.895,0,1uph1f,Democratic,Republican,immigration,imm_treat
12/14/2023 10:04,12/14/2023 10:15,100,617,TRUE,12/14/2023 10:15,6.792,9.401,10.701,2,Most of the time,7.151,13.404,14.2,4,Neither agree nor disagree,Agree,11.59,30.064,30.691,6,25,30,8.289,38.466,39.398,13,Very well,Very well,Somewhat well,Very well,Very well,Somewhat well,1.341,1.341,9.852,1,97222,0,0,13.401,0,0,0,24.764,0,0,0,6.327,0,0,0,14.601,0,0,0,443.534,0,9qb2zm,Republican,Democratic,immigration,imm_control3
12/14/2023 10:12,12/14/2023 10:15,100,143,TRUE,12/14/2023 10:15,3.801,5.506,6,2,Once in a while,2.668,7.315,8.27,3,Neither agree nor disagree,Strongly agree,3.956,10.602,15.011,5,50,50,5.003,21.53,22.009,10,Extremely well,Extremely well,Very well,Somewhat well,Very well,Very well,1.062,1.062,5.902,1,06468,0,0,5.887,0,5.017,5.017,5.679,1,0,0,3.101,0,0,0,5.201,0,0,0,4.102,0,eng7df,Democratic,Republican,gun control,gc_control2
12/14/2023 10:14,12/14/2023 10:15,100,85,TRUE,12/14/2023 10:15,4.661,4.661,4.93,1,Most of the time,3.784,7.611,7.928,3,Somewhat agree,Somewhat agree,5.854,10.489,11.084,4,75,10,4.185,19.655,20.33,13,Somewhat well,Somewhat well,Very well,Not too well,Somewhat well,Somewhat well,1.378,1.378,4.135,1,82435,0,0,8.522,0,0,0,6.643,0,0,0,3.688,0,0,0,7.663,0,0,0,5.104,0,3aec1e,Republican,Democratic,immigration,imm_treat
12/14/2023 10:13,12/14/2023 10:15,100,110,TRUE,12/14/2023 10:15,7.898,7.898,8.989,1,About half the time,9.067,12.151,13.358,2,Strongly agree,Strongly agree,4.068,6.948,11.618,2,0,79,7.617,26.129,26.932,8,Not too well,Somewhat well,Somewhat well,Somewhat well,Somewhat well,Not too well,1.786,1.786,8.46,1,28314,0,0,13.901,0,0,0,8.965,0,0,0,4.619,0,,,,,0,0,4.433,0,xk2fyw,Republican,Democratic,immigration,imm_pc
12/14/2023 10:13,12/14/2023 10:16,100,169,TRUE,12/14/2023 10:16,10.71,30.277,30.986,2,Most of the time,8.447,23.095,24.615,9,Somewhat agree,Somewhat disagree,10.745,23.843,24.886,3,35,60,13.119,28.361,29.018,11,Very well,Somewhat well,Very well,Very well,Very well,Somewhat well,1.176,1.176,5.135,1,49252,0,0,7.783,0,8.762,8.762,9.423,1,0,0,4.24,0,0,0,10.059,0,0,0,4.622,0,xf6ubb,Democratic,Republican,immigration,imm_control3
12/14/2023 10:14,12/14/2023 10:16,100,79,TRUE,12/14/2023 10:16,3.112,3.112,4.396,1,About half the time,1.6,8.444,9.436,5,Strongly agree,Strongly agree,1.649,7.49,9.372,2,50,50,6.341,14.083,14.814,8,Extremely well,Extremely well,Extremely well,Extremely well,Extremely well,Extremely well,0.754,0.754,2.73,1,38237,0,0,4.469,0,0,0,6.052,0,0,0,5.131,0,0,0,11.319,0,0,0,5.766,0,3vt3ac,Democratic,Republican,gun control,gc_treat
12/14/2023 10:14,12/14/2023 10:16,100,127,TRUE,12/14/2023 10:16,9.032,9.032,10.232,1,Once in a while,7.967,12.058,13.426,2,Neither agree nor disagree,Strongly agree,8.751,16.69,19.478,3,90,55,12.062,25.006,25.824,8,Somewhat well,Very well,Extremely well,Very well,Extremely well,Extremely well,2.673,2.673,5.518,1,30014,0,0,9.228,0,0,0,8.18,0,0,0,4.487,0,0,0,6.827,0,0,0,17.952,0,8fexvx,Democratic,Republican,immigration,imm_control2
12/14/2023 10:13,12/14/2023 10:16,100,170,TRUE,12/14/2023 10:16,6.988,8.104,8.97,2,Once in a while,7.373,14.335,14.901,4,Disagree,Agree,6.098,34.988,35.69,9,35,65,6.18,35.705,36.544,11,Somewhat well,Very well,Very well,Very well,Very well,Very well,2.879,2.879,9.761,1,17344,0,0,15.825,0,13.12,13.12,13.87,1,0,0,7.002,0,0,0,8.895,0,0,0,10.747,0,zwcmc7,Republican,Democratic,immigration,imm_control1
12/14/2023 10:13,12/14/2023 10:16,100,173,TRUE,12/14/2023 10:16,10.276,11.191,13.346,2,All the time,5.3,7.7,9.101,3,Somewhat agree,Agree,10.4,22.023,22.374,6,71,68,3,28.18,30.284,7,Somewhat well,Extremely well,Very well,Somewhat well,Extremely well,Not too well,2.068,2.068,12.7,1,32805,0,0,7.378,0,0,0,7.379,0,0,0,8.26,0,,,,,0,0,21.522,0,q6b763,Democratic,Republican,immigration,imm_pc
12/14/2023 10:14,12/14/2023 10:16,100,107,TRUE,12/14/2023 10:16,8.45,8.45,8.872,1,About half the time,6.168,11.063,11.996,3,Somewhat agree,Disagree,5.208,11.509,19.938,3,40,15,6.024,22.115,23.175,9,Somewhat well,Somewhat well,Somewhat well,Somewhat well,Somewhat well,Somewhat well,1.826,1.826,7.58,1,23503,0,0,8.152,0,0,0,6.175,0,0,0,4.073,0,0,0,10.044,0,0,0,3.069,0,bt6gqc,Republican,Democratic,gun control,gc_control3
12/14/2023 10:14,12/14/2023 10:17,100,124,TRUE,12/14/2023 10:17,7.876,7.876,9.944,1,About half the time,10.193,16.331,17.18,4,Disagree,Agree,6.819,17.821,18.525,6,20,70,8.455,25.926,26.694,12,Somewhat well,Very well,Somewhat well,Somewhat well,Very well,Somewhat well,1.27,1.27,5.169,1,86351,0,0,9.12,0,0,0,10.701,0,0,0,4.368,0,0,0,7.3,0,0,0,7.296,0,ddqryb,Republican,Democratic,immigration,imm_control2
12/14/2023 10:15,12/14/2023 10:17,100,120,TRUE,12/14/2023 10:17,26.061,26.889,27.499,2,Most of the time,2.344,10.979,11.5,5,Neither agree nor disagree,Neither agree nor disagree,3.256,11.9,14.355,7,100,100,5.502,18.828,19.2,15,Very well,Extremely well,Extremely well,Extremely well,Extremely well,Very well,4.354,4.354,8.301,1,77503,0,0,7.902,0,6.972,6.972,10.872,1,6.729,6.729,7.558,1,,,,,0,0,7.255,0,dva27g,Republican,Democratic,gun control,gc_pc
12/14/2023 10:15,12/14/2023 10:17,100,124,TRUE,12/14/2023 10:17,8.301,9.17,10.701,2,About half the time,8.748,14.986,15.7,3,Somewhat disagree,Agree,7.928,21.694,22.368,6,40,60,7.089,35.616,36.5,8,Somewhat well,Very well,Somewhat well,Somewhat well,Not too well,Somewhat well,1.62,1.62,5.875,1,36116,0,0,7.403,0,0,0,8.217,0,0,0,7.758,0,,,,,0,0,6.399,0,q9qwcd,Republican,Democratic,gun control,gc_pc
12/14/2023 10:14,12/14/2023 10:17,100,177,TRUE,12/14/2023 10:17,5.283,16.615,17.383,7,Once in a while,3.184,28.134,29.167,10,Somewhat agree,Agree,5.437,26.075,30.405,3,60,20,8.511,44.846,45.665,15,Very well,Very well,Very well,Very well,Very well,Very well,1.331,1.331,5.462,1,13687,0,0,14.035,0,5.39,7.673,9.267,2,3.659,3.659,5.097,1,0,0,9.396,0,0,0,4.531,0,6d4mma,Democratic,Republican,immigration,imm_treat
12/14/2023 10:16,12/14/2023 10:18,100,115,TRUE,12/14/2023 10:18,9.404,9.404,10.221,1,About half the time,6.798,11.293,13.301,3,Neither agree nor disagree,Somewhat agree,4.943,9.586,12.594,2,50,50,8.84,39.09,39.63,10,Not at all well,Somewhat well,Somewhat well,Somewhat well,Somewhat well,Somewhat well,4.658,4.658,8.445,1,30906,0,0,3.182,0,0,0,2.973,0,0,0,3.24,0,0,0,3.143,0,0,0,11.25,0,krv4a7,Democratic,Republican,gun control,gc_control2
12/14/2023 10:16,12/14/2023 10:18,100,96,TRUE,12/14/2023 10:18,6.001,6.001,6.788,1,Most of the time,6.237,9.86,10.765,2,Agree,Agree,6.763,12.83,13.101,4,25,75,4.997,25.306,26.041,8,Very well,Extremely well,Very well,Somewhat well,Very well,Somewhat well,1.636,1.636,4.244,1,78230,0,0,7.125,0,0,0,6.649,0,0,0,6.664,0,,,,,0,0,8.999,0,2bd7kq,Republican,Democratic,immigration,imm_pc
12/14/2023 10:16,12/14/2023 10:18,100,130,TRUE,12/14/2023 10:18,16.762,16.762,19.183,1,Once in a while,5.531,12.518,14.656,3,Somewhat agree,Strongly agree,3.869,16.086,19.822,6,80,30,5.809,25.712,27.463,9,Very well,Extremely well,Extremely well,Extremely well,Extremely well,Very well,2.335,2.335,5.353,1,72761,0,0,9.59,0,0,0,8.829,0,0,0,10.038,0,,,,,0,0,10.995,0,v3d8c7,Democratic,Republican,immigration,imm_pc
12/14/2023 10:17,12/14/2023 10:18,100,78,TRUE,12/14/2023 10:18,4.223,4.223,5.08,1,About half the time,4.179,11.201,11.222,5,Neither agree nor disagree,Agree,6.765,9.35,13.568,2,50,39,3.571,26.918,28.347,18,Somewhat well,Extremely well,Extremely well,Very well,Somewhat well,Very well,1.652,1.652,3.901,1,02664,0,0,2.18,0,3.197,3.197,4.112,1,0,0,1.24,0,,,,,0,0,5.009,0,cynhqt,Democratic,Republican,immigration,imm_pc
12/14/2023 10:16,12/14/2023 10:18,100,135,TRUE,12/14/2023 10:18,21.801,21.801,22.901,1,All the time,4.101,7.813,10.413,2,Strongly disagree,Strongly agree,4.802,13.343,13.848,4,5,25,7.681,22.356,23.644,7,Extremely well,Extremely well,Extremely well,Extremely well,Extremely well,Extremely well,1.164,1.164,5.801,1,32780,8.702,8.702,9.401,1,0,0,14.234,0,0,0,3.443,0,0,0,3.701,0,6.593,7.001,8.776,2,qgzzxe,Republican,Democratic,immigration,imm_control3
12/14/2023 10:17,12/14/2023 10:18,100,99,TRUE,12/14/2023 10:18,6.325,6.325,7.553,1,Most of the time,3.687,8.692,11.882,4,Neither agree nor disagree,Strongly agree,7.66,11.209,20.18,2,32,74,4.238,18.436,19.27,10,Very well,Very well,Very well,Very well,Very well,Somewhat well,1.574,5.792,5.822,2,70124,0,0,5.106,0,0,0,7.454,0,0,0,6.21,0,0,0,4.29,0,0,0,5.055,0,2kngz9,Republican,Democratic,gun control,gc_control1
12/14/2023 10:16,12/14/2023 10:18,100,140,TRUE,12/14/2023 10:18,7.647,12.71,13.842,2,Most of the time,7.046,12.392,13.206,3,Somewhat agree,Somewhat disagree,2.098,8.666,11.944,4,30,30,4.126,24.853,28.714,9,Not too well,Somewhat well,Extremely well,Somewhat well,Very well,Very well,2.414,2.414,8.925,1,61107,0,0,12.032,0,0,0,20.846,0,0.696,0.696,5.902,1,0,0,9.645,0,0,0,7.072,0,gt7ary,Republican,Democratic,immigration,imm_treat
12/14/2023 10:16,12/14/2023 10:19,100,169,TRUE,12/14/2023 10:19,10.025,10.025,11.382,1,About half the time,8.404,12.646,13.001,4,Agree,Somewhat agree,11.841,24.874,25.609,6,50,75,14.483,35.083,36.7,11,Not too well,Somewhat well,Somewhat well,Not too well,Very well,Not too well,1.627,1.627,7.502,1,93710,0,0,13.228,0,0,0,29.002,0,0,0,17.583,0,,,,,6.472,6.472,9.388,1,7718ft,Democratic,Republican,immigration,imm_pc
12/14/2023 10:17,12/14/2023 10:19,100,110,TRUE,12/14/2023 10:19,7.079,7.079,8.219,1,All the time,2.705,13.098,15.194,3,Disagree,Somewhat agree,6.652,26.121,29.087,9,70,10,3.4,23.434,25.061,9,Extremely well,Extremely well,Somewhat well,Very well,Extremely well,Extremely well,1.486,1.486,4.868,1,48051,0,0,5.569,0,0,0,5.864,0,0,0,2.407,0,,,,,0,0,5.013,0,ze1u4n,Democratic,Republican,immigration,imm_pc
12/14/2023 10:17,12/14/2023 10:19,100,103,TRUE,12/14/2023 10:19,16.782,17.686,18.662,2,Once in a while,6.102,10.62,11.786,3,Somewhat disagree,Disagree,6.384,9.364,11.901,3,40,25,5.116,21.034,22.245,15,Very well,Somewhat well,Somewhat well,Somewhat well,Somewhat well,Somewhat well,1.054,1.054,4.089,1,55421,0,0,5.538,0,0,0,7.377,0,0,0,3.069,0,0,0,5.669,0,0,0,5.443,0,xbgwtn,Republican,Democratic,gun control,gc_control2
12/14/2023 10:17,12/14/2023 10:19,100,130,TRUE,12/14/2023 10:19,5.279,5.279,8.701,1,Almost Never,2.701,7.495,9.238,2,Disagree,Neither agree nor disagree,2.301,6.501,13.647,3,65,5,8.1,24.035,25.233,7,Somewhat well,Somewhat well,Somewhat well,Somewhat well,Somewhat well,Not too well,1.275,1.275,6.155,1,02861,0,0,12.346,0,0,0,7.901,0,0,0,33.657,0,,,,,0,0,5.69,0,eaguck,Republican,Democratic,gun control,gc_pc
12/14/2023 10:17,12/14/2023 10:20,100,136,TRUE,12/14/2023 10:20,47.943,47.943,48.783,1,Most of the time,4.876,8.971,10.562,2,Agree,Somewhat agree,6.103,10.806,11.543,4,80,60,4.474,16.342,17.226,7,Not too well,Very well,Somewhat well,Somewhat well,Extremely well,Very well,1.5,1.5,5.229,1,92078,0,0,8.063,0,0,0,6.801,0,0,0,6.55,0,0,0,8.39,0,0,0,6.735,0,u9akxh,Democratic,Republican,gun control,gc_control2
12/14/2023 10:17,12/14/2023 10:20,100,141,TRUE,12/14/2023 10:20,28.109,28.109,28.912,1,About half the time,3.447,14.665,16.318,6,Somewhat agree,Strongly agree,6.879,11.325,18.351,2,20,60,6.255,31.139,31.961,11,Somewhat well,Very well,Somewhat well,Somewhat well,Very well,Somewhat well,1.064,1.064,6.701,1,93003,0,0,6.196,0,0,0,11.86,0,0,0,8.345,0,,,,,0,0,7.18,0,uy8wm1,Republican,Democratic,immigration,imm_pc
12/14/2023 10:18,12/14/2023 10:20,100,103,TRUE,12/14/2023 10:20,6.682,6.682,7.622,1,About half the time,12.801,15.862,17.22,2,Strongly agree,Strongly agree,3.624,9.409,12.077,2,75,0,4.476,20.083,20.677,10,Very well,Very well,Very well,Very well,Somewhat well,Very well,1.679,1.679,4.121,1,48202,0,0,2.338,0,0,0,19.5,0,0,0,2.234,0,0,0,6.324,0,0,0,4.223,0,vpv1c7,Democratic,Republican,immigration,imm_treat
12/14/2023 10:16,12/14/2023 10:20,100,281,TRUE,12/14/2023 10:20,3.815,12.97,13.83,5,All the time,4.482,14.964,15.659,11,Somewhat disagree,Agree,11.333,28.022,28.7,11,30,68,6.381,36.73,37.558,22,Not too well,Very well,Not too well,Not too well,Somewhat well,Not too well,2.401,7.51,8.2,2,90660,6.027,6.775,7.648,2,6.566,135.828,136.762,9,5.899,6.639,7.651,2,7.563,10.036,12.642,4,0,0,8.266,0,42kyah,Republican,Democratic,immigration,imm_control2
12/14/2023 10:19,12/14/2023 10:21,100,126,TRUE,12/14/2023 10:21,8.267,10.486,11.078,4,Once in a while,3.936,7.901,8.701,3,Disagree,Strongly agree,2.04,7.993,10.103,4,70,30,5.705,24.801,25.548,8,Very well,Very well,Extremely well,Very well,Very well,Somewhat well,1.158,1.158,3.101,1,19147,0,0,5.928,0,0,0,4.145,0,0,0,3.843,0,0,0,8.162,0,0,0,1.82,0,ra76ct,Democratic,Republican,immigration,imm_control2
12/14/2023 10:15,12/14/2023 10:21,100,394,TRUE,12/14/2023 10:21,11.919,11.919,12.949,1,Most of the time,4.554,12.677,13.84,3,Disagree,Agree,23.032,27.153,30.66,3,65,15,10.846,219.059,219.873,14,Very well,Very well,Somewhat well,Very well,Very well,Extremely well,1.061,1.061,3.3,1,19102,21.093,21.093,23.601,1,0,0,9.706,0,0,0,3.001,0,,,,,0,0,4.907,0,wkcc9h,Democratic,Republican,gun control,gc_pc
12/14/2023 10:19,12/14/2023 10:22,100,136,TRUE,12/14/2023 10:22,8.266,8.266,10.236,1,Once in a while,6.3,10.636,11.572,3,Strongly disagree,Somewhat agree,6.5,14.238,15.464,5,70,30,6.187,29.138,30.14,10,Somewhat well,Somewhat well,Somewhat well,Somewhat well,Very well,Somewhat well,1.896,1.896,6.367,1,78336,0,0,7.169,0,21.721,21.721,29.287,1,6.952,14.7,16.065,4,,,,,0,0,5.464,0,ptawbk,Republican,Democratic,immigration,imm_pc
12/14/2023 10:20,12/14/2023 10:22,100,127,TRUE,12/14/2023 10:22,8.968,8.968,10.536,1,Almost Never,5.623,10.188,12.897,2,Neither agree nor disagree,Strongly agree,21.283,34.33,35.099,6,11,76,5.934,25.317,26.599,7,Very well,Very well,Somewhat well,Very well,Somewhat well,Not too well,1.821,1.821,6.975,1,85635,0,0,10.552,0,0,0,7.092,0,0,0,5.46,0,,,,,0,0,5.337,0,zwnc1r,Republican,Democratic,gun control,gc_pc
12/14/2023 10:20,12/14/2023 10:22,100,127,TRUE,12/14/2023 10:22,4.449,4.449,5.885,1,About half the time,3.572,6.548,7.501,2,Somewhat disagree,Strongly agree,3.2,5.394,8.251,3,0,90,6.826,20.744,71.911,10,Somewhat well,Very well,Very well,Very well,Very well,Very well,1.048,1.048,3.922,1,60115,0,0,4.788,0,0,0,3.999,0,0,0,3.201,0,0,0,3.527,0,0,0,6.219,0,r83gzp,Republican,Democratic,gun control,gc_control1
12/14/2023 10:20,12/14/2023 10:22,100,97,TRUE,12/14/2023 10:22,6.501,6.501,6.986,1,Most of the time,4.756,9.015,10.69,2,Strongly disagree,Strongly agree,3.868,12.85,14.901,3,40,80,4.339,21.316,22.05,8,Not too well,Very well,Extremely well,Very well,Somewhat well,Somewhat well,0.889,0.889,6.149,1,27403,0,0,7.466,0,0,0,2.785,0,0,0,10.884,0,0,0,3.948,0,0,0,5.245,0,nvvq1t,Democratic,Republican,gun control,gc_control1
12/14/2023 10:20,12/14/2023 10:22,100,120,TRUE,12/14/2023 10:22,10.754,10.754,11.711,1,Once in a while,18.194,24.06,24.901,3,Neither agree nor disagree,Neither agree nor disagree,7.553,19.618,22.762,7,40,60,8.99,25.617,26.433,9,Somewhat well,Somewhat well,Somewhat well,Somewhat well,Somewhat well,Somewhat well,1.165,3.299,6.722,2,11423,0,0,7.572,0,0,0,9.734,0,0,0,2.635,0,0,0,2.222,0,0,0,2.37,0,9yuv9f,Republican,Democratic,gun control,gc_treat
12/14/2023 10:21,12/14/2023 10:22,100,74,TRUE,12/14/2023 10:22,9.328,9.328,10.391,1,Most of the time,4.095,7.261,8.2,2,Strongly agree,Strongly agree,1.263,6.828,10.02,2,35,85,2.875,12.652,13.53,9,Extremely well,Extremely well,Extremely well,Extremely well,Extremely well,Somewhat well,1.506,1.506,4.366,1,44111,0,0,5.524,0,0,0,3.903,0,0,0,1.559,0,0,0,5.588,0,0,0,3.999,0,2brvqu,Republican,Democratic,immigration,imm_treat
12/14/2023 10:18,12/14/2023 10:23,100,279,TRUE,12/14/2023 10:23,34.379,34.379,35.682,1,Most of the time,6.467,109.129,110.026,3,Strongly disagree,Strongly disagree,3.652,9.548,13.023,3,100,0,13.782,76.326,77.251,8,Somewhat well,Very well,Very well,Very well,Extremely well,Very well,1.618,1.618,6.301,1,49098,0,0,8.88,0,0,0,10.083,0,0,0,6.031,0,,,,,0,0,7.879,0,ah2y2m,Republican,Democratic,immigration,imm_pc
12/14/2023 10:20,12/14/2023 10:23,100,192,TRUE,12/14/2023 10:23,6.686,6.686,7.701,1,About half the time,14.603,28.268,30.091,3,Somewhat disagree,Agree,11.502,45.012,46.296,5,85,30,10.822,48.763,50.082,10,Somewhat well,Very well,Very well,Somewhat well,Somewhat well,Extremely well,1.939,1.939,7.082,1,60061,0,0,8.95,0,0,0,20.051,0,0,0,7.435,0,,,,,0,0,6.738,0,187g2t,Democratic,Republican,gun control,gc_pc
12/14/2023 10:21,12/14/2023 10:23,100,129,TRUE,12/14/2023 10:23,7.9,7.9,9.08,1,About half the time,5.497,13.44,14.363,3,Disagree,Strongly disagree,4.677,23.182,25.601,5,12,34,6.476,28.633,29.539,8,Somewhat well,Somewhat well,Somewhat well,Not too well,Very well,Not too well,1.806,1.806,6.563,1,70454,0,0,7.145,0,0,0,6.1,0,0,0,5,0,0,0,12.45,0,0,0,5.675,0,fqgr7e,Democratic,Republican,immigration,imm_treat
12/14/2023 10:20,12/14/2023 10:23,100,188,TRUE,12/14/2023 10:23,9.963,10.597,11.358,2,Most of the time,13.366,22.116,22.516,4,Somewhat agree,Strongly agree,20.849,25.515,28.238,2,50,50,7.071,67.99,68.596,11,Somewhat well,Somewhat well,Very well,Somewhat well,Somewhat well,Somewhat well,1.483,1.483,8.017,1,10462,0,0,11.657,0,13.908,13.908,14.476,1,3.582,3.582,8.897,1,,,,,0,0,12.019,0,1pb6wg,Republican,Democratic,gun control,gc_pc
12/14/2023 10:20,12/14/2023 10:23,100,205,TRUE,12/14/2023 10:23,10.601,10.601,14.001,1,Most of the time,23,36.868,37.95,3,Neither agree nor disagree,Strongly agree,12.878,19.801,27.501,3,90,10,9.6,48.034,49.345,8,Not too well,Somewhat well,Very well,Somewhat well,Extremely well,Very well,1.9,1.9,10.4,1,02130,0,0,14.258,0,0,0,15.901,0,0,0,10.486,0,,,,,0,0,17.364,0,fdv88f,Democratic,Republican,immigration,imm_pc
12/14/2023 10:20,12/14/2023 10:23,100,165,TRUE,12/14/2023 10:23,12.389,12.389,13.633,1,Once in a while,7.221,14.413,15.406,3,Disagree,Disagree,17.159,24.351,28.396,3,85,85,10.316,38.18,38.926,11,Very well,Very well,Very well,Very well,Very well,Very well,1.882,1.882,5.277,1,95667,0,0,14.451,0,0,0,13.765,0,0,0,11.513,0,,,,,0,0,10.659,0,86g48t,Republican,Democratic,immigration,imm_pc
12/14/2023 10:20,12/14/2023 10:23,100,207,TRUE,12/14/2023 10:23,49.808,49.808,50.882,1,Once in a while,8.546,17.71,18.744,5,Neither agree nor disagree,Somewhat agree,16.903,25.035,25.858,4,50,50,27.831,50.34,51.428,10,Somewhat well,Somewhat well,Somewhat well,Very well,Very well,Somewhat well,1.18,1.18,5.072,1,10314,0,0,9.62,0,0,0,11.152,0,0,0,6.707,0,0,0,13.183,0,0,0,10.531,0,b76we3,Democratic,Republican,immigration,imm_treat
12/14/2023 10:20,12/14/2023 10:23,100,178,TRUE,12/14/2023 10:23,29.418,29.607,31.108,2,Once in a while,6.966,12.742,13.496,4,Disagree,Disagree,13.8,21.438,22.162,6,30,80,9.1,31.829,35.185,13,Very well,Extremely well,Very well,Very well,Very well,Somewhat well,1.401,1.401,9.854,1,70517,0,0,12.497,0,0,0,11.026,0,0,0,10.135,0,0,0,13.84,0,0,0,10.38,0,1az2re,Democratic,Republican,immigration,imm_treat
12/14/2023 10:22,12/14/2023 10:23,100,106,TRUE,12/14/2023 10:23,7.272,8.3,9.9,2,Most of the time,5.179,9.977,10.68,4,Strongly disagree,Strongly agree,7.3,11.126,14.461,3,5,100,6.27,25.635,26.184,10,Very well,Extremely well,Somewhat well,Very well,Extremely well,Very well,2.375,2.375,7.129,1,61109,0,0,8.241,0,0,0,7.396,0,0,0,5.779,0,,,,,0,0,9.529,0,tkczgt,Republican,Democratic,gun control,gc_pc
12/14/2023 10:22,12/14/2023 10:24,100,121,TRUE,12/14/2023 10:24,11.791,11.791,13.087,1,All the time,4.401,8.901,10.71,2,Strongly agree,Strongly agree,1.819,18.022,18.701,3,10,65,7.237,29.686,30.826,7,Somewhat well,Somewhat well,Somewhat well,Somewhat well,Somewhat well,Somewhat well,1.482,2.897,6.604,2,21144,0,0,11.153,0,0,0,8.243,0,0,0,4.375,0,0,0,3.601,0,0,0,7.352,0,gwagqc,Republican,Democratic,immigration,imm_control1
12/14/2023 10:22,12/14/2023 10:24,100,117,TRUE,12/14/2023 10:24,6.54,7.5,8.346,2,About half the time,6.18,11.609,12.272,3,Strongly disagree,Disagree,5.627,11.247,13.93,3,50,70,6.903,20.065,20.882,10,Somewhat well,Very well,Very well,Extremely well,Very well,Somewhat well,1.666,1.666,5.789,1,27526,0,0,17.916,0,0,0,7.261,0,0,0,7.401,0,0,0,10.188,0,0,0,8.378,0,nparmr,Democratic,Republican,immigration,imm_treat
12/14/2023 10:23,12/14/2023 10:24,100,100,TRUE,12/14/2023 10:24,21.759,21.759,22.497,1,Once in a while,3.27,7,7.632,3,Agree,Strongly agree,2.264,7.889,10.552,5,30,30,4.15,23.16,23.702,10,Very well,Very well,Somewhat well,Very well,Very well,Somewhat well,1.379,1.379,4.403,1,75231,0,0,6.093,0,0,0,5.553,0,0,0,4.748,0,0,0,3.989,0,0,0,4.301,0,qqdq8r,Democratic,Republican,gun control,gc_control2
12/14/2023 10:21,12/14/2023 10:24,100,179,TRUE,12/14/2023 10:24,7.41,7.41,7.709,1,Once in a while,3.766,7.906,8.947,2,Disagree,Somewhat agree,1.634,9.651,10.3,3,45,65,4.322,101.901,102.599,9,Very well,Very well,Very well,Very well,Extremely well,Somewhat well,1.238,1.238,4.045,1,44889,0,0,7.239,0,0,0,8.443,0,0,0,4.543,0,0,0,10.683,0,0,0,7.37,0,ymw39p,Republican,Democratic,immigration,imm_treat
12/14/2023 10:21,12/14/2023 10:24,100,182,TRUE,12/14/2023 10:24,8.51,8.51,10.992,1,Most of the time,10.93,26.164,26.769,3,Somewhat agree,Disagree,6.074,15.196,19.301,3,30,80,12.121,53.86,54.463,8,Somewhat well,Very well,Somewhat well,Very well,Very well,Not too well,2.683,2.683,9.701,1,28601,0,0,6.484,0,0,0,25.565,0,0,0,16.428,0,,,,,0,0,7.635,0,4fdwkr,Democratic,Republican,gun control,gc_pc
12/14/2023 10:22,12/14/2023 10:25,100,178,TRUE,12/14/2023 10:25,7.601,7.601,8.358,1,All the time,5.394,13.252,14.333,2,Strongly disagree,Somewhat agree,17.589,77.734,83.054,5,58,36,9.271,30.911,35.279,9,Very well,Somewhat well,Extremely well,Somewhat well,Very well,Very well,1.09,1.09,3.701,1,60626,0,0,4.925,0,0,0,5.015,0,0,0,3.251,0,0,0,9.935,0,0,0,4.987,0,mawyn7,Democratic,Republican,immigration,imm_treat
12/14/2023 10:23,12/14/2023 10:25,100,152,TRUE,12/14/2023 10:25,7.333,9.372,10.764,2,About half the time,4.766,13.763,14.483,3,Neither agree nor disagree,Strongly agree,6.567,9.92,12.501,3,50,5,12.745,35.444,36.1,9,Not too well,Extremely well,Very well,Somewhat well,Extremely well,Somewhat well,2.629,2.629,6.168,1,48054,0,0,24.966,0,0,0,10.401,0,0,0,4.178,0,0,0,11.5,0,0,0,13.366,0,gqnf99,Democratic,Republican,gun control,gc_control2
12/14/2023 10:24,12/14/2023 10:25,100,87,TRUE,12/14/2023 10:25,3.686,3.686,4.656,1,All the time,7.679,14.047,15.532,3,Somewhat agree,Agree,3.233,7.034,9.32,3,10,0,3.481,24.001,25.133,9,Somewhat well,Somewhat well,Not too well,Somewhat well,Somewhat well,Not too well,1.21,1.21,4.235,1,60201,0,0,3.976,0,0,0,14.447,0,0,0,2.624,0,,,,,0,0,3.729,0,umwrra,Democratic,Republican,immigration,imm_pc
12/14/2023 10:22,12/14/2023 10:25,100,210,TRUE,12/14/2023 10:25,3.801,3.801,8.597,1,About half the time,2.601,10.401,11.901,3,Somewhat agree,Agree,1.4,14.64,16.8,4,30,70,1.701,23.015,25.939,10,Somewhat well,Somewhat well,Somewhat well,Extremely well,Very well,Very well,1.801,1.801,23.101,1,30157,0,0,3.342,0,1.878,1.878,10.176,1,0,0,2.307,0,,,,,0,0,2.301,0,kfeg41,Democratic,Republican,gun control,gc_pc
12/14/2023 10:23,12/14/2023 10:25,100,162,TRUE,12/14/2023 10:25,14.205,15.087,15.985,2,About half the time,2.842,6.517,7.204,3,Neither agree nor disagree,Agree,62.599,67.181,69.089,2,50,50,4.315,15.649,16.461,8,Somewhat well,Somewhat well,Somewhat well,Somewhat well,Very well,Somewhat well,2.699,2.699,5.247,1,91311,0,0,6.003,0,0,0,2.987,0,0,0,1.122,0,3.069,3.069,4.463,1,0,0,4.803,0,c3cxk1,Democratic,Republican,gun control,gc_treat
12/14/2023 10:23,12/14/2023 10:25,100,123,TRUE,12/14/2023 10:25,56.451,56.451,57.146,1,About half the time,5.89,9.585,10.233,2,Neither agree nor disagree,Strongly agree,2.687,7.109,10.553,5,50,90,7.502,12.292,13.102,8,Somewhat well,Not too well,Not too well,Not too well,Somewhat well,Somewhat well,2.061,2.061,5.635,1,32621,0,0,3.061,0,0,0,1.531,0,0,0,6.268,0,,,,,0,0,8.628,0,mkd1pw,Republican,Democratic,immigration,imm_pc
12/14/2023 10:24,12/14/2023 10:26,100,91,TRUE,12/14/2023 10:26,3.471,5.182,5.98,2,Most of the time,4.374,8.755,11.869,4,Strongly agree,Neither agree nor disagree,7.541,10.407,12.257,3,100,50,2.7,8.688,9.453,11,Very well,Very well,Very well,Very well,Very well,Very well,1.341,1.341,6.565,1,61270,0,0,8.689,0,0,0,2.535,0,1.37,5.178,7.536,7,0,0,3.057,0,0,0,4.586,0,8qupfc,Democratic,Republican,immigration,imm_treat
12/14/2023 10:25,12/14/2023 10:26,100,55,TRUE,12/14/2023 10:26,3.352,4.239,4.554,3,Most of the time,2.875,7.161,8.071,2,Somewhat disagree,Somewhat agree,3.251,5.703,7.323,2,50,50,1.612,11.397,12.671,8,Not too well,Very well,Somewhat well,Not too well,Very well,Extremely well,1.536,1.536,3.801,1,27560,0,0,5.276,0,3.4,3.4,3.422,1,0,0,1.82,0,,,,,0,0,4.035,0,8wtx76,Democratic,Republican,gun control,gc_pc
12/14/2023 10:25,12/14/2023 10:26,100,76,TRUE,12/14/2023 10:26,4.117,6.39,7.046,3,Most of the time,4.94,8.996,9.474,3,Neither agree nor disagree,Strongly agree,5.77,10.849,11.2,4,20,40,5.501,20.559,21.393,9,Not too well,Not too well,Somewhat well,Somewhat well,Somewhat well,Somewhat well,1.156,1.156,3.555,1,07866,0,0,2.795,0,0,0,4.067,0,0,0,1.477,0,,,,,0,0,5.549,0,1y61a1,Republican,Democratic,gun control,gc_pc
12/14/2023 10:23,12/14/2023 10:26,100,153,TRUE,12/14/2023 10:26,35.581,35.581,37.166,1,Once in a while,7.752,13.431,14.296,3,Agree,Strongly agree,10.26,14.664,17.216,2,100,0,4.081,18.57,19.569,11,Very well,Very well,Somewhat well,Not too well,Very well,Somewhat well,1.203,1.203,4.84,1,45365,0,0,18.979,0,0,0,5.601,0,0,0,12.064,0,0,0,14.898,0,0,0,3.724,0,2pq7vu,Democratic,Republican,gun control,gc_treat
12/14/2023 10:15,12/14/2023 10:26,100,678,TRUE,12/14/2023 10:26,13.988,15.275,17.026,2,About half the time,14.832,27.896,28.922,5,Agree,Strongly agree,109.967,117.339,122.25,4,50,50,19.681,345.024,345.634,26,Somewhat well,Somewhat well,Somewhat well,Somewhat well,Very well,Not too well,2.662,2.662,8.416,1,44103,0,0,18.671,0,57.888,63.406,64.314,2,0,0,9.06,0,35.993,35.993,37.297,1,0,0,17.793,0,gapduq,Democratic,Republican,immigration,imm_treat
12/14/2023 10:23,12/14/2023 10:26,100,189,TRUE,12/14/2023 10:26,11.571,11.571,12.631,1,Most of the time,9.458,21.125,22.95,2,Somewhat disagree,Somewhat disagree,19.909,24.741,29.041,2,75,25,9.393,50.715,51.755,8,Somewhat well,Somewhat well,Somewhat well,Somewhat well,Somewhat well,Somewhat well,2.438,2.438,9.53,1,37066,0,0,7.519,0,0,0,17.82,0,0,0,13.205,0,0,0,8.744,0,0,0,10.359,0,x297py,Republican,Democratic,gun control,gc_treat
12/14/2023 10:25,12/14/2023 10:26,100,105,TRUE,12/14/2023 10:26,7.966,7.966,8.785,1,All the time,5.088,9.335,10.395,2,Neither agree nor disagree,Neither agree nor disagree,3.124,6.461,8.37,2,10,100,5.329,23.106,24.261,11,Somewhat well,Very well,Very well,Not too well,Somewhat well,Somewhat well,1.461,1.461,8.144,1,19132,0,0,13.589,0,0,0,19.408,0,0,0,2.331,0,,,,,0,0,6.18,0,n1mevb,Republican,Democratic,immigration,imm_pc
12/14/2023 10:24,12/14/2023 10:27,100,154,TRUE,12/14/2023 10:27,27.8,27.8,29.691,1,Most of the time,14.088,24.744,26.032,4,Disagree,Neither agree nor disagree,9.8,23.515,24.118,4,25,25,10.274,33.067,36.168,8,Not too well,Very well,Very well,Extremely well,Extremely well,Extremely well,1.484,1.484,8.1,1,24701,0,0,6.14,0,0,0,3.3,0,0,0,5.687,0,,,,,0,0,6.101,0,vf7r7n,Republican,Democratic,immigration,imm_pc
12/14/2023 10:23,12/14/2023 10:27,100,200,TRUE,12/14/2023 10:27,12.399,12.399,13.397,1,Almost Never,1.586,20.993,22.473,7,Neither agree nor disagree,Somewhat disagree,17.69,24.802,26.212,5,16,87,6.738,35.291,35.962,8,Somewhat well,Very well,Extremely well,Somewhat well,Very well,Somewhat well,1.316,1.316,5.444,1,21205,0,0,10.593,0,0,0,15.608,0,0,0,16.25,0,0,0,27.188,0,0,0,19.686,0,hh47xt,Republican,Democratic,gun control,gc_treat
12/14/2023 10:26,12/14/2023 10:27,100,65,TRUE,12/14/2023 10:27,6.653,6.653,7.258,1,Most of the time,3.936,8.023,8.557,3,Disagree,Agree,3.771,7.205,8.543,5,80,10,2.727,16.97,17.5,10,Very well,Extremely well,Very well,Very well,Very well,Very well,2.621,2.621,5.09,1,01915,0,0,4.072,0,0,0,2.522,0,0,0,2.423,0,0,0,0.882,0,0,0,3.981,0,wma962,Democratic,Republican,gun control,gc_control2
12/14/2023 10:25,12/14/2023 10:27,100,98,TRUE,12/14/2023 10:27,9.225,9.225,10.051,1,Most of the time,4.602,15.027,16.276,2,Strongly disagree,Agree,8.952,11.974,21.408,2,30,55,5.538,22.009,22.605,9,Extremely well,Very well,Very well,Extremely well,Extremely well,Extremely well,1.836,1.836,4.807,1,21230,0,0,1.199,0,0,0,5.341,0,0,0,4.466,0,0,0,1.703,0,0,0,5.366,0,7w3qug,Republican,Democratic,immigration,imm_treat
12/14/2023 10:25,12/14/2023 10:27,100,139,TRUE,12/14/2023 10:27,6.037,6.037,8.298,1,About half the time,4.093,7.404,11.253,2,Disagree,Somewhat agree,6.669,13.579,21.265,2,30,30,5.49,35.4,36.364,9,Somewhat well,Somewhat well,Very well,Somewhat well,Somewhat well,Very well,1.539,1.539,3.789,1,44883,0,0,21.344,0,0,0,4.987,0,0,0,11.291,0,0,0,7.521,0,0,0,7.502,0,3y3qkb,Republican,Democratic,gun control,gc_control2
12/14/2023 10:25,12/14/2023 10:27,100,143,TRUE,12/14/2023 10:27,10.838,10.838,11.9,1,Most of the time,6.615,11.622,14.7,2,Strongly disagree,Strongly disagree,6.397,9.928,15.187,3,70,40,7.651,30.609,31.7,7,Not too well,Somewhat well,Very well,Not too well,Somewhat well,Not too well,1.444,1.444,8.37,1,28166,0,0,8.573,0,0,0,22.427,0,0,0,2.16,0,0,0,14.161,0,0,0,7.497,0,2q6gzn,Republican,Democratic,immigration,imm_treat
12/14/2023 10:25,12/14/2023 10:27,100,115,TRUE,12/14/2023 10:27,20.832,22.899,23.744,2,Once in a while,5.096,9.915,10.335,3,Neither agree nor disagree,Strongly agree,5.118,8.153,13.439,2,30,65,6.293,22.84,23.64,9,Somewhat well,Very well,Somewhat well,Somewhat well,Somewhat well,Not too well,2.027,2.027,5.546,1,30024,0,0,5.688,0,0,0,13.944,0,0,0,7.879,0,,,,,0,0,7.279,0,7un2gt,Republican,Democratic,gun control,gc_pc
12/14/2023 10:25,12/14/2023 10:27,100,123,TRUE,12/14/2023 10:27,4.051,7.508,8.062,4,Once in a while,4.325,11.978,12.601,5,Strongly disagree,Somewhat disagree,2.615,12.278,14.739,5,75,25,3.198,28.287,28.8,16,Somewhat well,Somewhat well,Somewhat well,Not too well,Not too well,Somewhat well,1.943,1.943,5.6,1,42003,4.656,4.656,8.055,1,3.953,10.085,12.864,2,3.656,3.656,6.345,1,5.737,9.064,9.703,2,0,0,6.601,0,1xwhmk,Republican,Democratic,gun control,gc_control3
12/14/2023 10:25,12/14/2023 10:27,100,139,TRUE,12/14/2023 10:27,12.406,12.406,14.086,1,Almost Never,4.301,6.301,7.602,2,Neither agree nor disagree,Neither agree nor disagree,2.2,11.401,14.549,2,50,85,19.194,41.883,42.884,9,Somewhat well,Very well,Extremely well,Very well,Very well,Somewhat well,25.997,30.039,30.401,4,90504,0,0,4.875,0,0,0,5.84,0,0,0,3.24,0,,,,,0,0,6.472,0,8q31ee,Republican,Democratic,gun control,gc_pc
12/14/2023 10:25,12/14/2023 10:28,100,144,TRUE,12/14/2023 10:28,6.155,7.34,8.087,2,About half the time,2.054,24.615,25.811,3,Agree,Strongly agree,7.024,22.624,25.831,6,20,80,10.878,27.066,28.054,10,Very well,Very well,Extremely well,Very well,Very well,Very well,5.042,5.042,7.241,1,99223,0,0,10.856,0,0,0,11.771,0,0,0,4.522,0,0,0,8.198,0,0,0,8.364,0,fcff31,Republican,Democratic,immigration,imm_control3
12/14/2023 10:26,12/14/2023 10:28,100,90,TRUE,12/14/2023 10:28,11.567,12.673,14.455,2,Once in a while,1.41,8.251,8.748,4,Strongly disagree,Strongly disagree,1.179,8.391,9.723,6,20,75,1.635,12.177,13.052,10,Very well,Very well,Very well,Very well,Very well,Very well,1.417,1.417,5.001,1,28174,0,0,4.442,0,0,0,3.479,0,0,0,2.147,0,19.853,19.853,20.354,1,0.898,0.898,3.012,1,vzarn6,Democratic,Republican,immigration,imm_control2
12/14/2023 10:24,12/14/2023 10:28,100,272,TRUE,12/14/2023 10:28,55.069,55.069,60.053,1,About half the time,9.066,16.105,18.66,2,Somewhat disagree,Agree,8.268,16.857,18.391,5,50,45,14.5,43.824,45.174,9,Not too well,Very well,Somewhat well,Very well,Very well,Somewhat well,1.859,1.859,7.778,1,17402,0,0,21.45,0,0,0,18.413,0,0,0,55.085,0,0,0,9.93,0,0,0,9.518,0,24zevg,Democratic,Republican,immigration,imm_control2
12/14/2023 10:26,12/14/2023 10:29,100,131,TRUE,12/14/2023 10:29,5.612,5.612,6.63,1,Once in a while,9.512,13.193,14.755,2,Strongly agree,Agree,6.014,15.422,15.9,7,75,40,6.889,23.111,23.5,8,Very well,Extremely well,Very well,Very well,Extremely well,Extremely well,1.288,1.288,6.745,1,92102,0,0,10.919,0,0,0,5.898,0,0,0,3.001,0,0,0,4.246,0,0,0,30.897,0,zrv83n,Democratic,Republican,immigration,imm_control1
12/14/2023 10:21,12/14/2023 10:29,100,454,TRUE,12/14/2023 10:29,42.23,42.23,44.5,1,Almost Never,115.227,127.271,132.8,3,Neither agree nor disagree,Neither agree nor disagree,9.94,14.5,17.101,3,0,0,45.55,142.811,143.5,8,Somewhat well,Very well,Somewhat well,Somewhat well,Very well,Very well,1.556,1.556,5.32,1,60910,0,0,12.099,0,0,0,10.166,0,7.61,10.411,12.34,8,5.513,10.558,14.447,5,0,0,55.675,0,wdbprm,Republican,Democratic,immigration,imm_control1
12/14/2023 10:25,12/14/2023 10:29,100,199,TRUE,12/14/2023 10:29,7.101,7.101,9.287,1,About half the time,5.983,12.102,12.8,3,Somewhat disagree,Somewhat disagree,3.53,26.901,28.301,4,70,75,9.553,30.184,31.078,9,Somewhat well,Very well,Extremely well,Very well,Very well,Very well,1.994,1.994,6.801,1,33884,0,0,66.549,0,0,0,14.4,0,0,0,13.664,0,,,,,0,0,10.368,0,6mqenz,Democratic,Republican,immigration,imm_pc
12/14/2023 10:27,12/14/2023 10:29,100,102,TRUE,12/14/2023 10:29,4.786,7.611,8.2,4,About half the time,3.327,8.572,8.939,5,Disagree,Strongly agree,5.563,13.291,13.737,6,25,75,6.962,28.387,28.869,12,Not too well,Somewhat well,Not too well,Not too well,Somewhat well,Not too well,1.026,1.026,5.062,1,04917,0,0,4.152,0,5.777,5.777,6.6,1,2.518,2.518,3.2,1,8.599,8.599,9.549,1,0,0,4.991,0,y6bad9,Republican,Democratic,gun control,gc_treat
12/14/2023 10:26,12/14/2023 10:29,100,193,TRUE,12/14/2023 10:29,13.069,13.7,15.222,2,About half the time,5.47,9.865,10.399,4,Agree,Strongly agree,17.125,25.034,29.301,3,5,90,3.664,20.355,21.02,13,Very well,Very well,Very well,Very well,Somewhat well,Not too well,2.286,2.286,6.181,1,18013,0,0,5.186,0,62.973,62.973,63.501,1,20.287,20.287,20.902,1,3.819,3.819,4.2,1,0,0,4.775,0,cb88fn,Republican,Democratic,gun control,gc_control2
12/14/2023 10:27,12/14/2023 10:29,100,104,TRUE,12/14/2023 10:29,4.763,4.763,5.609,1,About half the time,1.645,6.811,7.455,3,Agree,Somewhat agree,2.929,4.819,6.329,2,50,50,11.489,26.573,27.075,11,Somewhat well,Very well,Somewhat well,Not too well,Somewhat well,Not too well,0.968,0.968,4.722,1,30705,0,0,2.84,0,0,0,6.249,0,0,0,7.329,0,0,0,28.259,0,0,0,2.727,0,w64kcn,Democratic,Republican,gun control,gc_treat
12/14/2023 10:27,12/14/2023 10:29,100,118,TRUE,12/14/2023 10:29,12.89,12.89,14.189,1,Most of the time,6.002,14.249,15.128,5,Neither agree nor disagree,Somewhat agree,7.4,15.281,15.819,4,55,35,6.327,20.601,21.681,11,Very well,Extremely well,Somewhat well,Very well,Extremely well,Somewhat well,1.865,1.865,5.466,1,97225,0,0,7.414,0,0,0,8.78,0,0,0,5.529,0,0,0,8.803,0,0,0,6.401,0,dh2utf,Democratic,Republican,gun control,gc_control3
12/14/2023 10:27,12/14/2023 10:29,100,143,TRUE,12/14/2023 10:29,7.085,9.397,10.203,2,Most of the time,4.508,11.179,12.286,3,Strongly disagree,Strongly agree,9.609,19.793,20.777,4,5,80,5.56,32.735,33.46,9,Somewhat well,Very well,Somewhat well,Somewhat well,Very well,Somewhat well,2.158,2.158,7.693,1,46807,0,0,8.07,0,9.518,9.518,10.083,1,0,0,7.692,0,13.178,13.178,13.98,1,0,0,8.101,0,vk8ryc,Republican,Democratic,gun control,gc_treat
12/14/2023 10:28,12/14/2023 10:30,100,66,TRUE,12/14/2023 10:30,6.522,6.522,7.145,1,About half the time,6.237,9.792,10.491,3,Strongly agree,Strongly agree,3.626,7.114,9.7,2,89,50,1.363,6.036,6.711,9,Very well,Very well,Very well,Extremely well,Extremely well,Very well,1.055,1.055,4.686,1,30039,0,0,6.105,0,5.869,5.869,6.98,1,0,0,1.424,0,0,0,4.789,0,0,0,1.575,0,vqgk3h,Democratic,Republican,gun control,gc_treat
12/14/2023 10:28,12/14/2023 10:30,100,74,TRUE,12/14/2023 10:30,4.763,4.763,5.458,1,Most of the time,3.792,6.994,8.082,2,Neither agree nor disagree,Somewhat agree,2.763,6.9,9.049,3,60,60,3.653,16.982,22.413,9,Very well,Very well,Very well,Very well,Very well,Very well,1.144,1.144,3.748,1,08902,0,0,4.884,0,0,0,4.416,0,0,0,3.655,0,0,0,5.394,0,0,0,4.308,0,xzmv14,Republican,Democratic,gun control,gc_treat
12/14/2023 10:26,12/14/2023 10:30,100,246,TRUE,12/14/2023 10:30,16.132,16.132,17.556,1,About half the time,30.959,45.532,46.362,3,Somewhat disagree,Strongly agree,17.986,26.586,31.503,2,40,60,22.379,58.672,59.74,9,Somewhat well,Somewhat well,Extremely well,Somewhat well,Very well,Extremely well,2.044,2.044,7.001,1,77584,0,0,17.728,0,0,0,30.682,0,0,0,15.646,0,,,,,0,0,15.418,0,paa3zh,Republican,Democratic,immigration,imm_pc
12/14/2023 10:17,12/14/2023 10:30,100,790,TRUE,12/14/2023 10:30,16.44,16.44,17.561,1,About half the time,8.038,14.103,15.214,3,Strongly disagree,Somewhat agree,16.004,101.466,105.677,7,85,5,56.079,109.7,110.565,17,Somewhat well,Somewhat well,Not too well,Not too well,Very well,Very well,1.746,1.746,6.804,1,33322,2.424,2.424,28.687,1,57.096,107.367,135.316,21,11.997,14.487,61.491,5,,,,,0,0,31.737,0,vaxw7r,Democratic,Republican,immigration,imm_pc
12/14/2023 10:28,12/14/2023 10:30,100,110,TRUE,12/14/2023 10:30,7.08,7.08,7.931,1,Most of the time,2.843,6.925,7.585,3,Somewhat agree,Strongly agree,7.146,10.587,12.934,3,60,40,6.961,18.503,19.348,10,Somewhat well,Somewhat well,Somewhat well,Somewhat well,Somewhat well,Somewhat well,1.537,1.537,7.669,1,07747,0,0,5.593,0,0,0,7.506,0,0,0,3.511,0,0,0,7.759,0,0,0,7.056,0,m71u1z,Democratic,Republican,immigration,imm_control1
12/14/2023 10:28,12/14/2023 10:30,100,143,TRUE,12/14/2023 10:30,7.36,7.703,8.863,2,About half the time,5.184,9.034,12.665,2,Somewhat disagree,Strongly agree,3.566,7.966,12.981,2,50,85,5.09,26.066,26.901,8,Very well,Very well,Very well,Very well,Very well,Somewhat well,13.155,13.155,24.681,1,92544,0,0,10.043,0,0,0,10.719,0,0,0,5.192,0,0,0,17.816,0,0,0,6.501,0,47vdpc,Republican,Democratic,immigration,imm_control3
12/14/2023 10:25,12/14/2023 10:30,100,334,TRUE,12/14/2023 10:30,11.212,14.71,18.383,2,About half the time,3.38,6.479,7.059,3,Somewhat agree,Agree,48.094,55.43,58.551,2,25,65,74.91,204.719,205.673,10,Not too well,Very well,Very well,Somewhat well,Somewhat well,Very well,1.584,1.584,5.268,1,20744,0,0,6.097,0,0,0,6.395,0,0,0,4.545,0,0,0,8.763,0,0,0,5.284,0,t6yfvn,Republican,Democratic,immigration,imm_treat
12/14/2023 10:27,12/14/2023 10:30,100,219,TRUE,12/14/2023 10:30,9.692,10.702,14.8,2,About half the time,10.4,21.128,25.316,3,Neither agree nor disagree,Agree,13.978,34.805,35.782,7,55,1,10.837,39.557,41.358,11,Very well,Very well,Somewhat well,Very well,Very well,Somewhat well,4.202,4.202,15.956,1,34950,0,0,13.153,0,15.947,15.947,19.644,1,0,0,16.567,0,0,0,15.901,0,0,0,12.101,0,e9khm2,Democratic,Republican,gun control,gc_control2
12/14/2023 10:29,12/14/2023 10:31,100,124,TRUE,12/14/2023 10:31,8.257,9.395,9.823,2,About half the time,6.962,10.382,11.2,3,Neither agree nor disagree,Agree,5.348,13.839,15.186,5,20,0,6.01,24.41,25.608,9,Somewhat well,Somewhat well,Somewhat well,Somewhat well,Very well,Somewhat well,2.391,2.391,8.225,1,76527,0,0,8.825,0,0,0,8.054,0,0,0,6.248,0,0,0,16.688,0,0,0,7.347,0,a1m43w,Democratic,Republican,gun control,gc_treat
12/14/2023 10:30,12/14/2023 10:31,100,67,TRUE,12/14/2023 10:31,4.793,4.793,5.508,1,About half the time,13.93,15.522,16.149,3,Agree,Somewhat agree,2.684,4.671,6.378,2,30,25,0.73,3.939,4.664,9,Somewhat well,Somewhat well,Extremely well,Very well,Very well,Somewhat well,0.765,0.765,2.533,1,12524,0,0,0.872,0,0,0,10.179,0,0,0,3.534,0,,,,,0,0,3.82,0,vn8qyk,Democratic,Republican,gun control,gc_pc
12/14/2023 10:28,12/14/2023 10:31,100,169,TRUE,12/14/2023 10:31,6.843,15.201,16.497,4,About half the time,5.049,24.795,27.627,5,Neither agree nor disagree,Strongly agree,11.797,20.601,28.38,4,5,65,6.5,30.42,32.21,11,Extremely well,Extremely well,Somewhat well,Extremely well,Extremely well,Very well,2.501,2.501,10.296,1,90631,0,0,10.593,0,14.959,14.959,16.262,1,6.581,6.581,10.701,1,,,,,0,0,9.493,0,3dcug2,Republican,Democratic,immigration,imm_pc
12/14/2023 10:28,12/14/2023 10:31,100,150,TRUE,12/14/2023 10:31,5.097,5.097,6.161,1,Most of the time,18.427,38.829,40.552,2,Neither agree nor disagree,Strongly agree,11.647,22.711,23.403,5,0,60,9.615,38.308,41.544,10,Extremely well,Extremely well,Somewhat well,Very well,Very well,Somewhat well,1.085,1.085,3.496,1,11211,0,0,6.849,0,0,0,10.549,0,0,0,4.337,0,,,,,0,0,8.82,0,uemquc,Republican,Democratic,immigration,imm_pc
12/14/2023 10:28,12/14/2023 10:31,100,171,TRUE,12/14/2023 10:31,6.595,6.595,8.946,1,Once in a while,2.875,5.537,7.986,3,Neither agree nor disagree,Somewhat agree,27.101,39.278,41.91,5,60,20,0.865,6.169,8.396,9,Somewhat well,Somewhat well,Not too well,Somewhat well,Very well,Extremely well,1.543,1.543,15.688,1,23435,72.767,72.767,75.958,1,0,0,1.17,0,0,0,0.975,0,0.885,0.885,0.9,1,0,0,0.913,0,vg2uqd,Republican,Democratic,immigration,imm_control1
12/14/2023 10:28,12/14/2023 10:31,100,177,TRUE,12/14/2023 10:31,10.741,10.741,11.667,1,About half the time,22.056,38.302,39.479,2,Somewhat agree,Neither agree nor disagree,11.367,18.167,21.07,3,80,80,18.749,33.214,33.949,10,Somewhat well,Very well,Somewhat well,Very well,Very well,Somewhat well,2.324,2.324,7.735,1,45069,0,0,9.069,0,0,0,20.306,0,0,0,6.255,0,,,,,0,0,20.595,0,nbkkfz,Republican,Democratic,immigration,imm_pc
12/14/2023 10:30,12/14/2023 10:31,100,63,TRUE,12/14/2023 10:31,4.459,4.459,5.167,1,Most of the time,1.858,5.021,5.936,3,Neither agree nor disagree,Neither agree nor disagree,1.506,6,8.2,3,12,90,1.621,9.843,11.252,7,Extremely well,Extremely well,Extremely well,Extremely well,Very well,Extremely well,1.647,1.647,6.919,1,10457,0,0,2.714,0,0,0,3.55,0,0,0,1.288,0,,,,,0,0,3.041,0,q3wtmh,Republican,Democratic,immigration,imm_pc
12/14/2023 10:29,12/14/2023 10:31,100,158,TRUE,12/14/2023 10:31,6.146,6.68,7.801,2,All the time,2.452,22.251,23.008,8,Agree,Strongly agree,10.683,16.399,17.384,5,10,55,25.476,56.004,57.405,12,Extremely well,Extremely well,Extremely well,Extremely well,Extremely well,Extremely well,2.174,2.174,8.901,1,20770,0,0,6.958,0,5.443,5.443,6.101,1,4.128,4.128,5.987,1,8.371,8.371,9.101,1,0,0,5.983,0,hvar4d,Republican,Democratic,immigration,imm_control1
12/14/2023 10:31,12/14/2023 10:32,100,59,TRUE,12/14/2023 10:32,4.549,4.549,5.201,1,Most of the time,4.1,6.012,7.726,2,Strongly agree,Strongly agree,0.9,3,6.124,2,0,25,2.901,14.739,15.6,7,Very well,Extremely well,Extremely well,Extremely well,Extremely well,Very well,1.003,1.003,4.452,1,29650,0,0,2.701,0,0,0,3.297,0,0,0,2.184,0,0,0,3.393,0,0,0,4.17,0,kfdmcb,Republican,Democratic,immigration,imm_control1
12/14/2023 10:30,12/14/2023 10:32,100,102,TRUE,12/14/2023 10:32,5.091,5.091,6.152,1,All the time,8.07,15.022,15.8,4,Somewhat disagree,Agree,5.421,14.391,17.346,3,50,50,7.062,23.834,24.678,10,Somewhat well,Very well,Extremely well,Very well,Very well,Extremely well,1.942,1.942,5.278,1,27455,0,0,7.068,0,0,0,9.388,0,0,0,5.5,0,,,,,0,0,6.445,0,w7fhy8,Democratic,Republican,immigration,imm_pc
12/14/2023 10:30,12/14/2023 10:32,100,90,TRUE,12/14/2023 10:32,17.936,17.936,18.783,1,Most of the time,5.39,9.82,12.022,2,Neither agree nor disagree,Agree,10.885,13.315,16.2,2,55,66,4.82,15.848,17.132,7,Somewhat well,Not too well,Very well,Not at all well,Somewhat well,Somewhat well,2.345,2.345,5.426,1,28278,0,0,3.175,0,0,0,4.078,0,0,0,3.14,0,0,0,2.701,0,0,0,3.457,0,y2kdry,Democratic,Republican,gun control,gc_treat
12/14/2023 10:28,12/14/2023 10:32,100,254,TRUE,12/14/2023 10:32,7.118,7.118,8.433,1,All the time,7.217,20.225,21.501,3,Strongly agree,Disagree,9.28,33.009,36.491,8,15,75,102.161,123.307,123.911,10,Extremely well,Extremely well,Extremely well,Extremely well,Extremely well,Extremely well,1.575,1.575,11.028,1,10028,0,0,9.615,0,0,0,11.571,0,0,0,8.766,0,0,0,10.52,0,0,0,8.198,0,wwaqt9,Republican,Democratic,gun control,gc_treat
12/14/2023 10:30,12/14/2023 10:32,100,115,TRUE,12/14/2023 10:32,7.122,7.122,7.896,1,About half the time,6.123,17.631,18.353,5,Somewhat agree,Agree,8.365,13.093,15.594,2,35,70,6.301,26.887,27.667,9,Somewhat well,Very well,Very well,Very well,Very well,Not too well,2.455,2.455,6.859,1,31602,0,0,9.28,0,0,0,16.059,0,0,0,4.176,0,,,,,0,0,5.069,0,ummgxq,Republican,Democratic,immigration,imm_pc
12/14/2023 10:30,12/14/2023 10:32,100,126,TRUE,12/14/2023 10:32,7.001,8.904,9.86,2,About half the time,4.112,13.684,14.532,4,Strongly agree,Strongly agree,9.551,20.662,21.685,5,80,5,4.138,21.919,23.242,9,Very well,Extremely well,Very well,Very well,Extremely well,Very well,1.357,1.357,5.644,1,97221,0,0,6.898,0,6.681,6.681,9.4,1,0,0,6.851,0,0,0,11.101,0,0,0,6.265,0,pwcy1k,Democratic,Republican,gun control,gc_treat
12/14/2023 10:30,12/14/2023 10:33,100,185,TRUE,12/14/2023 10:33,8.642,8.601,36.06,2,All the time,5.2,12.561,16.397,4,Agree,Agree,5.8,19.42,26.068,5,18,54,5.509,24.979,26.456,10,Very well,Very well,Extremely well,Somewhat well,Very well,Somewhat well,2.372,2.372,9.001,1,35010,0,0,10.2,0,0,0,10.559,0,0,0,21.5,0,,,,,0,0,9.679,0,q2n23g,Republican,Democratic,immigration,imm_pc
12/14/2023 10:30,12/14/2023 10:33,100,138,TRUE,12/14/2023 10:33,12.067,12.067,13.438,1,About half the time,4.338,9.324,10.12,3,Strongly disagree,Strongly agree,6.982,13.268,17.192,3,85,5,4.005,22.792,26.772,10,Somewhat well,Extremely well,Very well,Very well,Extremely well,Very well,2.894,2.894,8.597,1,80127,0,0,19.771,0,0,0,10.363,0,0,0,9.303,0,0,0,13.304,0,0,0,5.132,0,4xa4ea,Democratic,Republican,gun control,gc_treat
12/14/2023 10:29,12/14/2023 10:33,100,241,TRUE,12/14/2023 10:33,16.14,16.14,17.175,1,About half the time,11.992,20.909,22.309,2,Strongly disagree,Disagree,19.844,23.985,30.621,3,100,5,24.265,78.953,80.026,7,Not too well,Not too well,Somewhat well,Not too well,Not too well,Somewhat well,2.627,4.848,8.676,2,34614,0,0,15.053,0,0,0,22.039,0,0,0,12.701,0,0,0,15.591,0,0,0,11.908,0,bahvpt,Republican,Democratic,immigration,imm_control3
12/14/2023 10:31,12/14/2023 10:33,100,103,TRUE,12/14/2023 10:33,8.07,8.07,9.269,1,About half the time,2.284,7.264,8.111,3,Strongly disagree,Somewhat agree,2.108,13.798,15.573,3,40,30,4.398,34.052,35.363,7,Very well,Very well,Extremely well,Extremely well,Extremely well,Extremely well,1.404,1.404,7.266,1,32628,0,0,7.08,0,0,0,5.978,0,0,0,3.296,0,,,,,0,0,6.377,0,e68mrf,Democratic,Republican,gun control,gc_pc
12/14/2023 10:31,12/14/2023 10:33,100,138,TRUE,12/14/2023 10:33,6.051,6.051,6.979,1,All the time,0.936,50.601,52.356,7,Somewhat agree,Somewhat disagree,6.371,9.027,16.131,2,55,5,4.847,16.377,17.36,11,Somewhat well,Very well,Extremely well,Extremely well,Extremely well,Extremely well,0.793,1.607,6.235,2,14489,0,0,8.302,0,0,0,13.645,0,0,0,7.483,0,,,,,0,0,6.309,0,mnun1x,Republican,Democratic,gun control,gc_pc
12/14/2023 10:32,12/14/2023 10:33,100,115,TRUE,12/14/2023 10:34,6.459,6.459,7.395,1,About half the time,5.415,8.588,9.749,3,Strongly agree,Strongly agree,4.732,8.434,11.77,2,0,70,6.193,30.238,30.988,11,Somewhat well,Somewhat well,Somewhat well,Somewhat well,Very well,Not too well,1.228,1.228,4.243,1,77043,0,0,10.515,0,0,0,12.353,0,0,0,4.12,0,0,0,14.665,0,0,0,4.058,0,ph9v6n,Republican,Democratic,gun control,gc_control2
12/14/2023 10:31,12/14/2023 10:34,100,170,TRUE,12/14/2023 10:34,8.176,9.535,10.401,2,All the time,5.26,12.17,12.93,4,Strongly disagree,Strongly disagree,8.692,15.398,20.601,3,0,100,10.511,34.851,35.797,9,Not at all well,Not at all well,Not at all well,Not at all well,Not at all well,Not at all well,2.103,2.103,6.584,1,86022,0,0,16.7,0,16.228,16.228,18.448,1,0,0,16.133,0,0,0,14.632,0,0,0,9.326,0,92dcvc,Democratic,Republican,gun control,gc_control3
12/14/2023 10:32,12/14/2023 10:34,100,97,TRUE,12/14/2023 10:34,2.962,6.525,7.489,6,Most of the time,3.762,12.031,12.527,11,Neither agree nor disagree,Strongly agree,1.994,8.567,11.559,8,40,70,3.425,19.757,20.203,17,Not too well,Somewhat well,Very well,Somewhat well,Somewhat well,Not too well,1.552,1.552,4.345,1,89015,3.221,4.326,8.759,2,2.847,10.916,11.868,6,3.081,5.468,5.991,4,,,,,0,0,7.798,0,2c7q18,Republican,Democratic,gun control,gc_pc
12/14/2023 10:32,12/14/2023 10:34,100,78,TRUE,12/14/2023 10:34,4.909,4.909,5.616,1,Most of the time,5.228,9.554,10.72,2,Strongly disagree,Strongly agree,12.566,16.491,18.928,3,100,0,4.433,13.731,14.722,8,Somewhat well,Somewhat well,Somewhat well,Somewhat well,Somewhat well,Somewhat well,3.64,3.64,6.29,1,27101,0,0,1.826,0,0,0,2.504,0,0,0,1.387,0,,,,,0,0,11.104,0,g74q91,Democratic,Republican,immigration,imm_pc
12/14/2023 10:31,12/14/2023 10:34,100,153,TRUE,12/14/2023 10:34,8.526,8.526,9.751,1,All the time,7.097,15.757,18.366,3,Somewhat agree,Somewhat agree,12.876,21.254,22.464,4,60,30,8.71,36.37,36.993,9,Somewhat well,Very well,Very well,Very well,Extremely well,Somewhat well,2.745,2.745,7.698,1,48428,0,0,11.923,0,0,0,8.346,0,0,0,8.741,0,0,0,10.264,0,0,0,9.257,0,uyuqk7,Democratic,Republican,immigration,imm_control2
12/14/2023 10:32,12/14/2023 10:34,100,133,TRUE,12/14/2023 10:34,6.446,6.446,7.25,1,Most of the time,23.408,29.047,30.383,2,Somewhat disagree,Neither agree nor disagree,10.693,15.084,19.882,3,30,60,7.82,21.562,22.651,7,Somewhat well,Very well,Very well,Very well,Very well,Extremely well,1.275,1.275,3.161,1,68901,0,0,9.033,0,0,0,12.694,0,0,0,5.336,0,0,0,7.095,0,0,0,10.853,0,fr11z4,Republican,Democratic,immigration,imm_treat
12/14/2023 10:32,12/14/2023 10:34,100,130,TRUE,12/14/2023 10:34,17.673,17.673,18.632,1,Once in a while,7.341,11.022,11.911,2,Neither agree nor disagree,Agree,8.676,11.94,14.865,3,80,60,6.931,22.361,23.035,10,Somewhat well,Not too well,Somewhat well,Somewhat well,Somewhat well,Not too well,3.456,3.456,7.55,1,94561,0,0,34.693,0,0,0,6.746,0,0,0,2.633,0,,,,,0,0,5.757,0,f2cr6k,Democratic,Republican,gun control,gc_pc
12/14/2023 10:33,12/14/2023 10:35,100,69,TRUE,12/14/2023 10:35,4.346,4.346,6.061,1,About half the time,3.52,8.704,11.165,2,Disagree,Strongly agree,4.934,9.197,12.571,2,75,25,2.746,17.2,18.12,8,Somewhat well,Somewhat well,Not too well,Not too well,Somewhat well,Somewhat well,3.044,3.044,7.179,1,78634,0,0,1.716,0,0,0,2.205,0,0,0,1.234,0,,,,,0,0,3.313,0,fy7bcd,Democratic,Republican,gun control,gc_pc
12/14/2023 10:33,12/14/2023 10:35,100,117,TRUE,12/14/2023 10:35,20.856,20.856,21.539,1,Once in a while,10.037,14.267,15.075,3,Neither agree nor disagree,Neither agree nor disagree,1.309,8.722,10.342,4,75,25,9.827,24.834,26.771,8,Not too well,Somewhat well,Somewhat well,Somewhat well,Not too well,Not too well,0.92,0.92,3.374,1,31503,0,0,9.224,0,0,0,9.134,0,0,0,6.504,0,,,,,0,0,7.936,0,fy9k9x,Republican,Democratic,gun control,gc_pc
12/14/2023 10:32,12/14/2023 10:35,100,142,TRUE,12/14/2023 10:35,9.7,9.7,11.145,1,Once in a while,6.801,16.069,17.642,2,Strongly agree,Somewhat agree,2.801,7.401,10.745,3,30,80,11.401,46.264,47.26,8,Not at all well,Not too well,Somewhat well,Not at all well,Not too well,Somewhat well,1.688,1.688,5.901,1,28208,0,0,9.578,0,0,0,3.769,0,4.408,10.288,11.101,3,0,0,3.285,0,0,0,8.302,0,knwhgr,Democratic,Republican,immigration,imm_treat
12/14/2023 10:34,12/14/2023 10:35,100,79,TRUE,12/14/2023 10:35,4.672,4.672,5.361,1,About half the time,6.672,8.906,9.722,2,Disagree,Agree,5.566,8.769,11.734,3,75,45,7.177,23.735,24.327,9,Very well,Extremely well,Very well,Somewhat well,Very well,Very well,1.767,6.286,6.32,2,30303,0,0,4.813,0,0,0,5.191,0,0,0,3.471,0,,,,,0,0,4.812,0,c9zbpr,Democratic,Republican,gun control,gc_pc
12/14/2023 10:33,12/14/2023 10:35,100,143,TRUE,12/14/2023 10:35,6.817,6.817,11.601,1,All the time,5.546,10.901,11.975,2,Strongly disagree,Neither agree nor disagree,16.412,23.398,27.599,2,20,80,5.631,26.577,27.418,8,Somewhat well,Somewhat well,Very well,Very well,Very well,Very well,6.389,6.389,10.935,1,18623,0,0,10.5,0,0,0,10.8,0,0,0,5.692,0,0,0,11.186,0,0,0,6.85,0,xpc4vm,Democratic,Republican,immigration,imm_treat
12/14/2023 10:33,12/14/2023 10:35,100,123,TRUE,12/14/2023 10:35,7.3,7.3,8.201,1,Once in a while,7.102,12.449,13.165,2,Somewhat disagree,Strongly disagree,4.301,11.801,12.533,4,90,70,6.801,22.59,23.356,10,Somewhat well,Extremely well,Extremely well,Extremely well,Extremely well,Somewhat well,1.401,1.401,5.302,1,62839,0,0,8.636,0,0,0,1.644,0,0,0,3.39,0,0,0,1.894,0,0,0,8.254,0,fuz9nb,Republican,Democratic,immigration,imm_control3
12/14/2023 10:32,12/14/2023 10:35,100,183,TRUE,12/14/2023 10:35,18.532,18.532,19.775,1,Most of the time,3.299,7.843,8.738,4,Disagree,Agree,2.482,8.021,8.401,4,1,98,1.716,78.513,79.253,16,Not at all well,Very well,Very well,Extremely well,Somewhat well,Not too well,1.095,1.095,3.775,1,77001,4.612,4.612,8.915,1,0,0,8.235,0,1.925,1.925,10.578,1,0,0,16.998,0,0,0,6.543,0,ecc6kr,Republican,Democratic,gun control,gc_control1
12/14/2023 10:32,12/14/2023 10:35,100,173,TRUE,12/14/2023 10:35,5.969,5.969,6.708,1,About half the time,4.672,9.665,10.177,3,Disagree,Agree,2.933,6.957,9.364,2,40,45,3.719,18.788,19.79,11,Somewhat well,Somewhat well,Somewhat well,Somewhat well,Very well,Not too well,1.354,1.354,6.445,1,19067,0,0,78.325,0,0,0,8.535,0,0,0,4.335,0,0,0,5.365,0,0,0,8.655,0,vzupkq,Democratic,Republican,gun control,gc_control2
12/14/2023 10:32,12/14/2023 10:35,100,193,TRUE,12/14/2023 10:35,8.76,8.76,9.701,1,Most of the time,32.166,43.197,44.9,3,Agree,Agree,16.902,32.277,33.7,4,40,40,11.153,43.362,43.845,8,Very well,Extremely well,Very well,Very well,Extremely well,Very well,1.756,1.756,4.857,1,44107,0,0,13.031,0,0,0,15.3,0,0,0,7.166,0,0,0,8.674,0,0,0,7.851,0,23q9cx,Republican,Democratic,gun control,gc_control1
12/14/2023 10:32,12/14/2023 10:36,100,192,TRUE,12/14/2023 10:36,22.924,22.924,23.857,1,Once in a while,8.527,13.486,15.074,2,Neither agree nor disagree,Strongly agree,11.137,18.154,21.864,3,50,50,21.207,42.596,43.464,9,Somewhat well,Somewhat well,Extremely well,Somewhat well,Extremely well,Extremely well,1.404,1.404,4.973,1,08070,0,0,11.166,0,0,0,15.777,0,0,0,12.132,0,0,0,20.566,0,0,0,14.466,0,bvqcev,Republican,Democratic,gun control,gc_treat
12/14/2023 10:34,12/14/2023 10:36,100,140,TRUE,12/14/2023 10:36,5.461,7.1,7.895,2,Most of the time,27.743,31.597,33.024,2,Disagree,Agree,7.81,16.665,17.3,5,70,30,7.134,25.466,26.7,8,Somewhat well,Very well,Very well,Somewhat well,Very well,Not too well,2.318,10.776,21.063,3,95207,0,0,7.395,0,0,0,7.075,0,0,0,7.001,0,,,,,0,0,6.501,0,d269x2,Democratic,Republican,gun control,gc_pc
12/14/2023 10:34,12/14/2023 10:36,100,148,TRUE,12/14/2023 10:36,6.157,10.728,12.202,3,All the time,3.753,13.189,14.174,5,Strongly disagree,Strongly agree,5.351,16.081,17.401,8,82,0,6.601,38.296,39.197,17,Very well,Very well,Somewhat well,Very well,Very well,Somewhat well,2.2,2.2,10.301,1,60411,0,0,7.9,0,18.098,18.098,20.3,1,5.274,6.737,7.571,2,,,,,0,0,7.195,0,uuf41e,Democratic,Republican,gun control,gc_pc
12/14/2023 10:34,12/14/2023 10:36,100,117,TRUE,12/14/2023 10:36,16.292,16.301,17.85,2,About half the time,0.174,9.519,10.249,3,Somewhat agree,Strongly agree,4.001,9.702,12.423,2,40,60,4.901,13.115,14.377,8,Very well,Very well,Extremely well,Very well,Very well,Very well,0.232,1.801,6.201,2,10013,0,0,10.741,0,0,0,10.429,0,0,0,1.64,0,,,,,0,0,5.927,0,4fx7a3,Democratic,Republican,gun control,gc_pc
12/14/2023 10:34,12/14/2023 10:36,100,140,TRUE,12/14/2023 10:36,34.425,34.425,35.15,1,Most of the time,6.069,15.161,15.909,4,Somewhat agree,Strongly agree,14.795,18.252,21.955,3,10,70,7.112,22.248,22.897,12,Somewhat well,Somewhat well,Somewhat well,Very well,Very well,Very well,1.2,1.2,3.341,1,11554,0,0,7.6,0,18.425,18.425,18.964,1,0,0,5.96,0,,,,,0,0,6.043,0,7nt29u,Republican,Democratic,gun control,gc_pc
12/14/2023 10:34,12/14/2023 10:36,100,159,TRUE,12/14/2023 10:36,18.152,18.152,19.11,1,About half the time,9.261,15.319,16.172,3,Disagree,Strongly agree,9.218,18.906,23.4,3,90,20,8.999,34.11,35.027,8,Somewhat well,Extremely well,Somewhat well,Very well,Extremely well,Very well,1.925,1.925,4.817,1,07677,0,0,10.083,0,0,0,13.212,0,0,0,5.666,0,0,0,19.591,0,0,0,6.702,0,f4cu49,Democratic,Republican,immigration,imm_treat
12/14/2023 10:32,12/14/2023 10:36,100,258,TRUE,12/14/2023 10:36,7.385,7.385,8.9,1,Once in a while,7.73,11.28,11.83,3,Disagree,Strongly disagree,6.813,16.213,16.58,5,85,30,4.505,69.003,69.6,15,Not at all well,Somewhat well,Somewhat well,Somewhat well,Somewhat well,Somewhat well,1.268,1.268,4.387,1,98632,0,0,114.34,0,0,0,6.163,0,0,0,3.886,0,0,0,8.699,0,0,0,5.333,0,nwzq4e,Republican,Democratic,gun control,gc_control3
12/14/2023 10:34,12/14/2023 10:36,100,115,TRUE,12/14/2023 10:36,5.032,6.299,7.027,3,Most of the time,6.353,12.454,13.558,3,Somewhat disagree,Somewhat agree,3.796,8.048,10.06,4,1,1,7.974,28.446,29.298,12,Somewhat well,Very well,Somewhat well,Somewhat well,Somewhat well,Somewhat well,1.244,1.244,4.3,1,46013,0,0,6.962,0,5.686,5.686,8.273,1,13.148,13.148,15.984,1,0,0,5.941,0,0,0,6.913,0,pebzxy,Democratic,Republican,gun control,gc_control2
12/14/2023 10:33,12/14/2023 10:36,100,188,TRUE,12/14/2023 10:36,8.402,12.047,12.901,4,Most of the time,5.954,16.806,17.68,9,Strongly agree,Strongly agree,6.16,26.571,27.601,10,51,5,8.816,58.738,59.539,21,Somewhat well,Very well,Somewhat well,Somewhat well,Very well,Not too well,1.758,7.795,8.6,2,01020,4.557,12.215,12.999,7,8.541,12.355,14.901,4,5.322,7.309,9.1,2,,,,,6.635,10.2,11.175,2,g2tqk8,Republican,Democratic,immigration,imm_pc
12/14/2023 10:34,12/14/2023 10:37,100,124,TRUE,12/14/2023 10:37,4.488,6.073,16.401,2,Most of the time,11.573,15.859,16.473,4,Strongly agree,Strongly agree,3.708,7.753,10.001,4,0,83,3.182,15.521,16.101,11,Somewhat well,Extremely well,Extremely well,Very well,Extremely well,Somewhat well,1.438,1.438,5.401,1,94590,0,0,10.102,0,8.652,8.652,9.258,1,0,0,6.583,0,17.094,17.094,20.565,1,0,0,6.089,0,9q1qta,Democratic,Republican,gun control,gc_treat
12/14/2023 10:35,12/14/2023 10:37,100,110,TRUE,12/14/2023 10:37,24.985,24.985,26.126,1,Most of the time,5.506,10.299,11.082,3,Agree,Agree,3.513,3.513,9.559,1,80,20,7.483,17.713,18.2,8,Extremely well,Extremely well,Extremely well,Extremely well,Extremely well,Extremely well,1.362,1.362,4.949,1,28602,0,0,4.988,0,0,0,4.795,0,0,0,4.884,0,0,0,11.733,0,0,0,7.367,0,vy863g,Democratic,Republican,gun control,gc_treat
12/14/2023 10:34,12/14/2023 10:37,100,140,TRUE,12/14/2023 10:37,10.443,11.694,13.46,2,Most of the time,7.372,11.712,13.34,2,Neither agree nor disagree,Agree,9.43,16.269,17.002,6,50,75,6.68,28.513,29.353,8,Somewhat well,Very well,Very well,Very well,Extremely well,Somewhat well,1.235,1.235,4.201,1,32224,0,0,12.881,0,0,0,10.905,0,0,0,9.231,0,0,0,14.151,0,0,0,7.154,0,x29pp4,Republican,Democratic,gun control,gc_treat
12/14/2023 10:29,12/14/2023 10:37,100,468,TRUE,12/14/2023 10:37,64.816,64.816,66.058,1,Most of the time,11.577,18.042,20.705,2,Strongly agree,Strongly agree,26.695,42.52,45.896,5,5,100,47.483,67.912,69.385,10,Not too well,Very well,Extremely well,Very well,Extremely well,Extremely well,3.086,3.086,7.558,1,04240,0,0,46.685,0,0,0,9.104,0,3.916,3.916,8.451,1,0,0,65.276,0,0,0,4.584,0,8g3ncw,Republican,Democratic,gun control,gc_treat
12/14/2023 10:35,12/14/2023 10:37,100,137,TRUE,12/14/2023 10:37,10.246,11.119,12.114,2,About half the time,7.601,13.692,14.573,5,Somewhat disagree,Strongly agree,7.544,21.557,22.432,4,5,80,8.669,26.193,27.115,13,Somewhat well,Very well,Very well,Somewhat well,Very well,Somewhat well,1.168,1.168,5.884,1,95376,0,0,17.039,0,13.679,13.679,15.983,1,0,0,7.822,0,,,,,0,0,10.838,0,gn4hcw,Republican,Democratic,gun control,gc_pc
12/14/2023 10:35,12/14/2023 10:37,100,150,TRUE,12/14/2023 10:37,8.805,8.805,9.901,1,Most of the time,4.961,12.879,14.696,2,Neither agree nor disagree,Agree,12.903,16.432,23.539,3,90,10,7.372,32.027,32.876,8,Very well,Very well,Somewhat well,Somewhat well,Somewhat well,Somewhat well,1.912,1.912,5.101,1,13460,0,0,15.821,0,0,0,12.338,0,0,0,10.937,0,0,0,11.971,0,0,0,7.552,0,fct81p,Democratic,Republican,gun control,gc_control3
12/14/2023 10:35,12/14/2023 10:37,100,130,TRUE,12/14/2023 10:37,6.532,6.532,7.787,1,Once in a while,6.216,13.251,14.2,6,Agree,Strongly agree,8.998,19.95,20.77,4,80,15,7.973,27.294,28.193,16,Somewhat well,Extremely well,Very well,Extremely well,Extremely well,Somewhat well,1.628,1.628,5.574,1,89030,0,0,16.886,0,0,0,11.089,0,0,0,4.895,0,0,0,8.696,0,0,0,7.056,0,uvqpfa,Democratic,Republican,immigration,imm_control3
12/14/2023 10:36,12/14/2023 10:38,100,117,TRUE,12/14/2023 10:38,4.878,4.878,6.391,1,Most of the time,4.691,9.057,9.772,3,Agree,Strongly agree,4.723,9.047,13.8,4,30,55,4.235,20.159,20.701,9,Very well,Extremely well,Extremely well,Very well,Very well,Very well,15.523,15.523,18.445,1,98109,0,0,12.226,0,5.716,5.716,7.266,1,0,0,4.857,0,0,0,10.354,0,0,0,5.102,0,thzxn2,Republican,Democratic,gun control,gc_treat
12/14/2023 10:37,12/14/2023 10:38,100,50,TRUE,12/14/2023 10:38,5.001,5.001,5.838,1,Once in a while,2.303,7.709,8.401,4,Somewhat disagree,Somewhat agree,1.302,3.643,5.436,3,50,20,1.479,8.687,9.317,11,Somewhat well,Somewhat well,Somewhat well,Somewhat well,Not too well,Somewhat well,0.6,0.6,3.802,1,75034,0,0,2.437,0,0,0,1.602,0,0,0,2.065,0,,,,,0,0,3.002,0,qee86g,Democratic,Republican,immigration,imm_pc
12/14/2023 10:36,12/14/2023 10:38,100,118,TRUE,12/14/2023 10:38,5.01,5.01,6,1,All the time,34.215,37.925,38.719,3,Agree,Strongly disagree,11.018,20.933,23.179,6,37,4,4.45,21.489,22.253,10,Extremely well,Extremely well,Extremely well,Extremely well,Extremely well,Very well,1.436,4.523,6.567,2,20147,0,0,5.901,0,0,0,3.65,0,0,0,2.523,0,,,,,0,0,4.955,0,114n66,Republican,Democratic,immigration,imm_pc
12/14/2023 10:33,12/14/2023 10:38,100,326,TRUE,12/14/2023 10:38,16.414,16.414,27.201,1,All the time,17.359,22.328,23.77,2,Disagree,Strongly agree,34.136,116.231,118.512,3,90,50,7.906,26.313,28.83,8,Very well,Very well,Very well,Extremely well,Very well,Very well,1.239,1.239,4.718,1,85258,0,0,18.855,0,0,0,34.544,0,0,0,36.923,0,0,0,15.714,0,0,0,9.934,0,39xpwd,Republican,Democratic,immigration,imm_control2
12/14/2023 10:35,12/14/2023 10:38,100,234,TRUE,12/14/2023 10:38,11.301,11.301,12.601,1,Most of the time,14.117,25.658,29.15,2,Agree,Somewhat disagree,9.869,29.29,31,3,70,49,10.851,72.248,73.321,7,Somewhat well,Extremely well,Extremely well,Extremely well,Extremely well,Very well,2.424,2.424,12.503,1,46205,0,0,11.876,0,0,0,14.901,0,0,0,8.301,0,0,0,17.473,0,0,0,11.344,0,8k8bk4,Republican,Democratic,gun control,gc_treat
12/14/2023 10:34,12/14/2023 10:39,100,240,TRUE,12/14/2023 10:39,11.353,11.353,12.598,1,All the time,31.4,44.446,45.097,5,Somewhat disagree,Disagree,16.996,26.246,32.343,5,28,78,15.398,56.277,57.163,16,Very well,Extremely well,Very well,Very well,Very well,Very well,2.885,2.885,6.301,1,43055,0,0,15.903,0,0,0,18.989,0,0,0,9.954,0,0,0,19.9,0,0,0,15.444,0,xmarrm,Democratic,Republican,gun control,gc_treat
12/14/2023 10:38,12/14/2023 10:39,100,75,TRUE,12/14/2023 10:39,10.844,10.844,11.544,1,About half the time,3.477,7.621,8.319,3,Somewhat disagree,Strongly agree,4.09,9.187,10.729,2,25,90,3.316,18.624,19.358,8,Somewhat well,Very well,Somewhat well,Somewhat well,Somewhat well,Somewhat well,0.888,0.888,2.939,1,02144,0,0,5.985,0,0,0,5.974,0,0,0,2.996,0,,,,,0,0,4.389,0,zpu222,Republican,Democratic,immigration,imm_pc
12/14/2023 10:37,12/14/2023 10:39,100,97,TRUE,12/14/2023 10:39,4.636,4.636,5.556,1,Once in a while,5.621,9.348,12.744,2,Strongly disagree,Strongly agree,1.59,7.047,7.576,4,90,0,4.158,29.717,30.748,9,Somewhat well,Very well,Not too well,Not too well,Very well,Not too well,1.12,1.12,4.6,1,38301,0,0,7.655,0,0,0,6.402,0,0,0,3.961,0,0,0,7.278,0,0,0,4.698,0,qe13yf,Democratic,Republican,immigration,imm_treat
12/14/2023 10:38,12/14/2023 10:39,100,69,TRUE,12/14/2023 10:39,4.307,4.307,5.076,1,Most of the time,2.657,7.625,9.086,3,Strongly agree,Somewhat agree,2.157,4.764,8.204,2,55,40,3.221,14.292,14.788,11,Very well,Very well,Extremely well,Extremely well,Extremely well,Extremely well,1.064,1.064,4.466,1,11590,0,0,1.73,0,0,0,3.072,0,0,0,2.386,0,0,0,4.292,0,0,0,3.934,0,c66cyz,Republican,Democratic,immigration,imm_treat
12/14/2023 10:36,12/14/2023 10:39,100,207,TRUE,12/14/2023 10:39,2.607,2.607,3.982,1,Most of the time,12.463,19.823,20.846,3,Neither agree nor disagree,Agree,13.9,17.737,20.42,3,35,60,9.092,37.323,38.155,10,Not too well,Somewhat well,Very well,Somewhat well,Very well,Not too well,1.51,1.51,6.301,1,63132,0,0,16.898,0,0,0,18.871,0,0,0,12.368,0,0,0,41.29,0,0,0,21.072,0,xrbqcb,Republican,Democratic,immigration,imm_control1
12/14/2023 10:37,12/14/2023 10:39,100,108,TRUE,12/14/2023 10:39,6.273,6.273,7.687,1,Most of the time,6.75,10.713,11.29,3,Somewhat disagree,Somewhat agree,6.631,14.444,15.16,6,65,10,5.323,25.693,26.357,9,Somewhat well,Very well,Extremely well,Somewhat well,Very well,Very well,1.121,1.121,3.939,1,19539,0,0,7.929,0,0,0,9.451,0,0,0,4.069,0,0,0,9.776,0,0,0,6.989,0,hty2wp,Democratic,Republican,immigration,imm_control2
12/14/2023 10:34,12/14/2023 10:39,100,309,TRUE,12/14/2023 10:39,9.602,9.602,11.481,1,All the time,8.7,16.507,18.899,2,Neither agree nor disagree,Strongly agree,11.901,24.03,25.203,5,80,20,9.101,42.794,45.187,16,Somewhat well,Somewhat well,Somewhat well,Not too well,Very well,Somewhat well,3.8,3.8,12.676,1,75126,0,0,73.067,0,17.374,18.438,25.801,2,28.701,30.488,33.725,2,30.752,31.418,38.368,2,0,0,9.901,0,t6ghz4,Democratic,Republican,gun control,gc_treat
12/14/2023 10:38,12/14/2023 10:39,100,75,TRUE,12/14/2023 10:39,3.767,3.767,5.04,1,Almost Never,5.948,9.599,10.001,4,Agree,Strongly agree,3.877,10.455,11,4,40,35,5.798,15.212,15.995,8,Very well,Very well,Somewhat well,Very well,Somewhat well,Extremely well,1.665,1.665,5.928,1,63401,0,0,4.757,0,0,0,4.601,0,0,0,3.753,0,0,0,2.501,0,0,0,4.101,0,pefxpk,Democratic,Republican,gun control,gc_control2
12/14/2023 10:38,12/14/2023 10:40,100,64,TRUE,12/14/2023 10:40,4.566,4.566,7.063,1,Once in a while,3.62,7.654,8.866,2,Agree,Strongly agree,1.97,5.603,7.779,2,30,70,3.515,13.465,14.08,10,Somewhat well,Somewhat well,Very well,Very well,Extremely well,Somewhat well,1.075,1.075,4.201,1,11801,0,0,3.473,0,0,0,3.019,0,0,0,1.966,0,0,0,5.764,0,0,0,4.407,0,xn31v4,Republican,Democratic,immigration,imm_treat
12/14/2023 10:37,12/14/2023 10:40,100,139,TRUE,12/14/2023 10:40,4.225,4.225,7.266,1,Almost Never,9.637,13.945,17.389,2,Somewhat agree,Strongly agree,3.239,7.749,29.474,2,50,40,3.957,26.247,40.457,9,Extremely well,Extremely well,Extremely well,Extremely well,Extremely well,Extremely well,1.171,1.171,6.746,1,20603,0,0,10.397,0,0,0,8.176,0,0,0,9.043,0,,,,,0,0,6.945,0,mnhexr,Republican,Democratic,gun control,gc_pc
12/14/2023 10:37,12/14/2023 10:40,100,164,TRUE,12/14/2023 10:40,6.444,7.448,8.311,2,About half the time,4.301,8.705,12.779,2,Strongly disagree,Strongly agree,4.774,10.444,12.978,3,8,8,4.572,21.382,22.174,9,Very well,Extremely well,Very well,Somewhat well,Very well,Very well,1.329,1.329,5.583,1,08724,0,0,6.848,0,0,0,7.576,0,0,0,4.587,0,,,,,0,0,10.72,0,bmaddb,Democratic,Republican,gun control,gc_pc
12/14/2023 10:39,12/14/2023 10:40,100,63,TRUE,12/14/2023 10:40,8.562,8.562,9.158,1,About half the time,11.746,16.079,16.6,4,Disagree,Neither agree nor disagree,1.188,10.739,11.35,3,30,45,0.892,5.485,6.611,9,Somewhat well,Very well,Extremely well,Somewhat well,Very well,Very well,0.943,0.943,8.65,1,46060,0,0,1.2,0,0,0,1.73,0,0,0,0.781,0,,,,,0,0,1.244,0,86xd4t,Republican,Democratic,gun control,gc_pc
12/14/2023 10:39,12/14/2023 10:40,100,67,TRUE,12/14/2023 10:40,4.78,4.78,5.844,1,Once in a while,3.419,6.257,7.306,2,Strongly disagree,Strongly agree,4.516,8.187,9.801,3,45,80,4.616,22.394,23.123,9,Somewhat well,Somewhat well,Very well,Somewhat well,Somewhat well,Very well,1.22,1.22,3.788,1,92374,0,0,3.155,0,0,0,2.619,0,0,0,1.896,0,,,,,0,0,3.623,0,a2nuhf,Republican,Democratic,immigration,imm_pc
12/14/2023 10:38,12/14/2023 10:40,100,123,TRUE,12/14/2023 10:40,6.674,6.674,7.733,1,Once in a while,4.7,9.681,10.441,3,Strongly disagree,Strongly agree,14.047,17.178,20.84,2,12,88,8.001,24.768,25.787,10,Very well,Very well,Extremely well,Very well,Extremely well,Somewhat well,2.266,2.266,5.101,1,29301,0,0,10.036,0,0,0,9.619,0,0,0,6.439,0,0,0,14.115,0,0,0,7.462,0,nhcum2,Republican,Democratic,immigration,imm_treat
12/14/2023 10:38,12/14/2023 10:40,100,121,TRUE,12/14/2023 10:40,23.347,28.948,29.706,3,Once in a while,5.003,9.393,10.027,3,Agree,Strongly agree,1.038,14.29,16.592,5,60,20,5.541,20.376,20.822,11,Extremely well,Extremely well,Extremely well,Extremely well,Extremely well,Very well,1.968,1.968,4.848,1,29403,1.065,2.189,12.127,2,0,0,7.123,0,0,0,3.777,0,0,0,7.007,0,0,0,4.654,0,z7cvc9,Democratic,Republican,gun control,gc_control2
12/14/2023 10:38,12/14/2023 10:40,100,114,TRUE,12/14/2023 10:40,8.166,8.166,9.67,1,Once in a while,5.443,12.797,13.526,3,Somewhat agree,Somewhat disagree,14.251,17.826,20.348,3,50,50,7.596,27.422,28.508,9,Somewhat well,Somewhat well,Somewhat well,Somewhat well,Somewhat well,Not too well,1.278,1.278,4.692,1,33850,0,0,10.358,0,0,0,8.565,0,5.725,5.725,5.739,1,,,,,0,0,8.815,0,94pfv9,Democratic,Republican,immigration,imm_pc
12/14/2023 10:34,12/14/2023 10:40,100,332,TRUE,12/14/2023 10:40,9.006,14.515,14.895,3,All the time,9.032,21.905,22.75,7,Strongly disagree,Strongly disagree,8.363,23.492,26.701,6,10,100,6.618,34.729,35.288,14,Not at all well,Not too well,Not too well,Not too well,Not too well,Not too well,2.243,2.243,6.898,1,95370,0,0,12.3,0,28.09,52.24,54.554,4,10.62,10.62,12.225,1,9.464,15.017,21.661,2,0,0,120.392,0,4pmx9t,Democratic,Republican,immigration,imm_treat
12/14/2023 10:36,12/14/2023 10:40,100,270,TRUE,12/14/2023 10:40,11.601,13.813,14.901,2,Most of the time,10.401,18.49,19.501,3,Neither agree nor disagree,Strongly agree,14.335,24.278,30.501,4,85,45,9.752,36.814,37.65,10,Not too well,Very well,Very well,Somewhat well,Very well,Somewhat well,5.679,5.679,13.275,1,31079,0,0,23.066,0,0,0,6.74,0,0,0,5.1,0,,,,,0,0,110.298,0,nffzzu,Republican,Democratic,gun control,gc_pc
12/14/2023 10:39,12/14/2023 10:40,100,80,TRUE,12/14/2023 10:40,6.385,6.385,7.204,1,Once in a while,3.087,7.895,8.9,4,Disagree,Somewhat agree,3.535,6.042,8.262,3,50,50,4.852,19.044,19.978,9,Not at all well,Very well,Very well,Very well,Very well,Very well,1.149,1.149,4.195,1,78572,0,0,4.599,0,0,0,5.898,0,0,0,2.925,0,0,0,9.269,0,0,0,4.533,0,dhwgr1,Republican,Democratic,immigration,imm_treat
12/14/2023 10:39,12/14/2023 10:41,100,102,TRUE,12/14/2023 10:41,4.167,5.917,6.904,2,Most of the time,9.922,13.972,14.87,3,Agree,Strongly agree,5.83,10.797,15.401,2,19,86,5.361,28.795,29.695,9,Somewhat well,Very well,Not too well,Not too well,Very well,Somewhat well,1.386,1.386,5.681,1,07095,0,0,6.252,0,4.204,4.204,5.737,1,0,0,5.588,0,,,,,0,0,6.125,0,12ad6y,Republican,Democratic,gun control,gc_pc
12/14/2023 10:38,12/14/2023 10:41,100,182,TRUE,12/14/2023 10:41,12.621,14.777,15.574,3,Once in a while,7.936,12.988,13.875,2,Agree,Strongly disagree,7.949,19.726,21.253,6,1,2,10.51,46.43,46.95,10,Somewhat well,Extremely well,Extremely well,Extremely well,Extremely well,Not too well,2.269,2.269,5.369,1,40212,0,0,22.295,0,0,0,14.22,0,0,0,6.852,0,0,0,19.442,0,0,0,9.387,0,8pq818,Democratic,Republican,gun control,gc_treat
12/14/2023 10:38,12/14/2023 10:41,100,141,TRUE,12/14/2023 10:41,5.869,5.869,7.087,1,All the time,4.303,9.85,11.031,3,Agree,Strongly agree,5.101,16.201,21.065,3,22,80,4.801,29.618,30.697,9,Not too well,Not too well,Not too well,Not too well,Somewhat well,Somewhat well,2.504,2.504,8.2,1,23024,0,0,6.888,0,0,0,6.262,0,7.751,7.751,9.48,1,,,,,0,0,8.037,0,p4pewk,Republican,Democratic,immigration,imm_pc
12/14/2023 10:39,12/14/2023 10:41,100,110,TRUE,12/14/2023 10:41,1.868,7.354,7.891,2,Once in a while,1.662,6.738,7.969,4,Neither agree nor disagree,Somewhat disagree,8.971,14.795,15.267,4,60,20,1.699,36.061,36.752,12,Very well,Extremely well,Very well,Somewhat well,Somewhat well,Somewhat well,1.08,1.08,3.827,1,21222,0,0,6.385,0,0,0,6.342,0,0,0,3.895,0,0,0,9.373,0,0,0,6.271,0,dfqm1a,Democratic,Republican,immigration,imm_control1
12/14/2023 10:39,12/14/2023 10:41,100,111,TRUE,12/14/2023 10:41,4.077,4.866,5.485,2,About half the time,3.816,6.455,7.217,2,Agree,Strongly agree,3.061,7.075,9.34,2,40,85,4.519,59.618,60.11,11,Not too well,Somewhat well,Somewhat well,Somewhat well,Very well,Somewhat well,0.839,0.839,3.839,1,43202,0,0,3.796,0,0,0,2.919,0,0,0,2.259,0,0,0,4.81,0,0,0,4.621,0,3bbcr9,Republican,Democratic,immigration,imm_control3
12/14/2023 10:37,12/14/2023 10:41,100,234,TRUE,12/14/2023 10:41,21.38,21.38,22.674,1,About half the time,16.01,25.892,27.789,2,Somewhat agree,Somewhat agree,10.548,20.376,26.047,4,80,65,3.312,85.364,86.581,18,Not too well,Somewhat well,Somewhat well,Not too well,Somewhat well,Somewhat well,2.831,2.831,8.16,1,77095,0,0,11.497,0,0,0,19.464,0,0,0,9.557,0,0,0,7.753,0,0,0,9.106,0,nvek9k,Republican,Democratic,immigration,imm_control2
12/14/2023 10:39,12/14/2023 10:41,100,125,TRUE,12/14/2023 10:41,9.371,9.371,9.701,1,Most of the time,11.469,17.808,19.466,2,Neither agree nor disagree,Agree,9.23,12.308,14.686,2,40,60,9.151,35.982,36.74,8,Extremely well,Extremely well,Extremely well,Extremely well,Very well,Extremely well,1.291,1.291,3.845,1,94133,0,0,9.298,0,0,0,8.388,0,0,0,3.95,0,0,0,6.501,0,0,0,7.128,0,tu72ub,Republican,Democratic,gun control,gc_control2
12/14/2023 10:39,12/14/2023 10:41,100,136,TRUE,12/14/2023 10:41,10.696,11.996,12.401,3,Most of the time,8.45,15.004,15.747,4,Strongly disagree,Strongly agree,8.525,16.95,17.59,5,25,85,5.584,20.273,20.787,12,Very well,Very well,Very well,Very well,Very well,Very well,1.601,1.601,7.501,1,50158,0,0,8.592,0,8.482,8.482,9.391,1,7.359,7.359,8.001,1,10.981,12.505,13.394,2,0,0,15.401,0,1x7q3x,Republican,Democratic,gun control,gc_treat
12/14/2023 10:39,12/14/2023 10:41,100,147,TRUE,12/14/2023 10:41,8.538,9.654,10.347,2,Almost Never,3.142,14.312,14.842,5,Strongly disagree,Neither agree nor disagree,10.743,21.653,22.49,5,70,20,6.27,23.425,24.455,9,Somewhat well,Very well,Somewhat well,Somewhat well,Very well,Somewhat well,2.758,2.758,9.201,1,50703,0,0,10.482,0,0,0,11.001,0,0,0,9.622,0,0,0,17.501,0,0,0,9.669,0,kk7hmv,Democratic,Republican,gun control,gc_treat
12/14/2023 10:39,12/14/2023 10:41,100,124,TRUE,12/14/2023 10:41,9.095,9.095,10.22,1,About half the time,5.254,13.456,13.996,3,Strongly agree,Strongly agree,3.387,6.836,9.278,3,15,65,6.3,23.876,24.583,9,Extremely well,Extremely well,Extremely well,Extremely well,Very well,Somewhat well,1.177,1.177,4.138,1,76201,0,0,8.449,0,0,0,19.58,0,0,0,9.026,0,0,0,10.545,0,0,0,9.445,0,umdznp,Republican,Democratic,gun control,gc_control1
12/14/2023 10:38,12/14/2023 10:41,100,219,TRUE,12/14/2023 10:41,17.524,17.524,18.747,1,About half the time,9.975,15.892,16.672,3,Somewhat agree,Strongly agree,6.65,9.874,13.393,2,60,35,21.228,92.573,93.738,10,Somewhat well,Somewhat well,Somewhat well,Somewhat well,Very well,Somewhat well,1.592,1.592,4.601,1,33463,0,0,16.186,0,0,0,6.717,0,0,0,16.974,0,0,0,19.091,0,0,0,8.441,0,64wpr7,Democratic,Republican,immigration,imm_treat
12/14/2023 10:40,12/14/2023 10:41,100,93,TRUE,12/14/2023 10:41,12.576,12.576,13.233,1,Most of the time,3.636,7.32,8.054,3,Agree,Agree,4.861,7.853,10.882,2,5,10,2.611,17.555,18.284,12,Somewhat well,Very well,Extremely well,Somewhat well,Very well,Very well,0.957,0.957,3.214,1,08234,0,0,16.6,0,0,0,12.317,0,0,0,2.208,0,,,,,0,0,3.588,0,g8ke74,Democratic,Republican,gun control,gc_pc
12/14/2023 10:40,12/14/2023 10:41,100,95,TRUE,12/14/2023 10:41,7.311,7.311,8.307,1,All the time,3.396,15.3,16.056,6,Agree,Strongly agree,2.476,7.225,11.894,3,80,10,3.753,16.279,17.271,9,Very well,Very well,Very well,Very well,Very well,Somewhat well,1.228,1.228,4.83,1,53555,0,0,4.567,0,0,0,13.859,0,0,0,2.413,0,0,0,5.633,0,0,0,4.845,0,f1z6ve,Democratic,Republican,immigration,imm_control2
12/14/2023 10:40,12/14/2023 10:42,100,108,TRUE,12/14/2023 10:42,7.655,8.338,8.834,2,Almost Never,1.115,7.102,7.595,8,Neither agree nor disagree,Somewhat disagree,2.865,6.309,6.857,5,50,40,3.415,10.837,11.2,11,Somewhat well,Somewhat well,Not too well,Somewhat well,Somewhat well,Somewhat well,0.772,0.772,2.559,1,33155,0,0,49.33,0,2.661,4.735,5.492,2,0,0,1.172,0,0,0,0.33,0,9.02,9.02,9.633,1,hhm1xk,Republican,Democratic,immigration,imm_control2
12/14/2023 10:38,12/14/2023 10:42,100,213,TRUE,12/14/2023 10:42,7.7,8.591,9.363,2,Once in a while,6.39,13.669,14.233,5,Strongly agree,Strongly agree,10.314,15.149,23.531,6,100,100,72.215,98.409,98.9,23,Extremely well,Extremely well,Extremely well,Extremely well,Extremely well,Extremely well,1.721,1.721,5.031,1,34429,0,0,11.001,0,11.848,11.848,12.659,1,0,0,7.698,0,0,0,18.23,0,0,0,7.375,0,u99twu,Republican,Democratic,gun control,gc_control2
12/14/2023 10:38,12/14/2023 10:42,100,246,TRUE,12/14/2023 10:42,15.017,15.017,16.088,1,Once in a while,12.879,28.598,30.462,2,Neither agree nor disagree,Strongly agree,17.344,23.727,29.312,2,35,35,18.374,80.803,81.701,15,Not too well,Very well,Very well,Extremely well,Very well,Extremely well,2.652,2.652,7.639,1,07840,0,0,9.533,0,0,0,18.101,0,0,0,14.8,0,0,0,20.975,0,0,0,11.107,0,npdf4k,Republican,Democratic,gun control,gc_control1
12/14/2023 10:37,12/14/2023 10:42,100,321,TRUE,12/14/2023 10:42,28.294,36.914,38.09,3,About half the time,26.127,40.518,42.626,5,Somewhat agree,Strongly agree,19.072,38.759,54.495,6,80,30,24.2,63.73,64.651,14,Somewhat well,Somewhat well,Very well,Somewhat well,Somewhat well,Somewhat well,3.695,3.695,9.401,1,13206,0,0,25.4,0,18.446,18.446,19.9,1,7.174,7.174,11.203,1,20.562,20.562,29.2,1,0,0,10.2,0,4ktbcz,Democratic,Republican,immigration,imm_treat
12/14/2023 10:40,12/14/2023 10:43,100,133,TRUE,12/14/2023 10:43,6.887,6.887,9.964,1,Most of the time,6.365,10.251,13.21,2,Strongly disagree,Strongly agree,12.179,19.619,31.131,2,70,30,6.997,24.527,26.635,8,Very well,Extremely well,Extremely well,Extremely well,Extremely well,Very well,2.266,2.266,8.441,1,56301,0,0,10.411,0,0,0,11.647,0,0,0,8.427,0,,,,,0,0,8.293,0,xrun1p,Democratic,Republican,gun control,gc_pc
12/14/2023 10:41,12/14/2023 10:43,100,111,TRUE,12/14/2023 10:43,7.401,7.401,8.3,1,Once in a while,7.688,18.917,19.301,6,Agree,Somewhat agree,6.131,10.628,11.055,4,100,100,13.301,35.4,36.139,10,Not at all well,Somewhat well,Somewhat well,Extremely well,Somewhat well,Very well,1.308,1.308,4.15,1,30134,0,0,5.976,0,0,0,4.599,0,0,0,2.898,0,0,0,6.739,0,0,0,5.2,0,3qq16h,Democratic,Republican,gun control,gc_treat
12/14/2023 10:42,12/14/2023 10:43,100,77,TRUE,12/14/2023 10:43,7.71,7.71,8.722,1,Most of the time,3.991,7.427,7.884,3,Agree,Strongly agree,1.343,4.534,6.024,5,20,65,3.633,18.552,18.962,12,Somewhat well,Very well,Somewhat well,Somewhat well,Very well,Not too well,1.475,1.475,3.464,1,17601,0,0,5.831,0,0,0,4.334,0,0,0,3.51,0,0,0,8.725,0,0,0,4.296,0,chp97f,Republican,Democratic,gun control,gc_control2
12/14/2023 10:38,12/14/2023 10:43,100,267,TRUE,12/14/2023 10:43,11.213,12.317,13.089,2,About half the time,17.228,94.341,94.95,10,Agree,Somewhat disagree,17.064,26.777,27.335,5,50,50,6.802,38.73,41.49,8,Very well,Very well,Very well,Somewhat well,Somewhat well,Somewhat well,3.569,3.569,7.969,1,17522,19.558,19.558,22.562,1,4.493,10.391,11.199,3,0.577,0.577,4.301,1,,,,,0,0,8.972,0,xw79nb,Republican,Democratic,immigration,imm_pc
12/14/2023 10:39,12/14/2023 10:43,100,226,TRUE,12/14/2023 10:43,7.859,7.859,8.329,1,Once in a while,1.547,18.896,20.021,3,Neither agree nor disagree,Agree,6.212,10.163,13.339,2,50,80,3.497,46.002,47.648,8,Extremely well,Somewhat well,Very well,Very well,Somewhat well,Very well,58.423,59.742,92.582,2,22204,0,0,12.68,0,0,0,3.232,0,0,0,4.575,0,,,,,0,0,15.598,0,7g66d8,Republican,Democratic,gun control,gc_pc
12/14/2023 10:39,12/14/2023 10:43,100,219,TRUE,12/14/2023 10:43,10.719,10.719,11.874,1,Most of the time,6.914,11.227,13.202,3,Somewhat agree,Strongly disagree,4.263,8.638,14.981,2,50,50,103.014,119.74,121.11,9,Extremely well,Extremely well,Extremely well,Extremely well,Extremely well,Extremely well,1.99,1.99,8.49,1,73651,0,0,6.753,0,0,0,6.338,0,0,0,6.936,0,0,0,9.322,0,0,0,11.393,0,unnpw2,Republican,Democratic,gun control,gc_treat
12/14/2023 10:42,12/14/2023 10:43,100,92,TRUE,12/14/2023 10:43,20.672,20.672,22.546,1,About half the time,7.438,11.17,12.241,2,Disagree,Strongly agree,5.332,9.043,11.325,2,30,100,3.555,15.488,16.972,9,Somewhat well,Very well,Somewhat well,Very well,Very well,Very well,1.335,1.335,4.972,1,36265,0,0,4.615,0,3.743,3.743,3.761,1,0,0,1.76,0,,,,,0,0,4.988,0,x8nzz7,Republican,Democratic,immigration,imm_pc
12/14/2023 10:40,12/14/2023 10:43,100,212,TRUE,12/14/2023 10:43,13.974,15.98,17.12,3,Most of the time,8.052,22.683,23.836,5,Disagree,Somewhat agree,18.159,23.012,32.002,2,70,30,10.928,46.052,46.999,13,Somewhat well,Extremely well,Very well,Very well,Extremely well,Somewhat well,2.16,2.16,19.285,1,22102,0,0,18.526,0,0,0,14.854,0,0,0,9.665,0,0,0,13.427,0,0,0,11.122,0,8abn8q,Republican,Democratic,gun control,gc_control2
12/14/2023 10:42,12/14/2023 10:43,100,93,TRUE,12/14/2023 10:43,9.9,9.9,11.034,1,Most of the time,3.32,7.745,8.79,3,Agree,Strongly disagree,2.638,6.395,9.819,2,5,95,4.03,16.896,17.524,7,Not too well,Somewhat well,Not too well,Very well,Somewhat well,Somewhat well,1.372,1.372,6.329,1,96094,0,0,3.9,0,0,0,8.686,0,0,0,7.223,0,0,0,5.787,0,0,0,6.412,0,ktzkpu,Democratic,Republican,immigration,imm_treat
12/14/2023 10:37,12/14/2023 10:43,100,381,TRUE,12/14/2023 10:43,20.901,20.901,22.451,1,About half the time,17.5,41.008,41.601,3,Disagree,Agree,33.098,44.349,45.9,4,50,50,33,100.307,101.107,9,Somewhat well,Very well,Somewhat well,Somewhat well,Somewhat well,Not at all well,4.6,4.6,10.513,1,33404,0,0,28.603,0,5.391,24.269,30.361,2,22.115,43.214,44.07,8,29.363,29.363,30.288,1,0,0,17.8,0,7ea97r,Democratic,Republican,gun control,gc_treat
12/14/2023 10:41,12/14/2023 10:43,100,171,TRUE,12/14/2023 10:43,9.524,9.524,15.44,1,About half the time,5.834,11.705,12.262,3,Disagree,Strongly agree,9.266,18.355,20.552,5,60,20,4.988,29.557,30.501,9,Somewhat well,Very well,Somewhat well,Very well,Somewhat well,Not too well,1.247,1.247,4.244,1,84401,0,0,9.291,0,0,0,12.021,0,0,0,42.6,0,0,0,9.165,0,0,0,5.3,0,m2tg4r,Democratic,Republican,immigration,imm_control2
12/14/2023 10:42,12/14/2023 10:44,100,102,TRUE,12/14/2023 10:44,4.391,7.473,8.105,4,Most of the time,2.523,12.1,13.091,7,Strongly disagree,Strongly agree,6.926,10.524,13.562,2,30,1,3.83,21.172,21.55,14,Very well,Very well,Somewhat well,Somewhat well,Somewhat well,Somewhat well,1.627,1.627,6.792,1,29210,0,0,6.586,0,1.585,8.089,10.031,2,2.946,2.946,4.028,1,4.745,7.784,8.816,2,0,0,4.336,0,2c9dv9,Democratic,Republican,gun control,gc_treat
12/14/2023 10:42,12/14/2023 10:44,100,121,TRUE,12/14/2023 10:44,15.538,16.275,17.087,2,Almost Never,4.051,13.428,13.822,6,Disagree,Neither agree nor disagree,5.648,13.406,13.849,5,30,75,4.821,25.135,25.952,12,Very well,Extremely well,Very well,Extremely well,Extremely well,Extremely well,1.038,1.038,3.327,1,13041,0,0,25.341,0,0,0,5.456,0,6.853,6.853,7.443,1,,,,,0,0,4.653,0,yrv448,Republican,Democratic,immigration,imm_pc
12/14/2023 10:43,12/14/2023 10:44,100,70,TRUE,12/14/2023 10:44,4,4,4.6,1,All the time,4.474,7.032,8.213,2,Strongly agree,Strongly agree,2.624,5.864,7.601,4,0,50,2.462,13.527,14.478,8,Extremely well,Extremely well,Somewhat well,Extremely well,Extremely well,Not at all well,1.039,4.28,9.568,2,44077,0,0,2.968,0,0,0,3.063,0,0,0,1.901,0,0,0,7.502,0,0,0,2.1,0,9u2kme,Republican,Democratic,immigration,imm_treat
12/14/2023 10:38,12/14/2023 10:44,100,346,TRUE,12/14/2023 10:44,13.3,15.752,17.289,2,Most of the time,11.244,21.18,23.371,3,Somewhat disagree,Strongly agree,24.767,32.989,36.797,4,75,75,28.458,57.893,64.698,11,Very well,Very well,Very well,Very well,Very well,Very well,3.664,3.664,12.175,1,02886,0,0,15.495,0,7.009,7.009,60.506,1,31.303,75.611,78.6,16,0,0,19.774,0,0,0,11.868,0,9uvdbv,Democratic,Republican,gun control,gc_control1
12/14/2023 10:40,12/14/2023 10:44,100,244,TRUE,12/14/2023 10:44,65.896,66.631,68.533,2,Once in a while,3.485,8.536,9.513,3,Agree,Strongly agree,5.007,7.398,9.068,2,97,3,4.884,72.363,73.098,11,Extremely well,Extremely well,Extremely well,Extremely well,Extremely well,Not at all well,0.92,0.92,3.125,1,78722,0,0,7.749,0,0,0,24.042,0,0,0,3.643,0,,,,,0,0,36.931,0,b4knpm,Democratic,Republican,immigration,imm_pc
12/14/2023 10:43,12/14/2023 10:44,100,74,TRUE,12/14/2023 10:44,3.739,4.671,5.394,2,About half the time,4.029,6.993,8.24,2,Agree,Agree,3.043,5.758,7.601,3,30,85,3.282,16.616,17.869,8,Somewhat well,Very well,Very well,Very well,Somewhat well,Very well,1.395,1.395,3.699,1,77095,0,0,6.919,0,0,0,6.31,0,0,0,3.097,0,0,0,5.472,0,0,0,4.633,0,3wbpre,Republican,Democratic,gun control,gc_treat
12/14/2023 10:41,12/14/2023 10:44,100,195,TRUE,12/14/2023 10:44,7.373,9.71,10.872,2,About half the time,9.212,23.94,24.869,4,Neither agree nor disagree,Agree,14.558,33.905,35.988,9,80,10,17.635,44.567,46.336,11,Not too well,Very well,Somewhat well,Somewhat well,Somewhat well,Somewhat well,1.687,1.687,8.393,1,90703,0,0,9.574,0,13.868,13.868,15.766,1,0,0,6.858,0,0,0,23.022,0,0,0,6.696,0,mvwcax,Democratic,Republican,immigration,imm_treat
12/14/2023 10:34,12/14/2023 10:45,100,642,TRUE,12/14/2023 10:45,26.569,26.569,27.533,1,All the time,7.77,11.878,12.759,3,Somewhat disagree,Disagree,2.112,5.133,7.391,3,40,80,3.306,13.208,13.743,9,Very well,Very well,Somewhat well,Somewhat well,Extremely well,Very well,0.939,0.939,3.371,1,11235,0,0,3.497,0,0,0,23.89,0,0,0,1.727,0,0,0,1.734,0,0,0,16.523,0,cqgx4t,Democratic,Republican,gun control,gc_treat
12/14/2023 10:44,12/14/2023 10:45,100,61,TRUE,12/14/2023 10:45,7.837,9.737,10.268,3,Most of the time,1.751,4.15,5.078,3,Agree,Agree,2.336,6.372,10.855,3,50,75,3.617,11.699,12.558,8,Not at all well,Extremely well,Extremely well,Extremely well,Very well,Extremely well,1.131,1.131,4.242,1,94561,0,0,5.257,0,0,0,1.277,0,1.312,1.312,2.735,1,0,0,1.011,0,0,0,0.819,0,rp8nq6,Republican,Democratic,gun control,gc_treat
12/14/2023 10:42,12/14/2023 10:45,100,144,TRUE,12/14/2023 10:45,6.678,6.678,7.3,1,Once in a while,4.485,9.801,10.942,2,Strongly disagree,Agree,4.301,11.845,12.1,5,40,50,5.202,21.184,21.5,8,Very well,Very well,Extremely well,Extremely well,Extremely well,Very well,1.201,1.201,5.093,1,52807,0,0,35.859,0,0,0,9.739,0,0,0,8.282,0,0,0,18.736,0,0,0,8.2,0,h4adgb,Democratic,Republican,immigration,imm_treat
12/14/2023 10:44,12/14/2023 10:45,100,65,TRUE,12/14/2023 10:45,4.149,4.149,5.001,1,Once in a while,3.758,7.336,8.8,2,Neither agree nor disagree,Strongly agree,5.008,8.046,9.557,3,5,45,3.19,15.04,17.235,11,Somewhat well,Somewhat well,Somewhat well,Somewhat well,Somewhat well,Somewhat well,1.579,1.579,3.901,1,54550,0,0,2.101,0,0,0,4.455,0,0,0,3.601,0,,,,,0,0,3.076,0,e7tr1k,Republican,Democratic,immigration,imm_pc
12/14/2023 10:42,12/14/2023 10:45,100,153,TRUE,12/14/2023 10:45,9.775,9.775,10.685,1,Most of the time,6.589,12.559,15.902,2,Disagree,Neither agree nor disagree,10.778,17.839,19.351,4,75,15,7.202,24.821,25.845,8,Very well,Very well,Very well,Very well,Very well,Somewhat well,1.422,1.422,3.969,1,34711,0,0,16.653,0,0,0,14.424,0,0,0,7.967,0,0,0,13.254,0,0,0,17.288,0,zu9wre,Republican,Democratic,immigration,imm_control2
12/14/2023 10:41,12/14/2023 10:45,100,270,TRUE,12/14/2023 10:45,8.683,9.772,10.6,2,All the time,5.868,14.705,18.184,3,Strongly agree,Strongly agree,18.763,66.324,66.987,4,65,20,20.298,65.075,66.512,8,Very well,Very well,Very well,Very well,Extremely well,Very well,9.532,9.532,15.101,1,07660,0,0,25.093,0,16.7,16.7,19.255,1,1.9,9.301,33.218,3,,,,,0,0,7.961,0,2b8dtp,Democratic,Republican,immigration,imm_pc
12/14/2023 10:41,12/14/2023 10:45,100,253,TRUE,12/14/2023 10:45,5.442,5.993,6.752,2,All the time,4.588,11.274,11.979,4,Disagree,Strongly disagree,5.632,11.284,13.437,2,85,10,36.789,51.052,51.626,11,Somewhat well,Extremely well,Very well,Somewhat well,Very well,Somewhat well,2.003,2.003,5.08,1,73632,0,0,8.317,0,7.227,7.227,7.851,1,0,0,4.558,0,11.257,11.257,11.943,1,0,0,6.319,0,xbtxb4,Republican,Democratic,immigration,imm_treat
12/14/2023 10:43,12/14/2023 10:45,100,147,TRUE,12/14/2023 10:45,8.151,8.151,9.149,1,Most of the time,4.037,6.61,15.364,3,Neither agree nor disagree,Strongly agree,3.189,20.103,36.352,5,45,85,3.866,16.838,33.398,9,Very well,Extremely well,Very well,Very well,Extremely well,Somewhat well,0.988,0.988,6.088,1,91320,0,0,8.127,0,0,0,13.491,0,0,0,12.416,0,,,,,0,0,7.667,0,avyrpp,Democratic,Republican,immigration,imm_pc
12/14/2023 10:40,12/14/2023 10:45,100,323,TRUE,12/14/2023 10:45,3.804,3.804,4.914,1,Once in a while,6.331,8.61,9.586,2,Somewhat disagree,Agree,1.9,8.655,11.169,4,60,45,3.191,81.356,82.258,28,Not too well,Somewhat well,Very well,Somewhat well,Very well,Somewhat well,3.204,34.491,37.636,4,90292,0,0,1.359,0,0,0,36.919,0,0,0,13.303,0,0,0,1.22,0,0,0,1.01,0,3daqbk,Democratic,Republican,gun control,gc_treat
12/14/2023 10:44,12/14/2023 10:45,100,89,TRUE,12/14/2023 10:45,4.857,4.857,6.26,1,About half the time,4.775,8.245,9.257,2,Somewhat agree,Neither agree nor disagree,3.299,11.669,15.292,5,40,10,3.412,11.366,13.535,8,Very well,Somewhat well,Somewhat well,Somewhat well,Somewhat well,Somewhat well,1.411,1.411,4.373,1,75235,0,0,2.011,0,0,0,25.789,0,0,0,1.678,0,0,0,2.494,0,0,0,3.659,0,wcztqw,Democratic,Republican,gun control,gc_control2
12/14/2023 10:44,12/14/2023 10:45,100,91,TRUE,12/14/2023 10:45,5.211,5.709,6.468,2,About half the time,5.258,11.598,12.137,5,Strongly disagree,Strongly disagree,4.709,8.436,10.271,4,0,0,5.5,18.559,19.168,14,Somewhat well,Somewhat well,Somewhat well,Very well,Very well,Very well,1.561,1.561,4.491,1,14201,0,0,9.8,0,10.111,10.111,10.849,1,1.884,6.544,6.968,2,,,,,0,0,6.351,0,zp14tm,Democratic,Republican,immigration,imm_pc
12/14/2023 10:43,12/14/2023 10:45,100,116,TRUE,12/14/2023 10:45,4.214,4.214,5.53,1,Most of the time,4.308,10.213,10.952,4,Somewhat agree,Somewhat agree,3.992,7.087,9.939,2,60,40,7.193,26.399,26.963,12,Somewhat well,Somewhat well,Somewhat well,Somewhat well,Somewhat well,Not too well,4.173,4.173,7.129,1,55129,0,0,6.097,0,0,0,25.863,0,0,0,1.303,0,0,0,4.097,0,0,0,6.14,0,q61a1p,Democratic,Republican,immigration,imm_treat
12/14/2023 10:42,12/14/2023 10:45,100,232,TRUE,12/14/2023 10:45,6.979,12.785,15.2,2,Most of the time,10.597,20.736,21.648,4,Agree,Agree,16.522,28.724,29.788,6,60,70,10.995,40.518,42.699,11,Very well,Very well,Somewhat well,Very well,Extremely well,Very well,4.002,4.002,8.986,1,32428,0,0,15.641,0,0,0,18.631,0,0,0,13.335,0,0,0,18.422,0,0,0,16.27,0,6xywep,Republican,Democratic,immigration,imm_control2
12/14/2023 10:44,12/14/2023 10:46,100,98,TRUE,12/14/2023 10:46,6.319,6.319,7.593,1,Most of the time,6.897,11.85,12.801,3,Neither agree nor disagree,Agree,6.95,14.395,16.878,4,35,36,5.165,20.174,21.182,9,Somewhat well,Extremely well,Very well,Extremely well,Very well,Very well,1.431,1.431,6.262,1,28104,0,0,9.987,0,0,0,8.27,0,0,0,4.211,0,,,,,0,0,6.083,0,mke8hq,Republican,Democratic,gun control,gc_pc
12/14/2023 10:44,12/14/2023 10:46,100,134,TRUE,12/14/2023 10:46,17.801,17.801,18.711,1,Most of the time,10.001,16.468,17.165,3,Neither agree nor disagree,Strongly disagree,13.712,19.168,22.381,3,100,100,14.811,30.623,31.366,9,Not too well,Somewhat well,Very well,Extremely well,Extremely well,Extremely well,2.888,2.888,6.568,1,32808,0,0,11.852,0,12.808,12.808,13.96,1,0,0,2.448,0,,,,,0,0,4.713,0,ve38n1,Democratic,Republican,gun control,gc_pc
12/14/2023 10:44,12/14/2023 10:46,100,115,TRUE,12/14/2023 10:46,10.415,10.415,11.269,1,Once in a while,9.1,16.601,17.543,3,Disagree,Agree,15.261,18.789,21.195,2,20,70,5.091,19.16,19.949,8,Somewhat well,Not too well,Somewhat well,Somewhat well,Somewhat well,Not too well,2.217,2.217,6.998,1,91790,0,0,3.83,0,0,0,8.427,0,0,0,5.273,0,0,0,9.776,0,0,0,4.799,0,n21wb8,Democratic,Republican,gun control,gc_control3
12/14/2023 10:43,12/14/2023 10:46,100,163,TRUE,12/14/2023 10:46,9.312,9.312,10.422,1,Most of the time,11.326,19.081,20.44,2,Disagree,Agree,16.309,25.045,27.232,3,90,20,11.466,35.162,36.553,7,Not too well,Very well,Very well,Very well,Very well,Very well,2.195,2.195,7.192,1,73401,0,0,10.831,0,0,0,13.786,0,0,0,9.27,0,0,0,12.9,0,0,0,8.828,0,d1g7qk,Republican,Democratic,gun control,gc_control3
12/14/2023 10:44,12/14/2023 10:46,100,114,TRUE,12/14/2023 10:46,8.575,8.575,10.032,1,Once in a while,3.774,10.008,10.466,4,Neither agree nor disagree,Agree,4.104,7.721,10.875,2,20,30,10.834,31.687,32.236,10,Somewhat well,Somewhat well,Very well,Somewhat well,Very well,Somewhat well,1.044,1.044,4.694,1,33023,0,0,13.764,0,0,0,10.913,0,0,0,5.794,0,,,,,0,0,10.386,0,1vdxhn,Republican,Democratic,gun control,gc_pc
12/14/2023 10:44,12/14/2023 10:46,100,137,TRUE,12/14/2023 10:46,2.906,4.339,5.043,2,All the time,4.675,13.773,14.593,6,Agree,Somewhat agree,2.327,10.516,11.095,5,0,60,1.661,71.011,73.359,14,Very well,Extremely well,Extremely well,Very well,Very well,Somewhat well,2.817,2.817,5.771,1,13143,0,0,3.895,0,1.835,1.835,7.368,1,0,0,2.655,0,0,0,4.8,0,0,0,3.036,0,3tab6x,Republican,Democratic,immigration,imm_control3
12/14/2023 10:44,12/14/2023 10:46,100,124,TRUE,12/14/2023 10:46,8.71,12.255,13.274,2,Once in a while,4.715,8.322,13.976,2,Somewhat agree,Agree,3.654,6.751,10.898,2,60,80,12.409,28.376,29.323,9,Somewhat well,Somewhat well,Very well,Very well,Very well,Very well,1.398,1.398,7.147,1,33602,0,0,6.8,0,0,0,10.443,0,3.754,3.754,7.26,1,0,0,11.463,0,0,0,8.132,0,bvnang,Republican,Democratic,immigration,imm_treat
12/14/2023 10:43,12/14/2023 10:47,100,202,TRUE,12/14/2023 10:47,23.936,23.936,24.932,1,Most of the time,12.683,19.628,20.492,2,Somewhat agree,Strongly agree,20.695,25.988,30.765,4,85,90,12.489,60.707,61.523,9,Not at all well,Extremely well,Extremely well,Somewhat well,Very well,Extremely well,2.089,2.089,6.893,1,91932,0,0,12.548,0,18.893,18.893,20.263,1,7.353,7.933,8.82,2,,,,,0,0,11.863,0,buvyam,Republican,Democratic,immigration,imm_pc
12/14/2023 10:44,12/14/2023 10:47,100,181,TRUE,12/14/2023 10:47,13.447,14.015,15.855,2,About half the time,5.352,13.069,14.727,5,Agree,Strongly agree,12.124,18.11,22.869,2,70,40,5.257,26.122,27.156,11,Somewhat well,Very well,Very well,Very well,Very well,Somewhat well,24.157,24.157,33.247,1,90805,0,0,12.189,0,0,0,10.935,0,0,0,11.856,0,0,0,16.436,0,0,0,9.433,0,udxhn9,Democratic,Republican,immigration,imm_treat
12/14/2023 10:43,12/14/2023 10:47,100,215,TRUE,12/14/2023 10:47,41.896,42.999,43.575,2,All the time,5.838,14.171,14.962,5,Disagree,Somewhat agree,10.403,19.364,20.053,3,90,10,6.701,25.356,26.126,9,Not too well,Not too well,Extremely well,Very well,Very well,Extremely well,1.672,1.672,5.833,1,93722,0,0,10.301,0,0,0,18.701,0,0,0,25.301,0,0,0,36.637,0,0,0,6.5,0,wax98b,Democratic,Republican,immigration,imm_control3
12/14/2023 10:44,12/14/2023 10:47,100,167,TRUE,12/14/2023 10:47,5.395,8.126,9.005,2,About half the time,6.646,10.797,12.454,2,Agree,Strongly agree,27.015,31.51,34.056,3,50,50,6.694,54.001,54.871,7,Very well,Very well,Very well,Very well,Very well,Extremely well,7.407,7.407,9.566,1,11577,0,0,5.526,0,0,0,9.364,0,0,0,8.782,0,0,0,13.255,0,0,0,5.993,0,ktwzpp,Republican,Democratic,gun control,gc_treat
12/14/2023 10:45,12/14/2023 10:47,100,143,TRUE,12/14/2023 10:47,8.649,8.649,9.501,1,Most of the time,9.502,22.341,23.282,4,Strongly disagree,Somewhat agree,12.276,18.114,18.501,4,50,50,9.405,24.374,25.356,9,Very well,Extremely well,Extremely well,Extremely well,Extremely well,Extremely well,2.212,2.212,6.033,1,71101,0,0,14.201,0,0,0,13.598,0,0,0,7.662,0,0,0,8.472,0,0,0,8.883,0,wu9nfy,Republican,Democratic,immigration,imm_control1
12/14/2023 10:46,12/14/2023 10:47,100,68,TRUE,12/14/2023 10:47,4.223,4.223,5.492,1,Most of the time,3.064,8.337,9.02,3,Strongly disagree,Strongly disagree,2.102,5.613,7.789,3,2,2,4.419,17.556,18.003,10,Somewhat well,Somewhat well,Very well,Very well,Very well,Somewhat well,1.173,1.173,4.361,1,78613,0,0,3.901,0,0,0,3.402,0,0,0,3.901,0,,,,,0,0,3.402,0,dr47nx,Democratic,Republican,immigration,imm_pc
12/14/2023 10:44,12/14/2023 10:47,100,181,TRUE,12/14/2023 10:47,6.015,7.021,7.701,3,Most of the time,5.866,11.408,12.534,4,Neither agree nor disagree,Agree,3.752,6.731,9.545,4,20,25,5.385,20.24,20.801,8,Somewhat well,Very well,Very well,Very well,Very well,Somewhat well,1.487,1.487,4.022,1,31204,0,0,16.439,0,0,0,83.813,0,0,0,5.401,0,0,0,5.579,0,0,0,8.878,0,6df96f,Republican,Democratic,gun control,gc_control2
12/14/2023 10:45,12/14/2023 10:47,100,120,TRUE,12/14/2023 10:47,5.657,5.657,6.457,1,Most of the time,3.621,7.076,7.981,3,Disagree,Strongly agree,7.002,10.994,13.481,2,40,80,4.923,17.832,18.537,9,Very well,Extremely well,Very well,Extremely well,Extremely well,Very well,0.913,1.688,4.183,2,91913,0,0,12.484,0,0,0,11.977,0,0,0,4.281,0,0,0,5.69,0,0,0,27.318,0,6mycv1,Republican,Democratic,immigration,imm_control1
12/14/2023 10:44,12/14/2023 10:48,100,185,TRUE,12/14/2023 10:48,10.401,10.401,11.301,1,Most of the time,9.066,16.433,17.998,2,Strongly disagree,Somewhat disagree,9.837,24.67,25.169,4,90,25,11.761,42.183,43.191,8,Somewhat well,Very well,Very well,Extremely well,Very well,Very well,1.818,1.818,6.6,1,34442,0,0,13.156,0,0,0,19.6,0,0,0,9.3,0,0,0,19.43,0,0,0,12.426,0,2tdgey,Republican,Democratic,immigration,imm_treat
12/14/2023 10:46,12/14/2023 10:48,100,117,TRUE,12/14/2023 10:48,8.412,9.302,9.865,2,About half the time,2.962,6.791,9.119,3,Agree,Somewhat agree,6.182,11.081,12.488,4,60,1,5.87,21.234,22.147,9,Not too well,Somewhat well,Not too well,Not too well,Somewhat well,Not at all well,2.037,2.037,6.082,1,99163,0,0,5.672,0,17.669,17.669,18.647,1,0,0,3.773,0,0,0,16.5,0,0,0,7.472,0,6afv2d,Democratic,Republican,immigration,imm_treat
12/14/2023 10:40,12/14/2023 10:48,100,483,TRUE,12/14/2023 10:48,173.999,175.43,176.684,2,Once in a while,5.918,14.263,15.27,4,Neither agree nor disagree,Strongly agree,19.112,25.473,31.846,3,70,0,11.705,36.972,37.625,11,Somewhat well,Somewhat well,Somewhat well,Very well,Somewhat well,Somewhat well,2.45,2.45,7.601,1,31707,0,0,54.501,0,13.099,13.099,13.9,1,82.578,82.578,89.3,1,0,0,12.601,0,0,0,35.055,0,yx1yve,Democratic,Republican,gun control,gc_treat
12/14/2023 10:45,12/14/2023 10:48,100,202,TRUE,12/14/2023 10:48,11.373,19.016,19.921,3,Most of the time,5.933,12.289,24.664,3,Strongly disagree,Agree,12.222,37.145,47.221,5,40,48,10.144,53.682,55.112,11,Somewhat well,Somewhat well,Somewhat well,Not too well,Very well,Extremely well,2,8.831,9.956,2,11218,0,0,7.951,0,18.426,18.426,21.949,1,0,0,7.803,0,,,,,0,0,5.621,0,9ehx8g,Democratic,Republican,immigration,imm_pc
12/14/2023 10:41,12/14/2023 10:48,100,437,TRUE,12/14/2023 10:48,7.161,7.54,8.501,2,All the time,1.989,7.532,8.298,5,Agree,Agree,3.101,6,10.309,3,5,40,3.503,31.981,33.66,10,Extremely well,Extremely well,Extremely well,Very well,Extremely well,Very well,1.002,1.002,4.168,1,32065,0,0,9.377,0,5.171,157.551,158.848,2,0,0,6.469,0,0,0,42.755,0,0,0,8.301,0,4fru7e,Republican,Democratic,immigration,imm_treat
12/14/2023 10:47,12/14/2023 10:48,100,79,TRUE,12/14/2023 10:48,8.331,8.331,9.259,1,Once in a while,2.791,7.008,8.252,2,Neither agree nor disagree,Strongly agree,2.681,5.398,6.898,2,50,50,5.647,16.385,17.061,8,Very well,Very well,Very well,Very well,Very well,Very well,0.969,0.969,2.967,1,18505,0,0,6.998,0,0,0,10.289,0,0,0,6.379,0,,,,,0,0,5.904,0,zhqcvw,Republican,Democratic,gun control,gc_pc
12/14/2023 10:47,12/14/2023 10:48,100,64,TRUE,12/14/2023 10:48,2.602,2.602,4.362,1,About half the time,2.21,8.049,8.981,4,Agree,Disagree,2.302,4.985,6.931,3,36,17,2.75,14.494,15.394,11,Somewhat well,Somewhat well,Very well,Somewhat well,Somewhat well,Very well,1.006,1.006,5.64,1,11550,0,0,7.415,0,0,0,2.458,0,0,0,2.099,0,0,0,3.945,0,0,0,3.675,0,996v2n,Republican,Democratic,immigration,imm_treat
12/14/2023 10:47,12/14/2023 10:48,100,109,TRUE,12/14/2023 10:49,9.354,9.354,9.901,1,Once in a while,6.815,12.119,13.163,2,Disagree,Neither agree nor disagree,5.587,28.685,29.776,7,30,30,4.608,14.719,15.263,9,Somewhat well,Somewhat well,Somewhat well,Somewhat well,Somewhat well,Somewhat well,2.562,2.562,5.732,1,60647,0,0,6.78,0,0,0,5.736,0,0,0,9.788,0,,,,,0,0,6.001,0,k9cygv,Democratic,Republican,gun control,gc_pc
12/14/2023 10:46,12/14/2023 10:49,100,133,TRUE,12/14/2023 10:49,40.273,40.273,41.232,1,Most of the time,6.314,11.16,11.7,3,Disagree,Strongly disagree,2.63,12.956,13.504,6,40,60,5.9,19.766,20.229,9,Very well,Very well,Extremely well,Extremely well,Extremely well,Extremely well,1.259,1.259,5.085,1,16743,0,0,6.48,0,0,0,7.301,0,0,0,5.664,0,0,0,7.765,0,0,0,4.74,0,1f4cwc,Democratic,Republican,gun control,gc_control3
12/14/2023 10:48,12/14/2023 10:49,100,81,TRUE,12/14/2023 10:49,7.113,7.113,7.993,1,About half the time,3.372,8.634,9.412,3,Strongly disagree,Strongly disagree,2.241,5.855,7.826,3,60,50,3.107,17.018,18.136,11,Very well,Very well,Extremely well,Extremely well,Extremely well,Somewhat well,2.078,2.078,5.101,1,18252,0,0,10.766,0,0,0,5.68,0,0,0,5.685,0,,,,,0,0,6.496,0,rhuubp,Democratic,Republican,gun control,gc_pc
12/14/2023 10:48,12/14/2023 10:49,100,86,TRUE,12/14/2023 10:49,5.879,5.879,6.809,1,About half the time,6.096,10.046,11.467,2,Neither agree nor disagree,Strongly disagree,17.089,20.094,22.461,2,90,10,6.359,17.219,17.953,9,Somewhat well,Very well,Very well,Extremely well,Somewhat well,Very well,1.43,1.43,5.023,1,40069,0,0,3.476,0,0,0,4.519,0,0,0,3.216,0,,,,,0,0,7.439,0,73gaw1,Republican,Democratic,gun control,gc_pc
12/14/2023 10:36,12/14/2023 10:49,100,797,TRUE,12/14/2023 10:49,13.6,13.6,15.105,1,Most of the time,9.301,15.659,17.559,2,Strongly agree,Agree,1.374,34.626,38.733,6,1,99,15.101,62.617,63.718,15,Not at all well,Very well,Extremely well,Very well,Very well,Extremely well,3.201,3.201,9.031,1,90007,0,0,53.032,0,24.237,35.515,36.464,3,21.779,42.813,44.537,5,,,,,0,0,510.868,0,3mfva2,Republican,Democratic,immigration,imm_pc
12/14/2023 10:47,12/14/2023 10:49,100,121,TRUE,12/14/2023 10:49,5.862,5.862,6.993,1,Most of the time,10.301,22.101,23.025,5,Agree,Strongly agree,7.203,13.894,14.711,4,85,15,4.601,24.39,25.943,8,Extremely well,Extremely well,Extremely well,Extremely well,Extremely well,Extremely well,1.301,1.301,4.46,1,33860,0,0,8.291,0,0,0,7.201,0,0,0,4.252,0,0,0,9.956,0,0,0,6.649,0,zmz8qy,Democratic,Republican,immigration,imm_treat
12/14/2023 10:47,12/14/2023 10:50,100,128,TRUE,12/14/2023 10:50,15.1,15.1,16.853,1,Most of the time,17.801,24.213,25.26,3,Somewhat agree,Somewhat agree,3.404,10.415,11.275,3,50,50,7.901,18.768,20.9,7,Not too well,Not too well,Not too well,Not too well,Not too well,Not too well,2.001,2.001,5.334,1,71457,0,0,24.71,0,1.819,1.967,3.24,2,1.597,1.597,11.457,1,,,,,0,0,1.452,0,qmb4gn,Republican,Democratic,immigration,imm_pc
12/14/2023 10:46,12/14/2023 10:50,100,203,TRUE,12/14/2023 10:50,7.553,9.991,10.901,2,About half the time,15.799,25.666,28.149,3,Agree,Strongly disagree,15.333,25.025,26.075,4,50,50,8.236,44.216,45.658,11,Somewhat well,Somewhat well,Very well,Not at all well,Somewhat well,Somewhat well,1.724,1.724,5.558,1,45849,0,0,9.899,0,0,0,13.506,0,0,0,42.672,0,0,0,7.584,0,0,0,8.362,0,6kdaum,Democratic,Republican,gun control,gc_control1
12/14/2023 10:47,12/14/2023 10:50,100,141,TRUE,12/14/2023 10:50,8.526,8.526,9.541,1,Once in a while,7.84,10.693,11.663,2,Agree,Strongly agree,13.202,17.89,21.025,2,70,40,30.597,48.349,49.075,9,Not too well,Very well,Very well,Very well,Very well,Very well,1.105,1.105,4.455,1,90712,0,0,14.373,0,0,0,6.616,0,0,0,4.909,0,0,0,5.79,0,0,0,8.608,0,puuxkk,Republican,Democratic,gun control,gc_control1
12/14/2023 10:47,12/14/2023 10:50,100,155,TRUE,12/14/2023 10:50,9.927,10.98,11.79,2,All the time,10.642,17.611,18.677,3,Agree,Agree,11.744,23.023,27.819,6,100,10,10.739,33.686,34.4,11,Somewhat well,Very well,Very well,Very well,Very well,Somewhat well,3.234,3.234,8.299,1,62221,0,0,10.701,0,16.849,16.849,17.644,1,7.623,7.623,8.386,1,,,,,0,0,13.374,0,xmakpd,Democratic,Republican,immigration,imm_pc
12/14/2023 10:48,12/14/2023 10:50,100,141,TRUE,12/14/2023 10:50,34.787,34.787,35.761,1,Once in a while,6.278,10.06,11.357,3,Disagree,Strongly agree,8.95,14.045,15.034,4,70,30,4.588,19.335,20.176,8,Extremely well,Extremely well,Extremely well,Extremely well,Extremely well,Extremely well,12.345,12.345,16.374,1,77407,0,0,7.113,0,0,0,7.945,0,0,0,6.032,0,0,0,8.917,0,0,0,6.785,0,3mx3u1,Democratic,Republican,immigration,imm_treat
12/14/2023 10:49,12/14/2023 10:50,100,57,TRUE,12/14/2023 10:50,3.351,3.351,4.867,1,Once in a while,3.446,5.862,7.139,2,Somewhat agree,Somewhat agree,2.903,5.378,8.182,2,60,30,5.969,17.696,18.112,11,Not too well,Somewhat well,Somewhat well,Somewhat well,Somewhat well,Not too well,0.895,0.895,3.542,1,75070,0,0,2.915,0,0,0,2.293,0,0,0,1.866,0,,,,,0,0,2.534,0,xkfzxr,Republican,Democratic,immigration,imm_pc
12/14/2023 10:47,12/14/2023 10:50,100,167,TRUE,12/14/2023 10:50,11.812,11.812,13.154,1,Once in a while,4.997,11.767,12.746,3,Strongly disagree,Strongly agree,12.293,17.511,23.378,3,60,10,6.425,34.078,34.969,9,Somewhat well,Somewhat well,Somewhat well,Not too well,Very well,Not too well,4.017,4.017,8.15,1,78045,0,0,14.486,0,0,0,14.887,0,0,0,12.762,0,0,0,15.522,0,0,0,10.294,0,vaz92v,Democratic,Republican,gun control,gc_treat
12/14/2023 10:47,12/14/2023 10:50,100,179,TRUE,12/14/2023 10:50,11.496,15.674,16.401,7,Most of the time,14.47,25.635,26.201,9,Somewhat agree,Agree,1.863,26.876,29.486,20,55,20,16.027,43.439,44.177,11,Not too well,Very well,Very well,Very well,Very well,Extremely well,1.692,1.692,14.775,1,78572,0,0,10.338,0,0,0,10.097,0,0,0,6.903,0,,,,,0,0,13.661,0,1fb7zr,Democratic,Republican,gun control,gc_pc
12/14/2023 10:47,12/14/2023 10:50,100,189,TRUE,12/14/2023 10:50,9.862,10.428,11.001,2,Most of the time,24.952,29.629,30.457,4,Somewhat disagree,Somewhat agree,8.614,25.579,26.135,5,20,0,16.705,48.004,48.85,11,Very well,Very well,Extremely well,Very well,Very well,Very well,1.525,1.525,5.194,1,84067,0,0,7.319,0,7.088,7.088,8.607,1,0,0,8.8,0,25.541,25.541,28.975,1,0,0,8.594,0,fpatnd,Democratic,Republican,immigration,imm_treat
12/14/2023 10:47,12/14/2023 10:50,100,167,TRUE,12/14/2023 10:50,64.026,66.454,67.4,2,About half the time,7.679,11.307,11.669,4,Somewhat disagree,Neither agree nor disagree,4.441,8.234,9.724,5,50,50,5.828,18.665,19.749,11,Somewhat well,Very well,Very well,Very well,Very well,Very well,1.219,1.219,3.527,1,85212,0,0,6.46,0,18.454,18.454,19.932,1,0,0,9.654,0,2.685,2.685,3.356,1,0,0,6.831,0,teqn3n,Democratic,Republican,gun control,gc_control3
12/14/2023 10:48,12/14/2023 10:50,100,136,TRUE,12/14/2023 10:50,3.865,3.865,4.519,1,About half the time,1.374,8.899,12.817,2,Neither agree nor disagree,Agree,8.576,11.304,14.55,2,50,50,3.835,18.224,19.543,8,Somewhat well,Very well,Somewhat well,Somewhat well,Not too well,Somewhat well,1.752,1.752,27.771,1,11570,0,0,1.276,0,0,0,3.032,0,0,0,2.473,0,0,0,9.972,0,0,0,8.651,0,7kabr1,Democratic,Republican,gun control,gc_control2
12/14/2023 10:48,12/14/2023 10:50,100,143,TRUE,12/14/2023 10:50,7.294,7.294,10.2,1,About half the time,3.152,11.819,12.46,6,Neither agree nor disagree,Strongly agree,5.796,9.272,14.601,2,75,5,20.223,42.119,42.885,11,Somewhat well,Extremely well,Very well,Very well,Extremely well,Very well,0.979,0.979,4.657,1,90012,0,0,9.828,0,0,0,21.317,0,0,0,16.874,0,,,,,0,0,5.179,0,r9qpr3,Democratic,Republican,gun control,gc_pc
12/14/2023 10:49,12/14/2023 10:51,100,80,TRUE,12/14/2023 10:51,3.396,3.396,4.493,1,About half the time,4.556,8.613,10,2,Agree,Strongly agree,1.516,5.5,10.573,4,30,58,5.062,21.294,22.154,13,Not too well,Somewhat well,Somewhat well,Somewhat well,Somewhat well,Not at all well,0.905,0.905,3.84,1,70129,0,0,4.502,0,0,0,4.401,0,0,0,1.98,0,0,0,4.697,0,0,0,3.401,0,e7fw16,Republican,Democratic,immigration,imm_treat
12/14/2023 10:49,12/14/2023 10:51,100,144,TRUE,12/14/2023 10:51,7.579,7.579,8.202,1,Once in a while,3.056,10.684,11.764,7,Strongly disagree,Strongly agree,1.267,12.808,13.397,8,50,50,9.8,30.483,31.082,13,Not too well,Very well,Somewhat well,Very well,Very well,Very well,1.19,1.19,3.9,1,24422,0,0,31.953,0,1.847,1.847,14.003,1,0,0,5.301,0,0,0,9.663,0,0,0,7.473,0,7em12f,Democratic,Republican,immigration,imm_control3
12/14/2023 10:49,12/14/2023 10:51,100,103,TRUE,12/14/2023 10:51,5.801,5.801,6.784,1,Most of the time,5.437,9.611,10.361,3,Strongly agree,Neither agree nor disagree,9.582,13.288,15.819,2,10,70,4.624,24.644,25.358,10,Somewhat well,Somewhat well,Very well,Somewhat well,Somewhat well,Not too well,1.643,1.643,4.546,1,32533,0,0,6.356,0,0,0,8.337,0,0,0,8.252,0,0,0,5.974,0,0,0,6.596,0,ew6d9t,Democratic,Republican,gun control,gc_treat
12/14/2023 10:47,12/14/2023 10:51,100,225,TRUE,12/14/2023 10:51,11.658,11.658,12.64,1,About half the time,18.122,33.392,34.06,3,Somewhat disagree,Somewhat agree,30.276,35.554,40.3,4,80,30,26.343,66.98,67.959,12,Very well,Very well,Very well,Very well,Very well,Very well,2.32,2.32,7.518,1,89101,0,0,12.594,0,0,0,9.423,0,0,0,9.115,0,0,0,17.222,0,0,0,8.797,0,xphvb1,Democratic,Republican,gun control,gc_treat
12/14/2023 10:49,12/14/2023 10:51,100,163,TRUE,12/14/2023 10:51,11.135,11.135,12.917,1,Once in a while,5.064,12.849,14.008,3,Neither agree nor disagree,Agree,24.792,33.744,38.931,3,65,40,6.732,27.902,29.21,8,Very well,Somewhat well,Very well,Very well,Very well,Somewhat well,4.828,4.828,11.218,1,98065,0,0,15.905,0,0,0,15.431,0,0,0,9.302,0,,,,,0,0,10.448,0,f8yz12,Democratic,Republican,immigration,imm_pc
12/14/2023 10:49,12/14/2023 10:52,100,154,TRUE,12/14/2023 10:52,8.089,8.089,12.792,1,Once in a while,7.773,13.053,14.707,3,Disagree,Strongly agree,8.869,21.009,22.049,7,40,60,7.353,31.305,32.956,8,Somewhat well,Somewhat well,Not too well,Somewhat well,Somewhat well,Not too well,1.504,1.504,5.362,1,95209,0,0,15.314,0,0,0,30.375,0,0,0,8.009,0,,,,,0,0,7.625,0,f8tr97,Republican,Democratic,immigration,imm_pc
12/14/2023 10:49,12/14/2023 10:52,100,162,TRUE,12/14/2023 10:52,6.677,6.677,8.266,1,All the time,10.802,17.177,22.963,2,Disagree,Strongly disagree,21.787,29.385,37.4,3,85,35,9.701,29.238,31.336,7,Somewhat well,Very well,Extremely well,Very well,Extremely well,Extremely well,1.301,1.301,5.293,1,53575,0,0,7.762,0,0,0,12.282,0,0,0,4.231,0,0,0,19.69,0,0,0,5.768,0,hnqvf9,Republican,Democratic,gun control,gc_treat
12/14/2023 10:48,12/14/2023 10:52,100,275,TRUE,12/14/2023 10:52,28.024,30.804,32.142,2,About half the time,11.949,19.486,25.725,3,Strongly agree,Strongly disagree,20.788,40.813,41.653,3,80,0,22.735,69.724,70.672,11,Somewhat well,Extremely well,Very well,Very well,Extremely well,Somewhat well,3.568,3.568,8.124,1,19134,0,0,17.886,0,25.39,25.39,30.584,1,9.569,9.569,17.86,1,,,,,0,0,14.663,0,6hqku2,Republican,Democratic,gun control,gc_pc
12/14/2023 10:50,12/14/2023 10:52,100,171,TRUE,12/14/2023 10:52,8.547,8.547,9.951,1,Most of the time,6.473,18.165,18.719,3,Strongly disagree,Strongly disagree,7.204,13.717,18.48,4,60,30,9.283,41.546,42.113,10,Not too well,Somewhat well,Somewhat well,Not too well,Somewhat well,Not at all well,2.893,2.893,10.228,1,27520,0,0,10.561,0,0,0,37.832,0,0,0,11.189,0,,,,,0,0,7.923,0,91m2zc,Republican,Democratic,gun control,gc_pc
12/14/2023 10:50,12/14/2023 10:53,100,145,TRUE,12/14/2023 10:53,9.169,11.726,13.445,2,Most of the time,4.67,9.604,12.2,3,Strongly disagree,Somewhat agree,7.431,14.84,20.2,5,95,0,10.402,36.477,37.1,10,Very well,Extremely well,Very well,Not too well,Very well,Very well,2.035,2.035,5.935,1,78223,0,0,10.797,0,0,0,11.343,0,0,0,6.496,0,10.761,10.761,12.753,1,0,0,7.445,0,mpb4c4,Democratic,Republican,gun control,gc_treat
12/14/2023 10:50,12/14/2023 10:53,100,156,TRUE,12/14/2023 10:53,7.955,9.833,10.892,2,Once in a while,10.144,22.366,23.075,4,Strongly disagree,Disagree,4.634,10.757,11.301,4,50,50,7.924,28.371,29.13,9,Somewhat well,Very well,Extremely well,Somewhat well,Somewhat well,Somewhat well,2.889,2.889,19.645,1,91760,0,0,6.676,0,8.283,8.283,9.056,1,0,0,14.195,0,9.856,9.856,10.401,1,0,0,12.401,0,n4ck7a,Republican,Democratic,gun control,gc_control1
12/14/2023 10:49,12/14/2023 10:53,100,215,TRUE,12/14/2023 10:53,23.242,23.242,24.225,1,All the time,13.9,18.324,20.245,2,Somewhat disagree,Agree,21.995,25.189,27.525,3,10,90,9.26,36.178,37.343,8,Somewhat well,Very well,Very well,Very well,Very well,Very well,2.508,3.798,8.581,2,78258,0,0,43.928,0,0,0,10.392,0,0,0,8.25,0,0,0,18.733,0,0,0,10.702,0,u9mnam,Republican,Democratic,immigration,imm_control2
12/14/2023 10:49,12/14/2023 10:53,100,221,TRUE,12/14/2023 10:53,12.336,12.336,13.401,1,All the time,7.365,14.383,15.143,2,Strongly agree,Agree,30.183,45.843,64.601,4,35,65,9.537,32.983,33.5,9,Somewhat well,Very well,Very well,Very well,Very well,Very well,1.456,1.456,4.89,1,10512,0,0,33.4,0,0,0,14.898,0,0,0,17.556,0,,,,,0,0,7.545,0,d3n6wu,Democratic,Republican,immigration,imm_pc
12/14/2023 10:51,12/14/2023 10:53,100,122,TRUE,12/14/2023 10:53,10.21,10.21,11,1,Most of the time,5.482,11.577,12.261,3,Somewhat agree,Strongly agree,2.483,10.067,13.368,4,35,95,6.737,31.471,32.407,9,Somewhat well,Extremely well,Somewhat well,Somewhat well,Very well,Not too well,1.522,1.522,6.258,1,44035,0,0,4.977,0,0,0,6.26,0,0,0,3.229,0,0,0,6.857,0,0,0,16.424,0,d63hq6,Republican,Democratic,gun control,gc_control2
12/14/2023 10:50,12/14/2023 10:53,100,168,TRUE,12/14/2023 10:53,14.073,14.073,15.094,1,All the time,4.501,15.618,16.666,2,Strongly disagree,Strongly agree,13.996,17.807,20.413,3,50,20,6.428,24.571,25.298,8,Extremely well,Extremely well,Extremely well,Extremely well,Extremely well,Extremely well,1.786,1.786,6.325,1,77514,0,0,31.174,0,10.853,10.853,11.425,1,0,0,7.514,0,0,0,12.926,0,0,0,15.572,0,vayrbd,Democratic,Republican,immigration,imm_treat
12/14/2023 10:51,12/14/2023 10:53,100,145,TRUE,12/14/2023 10:53,23.286,41.745,42.513,2,Most of the time,5.798,16.864,17.618,4,Disagree,Strongly agree,7.521,11.571,13.802,4,50,50,4.755,25.521,26.061,11,Somewhat well,Very well,Very well,Somewhat well,Very well,Somewhat well,2.539,2.539,13.357,1,75053,0,0,6.863,0,0,0,11.049,0,0,0,2.957,0,,,,,0,0,6.689,0,f4ppa7,Republican,Democratic,gun control,gc_pc
12/14/2023 10:52,12/14/2023 10:54,100,104,TRUE,12/14/2023 10:54,5.892,6.62,7.3,2,Most of the time,7.521,12.211,12.663,3,Neither agree nor disagree,Agree,6.716,11.291,13.45,4,0,50,6.501,18.925,19.693,9,Very well,Very well,Somewhat well,Very well,Very well,Extremely well,0.936,0.936,4.701,1,86404,0,0,8.138,0,0,0,6.801,0,0,0,12.055,0,0,0,5.258,0,0,0,6.7,0,wzzd7p,Republican,Democratic,immigration,imm_treat
12/14/2023 10:46,12/14/2023 10:54,100,452,TRUE,12/14/2023 10:54,9.817,12.668,13.753,2,About half the time,4.588,15.923,16.592,4,Somewhat disagree,Strongly agree,4.035,14.868,15.796,5,30,60,173.003,315.708,339.686,10,Extremely well,Extremely well,Extremely well,Extremely well,Extremely well,Extremely well,1.261,1.261,5.802,1,77083,0,0,8.755,0,12.073,12.073,12.807,1,21.502,23.069,25.94,2,,,,,0,0,7.453,0,ryuyz9,Republican,Democratic,gun control,gc_pc
12/14/2023 10:52,12/14/2023 10:54,100,148,TRUE,12/14/2023 10:54,6.4,9.738,10.701,3,Most of the time,4.101,9.834,11.034,3,Strongly disagree,Strongly disagree,5.9,19.549,20.3,6,5,70,11.367,35.123,35.913,11,Somewhat well,Extremely well,Very well,Very well,Extremely well,Somewhat well,1.801,1.801,7.2,1,03045,0,0,9.192,0,9.815,19.211,20.002,3,0,0,5.301,0,0,0,5.987,0,0,0,7.001,0,k6vg8n,Democratic,Republican,gun control,gc_control3
12/14/2023 10:50,12/14/2023 10:54,100,244,TRUE,12/14/2023 10:54,18.754,38.609,39.859,2,Most of the time,6.784,14.223,16.839,2,Disagree,Agree,14.489,17.819,20.037,3,70,80,59.301,89.289,89.707,11,Very well,Extremely well,Very well,Very well,Very well,Somewhat well,2.058,2.058,5.321,1,45424,0,0,12.496,0,0,0,12.734,0,0,0,10.655,0,0,0,18.766,0,0,0,12.085,0,kc382k,Republican,Democratic,immigration,imm_treat
12/14/2023 10:53,12/14/2023 10:54,100,95,TRUE,12/14/2023 10:54,4.121,4.965,6,2,All the time,2.961,8.491,9.273,3,Strongly agree,Strongly agree,2.831,13.857,16.981,6,15,80,3.689,16.925,17.6,9,Very well,Extremely well,Somewhat well,Very well,Extremely well,Very well,1.748,1.748,6.953,1,41011,0,0,5.279,0,0,0,8.756,0,0,0,5.072,0,0,0,8.293,0,0,0,5,0,nfvd7z,Republican,Democratic,immigration,imm_treat
12/14/2023 10:51,12/14/2023 10:55,100,192,TRUE,12/14/2023 10:55,110.901,110.901,111.873,1,About half the time,5.6,15.706,16.606,4,Somewhat agree,Strongly agree,4.488,7.516,8.7,4,100,0,5.001,21.001,21.5,11,Somewhat well,Very well,Somewhat well,Very well,Somewhat well,Somewhat well,1.173,1.173,3.458,1,74133,0,0,7.142,0,0,0,3.833,0,0,0,1.801,0,0,0,3.125,0,0,0,6.046,0,hxuch6,Democratic,Republican,immigration,imm_control1
12/14/2023 10:52,12/14/2023 10:55,100,157,TRUE,12/14/2023 10:55,11.016,11.016,12.575,1,About half the time,8.388,15.828,17.08,3,Somewhat agree,Disagree,8.867,12.372,16.411,2,55,45,12.756,33.423,34.707,9,Somewhat well,Extremely well,Very well,Extremely well,Extremely well,Very well,2.264,2.264,7.536,1,37327,0,0,17.393,0,0,0,17.228,0,0,0,8.634,0,0,0,13.118,0,0,0,9.159,0,r6y9rh,Republican,Democratic,immigration,imm_treat
12/14/2023 10:53,12/14/2023 10:56,100,140,TRUE,12/14/2023 10:56,9.587,10.901,11.602,2,About half the time,4.201,9.886,11.084,3,Somewhat disagree,Somewhat disagree,3.401,10.002,12.801,5,36,48,5.702,29.15,30.107,11,Very well,Very well,Very well,Very well,Very well,Somewhat well,0.9,0.9,5.939,1,33772,0,0,10.201,0,2.438,4.686,5.789,2,36.004,39.27,40.433,2,,,,,0,0,5.464,0,3x6dea,Republican,Democratic,immigration,imm_pc
12/14/2023 10:54,12/14/2023 10:56,100,124,TRUE,12/14/2023 10:56,5.33,5.33,8.557,1,Most of the time,1.029,15.668,17.144,4,Agree,Somewhat disagree,1.35,18.757,19.514,7,70,40,6.853,30.186,31.062,12,Somewhat well,Very well,Very well,Very well,Very well,Somewhat well,1.202,1.202,3.922,1,16510,0,0,8.617,0,0,0,10.482,0,0,0,13.604,0,,,,,0,0,6.003,0,886nf1,Republican,Democratic,immigration,imm_pc
12/14/2023 10:39,12/14/2023 10:56,100,1047,TRUE,12/14/2023 10:56,11.052,11.052,12.167,1,About half the time,27.617,29.08,29.882,2,Strongly agree,Disagree,3.314,6.349,9.986,2,5,95,13.915,34.151,34.944,22,Somewhat well,Somewhat well,Somewhat well,Somewhat well,Not too well,Somewhat well,25.66,25.66,28.413,1,37909,0,0,6.401,0,0,0,11.123,0,0,0,3.547,0,0,0,11.776,0,0,0,67.168,0,12cpx2,Democratic,Republican,immigration,imm_control3
12/14/2023 10:50,12/14/2023 10:56,100,381,TRUE,12/14/2023 10:56,4.532,4.532,5.801,1,Most of the time,4.799,9.393,11.146,2,Somewhat agree,Strongly agree,1.718,9.45,10.601,3,95,40,8.695,36.395,37.745,12,Very well,Very well,Very well,Very well,Extremely well,Somewhat well,1.495,1.495,5.301,1,07304,0,0,47.622,0,0,0,250.995,0,0,0,0.744,0,0,0,3.647,0,0,0,1.157,0,x4x672,Democratic,Republican,gun control,gc_treat
12/14/2023 10:52,12/14/2023 10:56,100,247,TRUE,12/14/2023 10:56,10.371,10.371,12.101,1,Most of the time,14.875,25.137,25.866,3,Somewhat disagree,Strongly agree,20.054,28.883,32.001,5,90,40,15.613,48.532,49.501,8,Somewhat well,Very well,Very well,Very well,Very well,Somewhat well,8.152,8.152,12.777,1,30097,0,0,15.8,0,0,0,21.3,0,21.396,21.396,30.979,1,0,0,25.642,0,0,0,14.002,0,ftamqx,Democratic,Republican,immigration,imm_treat
12/14/2023 10:52,12/14/2023 10:57,100,277,TRUE,12/14/2023 10:57,13.409,13.409,14.335,1,All the time,9.188,24.937,26.769,2,Somewhat agree,Somewhat agree,25.768,38.877,48.24,3,35,55,11.748,32.223,33.681,7,Extremely well,Extremely well,Extremely well,Extremely well,Extremely well,Extremely well,1.684,1.684,9.773,1,32257,0,0,18.224,0,0,0,32.643,0,0,0,12.474,0,0,0,29.494,0,0,0,46.32,0,3dcpyh,Republican,Democratic,gun control,gc_treat
12/14/2023 10:52,12/14/2023 10:57,100,258,TRUE,12/14/2023 10:57,25.15,29.297,29.974,3,Once in a while,19.425,38.461,39.401,4,Agree,Agree,18.382,32.207,34.887,7,50,50,16.465,49.877,50.867,10,Somewhat well,Somewhat well,Somewhat well,Somewhat well,Very well,Very well,4.75,4.75,14.396,1,95823,0,0,25.261,0,0,0,15.437,0,0,0,10.374,0,0,0,16.697,0,0,0,13.47,0,cxaxx7,Republican,Democratic,gun control,gc_treat
12/14/2023 10:53,12/14/2023 10:57,100,224,TRUE,12/14/2023 10:57,10.434,10.434,12.001,1,Most of the time,11.848,16.761,19.1,2,Strongly disagree,Strongly agree,15.208,40.855,50.181,5,90,40,10.93,61.253,63.467,12,Somewhat well,Somewhat well,Not too well,Not too well,Somewhat well,Not too well,2.073,2.073,12.661,1,23456,0,0,15.685,0,0,0,12.603,0,0,0,8.101,0,0,0,13.301,0,0,0,7.901,0,fq6xu6,Democratic,Republican,gun control,gc_treat
12/14/2023 10:49,12/14/2023 10:57,100,509,TRUE,12/14/2023 10:57,14.539,14.539,15.388,1,All the time,25.888,37.962,38.863,6,Strongly agree,Strongly agree,40.548,47.165,51.184,2,25,85,6.843,26.83,27.772,8,Very well,Extremely well,Very well,Somewhat well,Very well,Extremely well,1.96,1.96,10.135,1,97006,76.709,76.709,211.68,1,11.54,13.577,14.051,2,0,0,9.715,0,,,,,0,0,7.526,0,txaab4,Republican,Democratic,immigration,imm_pc
12/14/2023 10:56,12/14/2023 10:57,100,84,TRUE,12/14/2023 10:57,6.122,6.122,6.9,1,Once in a while,2.13,4.058,4.581,3,Neither agree nor disagree,Neither agree nor disagree,34.961,38.399,41.6,3,2,98,4.103,12.112,13.479,10,Somewhat well,Somewhat well,Very well,Very well,Very well,Very well,0.946,0.946,6.8,1,47802,0,0,0.924,0,0,0,1.199,0,0,0,0.881,0,,,,,0,0,0.746,0,ne3qmm,Republican,Democratic,gun control,gc_pc
12/14/2023 10:55,12/14/2023 10:57,100,162,TRUE,12/14/2023 10:57,8.891,13.338,14.532,2,Most of the time,4.048,12.185,13.39,4,Agree,Strongly agree,6.529,11.238,13.138,2,70,40,8.73,28.645,29.166,10,Somewhat well,Very well,Extremely well,Very well,Very well,Very well,1.376,1.376,3.685,1,15217,0,0,12.283,0,9.899,11.682,43.949,2,0,0,3.082,0,0,0,18.878,0,0,0,5.259,0,q1etev,Democratic,Republican,gun control,gc_control2
12/14/2023 10:54,12/14/2023 10:58,100,238,TRUE,12/14/2023 10:58,16.272,30.955,31.801,5,About half the time,3.292,73.135,74.132,17,Somewhat agree,Agree,5.601,16.325,18.784,4,40,60,0.9,16.907,19.501,11,Somewhat well,Very well,Very well,Somewhat well,Very well,Somewhat well,2.751,58.888,64.798,2,10701,0,0,5.1,0,2.7,2.7,3.368,1,0,0,2.298,0,,,,,0,0,1.6,0,vtux2w,Republican,Democratic,immigration,imm_pc
12/14/2023 10:55,12/14/2023 10:58,100,167,TRUE,12/14/2023 10:58,11.828,12.826,13.817,2,About half the time,6.374,13.961,14.799,4,Neither agree nor disagree,Agree,8.481,17,20.248,4,60,40,7.731,38.386,39.186,15,Very well,Extremely well,Extremely well,Very well,Extremely well,Very well,2.122,2.122,8.455,1,29061,0,0,12.091,0,9.455,9.455,10.323,1,0,0,10.557,0,19.403,19.403,20.409,1,0,0,11.388,0,quzvva,Democratic,Republican,gun control,gc_treat
12/14/2023 10:51,12/14/2023 10:58,100,426,TRUE,12/14/2023 10:58,7.552,8.384,9.259,2,About half the time,5.572,11.692,12.647,4,Somewhat disagree,Strongly agree,13.044,17.381,20.416,3,80,20,14.099,166.388,168.117,18,Somewhat well,Very well,Somewhat well,Not too well,Somewhat well,Not too well,2.651,2.651,6.744,1,32259,0,0,5.701,0,8.93,8.93,10.466,1,0,0,5.596,0,,,,,0,0,8.338,0,gec38b,Democratic,Republican,gun control,gc_pc
12/14/2023 10:59,12/14/2023 10:59,100,42,TRUE,12/14/2023 10:59,3.762,3.993,4.498,2,Most of the time,2.893,5.901,6.615,3,Somewhat disagree,Somewhat agree,2.096,4.612,6.296,3,75,25,3.475,6.351,7.219,8,Very well,Very well,Very well,Very well,Very well,Somewhat well,0.923,0.923,2.981,1,11235,0,0,0.659,0,0,0,1.039,0,7.427,7.427,8.222,1,0,0,0.532,0,0,0,0.646,0,fb3wre,Republican,Democratic,immigration,imm_treat
12/14/2023 10:46,12/14/2023 11:00,100,842,TRUE,12/14/2023 11:00,26.56,26.56,29.101,1,Most of the time,8.751,13.307,14.467,2,Disagree,Agree,6.404,15.366,16.044,4,20,80,7.785,33.326,34.184,9,Somewhat well,Very well,Somewhat well,Somewhat well,Somewhat well,Somewhat well,1.819,1.819,11.176,1,18618,386.344,386.344,666.731,1,0,0,11.528,0,0,0,10.674,0,0,0,23.401,0,0,0,15.292,0,g1tet1,Democratic,Republican,immigration,imm_treat
12/14/2023 10:59,12/14/2023 11:00,100,76,TRUE,12/14/2023 11:00,3.651,3.651,4.576,1,About half the time,4.044,9.432,10.264,3,Disagree,Strongly disagree,7.494,11.128,13.179,3,50,75,5.251,20.453,21.129,11,Somewhat well,Very well,Extremely well,Extremely well,Extremely well,Somewhat well,1.231,1.231,4.403,1,62839,0,0,4.268,0,0,0,1.739,0,0,0,2.419,0,,,,,0,0,1.565,0,9eemkf,Democratic,Republican,immigration,imm_pc
12/14/2023 10:55,12/14/2023 11:00,100,307,TRUE,12/14/2023 11:00,10.284,10.284,72.725,1,About half the time,3.35,5.683,6.305,3,Neither agree nor disagree,Disagree,16.406,18.107,19.88,2,5,7,41.381,44.774,46.648,8,Extremely well,Very well,Very well,Extremely well,Extremely well,Very well,2.676,2.676,5.729,1,30605,0,0,7.049,0,0,0,116.269,0,0,0,1.491,0,0,0,11.532,0,0,0,13.835,0,pqaytn,Republican,Democratic,gun control,gc_treat
12/14/2023 10:56,12/14/2023 11:01,100,302,TRUE,12/14/2023 11:01,25.047,25.047,25.993,1,Most of the time,1.258,15.553,16.302,4,Agree,Somewhat agree,110.597,114.339,118.701,3,45,60,6.705,41.803,42.849,10,Somewhat well,Very well,Somewhat well,Somewhat well,Very well,Somewhat well,11.274,11.274,18.75,1,63069,0,0,10.551,0,0,0,16.233,0,0,0,14.38,0,0,0,23.293,0,0,0,8.502,0,dk4mzr,Republican,Democratic,immigration,imm_treat
12/14/2023 10:52,12/14/2023 11:01,100,540,TRUE,12/14/2023 11:01,17.465,66.132,79.27,3,Most of the time,5.027,7.432,12.972,2,Strongly disagree,Strongly agree,1.323,33.289,33.959,11,50,50,101.131,239.854,241.057,31,Extremely well,Extremely well,Extremely well,Extremely well,Extremely well,Extremely well,1.045,1.045,4.38,1,31750,0,0,12.564,0,0,0,11.101,0,24.205,24.205,29.901,1,10.936,67.374,70.072,3,26.325,36.541,37.341,2,gam2y4,Republican,Democratic,gun control,gc_control1
12/14/2023 10:58,12/14/2023 11:01,100,185,TRUE,12/14/2023 11:01,13.758,13.758,15.371,1,About half the time,10.899,18.406,18.8,3,Somewhat agree,Strongly agree,9.676,17.486,18.087,5,75,20,10.285,34.281,35.001,8,Very well,Very well,Somewhat well,Very well,Very well,Very well,2.443,2.443,6.4,1,75210,0,0,19.16,0,8.884,8.884,14.289,1,0,0,7.767,0,0,0,24.23,0,0,0,11.894,0,nqgt1v,Democratic,Republican,gun control,gc_treat
12/14/2023 11:00,12/14/2023 11:01,100,71,TRUE,12/14/2023 11:01,2.668,3.496,4.53,2,Most of the time,1.509,2.791,3.653,2,Strongly agree,Somewhat agree,1.291,3.608,6.545,3,90,6,1.9,10.739,11.927,7,Extremely well,Very well,Very well,Extremely well,Very well,Very well,1.374,1.374,9.977,1,10456,0,0,1.4,0,0,0,3.517,0,0,0,2.525,0,0,0,1.666,0,0,0,4.4,0,7ttd4r,Democratic,Republican,gun control,gc_treat
12/14/2023 10:58,12/14/2023 11:01,100,156,TRUE,12/14/2023 11:01,12.96,12.96,13.956,1,About half the time,9.041,15.259,15.88,3,Neither agree nor disagree,Neither agree nor disagree,7.506,16.647,17,8,15,100,6.967,24.599,25.099,11,Very well,Very well,Very well,Very well,Very well,Very well,1.26,1.26,4.137,1,90008,0,0,12.125,0,0,0,17.757,0,4.054,4.054,16.74,1,0,0,18.264,0,0,0,8.138,0,pv7f88,Democratic,Republican,gun control,gc_treat
12/14/2023 11:00,12/14/2023 11:01,100,67,TRUE,12/14/2023 11:01,7.023,7.023,7.879,1,Once in a while,3.104,6.307,7.334,2,Somewhat agree,Agree,0.784,4.837,7.176,3,75,25,2.602,10.463,11.1,9,Somewhat well,Somewhat well,Somewhat well,Very well,Somewhat well,Somewhat well,1.059,1.059,4.681,1,27410,0,0,12.479,0,0,0,2.443,0,0,0,3.847,0,,,,,0,0,1.16,0,7crxbu,Democratic,Republican,immigration,imm_pc
12/14/2023 11:00,12/14/2023 11:01,100,105,TRUE,12/14/2023 11:01,12.539,12.539,13.468,1,About half the time,4.412,9.343,11.486,2,Somewhat disagree,Agree,5.155,13.592,16.81,2,53,59,7.609,23.979,24.506,10,Not too well,Somewhat well,Very well,Not too well,Somewhat well,Not too well,1.38,1.38,5.203,1,19145,0,0,4.11,0,0,0,7.284,0,0,0,2.959,0,0,0,8.71,0,0,0,6.944,0,4bkety,Republican,Democratic,gun control,gc_control2
12/14/2023 10:59,12/14/2023 11:02,100,141,TRUE,12/14/2023 11:02,11.02,12.35,13.033,2,About half the time,7.184,13.68,14.277,3,Somewhat agree,Agree,12.14,19.806,23.83,5,45,75,6.04,27.723,28.656,9,Very well,Very well,Very well,Very well,Very well,Somewhat well,1.421,1.421,5.278,1,11364,0,0,11.526,0,0,0,10.653,0,0,0,7.086,0,0,0,14.682,0,0,0,7.229,0,tyx96d,Republican,Democratic,gun control,gc_treat
12/14/2023 10:57,12/14/2023 11:02,100,290,TRUE,12/14/2023 11:02,6.822,6.822,7.818,1,Most of the time,9.537,14.844,15.954,3,Strongly disagree,Strongly agree,9.489,13.451,16.553,3,50,80,69.886,87.071,87.826,11,Very well,Very well,Extremely well,Very well,Very well,Extremely well,0.863,0.863,3.701,1,77032,0,0,12.461,0,0,0,7.028,0,4.317,4.317,38.559,1,0,0,29.553,0,0,0,66.293,0,yvz1c1,Democratic,Republican,immigration,imm_control3
12/14/2023 11:01,12/14/2023 11:03,100,111,TRUE,12/14/2023 11:03,7.08,9.046,9.995,2,Once in a while,7.362,14.598,15.341,3,Disagree,Agree,4.778,20.638,21.233,7,70,70,4.548,31.443,32.373,12,Somewhat well,Very well,Extremely well,Somewhat well,Somewhat well,Somewhat well,1.219,1.219,3.64,1,77379,0,0,7.829,0,0,0,9.229,0,0,0,2.27,0,,,,,0,0,5.542,0,dmyvdw,Republican,Democratic,gun control,gc_pc
12/14/2023 10:52,12/14/2023 11:03,100,633,TRUE,12/14/2023 11:03,129.526,130.572,131.201,2,All the time,14.891,22.074,22.841,4,Neither agree nor disagree,Agree,46.385,94.263,95.1,7,90,0,8.305,30.913,31.601,11,Very well,Extremely well,Somewhat well,Very well,Very well,Extremely well,2.736,2.736,18.276,1,28602,0,0,39.285,0,0,0,212.425,0,0,0,6.519,0,0,0,56.52,0,0,0,12.07,0,tzav84,Democratic,Republican,gun control,gc_treat
12/14/2023 11:02,12/14/2023 11:03,100,77,TRUE,12/14/2023 11:03,5.39,6.005,6.854,2,Most of the time,4.173,8.356,8.953,3,Neither agree nor disagree,Agree,8.301,12.099,14.431,3,50,50,4.052,10.845,11.641,8,Very well,Very well,Very well,Not at all well,Very well,Very well,1.135,1.135,5.535,1,16105,0,0,6.878,0,0,0,4.8,0,0,0,2.506,0,0,0,3.246,0,0,0,7.356,0,dnf748,Republican,Democratic,gun control,gc_control2
12/14/2023 11:00,12/14/2023 11:03,100,161,TRUE,12/14/2023 11:03,12.417,12.417,13.448,1,About half the time,6.654,14.55,15.973,3,Neither agree nor disagree,Strongly agree,14.316,21.564,22.857,3,70,20,6.607,26.361,27.134,10,Extremely well,Extremely well,Very well,Extremely well,Very well,Very well,4.079,4.079,32.927,1,48174,0,0,11.379,0,14.258,14.258,15.167,1,6.837,6.837,8.222,1,,,,,0,0,9.327,0,vwzp82,Democratic,Republican,gun control,gc_pc
12/14/2023 11:00,12/14/2023 11:03,100,191,TRUE,12/14/2023 11:03,11.963,12.266,14.7,2,Most of the time,8.13,22.387,31.424,6,Disagree,Somewhat agree,15.736,26.53,29.201,4,60,50,23.172,51.141,52.166,15,Not too well,Very well,Extremely well,Very well,Very well,Very well,1.776,1.776,5.179,1,32724,0,0,15.765,0,1.724,14.648,15.346,2,9.152,9.73,10.76,2,,,,,0,0,11.665,0,3rhk6q,Republican,Democratic,immigration,imm_pc
12/14/2023 11:01,12/14/2023 11:03,100,116,TRUE,12/14/2023 11:03,6.845,6.845,7.735,1,About half the time,5.96,10.178,11.059,3,Strongly disagree,Somewhat disagree,9.222,12.375,14.331,3,90,2,4.546,18.998,19.761,9,Somewhat well,Somewhat well,Very well,Somewhat well,Very well,Very well,1.239,1.239,3.847,1,44023,0,0,8.245,0,0,0,12.318,0,0,0,6.449,0,0,0,6.225,0,0,0,9.095,0,1bqxnq,Republican,Democratic,gun control,gc_control1
12/14/2023 11:02,12/14/2023 11:04,100,127,TRUE,12/14/2023 11:04,8.525,8.525,9.441,1,About half the time,6.792,11.661,12.655,3,Disagree,Agree,8.305,11.628,14.429,3,50,70,4.738,18.013,19.07,9,Very well,Very well,Very well,Very well,Very well,Very well,1.659,1.659,5.331,1,65781,0,0,11.463,0,0,0,14.025,0,0,0,8.968,0,0,0,19.195,0,0,0,7.584,0,xp8ky1,Republican,Democratic,immigration,imm_control3
12/14/2023 11:02,12/14/2023 11:04,100,126,TRUE,12/14/2023 11:04,6.27,6.27,10.122,1,Most of the time,5.357,11.22,12.624,2,Neither agree nor disagree,Disagree,8.649,12.523,14.976,3,50,50,7.083,31.751,32.792,9,Not too well,Somewhat well,Not at all well,Not too well,Somewhat well,Not at all well,1,1,4.65,1,92201,0,0,7.019,0,13.001,13.001,13.987,1,0,0,7.42,0,0,0,12.507,0,0,0,5.537,0,gz6tt2,Democratic,Republican,immigration,imm_treat
12/14/2023 11:03,12/14/2023 11:04,100,94,TRUE,12/14/2023 11:04,3.901,3.901,5.084,1,Once in a while,3.867,7.598,8.309,2,Strongly disagree,Strongly agree,6.792,10.476,12.872,3,50,50,5.493,18.443,19.175,8,Extremely well,Extremely well,Extremely well,Extremely well,Extremely well,Extremely well,1.81,1.81,4.943,1,64156,0,0,3.747,0,0,0,9.123,0,9.753,12.019,12.531,3,0,0,4.107,0,6.282,6.282,7.68,1,t9depn,Democratic,Republican,gun control,gc_control1
12/14/2023 10:59,12/14/2023 11:04,100,312,TRUE,12/14/2023 11:04,7.828,9.245,10.077,2,About half the time,5.109,9.283,9.997,3,Somewhat agree,Agree,7.334,11.018,13.637,3,10,30,6.632,25.818,25.871,12,Very well,Very well,Somewhat well,Very well,Very well,Somewhat well,1.275,1.275,7.162,1,77057,71.624,71.624,74.301,1,129.685,133.381,135.532,2,1.95,2.714,3.75,2,0,0,5.374,0,15.488,15.488,17.696,1,8eb2bw,Republican,Democratic,gun control,gc_control3
12/14/2023 11:03,12/14/2023 11:04,100,95,TRUE,12/14/2023 11:04,5.1,5.635,6.49,2,All the time,4.128,13.079,13.761,4,Strongly disagree,Strongly agree,2.05,16.484,19.101,7,70,20,3.49,16.958,17.601,13,Extremely well,Extremely well,Extremely well,Very well,Very well,Very well,1.475,1.475,10.135,1,32308,3.346,3.346,6.23,1,2.969,2.969,4.323,1,2.551,2.551,3.254,1,3.334,3.334,4.583,1,1.882,1.882,5.636,1,zwphpx,Democratic,Republican,immigration,imm_control2
12/14/2023 11:03,12/14/2023 11:04,100,83,TRUE,12/14/2023 11:04,3.726,4.591,5.1,2,Once in a while,4.125,12.375,13.076,6,Agree,Neither agree nor disagree,5.921,9.098,11.001,2,50,50,2.415,14.278,14.758,13,Very well,Very well,Very well,Somewhat well,Very well,Somewhat well,2.045,2.045,5.459,1,07046,0,0,8.123,0,2.177,2.177,3.767,1,0,0,13.145,0,,,,,0,0,1.2,0,rf2r8z,Democratic,Republican,immigration,imm_pc
12/14/2023 11:01,12/14/2023 11:05,100,191,TRUE,12/14/2023 11:05,6.089,6.089,7.001,1,Once in a while,9.862,15.01,16.078,2,Strongly agree,Strongly agree,5.687,11.957,18.6,6,0,40,6.801,37.163,38.297,11,Somewhat well,Very well,Very well,Very well,Very well,Somewhat well,2.556,2.556,9.141,1,77575,0,0,7.487,0,0,0,45.101,0,0,0,8.351,0,0,0,20.381,0,0,0,7.438,0,hkbzym,Republican,Democratic,immigration,imm_treat
12/14/2023 11:03,12/14/2023 11:05,100,68,TRUE,12/14/2023 11:05,12.635,12.635,13.658,1,Most of the time,3.061,5.878,6.783,2,Disagree,Strongly agree,2.019,4.037,6.804,2,80,40,5.086,17.67,18.331,8,Very well,Extremely well,Extremely well,Extremely well,Extremely well,Somewhat well,1.169,1.169,3.538,1,91770,0,0,4.628,0,0,0,3.908,0,0,0,1.738,0,,,,,0,0,4.079,0,dwum2q,Democratic,Republican,gun control,gc_pc
12/14/2023 11:03,12/14/2023 11:05,100,125,TRUE,12/14/2023 11:05,8.894,8.894,10.149,1,All the time,6.449,11.729,13.65,2,Strongly disagree,Strongly agree,12.623,28.123,28.501,5,85,10,7.374,27.628,28.189,8,Extremely well,Extremely well,Extremely well,Extremely well,Extremely well,Extremely well,2.413,2.413,7.447,1,97221,0,0,7.838,0,0,0,11.261,0,0,0,4.837,0,,,,,0,0,6.154,0,d699hy,Democratic,Republican,gun control,gc_pc
12/14/2023 11:03,12/14/2023 11:05,100,128,TRUE,12/14/2023 11:05,3.445,3.445,4.581,1,All the time,4.595,10.596,11.097,4,Neither agree nor disagree,Strongly agree,17.471,24.413,25.043,4,10,90,5.672,23.739,24.283,9,Somewhat well,Somewhat well,Very well,Very well,Very well,Very well,2.15,2.15,5.301,1,29566,0,0,12.3,0,0,0,12.052,0,0,0,4.902,0,0,0,8.131,0,0,0,10.018,0,4x876z,Republican,Democratic,immigration,imm_control3
12/14/2023 11:04,12/14/2023 11:05,100,90,TRUE,12/14/2023 11:05,3.918,3.918,5.156,1,All the time,2.426,4.254,4.876,3,Neither agree nor disagree,Strongly agree,3.201,9.716,11.556,3,80,5,7.124,21.026,21.64,10,Not too well,Very well,Very well,Somewhat well,Very well,Somewhat well,1.179,1.179,4.485,1,23454,0,0,7.201,0,0,0,7.376,0,0,0,4.451,0,0,0,6.858,0,0,0,11.372,0,bycezd,Democratic,Republican,gun control,gc_treat
12/14/2023 11:03,12/14/2023 11:05,100,119,TRUE,12/14/2023 11:05,7.301,7.301,8.446,1,About half the time,6.201,9.801,11.25,2,Somewhat agree,Disagree,5.101,9.4,12.301,3,90,50,7.101,22.046,22.56,8,Very well,Extremely well,Extremely well,Very well,Extremely well,Very well,1.75,1.75,5.648,1,23606,0,0,10.03,0,0,0,13.497,0,0,0,7.736,0,0,0,14.001,0,0,0,7.59,0,tc24qv,Democratic,Republican,gun control,gc_treat
12/14/2023 11:03,12/14/2023 11:06,100,136,TRUE,12/14/2023 11:06,13.711,13.711,17.18,1,About half the time,8.774,13.556,14.705,3,Somewhat disagree,Strongly agree,8.741,15.593,24.584,4,90,10,7.694,31.514,32.445,10,Very well,Very well,Not too well,Somewhat well,Very well,Somewhat well,2.074,2.074,10.185,1,43560,0,0,11.29,0,0,0,7.06,0,0,0,5.363,0,,,,,0,0,6.792,0,3vgz47,Democratic,Republican,gun control,gc_pc
12/14/2023 11:03,12/14/2023 11:06,100,183,TRUE,12/14/2023 11:06,15.724,15.724,16.966,1,Once in a while,12.171,19.956,20.733,3,Agree,Strongly agree,15.364,22.746,24.484,4,40,80,9.291,35.88,37.825,8,Very well,Very well,Very well,Very well,Somewhat well,Somewhat well,1.754,1.754,7.52,1,92056,0,0,15.01,0,0,0,15.347,0,0,0,12.643,0,0,0,15.686,0,0,0,8.908,0,anfxfh,Republican,Democratic,gun control,gc_control1
12/14/2023 11:05,12/14/2023 11:07,100,106,TRUE,12/14/2023 11:07,34.204,34.204,34.57,1,About half the time,4.561,8.327,9.104,2,Agree,Strongly agree,2.753,6.26,8.093,2,100,100,5.224,16.723,17.805,10,Somewhat well,Somewhat well,Extremely well,Very well,Somewhat well,Somewhat well,0.845,0.845,4.001,1,71105,0,0,3.453,0,0,0,8.315,0,0,0,2.08,0,0,0,6.392,0,0,0,4.401,0,xpq479,Republican,Democratic,gun control,gc_treat
12/14/2023 10:53,12/14/2023 11:07,100,849,TRUE,12/14/2023 11:07,33.507,33.507,34.385,1,All the time,5.288,10.2,11.272,2,Strongly disagree,Strongly agree,37.311,56.292,60.268,7,20,60,6.101,39.247,40.353,13,Very well,Very well,Very well,Extremely well,Very well,Extremely well,1.096,1.096,3.862,1,77429,0,0,1.949,0,0,0,5.537,0,0,0,2.722,0,,,,,0,0,6.159,0,abdhqb,Republican,Democratic,gun control,gc_pc
12/14/2023 11:05,12/14/2023 11:07,100,127,TRUE,12/14/2023 11:07,4.914,6.511,7.091,3,Once in a while,4.896,10.884,11.717,4,Disagree,Somewhat disagree,4.234,11.651,12.255,5,100,100,8.069,25.686,26.462,11,Somewhat well,Very well,Very well,Very well,Very well,Very well,0.996,0.996,3.667,1,23236,0,0,9.11,0,1.52,9.257,14.67,4,1.74,17.675,21.56,2,2.592,6.926,9.939,2,0,0,4.335,0,mkpecc,Democratic,Republican,immigration,imm_treat
12/14/2023 11:05,12/14/2023 11:07,100,133,TRUE,12/14/2023 11:07,8.61,8.61,9.3,1,Most of the time,5.721,17.216,18.053,3,Disagree,Strongly agree,7.075,10.8,14.653,3,20,75,3.294,21.374,21.937,11,Extremely well,Very well,Very well,Somewhat well,Very well,Extremely well,1.431,1.431,4.168,1,98312,0,0,12,0,0,0,8.901,0,2.183,2.183,5.289,1,0,0,23.748,0,0,0,9.169,0,ym9d89,Republican,Democratic,immigration,imm_treat
12/14/2023 11:02,12/14/2023 11:07,100,325,TRUE,12/14/2023 11:07,17.331,53.397,54.457,2,Most of the time,3.88,8.138,9.298,4,Agree,Somewhat agree,1.312,8.864,11.062,4,30,70,0.978,134.128,135.748,8,Very well,Very well,Very well,Somewhat well,Very well,Extremely well,5.907,5.907,15.289,1,10701,0,0,15.929,0,0,0,31.193,0,0,0,17.146,0,,,,,0,0,3.765,0,1wcqpr,Republican,Democratic,immigration,imm_pc
12/14/2023 11:04,12/14/2023 11:08,100,204,TRUE,12/14/2023 11:08,5.374,5.374,6.088,1,Most of the time,10.7,16.517,17.928,3,Agree,Neither agree nor disagree,6.435,19.92,22.389,5,25,30,3.431,101.986,102.749,10,Very well,Very well,Very well,Very well,Very well,Very well,1.097,1.097,4.301,1,92509,0,0,9.493,0,0,0,9.239,0,0,0,6.405,0,0,0,5.984,0,0,0,13.197,0,72zmkm,Democratic,Republican,immigration,imm_control3
12/14/2023 11:05,12/14/2023 11:08,100,184,TRUE,12/14/2023 11:08,8.574,8.574,9.416,1,Most of the time,5.623,11.357,12.797,2,Agree,Somewhat disagree,3.842,6.122,8.135,2,50,50,4.086,108.341,109.055,8,Somewhat well,Somewhat well,Very well,Somewhat well,Very well,Very well,1.186,1.186,4.46,1,44905,0,0,8.598,0,0,0,13.357,0,0,0,6.208,0,,,,,0,0,6.797,0,y6b8h7,Democratic,Republican,gun control,gc_pc
12/14/2023 11:06,12/14/2023 11:08,100,95,TRUE,12/14/2023 11:08,6.93,7.629,8.388,2,About half the time,4.098,7.48,8.2,2,Somewhat disagree,Strongly agree,7.827,11.488,13.801,2,30,50,9.22,23.261,24.256,8,Somewhat well,Somewhat well,Somewhat well,Not too well,Somewhat well,Somewhat well,1.579,1.579,5.612,1,78641,0,0,8.5,0,0,0,5.811,0,0,0,3.721,0,0,0,5.59,0,0,0,5.875,0,ev989u,Republican,Democratic,gun control,gc_control1
12/14/2023 11:06,12/14/2023 11:08,100,130,TRUE,12/14/2023 11:08,7.494,8.571,10.085,2,Most of the time,7.053,13.733,14.256,5,Somewhat disagree,Strongly agree,10.059,16.42,18.857,4,40,60,9.651,26.772,27.584,11,Somewhat well,Somewhat well,Very well,Somewhat well,Very well,Somewhat well,1.615,1.615,5.164,1,70130,0,0,7.519,0,6.974,6.974,7.788,1,6.988,6.988,7.856,1,16.232,16.232,17.226,1,0,0,7.445,0,8m2bk8,Republican,Democratic,immigration,imm_treat
12/14/2023 11:05,12/14/2023 11:09,100,204,TRUE,12/14/2023 11:09,8.99,8.99,9.642,1,All the time,5.429,16,17.002,9,Disagree,Agree,21.983,34.419,35.841,5,50,60,5.381,87.313,87.771,13,Extremely well,Extremely well,Very well,Very well,Very well,Very well,2.516,2.516,8.978,1,63043,0,0,7.375,0,0,0,5.861,0,0,0,7.9,0,0,0,13.547,0,0,0,5.301,0,xkbp9z,Democratic,Republican,immigration,imm_control2
12/14/2023 11:06,12/14/2023 11:09,100,182,TRUE,12/14/2023 11:09,15.395,16.777,17.771,2,Once in a while,16.763,22.514,24.295,3,Disagree,Strongly agree,10.539,14.173,17.057,3,50,50,38.674,62.532,63.429,11,Very well,Very well,Very well,Very well,Very well,Very well,1.153,1.153,5.457,1,89149,0,0,18.166,0,9.734,9.734,11.081,1,6.687,6.687,8.846,1,,,,,0,0,10.674,0,pf32he,Republican,Democratic,immigration,imm_pc
12/14/2023 11:05,12/14/2023 11:09,100,226,TRUE,12/14/2023 11:09,5.668,5.668,6.547,1,About half the time,3.072,6.054,13.242,2,Neither agree nor disagree,Agree,17.495,21.242,26.76,2,50,75,73.149,111.907,112.864,7,Somewhat well,Very well,Very well,Somewhat well,Very well,Very well,1.236,1.236,6.237,1,19127,0,0,28.382,0,0,0,5.133,0,0,0,4.701,0,0,0,12.75,0,0,0,5.191,0,1c87zz,Republican,Democratic,immigration,imm_treat
12/14/2023 11:06,12/14/2023 11:09,100,138,TRUE,12/14/2023 11:09,8,8,9.644,1,Most of the time,8.303,14.565,15.437,3,Strongly agree,Strongly agree,9.503,13.83,16.988,3,50,20,7.554,27.723,28.62,9,Very well,Very well,Very well,Extremely well,Very well,Somewhat well,2.109,2.109,5.879,1,35127,0,0,11.925,0,0,0,14.24,0,0,0,5.178,0,0,0,18.672,0,0,0,6.738,0,tub3c1,Democratic,Republican,gun control,gc_treat
12/14/2023 11:06,12/14/2023 11:09,100,189,TRUE,12/14/2023 11:09,7.773,7.773,8.713,1,Most of the time,2.858,6.909,7.473,3,Somewhat disagree,Somewhat agree,6.414,10.067,12.412,2,60,40,6.661,24.099,25.028,9,Very well,Very well,Extremely well,Extremely well,Very well,Extremely well,1.461,1.461,4.501,1,19044,0,0,16.554,0,75.547,75.547,76.485,1,0,0,9.829,0,0,0,12.621,0,0,0,9.581,0,kbgya8,Republican,Democratic,gun control,gc_control2
12/14/2023 11:07,12/14/2023 11:09,100,103,TRUE,12/14/2023 11:09,5.385,6.81,8.092,3,Most of the time,2.651,8.506,9.057,4,Somewhat disagree,Strongly agree,4.991,10.261,13.079,4,15,85,3.001,13.97,14.97,9,Very well,Extremely well,Extremely well,Very well,Extremely well,Somewhat well,0.9,0.9,3.605,1,19148,0,0,6.049,0,2.813,15.772,17.182,2,0,0,8.474,0,4.538,6.658,8.803,2,0,0,6.061,0,vugmhd,Republican,Democratic,immigration,imm_treat
12/14/2023 11:07,12/14/2023 11:09,100,132,TRUE,12/14/2023 11:09,8.879,8.879,9.489,1,Most of the time,3.115,6.626,7.101,3,Disagree,Strongly agree,11.631,15.025,17.787,3,60,15,5.854,18.137,18.775,8,Not too well,Not too well,Somewhat well,Somewhat well,Somewhat well,Not too well,5.384,5.384,8.564,1,33458,0,0,37.671,0,0,0,6.101,0,0,0,9.428,0,0,0,5.895,0,0,0,4.916,0,2k7xfw,Democratic,Republican,gun control,gc_control3
12/14/2023 11:08,12/14/2023 11:09,100,75,TRUE,12/14/2023 11:09,7.174,7.174,8.748,1,About half the time,5.926,13.36,14.264,3,Neither agree nor disagree,Disagree,3.588,6.083,8.668,2,50,50,0.189,12.946,13.874,9,Somewhat well,Somewhat well,Somewhat well,Somewhat well,Somewhat well,Somewhat well,1.404,1.404,4.6,1,47978,0,0,2.788,0,3.725,5.42,6.278,5,0,0,1.277,0,,,,,0,0,8.347,0,bnzhgp,Republican,Democratic,immigration,imm_pc
12/14/2023 11:08,12/14/2023 11:09,100,80,TRUE,12/14/2023 11:09,4.095,4.095,4.901,1,Most of the time,4.102,7.346,10.692,2,Somewhat agree,Strongly agree,2.147,11.309,12.175,5,60,3,3.812,17.267,18.094,8,Very well,Extremely well,Somewhat well,Extremely well,Extremely well,Very well,1.629,1.629,7.574,1,07421,0,0,7.298,0,0,0,6.385,0,0,0,2.802,0,,,,,0,0,4.636,0,891m19,Democratic,Republican,immigration,imm_pc
12/14/2023 11:07,12/14/2023 11:09,100,141,TRUE,12/14/2023 11:09,20.587,25.173,26.001,3,Almost Never,4.803,15.023,15.743,5,Neither agree nor disagree,Disagree,5.291,13.458,14.193,4,10,50,7.325,31.865,32.821,9,Not too well,Somewhat well,Not too well,Somewhat well,Very well,Not too well,1.544,1.544,7.543,1,98072,0,0,11.009,0,15.297,15.297,16.05,1,5.279,5.279,6.255,1,,,,,0,0,6.59,0,k47av9,Democratic,Republican,immigration,imm_pc
12/14/2023 11:07,12/14/2023 11:10,100,156,TRUE,12/14/2023 11:10,8.877,8.877,9.902,1,Most of the time,8.66,18.948,20.595,2,Somewhat agree,Strongly agree,6.301,28.237,28.902,9,40,85,8.998,35.08,35.802,13,Somewhat well,Extremely well,Very well,Very well,Extremely well,Extremely well,1.454,1.454,5.241,1,46163,0,0,11.901,0,0,0,12.34,0,0,0,5.852,0,0,0,10.746,0,0,0,7.362,0,1q3n28,Republican,Democratic,gun control,gc_control3
12/14/2023 11:08,12/14/2023 11:10,100,119,TRUE,12/14/2023 11:10,5.678,5.678,6.769,1,Once in a while,4.2,9.662,10.2,3,Neither agree nor disagree,Disagree,22.196,28.085,28.153,5,50,50,3.284,18.723,19.3,10,Extremely well,Very well,Extremely well,Extremely well,Extremely well,Very well,1.622,1.622,8.2,1,95630,0,0,12.577,0,0,0,9.802,0,0,0,9.036,0,,,,,0,0,6.876,0,cmabtr,Republican,Democratic,gun control,gc_pc
12/14/2023 11:09,12/14/2023 11:10,100,93,TRUE,12/14/2023 11:10,6.023,6.023,6.56,1,All the time,4.819,7.599,8.55,2,Strongly agree,Strongly agree,2.383,7.271,7.7,3,70,5,4.047,17.422,17.995,9,Somewhat well,Very well,Somewhat well,Very well,Very well,Somewhat well,1.249,1.249,4.888,1,72023,0,0,6.623,0,11.648,11.648,14.18,1,0,0,9.843,0,0,0,4.3,0,0,0,5.701,0,drtz91,Democratic,Republican,immigration,imm_control1
12/14/2023 11:05,12/14/2023 11:10,100,302,TRUE,12/14/2023 11:10,45.154,51.802,52.902,4,Most of the time,1.681,17.249,18.654,7,Strongly disagree,Neither agree nor disagree,10.518,31.341,31.887,10,60,40,8.402,71.102,72.329,16,Not too well,Very well,Extremely well,Somewhat well,Somewhat well,Extremely well,1.291,1.291,5.451,1,32566,1.378,1.378,28.562,1,7.188,11.789,15.476,2,3.495,6.894,9.034,2,4.547,32.433,51.197,4,0,0,9.378,0,rydmn2,Republican,Democratic,gun control,gc_treat
12/14/2023 11:08,12/14/2023 11:11,100,131,TRUE,12/14/2023 11:11,24.647,24.647,25.741,1,About half the time,11.871,15.774,16.355,3,Strongly disagree,Disagree,4.743,14.406,14.771,6,45,60,17.082,31.124,31.79,8,Somewhat well,Very well,Somewhat well,Somewhat well,Very well,Very well,5,5,8.442,1,95971,0,0,7.278,0,0,0,9.601,0,0,0,2.045,0,,,,,0,0,5.59,0,yfdgyx,Democratic,Republican,immigration,imm_pc
12/14/2023 11:10,12/14/2023 11:11,100,79,TRUE,12/14/2023 11:11,5.292,5.292,6.015,1,Most of the time,3.029,7.967,9.755,3,Agree,Strongly agree,9.268,12.428,18.405,2,0,60,3.453,16.808,17.978,8,Somewhat well,Very well,Somewhat well,Somewhat well,Very well,Somewhat well,1.339,1.339,4.342,1,21202,0,0,5.161,0,0,0,5.254,0,0,0,2.593,0,,,,,0,0,5.655,0,pdggax,Republican,Democratic,immigration,imm_pc
12/14/2023 11:09,12/14/2023 11:12,100,169,TRUE,12/14/2023 11:12,5.783,5.783,6.738,1,Most of the time,4.64,9.566,11.185,3,Strongly disagree,Strongly agree,6.395,11.343,16.972,2,0,90,8.278,45.334,46.726,16,Very well,Extremely well,Very well,Very well,Extremely well,Somewhat well,1.675,6.401,7.465,2,15238,0,0,5.76,0,26.686,35.634,39.945,5,0,0,4.379,0,0,0,16.404,0,0,0,9.721,0,qz24k3,Republican,Democratic,gun control,gc_treat
12/14/2023 11:09,12/14/2023 11:12,100,203,TRUE,12/14/2023 11:12,1.759,7.008,7.833,2,All the time,3.343,8.304,8.753,3,Strongly disagree,Strongly disagree,4.563,7.219,10.5,3,90,10,6.359,21.241,22.113,9,Extremely well,Extremely well,Extremely well,Extremely well,Extremely well,Extremely well,1.963,1.963,8.663,1,75161,0,0,6.692,0,0,0,105.426,0,0,0,8.908,0,0,0,14.868,0,0,0,6.054,0,8w39nb,Republican,Democratic,immigration,imm_control2
12/14/2023 11:09,12/14/2023 11:12,100,165,TRUE,12/14/2023 11:12,9.33,9.33,10.495,1,Most of the time,7.58,12.901,14.501,2,Somewhat disagree,Strongly agree,12.174,17.663,19.801,5,50,50,10.537,32.25,33.172,9,Somewhat well,Very well,Very well,Very well,Very well,Very well,1.631,1.631,6.678,1,71446,0,0,12.801,0,0,0,15.198,0,0,0,8.901,0,17.041,17.041,21.4,1,0,0,9.101,0,rmh817,Democratic,Republican,immigration,imm_treat
12/14/2023 11:03,12/14/2023 11:12,100,531,TRUE,12/14/2023 11:12,4.709,4.709,5.486,1,Most of the time,3.544,11.595,13.584,4,Agree,Strongly agree,1.006,23.492,26.939,3,100,0,8.781,24.696,25.327,8,Somewhat well,Somewhat well,Somewhat well,Somewhat well,Somewhat well,Somewhat well,0.856,0.856,3.061,1,33160,0,0,6.174,0,0,0,9.97,0,0,0,18.853,0,0,0,8.991,0,0,0,406.437,0,rby2b8,Democratic,Republican,immigration,imm_treat
12/14/2023 11:10,12/14/2023 11:12,100,143,TRUE,12/14/2023 11:12,9.358,9.358,10.986,1,About half the time,6.249,10.053,12.183,2,Agree,Disagree,10.35,17.266,25.081,2,35,40,9.258,39.401,40.571,7,Not too well,Somewhat well,Somewhat well,Somewhat well,Somewhat well,Not too well,1.592,1.592,5.244,1,44203,0,0,8.014,0,0,0,9.956,0,0,0,10.601,0,,,,,0,0,10.402,0,ynzube,Republican,Democratic,immigration,imm_pc
12/14/2023 11:09,12/14/2023 11:13,100,245,TRUE,12/14/2023 11:13,26.61,28.011,28.911,3,Once in a while,0.826,56.544,57.318,6,Neither agree nor disagree,Strongly agree,0.921,13.531,19.007,4,50,50,41.739,54.405,55.399,15,Extremely well,Extremely well,Extremely well,Extremely well,Extremely well,Extremely well,1.202,1.202,4.752,1,23602,0,0,4.893,0,0,0,3.885,0,22.574,58.82,59.534,3,,,,,0,0,4.931,0,wq2v4y,Republican,Democratic,gun control,gc_pc
12/14/2023 11:11,12/14/2023 11:13,100,119,TRUE,12/14/2023 11:13,8.519,9.201,10.407,2,Once in a while,5.944,11.826,12.489,3,Neither agree nor disagree,Disagree,8.581,12.914,14.992,3,25,25,4.266,20.975,21.812,11,Somewhat well,Very well,Very well,Somewhat well,Somewhat well,Very well,13.1,13.1,16.194,1,32444,0,0,5.236,0,0,0,8.057,0,0,0,4.99,0,0,0,11.713,0,0,0,6.828,0,3hghqp,Democratic,Republican,immigration,imm_treat
12/14/2023 11:11,12/14/2023 11:13,100,110,TRUE,12/14/2023 11:13,4.932,4.932,10.4,1,About half the time,25.361,31.621,32.593,2,Neither agree nor disagree,Agree,8.582,11.411,13.553,3,50,40,4.761,20.531,21.202,9,Somewhat well,Very well,Somewhat well,Very well,Very well,Somewhat well,1.966,1.966,5.259,1,18428,0,0,8.222,0,0,0,4.851,0,0,0,2.093,0,0,0,1.001,0,0,0,4.964,0,2wqq1v,Democratic,Republican,gun control,gc_control1
12/14/2023 11:12,12/14/2023 11:13,100,62,TRUE,12/14/2023 11:13,5.885,5.885,6.582,1,Once in a while,3.212,8.639,9.224,4,Strongly disagree,Somewhat agree,16.416,19.289,21.361,3,80,35,2.218,6.361,7.022,8,Very well,Very well,Somewhat well,Somewhat well,Very well,Very well,0.757,1.495,4.832,2,95628,0,0,0.964,0,0,0,2.689,0,0,0,1.286,0,0,0,0.873,0,0,0,3.665,0,nzhka6,Republican,Democratic,immigration,imm_control2
12/14/2023 11:11,12/14/2023 11:14,100,155,TRUE,12/14/2023 11:14,6.774,6.774,7.979,1,Most of the time,10.028,18.872,20.655,3,Disagree,Agree,25.431,25.431,38.965,1,40,30,10.965,31.211,32.004,9,Very well,Very well,Very well,Very well,Very well,Somewhat well,3.254,3.254,8.5,1,33019,0,0,9.402,0,0,0,7.592,0,0,0,6.601,0,0,0,7.67,0,0,0,6.245,0,721pye,Republican,Democratic,gun control,gc_control2
12/14/2023 11:11,12/14/2023 11:14,100,184,TRUE,12/14/2023 11:14,16.317,17.7,18.573,2,About half the time,17.382,26.546,27.865,2,Somewhat disagree,Somewhat disagree,3.756,16.794,22.851,4,50,70,20.093,44.906,46.526,7,Somewhat well,Somewhat well,Somewhat well,Somewhat well,Somewhat well,Somewhat well,1.924,1.924,7.702,1,93420,0,0,5.582,0,0,0,9.856,0,0,0,6.462,0,0,0,23.678,0,0,0,9.545,0,a86x27,Democratic,Republican,immigration,imm_treat
12/14/2023 11:09,12/14/2023 11:14,100,308,TRUE,12/14/2023 11:14,45.879,49.001,49.971,3,Almost Never,13.276,29.681,30.34,5,Neither agree nor disagree,Strongly agree,21.781,49.791,56.8,5,50,80,19.603,79.882,80.501,16,Somewhat well,Not too well,Very well,Extremely well,Very well,Not at all well,2.702,3.093,12.9,2,55443,0,0,23.171,0,0.073,12.651,14.081,2,0,0,17.274,0,,,,,0,0,16.397,0,kb34w6,Republican,Democratic,immigration,imm_pc
12/14/2023 11:13,12/14/2023 11:14,100,75,TRUE,12/14/2023 11:14,4.864,4.864,5.787,1,Once in a while,2.417,8.227,9.052,3,Neither agree nor disagree,Somewhat agree,5.951,9.252,14.733,3,35,35,3.696,14.766,15.554,8,Extremely well,Extremely well,Extremely well,Extremely well,Extremely well,Extremely well,1.266,1.876,4.958,2,02360,0,0,7.531,0,0,0,3.922,0,0,0,3.53,0,,,,,0,0,7.091,0,bfpuq9,Democratic,Republican,immigration,imm_pc
12/14/2023 11:11,12/14/2023 11:14,100,157,TRUE,12/14/2023 11:14,8.3,9.498,10.504,2,Most of the time,7.276,13.699,14.794,4,Strongly disagree,Strongly agree,6.399,10.945,15.668,2,85,20,9.273,26.144,27.197,9,Not too well,Somewhat well,Not too well,Not too well,Somewhat well,Not too well,1.819,1.819,5.312,1,89122,0,0,11.575,0,0,0,16.768,0,0,0,13.724,0,0,0,22.257,0,0,0,9.517,0,acx677,Republican,Democratic,immigration,imm_treat
12/14/2023 11:09,12/14/2023 11:14,100,317,TRUE,12/14/2023 11:14,12.801,15.172,15.685,2,Once in a while,9.7,54.252,54.887,4,Agree,Disagree,16.881,34.3,35.101,5,50,70,11.101,102.426,102.749,12,Somewhat well,Somewhat well,Somewhat well,Somewhat well,Somewhat well,Not too well,3.1,3.1,11.387,1,07438,0,0,11.301,0,27.96,27.96,28.467,1,10.548,10.548,11.883,1,26.968,26.968,27.681,1,0,0,9.695,0,r746uz,Democratic,Republican,gun control,gc_treat
12/14/2023 11:03,12/14/2023 11:15,100,684,TRUE,12/14/2023 11:15,13.567,18.598,19.469,3,About half the time,10.663,18.084,18.957,3,Agree,Somewhat disagree,13.82,19.103,22.83,3,99,25,208.202,546.442,547.162,7,Somewhat well,Somewhat well,Very well,Somewhat well,Somewhat well,Somewhat well,1.935,1.935,6.59,1,17954,0,0,14.454,0,0,0,34.648,0,0,0,5.817,0,,,,,0,0,7.793,0,8hpcer,Republican,Democratic,immigration,imm_pc
12/14/2023 11:13,12/14/2023 11:15,100,103,TRUE,12/14/2023 11:15,1.867,7.619,7.963,4,Most of the time,4.106,8.256,8.916,4,Somewhat disagree,Strongly agree,6.792,21.825,24.93,12,65,70,14.107,28.132,28.816,11,Very well,Extremely well,Extremely well,Extremely well,Extremely well,Extremely well,0.993,0.993,3.308,1,89178,0,0,3.609,0,4.482,4.482,6.297,1,3.578,3.578,4.261,1,0,0,3.602,0,0,0,6.764,0,t2u7ve,Republican,Democratic,immigration,imm_control1
12/14/2023 11:13,12/14/2023 11:15,100,96,TRUE,12/14/2023 11:15,7.809,7.809,8.42,1,All the time,6.495,13.818,14.32,2,Strongly agree,Strongly agree,9.631,12.643,15.032,2,60,0,3.785,19.155,19.805,8,Very well,Very well,Extremely well,Extremely well,Extremely well,Somewhat well,1.233,1.233,3.501,1,80211,7.947,7.947,7.96,1,0,0,8.842,0,0,0,7.771,0,,,,,0,0,7.039,0,9q1ty2,Democratic,Republican,immigration,imm_pc
12/14/2023 11:13,12/14/2023 11:15,100,104,TRUE,12/14/2023 11:15,5.552,5.552,6.58,1,Most of the time,4.72,12.521,13.324,3,Somewhat disagree,Somewhat agree,6.419,11.642,17.805,3,40,25,4.995,20.391,21.219,10,Not too well,Somewhat well,Somewhat well,Somewhat well,Somewhat well,Somewhat well,1.691,1.691,4.747,1,33602,0,0,5.753,0,0,0,6.948,0,0,0,3.715,0,0,0,8.365,0,0,0,5.865,0,dt2c4n,Republican,Democratic,gun control,gc_treat
12/14/2023 11:13,12/14/2023 11:15,100,83,TRUE,12/14/2023 11:15,4.284,4.687,5.172,2,All the time,2.802,6.108,8.5,2,Strongly disagree,Strongly agree,4.109,6.579,7.796,3,53,0,3.52,38.633,39.4,23,Somewhat well,Somewhat well,Not at all well,Not at all well,Somewhat well,Not too well,0.878,0.878,4.343,1,20748,0,0,3.677,0,0,0,4.472,0,0,0,1.395,0,,,,,0,0,2.591,0,fgmppq,Democratic,Republican,gun control,gc_pc
12/14/2023 11:13,12/14/2023 11:15,100,98,TRUE,12/14/2023 11:15,6.097,6.899,7.598,2,Most of the time,3.771,10.649,11.236,5,Strongly disagree,Neither agree nor disagree,4.793,9.919,10.393,6,75,0,3.519,21.149,21.661,12,Somewhat well,Somewhat well,Somewhat well,Not at all well,Somewhat well,Somewhat well,1.38,1.38,4.229,1,02904,0,0,3.8,0,0,0,8.441,0,0,0,6.101,0,0,0,13.064,0,0,0,7.127,0,g7uxn7,Republican,Democratic,immigration,imm_treat
12/14/2023 11:14,12/14/2023 11:15,100,48,TRUE,12/14/2023 11:15,4.294,4.294,5.218,1,Once in a while,1.197,3.727,4.535,3,Strongly agree,Agree,0.741,4.152,6.754,2,0,100,0.988,17.229,18.31,8,Not at all well,Not at all well,Not at all well,Not at all well,Somewhat well,Somewhat well,1.281,1.281,4.131,1,28079,0,0,1.251,0,0,0,0.856,0,0,0,0.748,0,0,0,0.701,0,0,0,0.788,0,af9wkz,Republican,Democratic,immigration,imm_treat
12/14/2023 11:11,12/14/2023 11:15,100,273,TRUE,12/14/2023 11:15,25.54,25.54,27.21,1,Most of the time,9.579,10.727,11.791,2,Somewhat agree,Agree,7.404,12.987,15.594,3,55,40,10.096,40.494,41.044,13,Very well,Very well,Very well,Somewhat well,Very well,Very well,84.761,84.761,94.25,1,07086,0,0,3.176,0,0,0,1.376,0,0,0,59.145,0,,,,,0,0,1.403,0,72hag9,Republican,Democratic,gun control,gc_pc
12/14/2023 11:13,12/14/2023 11:15,100,120,TRUE,12/14/2023 11:15,6.909,8.092,8.616,2,About half the time,4.696,13.557,14.772,4,Agree,Strongly agree,6.454,12.611,15.98,3,50,0,4.672,24.479,25.281,11,Very well,Very well,Very well,Extremely well,Somewhat well,Extremely well,1.717,1.717,5.177,1,75407,0,0,9.373,0,10.06,10.06,14.149,1,0,0,7.174,0,,,,,0,0,6.702,0,3yf2vr,Democratic,Republican,immigration,imm_pc
12/14/2023 11:13,12/14/2023 11:15,100,148,TRUE,12/14/2023 11:15,13.668,13.668,14.408,1,Once in a while,11.069,20.372,21.869,2,Agree,Agree,7.86,15.914,19.301,5,30,60,8.902,38.248,39.071,9,Somewhat well,Very well,Somewhat well,Somewhat well,Very well,Somewhat well,1.377,1.377,4.201,1,84095,0,0,6.439,0,0,0,7.55,0,0,0,18.171,0,,,,,0,0,8.501,0,khnzuc,Republican,Democratic,gun control,gc_pc
12/14/2023 11:09,12/14/2023 11:15,100,400,TRUE,12/14/2023 11:15,14.138,19.26,20.26,4,About half the time,18.301,42.201,43.169,5,Neither agree nor disagree,Strongly agree,5.116,62.114,62.421,8,50,50,43.701,80.304,81.061,13,Not at all well,Extremely well,Extremely well,Extremely well,Extremely well,Extremely well,1.501,1.501,5.047,1,77020,0,0,31.277,0,57.958,73.032,74,2,22.537,22.537,23.602,1,2.765,34.306,36.097,2,13.593,13.593,15.376,1,4tk8m1,Republican,Democratic,gun control,gc_treat
12/14/2023 11:10,12/14/2023 11:15,100,337,TRUE,12/14/2023 11:15,9.914,11.841,12.555,2,Most of the time,5,11.158,12.182,3,Strongly disagree,Strongly disagree,40.214,103,105.073,6,65,35,4.808,40.938,41.901,11,Somewhat well,Not too well,Somewhat well,Not too well,Not too well,Not at all well,2.65,12.494,13.132,2,18704,0,0,32.394,0,9.37,9.37,10.068,1,0,0,4.673,0,,,,,0,0,99.975,0,wqxagg,Republican,Democratic,immigration,imm_pc
12/14/2023 11:13,12/14/2023 11:16,100,200,TRUE,12/14/2023 11:16,13.502,16.353,18.99,2,All the time,11.167,20.654,21.844,4,Somewhat disagree,Strongly disagree,5.302,17.691,19.442,6,70,55,14.029,35.386,36.687,11,Very well,Extremely well,Very well,Very well,Extremely well,Extremely well,3.1,3.1,10.577,1,72758,0,0,17.089,0,0,0,16.3,0,0,0,14.151,0,0,0,17.897,0,0,0,15.692,0,hxv4qm,Republican,Democratic,immigration,imm_treat
12/14/2023 11:14,12/14/2023 11:16,100,101,TRUE,12/14/2023 11:16,7.607,7.607,8.55,1,Once in a while,6.006,10.206,11.272,2,Disagree,Somewhat agree,7.637,10.193,12.494,2,65,35,5.093,20.975,21.54,9,Somewhat well,Somewhat well,Somewhat well,Not too well,Not too well,Not too well,1.003,1.003,3.762,1,24112,0,0,6.903,0,0,0,5.084,0,0,0,4.529,0,0,0,12.498,0,0,0,8.919,0,uybcaf,Republican,Democratic,gun control,gc_treat
12/14/2023 11:14,12/14/2023 11:16,100,111,TRUE,12/14/2023 11:16,12.138,12.138,13.193,1,Most of the time,5.089,8.941,10.801,2,Strongly agree,Strongly agree,3.6,8.959,15.586,3,0,43,4.659,20.31,22.572,7,Very well,Extremely well,Very well,Very well,Very well,Very well,3.2,3.818,8.2,2,44503,0,0,13.121,0,0,0,6.552,0,0,0,3.732,0,0,0,3.9,0,0,0,6.381,0,r8bkpr,Republican,Democratic,gun control,gc_control3
12/14/2023 11:14,12/14/2023 11:16,100,142,TRUE,12/14/2023 11:16,11.671,13.209,14.294,2,About half the time,5.767,16.953,18.082,5,Agree,Strongly agree,2.906,10.902,20.101,3,50,85,7.065,26.053,28.03,11,Somewhat well,Somewhat well,Somewhat well,Very well,Very well,Not too well,2.025,2.025,6.878,1,00000,0,0,6.986,0,11.62,11.62,13.441,1,0,0,7.458,0,0,0,12.317,0,0,0,8.061,0,dcg9nv,Republican,Democratic,immigration,imm_control3
12/14/2023 11:14,12/14/2023 11:16,100,160,TRUE,12/14/2023 11:17,8.687,8.687,9.93,1,Once in a while,14.1,22.753,24.56,3,Agree,Somewhat agree,8.804,16.664,19.202,2,6,8,7.23,43.329,44.382,11,Somewhat well,Very well,Very well,Somewhat well,Very well,Somewhat well,1.405,1.405,5.322,1,77077,0,0,7.476,0,3.116,3.116,4.501,1,0,0,7.42,0,0,0,13.629,0,0,0,19.117,0,29rgv6,Democratic,Republican,gun control,gc_control2
12/14/2023 11:14,12/14/2023 11:17,100,156,TRUE,12/14/2023 11:17,31.116,31.116,32.529,1,All the time,8.247,15.646,17.569,3,Disagree,Strongly agree,7.911,12.562,16.833,2,70,0,6.42,28.285,29.148,9,Very well,Extremely well,Extremely well,Very well,Extremely well,Extremely well,1.488,1.488,7.401,1,78550,0,0,10.367,0,0,0,13.705,0,0,0,8.828,0,,,,,0,0,9.628,0,ncw4dr,Democratic,Republican,gun control,gc_pc
12/14/2023 11:13,12/14/2023 11:17,100,265,TRUE,12/14/2023 11:17,15.181,15.181,17.038,1,About half the time,16.592,29.562,31.284,3,Somewhat agree,Strongly agree,23.182,27.331,36.51,3,70,50,15.68,85.277,86.274,17,Extremely well,Extremely well,Very well,Extremely well,Extremely well,Very well,1.797,1.797,8.313,1,63964,0,0,16.615,0,0,0,14.76,0,0,0,15.047,0,0,0,18.437,0,0,0,11.693,0,x2rq4k,Democratic,Republican,immigration,imm_control2
12/14/2023 11:15,12/14/2023 11:17,100,120,TRUE,12/14/2023 11:17,8.184,8.184,9,1,Most of the time,7.268,11.87,19.759,2,Disagree,Strongly agree,10.476,15.008,18.23,4,50,75,4.794,22.556,23.401,8,Somewhat well,Somewhat well,Very well,Extremely well,Extremely well,Extremely well,1.97,1.97,6.842,1,30038,0,0,7.502,0,0,0,9.125,0,0,0,5.59,0,0,0,4.542,0,0,0,7.431,0,q2ytdp,Democratic,Republican,immigration,imm_control1
12/14/2023 11:15,12/14/2023 11:17,100,120,TRUE,12/14/2023 11:17,9.497,9.83,10.429,2,All the time,4.798,13.354,13.82,5,Somewhat disagree,Agree,6.844,17.403,22.265,3,65,88,7.724,30.542,30.8,11,Somewhat well,Very well,Very well,Very well,Somewhat well,Very well,1.548,1.548,4.379,1,38583,0,0,9.018,0,3.654,3.654,7.069,1,0,0,4.3,0,0,0,1.566,0,0,0,7,0,pdm9rv,Republican,Democratic,gun control,gc_control1
12/14/2023 11:16,12/14/2023 11:17,100,86,TRUE,12/14/2023 11:17,5.214,5.214,6.142,1,Once in a while,2.987,7.372,8.088,3,Somewhat agree,Strongly disagree,6.158,9.916,13.085,3,60,10,6.709,18.794,19.574,9,Somewhat well,Very well,Extremely well,Extremely well,Extremely well,Extremely well,10.345,10.345,13.679,1,70739,0,0,4.493,0,0,0,6.259,0,0,0,4.824,0,,,,,0,0,5.258,0,xepck2,Republican,Democratic,gun control,gc_pc
12/14/2023 11:16,12/14/2023 11:17,100,101,TRUE,12/14/2023 11:17,8.11,8.11,8.859,1,All the time,4.707,8.387,9.494,2,Strongly agree,Strongly agree,4.291,16.501,17.201,5,0,95,4.531,19.85,20.601,8,Extremely well,Extremely well,Somewhat well,Very well,Extremely well,Not too well,2.46,2.46,5.644,1,25608,0,0,4.692,0,0,0,9.901,0,0,0,9.401,0,,,,,0,0,7.88,0,rhbqzn,Republican,Democratic,immigration,imm_pc
12/14/2023 11:16,12/14/2023 11:17,100,107,TRUE,12/14/2023 11:17,5.502,6.438,7.24,2,About half the time,7.575,11.659,14.8,3,Strongly agree,Strongly agree,3.944,17.816,19.6,5,100,0,17.233,33.252,36.165,11,Very well,Very well,Very well,Very well,Very well,Very well,0.972,0.972,3.602,1,85143,0,0,5.707,0,1.795,7.165,7.769,4,0,0,1.525,0,0,0,1.819,0,0,0,3.415,0,h2zrtt,Democratic,Republican,immigration,imm_treat
12/14/2023 11:15,12/14/2023 11:18,100,141,TRUE,12/14/2023 11:18,8.897,8.897,9.606,1,All the time,3.877,24.56,25.282,2,Strongly agree,Strongly disagree,5.783,9.741,13.056,3,2,75,6.41,28.029,30.334,9,Very well,Very well,Very well,Very well,Very well,Very well,4.666,4.666,9.743,1,28001,0,0,12.215,0,0,0,17.813,0,0,0,3.203,0,0,0,2.213,0,0,0,13.005,0,2pnxxm,Democratic,Republican,immigration,imm_control1
12/14/2023 11:17,12/14/2023 11:18,100,52,TRUE,12/14/2023 11:18,4.747,4.747,5.769,1,Once in a while,5.855,9.863,10.367,3,Strongly agree,Somewhat agree,3.746,7.823,11.353,3,27,35,1.752,5.422,6.301,8,Somewhat well,Not at all well,Somewhat well,Not too well,Not too well,Somewhat well,0.95,0.95,3.758,1,77067,0,0,0.706,0,3.727,3.727,4.564,1,0,0,2.91,0,0,0,0.97,0,0,0,1.294,0,npp8u9,Republican,Democratic,gun control,gc_control3
12/14/2023 11:17,12/14/2023 11:18,100,65,TRUE,12/14/2023 11:18,4.647,6.432,7.082,3,Once in a while,3.825,8.332,9.503,2,Neither agree nor disagree,Strongly agree,4.556,8.745,10.905,2,5,10,3.457,16.728,17.273,10,Somewhat well,Very well,Somewhat well,Not too well,Somewhat well,Somewhat well,1.04,1.04,3.29,1,38135,0,0,2.538,0,0,0,3.6,0,0,0,2.571,0,,,,,0,0,4.398,0,txz2vc,Republican,Democratic,gun control,gc_pc
12/14/2023 11:15,12/14/2023 11:18,100,151,TRUE,12/14/2023 11:18,8.401,8.401,9.567,1,Once in a while,8.591,16.291,16.667,3,Disagree,Agree,16.152,30.486,31.292,9,55,25,8.301,32.691,33.207,15,Somewhat well,Very well,Very well,Extremely well,Very well,Somewhat well,1.1,1.1,8.299,1,58102,0,0,10.794,0,0,0,7.777,0,0,0,4.1,0,0,0,13.466,0,0,0,10.3,0,ed28gc,Democratic,Republican,immigration,imm_treat
12/14/2023 11:13,12/14/2023 11:18,100,283,TRUE,12/14/2023 11:18,6.511,6.511,7.4,1,Once in a while,7.274,12.979,13.483,3,Disagree,Strongly disagree,126.566,130.043,131.672,4,50,45,5.982,73.713,74.414,9,Very well,Very well,Extremely well,Very well,Very well,Somewhat well,1.401,1.401,4.365,1,71291,0,0,5.03,0,0,0,10.309,0,0,0,3.159,0,0,0,16.653,0,0,0,8,0,4f4ypu,Republican,Democratic,gun control,gc_treat
12/14/2023 11:15,12/14/2023 11:18,100,161,TRUE,12/14/2023 11:18,8.534,8.534,9.543,1,About half the time,7.483,13.818,14.727,3,Somewhat disagree,Somewhat agree,15.767,21.404,24.429,2,65,55,10.082,28.865,29.893,9,Somewhat well,Extremely well,Very well,Very well,Very well,Very well,1.769,1.769,6.154,1,78727,0,0,12.254,0,0,0,13.016,0,0,0,15.551,0,0,0,21.479,0,0,0,9.766,0,eana9c,Republican,Democratic,gun control,gc_treat
12/14/2023 11:16,12/14/2023 11:18,100,131,TRUE,12/14/2023 11:18,5.472,5.472,6.301,1,Once in a while,3.255,8.663,9.419,3,Neither agree nor disagree,Agree,8.827,17.997,18.525,4,50,50,4.11,19.269,19.889,8,Somewhat well,Very well,Very well,Somewhat well,Very well,Very well,1.307,1.307,6.401,1,70601,0,0,15.47,0,0,0,12.576,0,14.731,14.731,15.825,1,0,0,7.694,0,6.291,6.291,8.967,1,cxg94a,Republican,Democratic,gun control,gc_control3
12/14/2023 11:16,12/14/2023 11:18,100,131,TRUE,12/14/2023 11:18,6.277,6.277,7.209,1,Once in a while,23.621,26.524,28.522,2,Somewhat agree,Somewhat agree,9.084,14.156,16.475,3,50,50,14.641,30.876,31.696,9,Very well,Very well,Very well,Very well,Very well,Very well,1.309,1.309,3.933,1,21152,0,0,5.386,0,0,0,10.967,0,0,0,3.337,0,0,0,14.128,0,0,0,5.518,0,2ek6mf,Democratic,Republican,gun control,gc_treat
12/14/2023 11:15,12/14/2023 11:18,100,196,TRUE,12/14/2023 11:18,19.18,26.519,29.601,2,About half the time,11.944,20.79,21.664,3,Disagree,Agree,10.993,32.502,37.124,4,25,35,8.299,33.494,34.9,11,Extremely well,Extremely well,Extremely well,Extremely well,Extremely well,Extremely well,1.925,1.925,4.547,1,99337,0,0,15.194,0,0,0,13.895,0,0,0,7.378,0,0,0,16.753,0,0,0,8.874,0,ku1dz4,Republican,Democratic,gun control,gc_control3
12/14/2023 11:15,12/14/2023 11:18,100,197,TRUE,12/14/2023 11:18,13.048,13.997,15.101,2,Once in a while,4.06,7.949,8.602,4,Disagree,Neither agree nor disagree,1.602,101.135,104.874,7,70,30,3.915,17.536,18.267,11,Very well,Extremely well,Very well,Very well,Extremely well,Not too well,1.355,1.355,5.366,1,65791,0,0,10.902,0,1.468,1.468,5.401,1,0,0,3.502,0,0,0,6.19,0,0,0,9.591,0,x7nrnk,Republican,Democratic,gun control,gc_control3
12/14/2023 11:18,12/14/2023 11:18,100,46,TRUE,12/14/2023 11:18,2.097,2.743,3.801,2,All the time,3.96,6.358,7.5,2,Disagree,Strongly agree,2.681,6.24,6.975,4,0,5,2.471,11.913,12.2,9,Extremely well,Extremely well,Very well,Extremely well,Extremely well,Extremely well,0.992,0.992,2.901,1,27603,0,0,2.383,0,0,0,1.862,0,0,0,1.936,0,,,,,0,0,2.901,0,1d3nqz,Republican,Democratic,gun control,gc_pc
12/14/2023 11:16,12/14/2023 11:18,100,137,TRUE,12/14/2023 11:18,2.8,2.8,3.301,1,Most of the time,29.401,55.663,56.001,4,Strongly agree,Strongly agree,4.843,8.146,10.478,3,86,48,3.495,24.238,24.701,10,Very well,Extremely well,Extremely well,Extremely well,Very well,Extremely well,0.6,0.6,4.262,1,35130,0,0,3.256,0,0,0,4.933,0,7.801,7.801,8.654,1,0,0,9.201,0,0,0,5.098,0,bhz47p,Democratic,Republican,gun control,gc_control2
12/14/2023 11:16,12/14/2023 11:18,100,174,TRUE,12/14/2023 11:18,10.33,35.461,37.361,8,About half the time,5.901,20.936,21.704,3,Agree,Agree,12.601,21.401,25.589,4,70,40,8.202,30.832,32.031,8,Very well,Extremely well,Very well,Very well,Extremely well,Somewhat well,3.702,3.702,9.206,1,92113,0,0,12.755,0,0,0,10.337,0,0,0,8.299,0,,,,,0,0,8.691,0,zqge3p,Republican,Democratic,immigration,imm_pc
12/14/2023 11:16,12/14/2023 11:19,100,180,TRUE,12/14/2023 11:19,10.602,10.602,11.902,1,About half the time,6.702,13.067,13.801,2,Agree,Disagree,4.755,14.049,14.91,4,100,80,6.203,28.478,29.478,8,Somewhat well,Very well,Very well,Very well,Somewhat well,Very well,29.29,29.29,33.771,1,70062,0,0,13.754,0,0,0,28.561,0,0,0,2.48,0,0,0,13,0,0,0,10.843,0,guxdtq,Democratic,Republican,immigration,imm_control3
12/14/2023 11:17,12/14/2023 11:19,100,75,TRUE,12/14/2023 11:19,14.679,16.661,17.255,4,Most of the time,2.03,10.48,11.346,6,Agree,Strongly agree,5.471,8.613,10.562,2,55,15,5.419,15.948,16.579,8,Extremely well,Extremely well,Extremely well,Extremely well,Extremely well,Extremely well,1.095,1.095,4.084,1,20855,0,0,2.663,0,0,0,3.84,0,0,0,0.925,0,0,0,2.48,0,0,0,1.116,0,g7qd3p,Democratic,Republican,immigration,imm_treat
12/14/2023 11:17,12/14/2023 11:19,100,129,TRUE,12/14/2023 11:19,7.94,7.94,9.013,1,About half the time,16.046,20.613,21.256,3,Neither agree nor disagree,Strongly agree,10.631,16.077,19.755,2,80,10,6.11,23.615,24.683,9,Extremely well,Extremely well,Extremely well,Extremely well,Extremely well,Extremely well,1.363,1.363,4.901,1,30711,0,0,8.813,0,0,0,10.373,0,0,0,12.723,0,0,0,7.152,0,0,0,5.493,0,nmzyhd,Democratic,Republican,gun control,gc_control3
12/14/2023 11:16,12/14/2023 11:19,100,136,TRUE,12/14/2023 11:19,6.65,7.587,8.601,2,About half the time,5.188,10.615,11.441,4,Strongly disagree,Disagree,7.547,17.112,17.726,9,40,55,7.373,24.752,25.745,10,Very well,Extremely well,Extremely well,Very well,Very well,Not too well,2.437,3.592,7.665,2,02837,0,0,8.933,0,9.293,9.293,10.83,1,0,0,19.029,0,0,0,17.22,0,0,0,4.692,0,f69bme,Republican,Democratic,gun control,gc_treat
12/14/2023 11:17,12/14/2023 11:19,100,125,TRUE,12/14/2023 11:19,27.5,27.5,28.577,1,Most of the time,12.083,15.367,16.507,2,Strongly agree,Strongly agree,7.456,10.64,13.014,2,85,0,4.306,19.113,19.841,7,Very well,Extremely well,Somewhat well,Very well,Extremely well,Extremely well,1.362,1.362,5.526,1,90277,0,0,8.472,0,0,0,8.468,0,0,0,6.39,0,0,0,5.794,0,0,0,7.618,0,etg263,Democratic,Republican,immigration,imm_control3
12/14/2023 11:18,12/14/2023 11:19,100,89,TRUE,12/14/2023 11:19,16.873,16.873,17.648,1,About half the time,2.718,5.168,6.695,2,Strongly disagree,Strongly agree,2.168,4.76,8.024,2,25,75,4.901,16.81,17.653,7,Not too well,Somewhat well,Somewhat well,Somewhat well,Somewhat well,Somewhat well,1.29,1.29,8.227,1,97365,0,0,4.564,0,0,0,6.188,0,0,0,2.961,0,0,0,6.615,0,0,0,4.774,0,yayzee,Republican,Democratic,immigration,imm_treat
12/14/2023 11:16,12/14/2023 11:19,100,197,TRUE,12/14/2023 11:19,11.075,12.607,13.701,2,About half the time,9.628,19.14,19.851,3,Disagree,Strongly agree,8.787,24.16,24.625,10,80,30,7.611,58.54,60.021,8,Not too well,Somewhat well,Not too well,Somewhat well,Not too well,Not too well,2.367,2.966,7.766,2,75074,0,0,13.144,0,0,0,14.97,0,0,0,9.178,0,0,0,9.864,0,0.715,0.715,16.064,1,6mvp8h,Democratic,Republican,immigration,imm_treat
12/14/2023 11:17,12/14/2023 11:20,100,177,TRUE,12/14/2023 11:20,42.402,42.402,43.769,1,About half the time,4.583,9.481,10.675,3,Somewhat disagree,Strongly agree,9.604,13.467,15.694,2,30,70,6.982,19.319,21.89,8,Somewhat well,Very well,Very well,Extremely well,Very well,Very well,3.41,3.41,9.345,1,32224,0,0,7.883,0,0,0,14.805,0,0,0,26.808,0,0,0,14.12,0,0,0,7.016,0,guf9kc,Republican,Democratic,immigration,imm_treat
12/14/2023 11:18,12/14/2023 11:20,100,71,TRUE,12/14/2023 11:20,2.05,2.955,4.055,3,All the time,3.812,4.928,5.464,3,Neither agree nor disagree,Somewhat agree,1.938,3.819,4.879,3,45,35,22.63,35.411,35.871,11,Somewhat well,Somewhat well,Extremely well,Very well,Very well,Extremely well,0.875,0.875,2.486,1,90069,0,0,1.792,0,2.008,2.428,2.891,2,1.369,1.369,1.816,1,0,0,0.745,0,0,0,4.228,0,vmv6ck,Democratic,Republican,immigration,imm_treat
12/14/2023 11:00,12/14/2023 11:20,100,1186,TRUE,12/14/2023 11:20,6.811,6.811,7.788,1,Once in a while,3.134,6.901,8.28,3,Neither agree nor disagree,Somewhat disagree,3.96,17.492,66.547,3,35,70,106.926,138.71,139.304,16,Somewhat well,Very well,Very well,Very well,Very well,Very well,1.16,1.16,4.324,1,44431,45.238,46.992,149.7,4,0,0,30.703,0,0,0,5.071,0,,,,,0,0,6.641,0,ddrmwe,Democratic,Republican,immigration,imm_pc
12/14/2023 11:18,12/14/2023 11:20,100,111,TRUE,12/14/2023 11:20,8.438,9.649,10.297,2,Once in a while,5.101,11.682,12.7,5,Neither agree nor disagree,Somewhat agree,9.598,13.103,14.801,3,50,50,5.235,24.952,25.501,10,Somewhat well,Very well,Very well,Very well,Very well,Very well,1.262,1.262,4.501,1,33445,0,0,7.371,0,0,0,5.4,0,0,0,5.501,0,0,0,9.666,0,0,0,6.758,0,6vw7fz,Republican,Democratic,gun control,gc_treat
12/14/2023 11:17,12/14/2023 11:20,100,164,TRUE,12/14/2023 11:20,8.701,8.701,13.212,1,All the time,7.101,18.004,18.668,3,Somewhat agree,Somewhat agree,15.401,26.435,27.207,4,60,2,8.102,33.051,33.92,8,Somewhat well,Very well,Extremely well,Very well,Extremely well,Very well,10.238,10.238,16.296,1,89149,0,0,11.932,0,0,0,10.301,0,0,0,7.158,0,0,0,9.259,0,0,0,8.29,0,28rxyn,Democratic,Republican,gun control,gc_control2
12/14/2023 11:16,12/14/2023 11:20,100,243,TRUE,12/14/2023 11:20,25.21,25.21,26.305,1,Most of the time,19.917,26.933,28.603,4,Neither agree nor disagree,Strongly agree,40.928,54.758,56.366,5,70,90,12.395,27.292,28.224,11,Very well,Extremely well,Very well,Very well,Extremely well,Extremely well,1.966,1.966,8.047,1,11208,0,0,14.731,0,0,0,9.042,0,0,0,4.871,0,0,0,17.719,0,0,0,12.037,0,qpkdcp,Republican,Democratic,immigration,imm_treat
12/14/2023 11:19,12/14/2023 11:20,100,101,TRUE,12/14/2023 11:20,6.859,7.3,8.071,2,Most of the time,4,8.528,9,5,Somewhat agree,Strongly agree,4.1,8.473,8.956,4,90,20,2.801,14.202,14.998,11,Extremely well,Very well,Extremely well,Very well,Extremely well,Somewhat well,1.14,1.14,3.97,1,77571,0,0,8.759,0,7.929,7.929,14.914,1,0,0,8.122,0,10.954,10.954,12.8,1,0,0,6.142,0,9uu3b9,Democratic,Republican,immigration,imm_treat
12/14/2023 11:13,12/14/2023 11:20,100,437,TRUE,12/14/2023 11:20,6.749,6.749,8.801,1,Most of the time,87.657,97.425,97.896,3,Neither agree nor disagree,Agree,89.289,116.256,116.83,6,57,57,77.743,126.192,127.055,10,Very well,Extremely well,Very well,Extremely well,Very well,Somewhat well,1.677,1.677,6.561,1,77089,0,0,10.281,0,0,0,14.598,0,0,0,13.633,0,0,0,26.765,0,0,0,8.54,0,rhe4nv,Republican,Democratic,immigration,imm_treat
12/14/2023 11:18,12/14/2023 11:20,100,123,TRUE,12/14/2023 11:20,15.628,16.275,17.562,2,Most of the time,5.878,10.988,11.791,3,Agree,Strongly agree,8.211,19.089,20.326,3,0,70,6.604,27.547,28.204,15,Somewhat well,Somewhat well,Not too well,Somewhat well,Somewhat well,Not too well,1.515,1.515,5.514,1,43232,0,0,10.309,0,9.539,9.539,10.199,1,0,0,6.782,0,,,,,0,0,5.955,0,w6urg6,Republican,Democratic,gun control,gc_pc
12/14/2023 11:19,12/14/2023 11:20,100,104,TRUE,12/14/2023 11:20,4.317,4.856,5.454,2,Almost Never,5.2,13.59,14.846,6,Strongly disagree,Somewhat agree,4.129,15.713,16.197,5,70,50,3.201,15.401,16.797,12,Extremely well,Extremely well,Extremely well,Extremely well,Extremely well,Extremely well,1.541,13.972,16.503,2,34655,0,0,5.359,0,0,0,4.338,0,0,0,4.407,0,0,0,8.778,0,0,0,5.06,0,gvt1n4,Republican,Democratic,immigration,imm_treat
12/14/2023 11:16,12/14/2023 11:20,100,248,TRUE,12/14/2023 11:20,22.572,22.572,23.896,1,Most of the time,20.356,27.526,29.802,2,Agree,Disagree,19.245,30.342,37.801,3,55,50,11.742,53.675,54.742,8,Extremely well,Extremely well,Very well,Extremely well,Extremely well,Very well,2.932,2.932,9.658,1,37327,0,0,15.816,0,0,0,34.925,0,0,0,7.751,0,0,0,15.855,0,0,0,10.424,0,bnfct9,Democratic,Republican,immigration,imm_control1
12/14/2023 11:19,12/14/2023 11:20,100,73,TRUE,12/14/2023 11:20,6.183,6.183,7.106,1,Most of the time,3.861,7.055,7.529,3,Neither agree nor disagree,Agree,7.451,11.997,14.451,3,80,65,3.241,11.159,11.823,13,Very well,Very well,Extremely well,Very well,Very well,Somewhat well,0.923,0.923,3.17,1,91606,0,0,3.825,0,1.727,1.727,9.501,1,0,0,1.877,0,0,0,4.35,0,0,0,5.446,0,zvf1ru,Republican,Democratic,gun control,gc_control1
12/14/2023 11:18,12/14/2023 11:21,100,180,TRUE,12/14/2023 11:21,18.701,18.701,20.001,1,Once in a while,7.697,19.144,20.302,5,Neither agree nor disagree,Somewhat agree,8.77,25.532,26.167,8,65,40,4.52,24.064,25.001,8,Not too well,Very well,Very well,Somewhat well,Very well,Very well,1.824,1.824,5.802,1,90020,0,0,6.194,0,0,0,13.764,0,0,0,27.532,0,0,0,12.738,0,0,0,5.902,0,1dkqc3,Democratic,Republican,gun control,gc_control3
12/14/2023 11:18,12/14/2023 11:21,100,139,TRUE,12/14/2023 11:21,6.787,6.787,8.265,1,All the time,8.369,13.437,14.9,2,Disagree,Agree,5.679,9.218,12.317,2,80,20,7.962,27.237,27.9,10,Not too well,Somewhat well,Somewhat well,Somewhat well,Somewhat well,Not too well,2.301,2.301,6.842,1,28714,10.556,10.556,12.19,1,12.564,12.564,15.184,1,7.884,7.884,8.797,1,0,0,11.324,0,0,0,13.288,0,h7t2ve,Democratic,Republican,gun control,gc_control2
12/14/2023 11:20,12/14/2023 11:21,100,86,TRUE,12/14/2023 11:21,4.201,4.201,5.684,1,Once in a while,3.289,13.724,15.283,6,Agree,Somewhat agree,5.871,11.763,13.728,3,50,50,9.148,23.073,23.921,8,Very well,Extremely well,Extremely well,Extremely well,Very well,Very well,1.389,1.389,3.989,1,46260,0,0,5.521,0,0,0,5.476,0,0,0,2.09,0,,,,,0,0,3.974,0,rdxw9v,Democratic,Republican,immigration,imm_pc
12/14/2023 11:19,12/14/2023 11:21,100,119,TRUE,12/14/2023 11:21,5.122,5.122,5.818,1,About half the time,5.829,7.546,8.894,2,Somewhat agree,Strongly agree,5.157,9.133,11.479,3,33,67,0.935,26.413,26.422,11,,Very well,Very well,Very well,Very well,Very well,0.295,3.315,7.925,2,32204,0,0,2.827,0,0,0,18,0,0,0,3.71,0,0,0,21.523,0,0,0,7.784,0,9paveb,Republican,Democratic,immigration,imm_control2
12/14/2023 11:18,12/14/2023 11:21,100,218,TRUE,12/14/2023 11:21,13.241,15.027,15.801,2,Most of the time,8.301,17.992,19.599,3,Strongly disagree,Strongly disagree,19.501,26.327,32.624,3,50,80,17.553,52.636,53.571,11,Very well,Very well,Very well,Somewhat well,Somewhat well,Somewhat well,3.247,3.247,9.702,1,72501,0,0,14.001,0,0,0,14.901,0,0,0,15.001,0,0,0,21.003,0,0,0,12.253,0,hg3pen,Democratic,Republican,immigration,imm_treat
12/14/2023 11:19,12/14/2023 11:21,100,136,TRUE,12/14/2023 11:21,26.614,26.614,27.167,1,All the time,6.764,19.728,20.794,4,Strongly disagree,Strongly agree,10.091,14.071,20.209,2,90,10,5.552,22.679,23.356,10,Very well,Extremely well,Extremely well,Extremely well,Very well,Extremely well,1.95,1.95,7.238,1,42104,0,0,7.619,0,0,0,4.716,0,0,0,3.913,0,0,0,9.105,0,0,0,6.76,0,bvhvy2,Democratic,Republican,gun control,gc_treat
12/14/2023 11:20,12/14/2023 11:21,100,96,TRUE,12/14/2023 11:22,13.562,13.562,14.401,1,Most of the time,6.975,10.206,11.74,2,Neither agree nor disagree,Disagree,4.235,8.752,13.18,4,20,80,7.132,23.68,24.251,8,Not too well,Very well,Very well,Not too well,Very well,Not at all well,1.112,1.112,6.529,1,22305,0,0,4.076,0,0,0,6.034,0,0,0,5.055,0,,,,,0,0,6.253,0,1xm6wp,Democratic,Republican,gun control,gc_pc
12/14/2023 11:20,12/14/2023 11:22,100,87,TRUE,12/14/2023 11:22,7.467,7.467,8.191,1,About half the time,4.251,13.521,14.55,6,Strongly disagree,Neither agree nor disagree,5.106,7.526,13.827,2,50,50,7.349,18.617,20.064,7,Very well,Very well,Very well,Very well,Very well,Very well,1.166,1.166,4.083,1,38655,0,0,3.474,0,0,0,6.674,0,0,0,1.747,0,,,,,1.643,1.643,8.508,1,znavrz,Democratic,Republican,gun control,gc_pc
12/14/2023 11:20,12/14/2023 11:22,100,117,TRUE,12/14/2023 11:22,2.927,6.563,6.996,4,All the time,2.466,10.375,10.801,5,Strongly disagree,Strongly agree,2.474,8.546,12.2,4,80,10,2.642,28.152,28.876,17,Extremely well,Extremely well,Extremely well,Extremely well,Extremely well,Extremely well,1.362,1.362,4.037,1,07004,0,0,7.402,0,15.99,15.99,19.202,1,4.997,4.997,5.573,1,10.036,10.036,11.288,1,0,0,5.387,0,6kme82,Democratic,Republican,gun control,gc_treat
12/14/2023 11:20,12/14/2023 11:22,100,119,TRUE,12/14/2023 11:22,7.133,8.42,9.686,2,About half the time,5.401,14.964,15.506,6,Neither agree nor disagree,Agree,3.697,9.326,17.501,4,85,10,3.401,32.997,34.908,9,Very well,Somewhat well,Somewhat well,Somewhat well,Somewhat well,Very well,1.501,1.501,7.801,1,76240,0,0,8.5,0,7.017,7.017,9.071,1,0,0,4.298,0,,,,,0,0,6.767,0,e2877b,Democratic,Republican,immigration,imm_pc
12/14/2023 11:19,12/14/2023 11:22,100,194,TRUE,12/14/2023 11:22,6.731,6.731,8.701,1,Once in a while,8.089,16.93,18.902,2,Disagree,Disagree,20.179,24.477,28.295,3,78,52,10.608,36.114,37.431,8,Somewhat well,Very well,Somewhat well,Very well,Very well,Very well,12.436,12.436,16.838,1,51060,0,0,18.192,0,0,0,15.601,0,0,0,5.195,0,0,0,15.153,0,0,0,12.25,0,67161e,Republican,Democratic,immigration,imm_treat
12/14/2023 11:19,12/14/2023 11:22,100,153,TRUE,12/14/2023 11:22,7.403,7.403,9.844,1,All the time,11.634,20.17,20.993,3,Somewhat agree,Strongly agree,31.163,37.549,39.716,3,68,80,5.276,38.492,41.103,18,Somewhat well,Somewhat well,Very well,Somewhat well,Not too well,Not too well,1.519,1.519,4.363,1,63034,0,0,5.708,0,14.39,14.39,15.103,1,0,0,2.408,0,,,,,0,0,8.164,0,h9u14m,Republican,Democratic,gun control,gc_pc
12/14/2023 11:20,12/14/2023 11:22,100,128,TRUE,12/14/2023 11:22,6.213,6.213,7.943,1,Most of the time,6.537,12.454,13.312,3,Strongly agree,Strongly agree,5.676,25.917,28.345,7,10,80,5.742,29.692,30.753,10,Very well,Somewhat well,Somewhat well,Somewhat well,Somewhat well,Not too well,1.05,1.05,8.721,1,10029,0,0,9.051,0,0,0,4.849,0,0,0,6.596,0,0,0,8.389,0,0,0,6.002,0,9tphbv,Republican,Democratic,gun control,gc_treat
12/14/2023 11:20,12/14/2023 11:22,100,102,TRUE,12/14/2023 11:22,10.08,10.08,10.921,1,Once in a while,4.523,6.781,8.072,2,Neither agree nor disagree,Somewhat agree,11.364,14.999,18.494,2,50,20,5.94,14.648,15.242,10,Somewhat well,Very well,Very well,Very well,Somewhat well,Very well,1.044,1.044,6,1,63133,0,0,1.446,0,0,0,12.059,0,3.215,5.974,10.125,7,1.328,2.643,3.251,6,0,0,10.212,0,1n8zxq,Democratic,Republican,gun control,gc_control1
12/14/2023 11:21,12/14/2023 11:22,100,63,TRUE,12/14/2023 11:22,5.711,7.153,7.754,2,Most of the time,2.885,4.67,5.319,3,Agree,Neither agree nor disagree,2.578,5.127,6.844,3,40,50,1.065,5.742,6.695,8,Very well,Very well,Very well,Very well,Very well,Very well,0.99,0.99,3.301,1,48906,0,0,12.237,0,3.014,3.014,3.897,1,0,0,2.753,0,0,0,3.12,0,0,0,5.025,0,cd7n1c,Republican,Democratic,gun control,gc_control2
12/14/2023 11:20,12/14/2023 11:22,100,135,TRUE,12/14/2023 11:22,8.086,8.086,9.347,1,About half the time,4.885,12.859,13.607,3,Disagree,Agree,12.45,17.235,23.53,4,2,53,10.007,35.325,36.6,10,Somewhat well,Very well,Very well,Somewhat well,Very well,Somewhat well,1.308,1.308,4.192,1,78741,0,0,5.186,0,0,0,12.64,0,0,0,9.959,0,0,0,7.313,0,0,0,8.328,0,xn6pun,Republican,Democratic,gun control,gc_control1
12/14/2023 11:21,12/14/2023 11:22,100,57,TRUE,12/14/2023 11:22,2.819,4.085,4.916,2,Almost Never,5.655,9.49,10.337,3,Disagree,Neither agree nor disagree,1.988,4.507,6.45,2,100,100,1.856,9.066,9.968,11,Extremely well,Extremely well,Extremely well,Extremely well,Extremely well,Extremely well,3.023,3.023,5.191,1,92104,0,0,3.67,0,3.808,3.808,4.747,1,0,0,2.385,0,,,,,0,0,4.753,0,4qx9cp,Republican,Democratic,immigration,imm_pc
12/14/2023 11:15,12/14/2023 11:22,100,460,TRUE,12/14/2023 11:22,7.187,82.804,119.769,3,Most of the time,56.501,103.027,103.589,3,Disagree,Neither agree nor disagree,101.7,107.049,107.415,5,75,25,9.001,39.065,39.633,10,Somewhat well,Very well,Somewhat well,Very well,Somewhat well,Somewhat well,2.112,2.112,5.168,1,94509,0,0,17.702,0,0,0,11.602,0,0,0,8.975,0,0,0,25.355,0,0,0,13,0,k3etuz,Republican,Democratic,immigration,imm_treat
12/14/2023 11:20,12/14/2023 11:22,100,142,TRUE,12/14/2023 11:22,11.701,11.701,13.584,1,About half the time,6.301,11.938,12.65,3,Disagree,Strongly agree,11,18.517,19.005,5,75,80,6.601,24.998,25.764,12,Very well,Very well,Very well,Very well,Very well,Somewhat well,1.701,1.701,6.5,1,72058,0,0,10.568,0,0,0,11.13,0,0,0,2.081,0,0,0,10.569,0,0,0,9.087,0,mznv8q,Republican,Democratic,gun control,gc_control2
12/14/2023 11:16,12/14/2023 11:23,100,411,TRUE,12/14/2023 11:23,7.875,7.875,9.259,1,All the time,9.294,23.463,24.235,3,Agree,Strongly agree,5.995,23.272,24.379,6,0,70,8.78,30.276,31.175,8,Extremely well,Extremely well,Extremely well,Extremely well,Extremely well,Very well,1.56,1.56,6.499,1,32223,0,0,275.144,0,0,0,19.354,0,0,0,5.482,0,,,,,0,0,8.822,0,3ux8fe,Republican,Democratic,gun control,gc_pc
12/14/2023 11:20,12/14/2023 11:23,100,165,TRUE,12/14/2023 11:23,7.6,7.6,8.701,1,Most of the time,7.107,11.619,12.65,2,Disagree,Disagree,5.759,18.652,19.29,3,25,75,24.281,45.483,46.233,7,Very well,Extremely well,Extremely well,Very well,Extremely well,Very well,1.486,1.486,4.84,1,40118,0,0,17.7,0,0,0,21.085,0,0,0,4.594,0,0,0,16.58,0,0,0,6.701,0,mxnzdv,Democratic,Republican,gun control,gc_control1
12/14/2023 11:21,12/14/2023 11:23,100,117,TRUE,12/14/2023 11:23,5.756,7.688,8.493,4,Once in a while,3.895,25.804,26.665,5,Somewhat agree,Somewhat agree,5.493,10.696,14.88,3,40,40,8.798,21.93,22.501,10,Very well,Very well,Extremely well,Very well,Very well,Very well,1.127,1.127,2.824,1,92708,0,0,7.169,0,0,0,8.939,0,0,0,3.799,0,0,0,9.703,0,0,0,5.098,0,rrauey,Democratic,Republican,immigration,imm_treat
12/14/2023 11:17,12/14/2023 11:23,100,362,TRUE,12/14/2023 11:23,13.207,13.207,14.923,1,About half the time,110.156,115.186,119.301,3,Agree,Strongly agree,2.956,6.425,14.12,3,30,85,4.602,154.764,155.614,9,Very well,Extremely well,Very well,Extremely well,Very well,Very well,1.102,1.102,5.845,1,90805,0,0,14.771,0,0,0,21.469,0,0,0,6.548,0,,,,,0,0,5.883,0,7mhp3y,Republican,Democratic,gun control,gc_pc
12/14/2023 11:21,12/14/2023 11:23,100,83,TRUE,12/14/2023 11:23,7.086,7.086,7.84,1,About half the time,4.594,9.156,10.741,2,Somewhat disagree,Somewhat agree,4.332,8.041,9.899,3,40,45,6.061,19.208,20.501,8,Very well,Very well,Very well,Very well,Very well,Somewhat well,1.15,1.15,4.056,1,68134,0,0,10.666,0,0,0,4.645,0,0,0,5.001,0,,,,,0,0,4.544,0,uhxgc7,Democratic,Republican,immigration,imm_pc
12/14/2023 11:21,12/14/2023 11:23,100,150,TRUE,12/14/2023 11:23,1.758,8.391,9.201,2,All the time,5.669,17.686,18.465,5,Strongly disagree,Strongly agree,1.57,17.302,19.884,4,75,30,1.672,34.986,35.862,10,Somewhat well,Extremely well,Extremely well,Very well,Extremely well,Very well,1.798,1.798,5.681,1,29456,7.246,7.246,9.306,1,0,0,11.841,0,5.619,13.303,14.571,4,0,0,12.75,0,0,0,7.545,0,7wgznu,Republican,Democratic,gun control,gc_treat
12/14/2023 11:22,12/14/2023 11:24,100,79,TRUE,12/14/2023 11:24,5.695,5.695,6.465,1,About half the time,3.418,6.683,7.585,2,Strongly agree,Strongly agree,7.381,10.173,11.918,2,90,5,5.635,24.087,25.637,18,Somewhat well,Very well,Extremely well,Very well,Extremely well,Not too well,1.017,1.017,4.165,1,11105,0,0,4.938,0,0,0,4.525,0,0,0,2.9,0,,,,,0,0,5.729,0,n7e73y,Democratic,Republican,gun control,gc_pc
12/14/2023 11:22,12/14/2023 11:24,100,107,TRUE,12/14/2023 11:24,6.348,6.348,7.766,1,Once in a while,8.016,13.83,15.003,2,Somewhat disagree,Somewhat agree,8.792,13.184,17.501,3,60,60,5.787,21.138,24.318,8,Somewhat well,Somewhat well,Somewhat well,Somewhat well,Somewhat well,Not too well,2.052,2.052,7.98,1,30062,0,0,9.379,0,0,0,9.594,0,0,0,5.875,0,,,,,0,0,6.908,0,y2rga9,Democratic,Republican,gun control,gc_pc
12/14/2023 11:23,12/14/2023 11:24,100,53,TRUE,12/14/2023 11:24,4.32,4.32,5.112,1,Once in a while,2.537,6.07,7.236,2,Neither agree nor disagree,Strongly agree,2.05,5.098,7.362,3,80,20,2.931,10.679,11.467,8,Very well,Extremely well,Very well,Extremely well,Extremely well,Very well,1.133,1.133,4.924,1,96815,0,0,3.841,0,0,0,3.98,0,0,0,1.546,0,,,,,0,0,3.195,0,drk4a3,Democratic,Republican,gun control,gc_pc
12/14/2023 11:22,12/14/2023 11:24,100,111,TRUE,12/14/2023 11:24,9.348,10.205,10.6,2,About half the time,4.933,16.716,17.091,9,Disagree,Strongly agree,7.751,12.372,12.893,5,0,80,11.972,32.666,33.062,15,Extremely well,Extremely well,Somewhat well,Extremely well,Extremely well,Extremely well,1.227,1.227,3.329,1,44515,0,0,9.884,0,0,0,8.869,0,0,0,1.701,0,,,,,0,0,7.064,0,ze3b1a,Republican,Democratic,immigration,imm_pc
12/14/2023 11:21,12/14/2023 11:24,100,146,TRUE,12/14/2023 11:24,5.644,10.945,11.3,4,About half the time,11.4,18.999,19.632,4,Agree,Disagree,4.871,15.096,15.475,6,35,70,8.786,34.416,34.848,11,Somewhat well,Very well,Very well,Very well,Very well,Somewhat well,1.459,1.459,5.124,1,91016,0,0,11.13,0,12.867,12.867,14.501,1,18.705,18.705,19.201,1,,,,,0,0,9.661,0,gue4ap,Democratic,Republican,gun control,gc_pc
12/14/2023 11:23,12/14/2023 11:24,100,70,TRUE,12/14/2023 11:24,10.366,10.366,11.022,1,All the time,2.612,11.897,13.15,4,Somewhat disagree,Disagree,3.218,5.353,7.451,2,5,90,2.351,8.96,9.54,8,Somewhat well,Very well,Extremely well,Extremely well,Very well,Very well,2.042,2.042,5.571,1,34787,0,0,7.994,0,0,0,2.068,0,0,0,4.591,0,,,,,0,0,5.228,0,7xczcv,Democratic,Republican,immigration,imm_pc
12/14/2023 11:23,12/14/2023 11:24,100,94,TRUE,12/14/2023 11:24,17.151,17.151,18.669,1,Most of the time,5.29,9.391,10.858,2,Strongly disagree,Disagree,2.489,6.312,10.197,4,80,0,6,23.003,23.598,9,Somewhat well,Extremely well,Very well,Very well,Extremely well,Not at all well,1.392,1.392,8.127,1,11374,0,0,5.941,0,0,0,3.156,0,0,0,1.401,0,0,0,3.898,0,0,0,1.602,0,bq4pf2,Republican,Democratic,gun control,gc_treat
12/14/2023 11:22,12/14/2023 11:24,100,158,TRUE,12/14/2023 11:24,8.955,8.955,20.2,1,About half the time,5.002,14.671,15.96,2,Somewhat disagree,Somewhat agree,3.894,18.232,18.872,5,80,55,17.106,51.549,53.307,11,Somewhat well,Somewhat well,Somewhat well,Very well,Somewhat well,Somewhat well,1.908,1.908,6.485,1,07502,0,0,5.789,0,0,0,6.581,0,0,0,8.263,0,0,0,10.801,0,0,0,6.001,0,zc1b97,Democratic,Republican,gun control,gc_treat
12/14/2023 11:23,12/14/2023 11:24,100,105,TRUE,12/14/2023 11:24,8.45,8.45,9.399,1,Most of the time,5.001,8.105,8.934,2,Disagree,Strongly agree,3.912,10.266,11.235,3,10,80,8.008,32.03,32.551,8,Somewhat well,Somewhat well,Somewhat well,Somewhat well,Somewhat well,Somewhat well,1.973,1.973,5.335,1,20007,0,0,7.444,0,0,0,10.967,0,0,0,7.356,0,,,,,0,0,8.464,0,7vy42f,Republican,Democratic,gun control,gc_pc
12/14/2023 11:19,12/14/2023 11:24,100,302,TRUE,12/14/2023 11:24,20.242,33.791,35.001,6,About half the time,3.3,20.829,22.601,6,Neither agree nor disagree,Strongly agree,12.533,31.136,35.558,9,20,75,10.793,78.912,79.733,18,Very well,Somewhat well,Extremely well,Somewhat well,Extremely well,Not too well,1.63,1.63,7.08,1,38104,12.096,12.096,18.478,1,26.03,30.382,32.392,2,22.008,30.402,31.756,2,7.03,19.221,19.986,2,10.42,10.42,12.201,1,yexuv1,Republican,Democratic,immigration,imm_control1
12/14/2023 11:23,12/14/2023 11:25,100,92,TRUE,12/14/2023 11:25,7.018,7.557,8.664,2,Most of the time,3.696,11.234,11.751,5,Neither agree nor disagree,Agree,3.687,10.356,12.262,5,60,50,4.601,21.578,22.219,11,Somewhat well,Very well,Very well,Very well,Very well,Somewhat well,1.313,4.803,5.206,2,10029,0,0,7.447,0,6.761,6.761,8.668,1,5.142,5.142,5.801,1,,,,,0,0,4.902,0,tzge3d,Democratic,Republican,immigration,imm_pc
12/14/2023 11:22,12/14/2023 11:25,100,175,TRUE,12/14/2023 11:25,7.248,9.601,11.8,2,All the time,5.517,19.474,20.243,6,Neither agree nor disagree,Disagree,9.946,47.332,47.901,12,17,5,10.001,32.268,33.097,17,Very well,Extremely well,Very well,Extremely well,Extremely well,Extremely well,1.1,1.1,7.595,1,04074,0,0,7.4,0,8.99,8.99,9.6,1,2.815,3.54,5.637,2,16.751,16.751,17.368,1,0,0,6.848,0,wbckv4,Democratic,Republican,gun control,gc_treat
12/14/2023 11:23,12/14/2023 11:25,100,108,TRUE,12/14/2023 11:25,4.4,4.4,5.4,1,Most of the time,4.1,9.126,9.55,5,Disagree,Disagree,3.201,7.831,8.223,5,20,5,25.4,56.72,57.707,10,Very well,Very well,Very well,Very well,Very well,Extremely well,1,1,4.254,1,90025,0,0,2.426,0,2.12,2.434,3.526,3,1.227,1.376,2.486,2,,,,,0,0,4.589,0,nwfp48,Republican,Democratic,immigration,imm_pc
12/14/2023 11:19,12/14/2023 11:25,100,355,TRUE,12/14/2023 11:25,5.401,5.401,6.092,1,Most of the time,2.112,3.8,5.345,2,Strongly disagree,Strongly agree,1.701,6.369,6.76,4,50,40,2.08,10.502,11.695,7,Somewhat well,Very well,Very well,Somewhat well,Somewhat well,Extremely well,1.093,1.093,299.412,1,84111,0,0,3.229,0,0,0,3.331,0,0,0,1.545,0,0,0,6.435,0,0,0,2.881,0,aygucv,Democratic,Republican,gun control,gc_treat
12/14/2023 11:23,12/14/2023 11:25,100,117,TRUE,12/14/2023 11:25,7.377,7.377,8.402,1,About half the time,6.801,12.153,13.433,2,Strongly disagree,Neither agree nor disagree,7.425,15.983,19.051,3,30,70,1.257,23.428,24.256,9,Very well,Very well,Very well,Very well,Very well,Very well,1.246,1.246,5.643,1,54151,0,0,8.843,0,15.301,15.301,17.08,1,0,0,6.553,0,,,,,0,0,8.77,0,dh8gcw,Democratic,Republican,gun control,gc_pc
12/14/2023 11:22,12/14/2023 11:26,100,197,TRUE,12/14/2023 11:26,60.701,60.701,61.974,1,Once in a while,4.883,8.752,9.571,2,Strongly disagree,Strongly agree,3.483,6.312,9.147,2,50,50,7.874,63.636,64.559,11,Extremely well,Extremely well,Extremely well,Extremely well,Extremely well,Extremely well,0.826,1.518,4.186,2,17325,0,0,9.337,0,1.153,2.428,11.517,2,0,0,13.924,0,,,,,0,0,7.576,0,qmvxn9,Republican,Democratic,immigration,imm_pc
12/14/2023 11:22,12/14/2023 11:26,100,200,TRUE,12/14/2023 11:26,8.693,8.693,10.035,1,Once in a while,8.726,13.805,16.838,2,Disagree,Agree,4.165,10.628,13.27,4,50,50,40.647,75.411,76.132,9,Not too well,Somewhat well,Somewhat well,Not too well,Somewhat well,Somewhat well,1.562,1.562,5.301,1,30165,0,0,14.539,0,0,0,19.264,0,0,0,9.697,0,0,0,23.145,0,0,0,7.608,0,edczch,Republican,Democratic,immigration,imm_treat
12/14/2023 11:25,12/14/2023 11:26,100,40,TRUE,12/14/2023 11:26,2.708,2.708,3.595,1,All the time,1.427,4.113,4.801,3,Strongly agree,Strongly agree,0.757,3.585,5.401,2,95,5,1.348,7.913,8.862,9,Extremely well,Extremely well,Extremely well,Extremely well,Extremely well,Somewhat well,0.781,0.781,3.091,1,01590,0,0,1.245,0,0,0,2.255,0,0,0,2.286,0,,,,,0,0,4.43,0,272hwt,Democratic,Republican,immigration,imm_pc
12/14/2023 11:24,12/14/2023 11:26,100,124,TRUE,12/14/2023 11:26,7.49,7.49,8.592,1,Almost Never,10.796,16.488,18.57,3,Neither agree nor disagree,Strongly agree,6.141,13.416,14.101,4,50,50,11.86,34.977,36.436,9,Somewhat well,Very well,Very well,Very well,Very well,Very well,1.71,1.71,7.35,1,77487,0,0,10.917,0,0,0,9.047,0,0,0,8.597,0,,,,,0,0,5.181,0,33z1wc,Democratic,Republican,gun control,gc_pc
12/14/2023 11:22,12/14/2023 11:26,100,253,TRUE,12/14/2023 11:26,130.184,131.202,132.034,2,About half the time,5.169,9.751,10.448,4,Neither agree nor disagree,Somewhat agree,8.053,12.449,14.919,2,40,40,5.069,16.993,17.714,7,Not too well,Somewhat well,Very well,Somewhat well,Somewhat well,Somewhat well,11.45,11.45,14.781,1,84414,0,0,1.483,0,1.642,1.642,2.2,1,0.991,0.991,2.793,1,0,0,50.253,0,0,0,1.164,0,94gme1,Democratic,Republican,gun control,gc_treat
12/14/2023 11:24,12/14/2023 11:26,100,126,TRUE,12/14/2023 11:26,20.265,36.781,37.649,2,About half the time,4.158,10.96,11.473,3,Somewhat disagree,Somewhat agree,5.476,13.095,13.618,4,35,68,4.614,25.04,25.814,8,Somewhat well,Somewhat well,Somewhat well,Somewhat well,Somewhat well,Somewhat well,1.307,1.307,5.041,1,61704,0,0,8.095,0,0,0,10.194,0,0,0,3.376,0,,,,,0,0,6.177,0,qztb2g,Republican,Democratic,gun control,gc_pc
12/14/2023 11:19,12/14/2023 11:26,100,446,TRUE,12/14/2023 11:26,5.035,5.035,5.683,1,About half the time,9.5,20.737,21.248,5,Disagree,Strongly agree,8.458,12.172,15.701,3,5,75,25.588,124.416,125.047,16,Somewhat well,Somewhat well,Very well,Very well,Very well,Somewhat well,1.205,1.205,4.6,1,11779,34.403,34.403,36.473,1,1.022,68.052,115.094,4,0,0,7.14,0,0,0,2.572,0,0,0,107.242,0,ax2p1e,Republican,Democratic,gun control,gc_control3
12/14/2023 11:24,12/14/2023 11:26,100,154,TRUE,12/14/2023 11:26,7.864,7.864,9.326,1,Most of the time,5.719,11.528,12.305,4,Disagree,Strongly agree,8.449,17.091,20.773,3,70,30,3.169,23.484,26.483,8,Extremely well,Extremely well,Somewhat well,Very well,Very well,Somewhat well,1.834,1.834,5.781,1,66203,0,0,11.333,0,0,0,43.845,0,0,0,4.443,0,0,0,8.841,0,0,0,5.106,0,k1k7mu,Democratic,Republican,gun control,gc_treat
12/14/2023 11:25,12/14/2023 11:26,100,108,TRUE,12/14/2023 11:26,4.8,4.8,5.474,1,About half the time,5.501,12.809,13.282,3,Disagree,Agree,4.544,12.555,13.182,4,45,45,7.425,29.032,29.783,10,Not too well,Very well,Very well,Somewhat well,Very well,Somewhat well,1.281,1.281,5.089,1,93309,0,0,4.428,0,0,0,6.277,0,0,0,6.801,0,0,0,9.44,0,0,0,6.701,0,3ygxqe,Republican,Democratic,immigration,imm_control2
12/14/2023 11:24,12/14/2023 11:26,100,162,TRUE,12/14/2023 11:26,5.113,9.805,13.099,3,About half the time,6.784,17.38,18.14,6,Disagree,Disagree,4.213,14.151,16.1,5,45,75,6.901,30.693,31.252,12,Somewhat well,Somewhat well,Somewhat well,Very well,Very well,Somewhat well,1.7,1.7,7.852,1,61081,14.095,14.095,18.795,1,8.885,11.085,11.972,3,7.096,10.36,11.047,6,2.803,10.971,11.986,3,0,0,9.7,0,mcy89c,Democratic,Republican,gun control,gc_treat
12/14/2023 11:24,12/14/2023 11:26,100,155,TRUE,12/14/2023 11:26,9.901,9.901,11.782,1,Once in a while,9,18.101,20.948,2,Neither agree nor disagree,Strongly agree,8.101,18.83,19.508,4,50,50,9.792,36.165,36.751,9,Somewhat well,Very well,Extremely well,Very well,Very well,Very well,1.977,1.977,7.5,1,46052,0,0,13.398,0,0,0,13.245,0,0,0,8.773,0,,,,,0,0,10.567,0,ynd1zw,Republican,Democratic,immigration,imm_pc
12/14/2023 11:23,12/14/2023 11:26,100,198,TRUE,12/14/2023 11:26,10.323,10.323,11.251,1,Most of the time,5.218,10.757,12.336,2,Strongly agree,Strongly agree,7.334,11.884,19.768,3,65,20,5.864,36.331,37.328,9,Extremely well,Extremely well,Extremely well,Extremely well,Extremely well,Extremely well,1.347,1.347,28.201,1,60173,0,0,5.085,0,31.102,31.761,39.584,3,1.843,2.659,15.798,2,0,0,9.507,0,0,0,9.238,0,en68e9,Democratic,Republican,immigration,imm_control2
12/14/2023 11:16,12/14/2023 11:27,100,645,TRUE,12/14/2023 11:27,6.955,10.421,11.338,4,About half the time,15.801,195.098,195.402,4,Somewhat agree,Somewhat disagree,17.201,40.706,41.198,10,75,75,3.501,41.1,41.6,12,Very well,Very well,Very well,Somewhat well,Very well,Somewhat well,2.401,2.401,5.692,1,01071,6.657,6.657,14.52,1,0,0,20.403,0,0,0,149.05,0,0,0,7.599,0,0,0,152.647,0,9twrez,Democratic,Republican,gun control,gc_control1
12/14/2023 11:25,12/14/2023 11:27,100,88,TRUE,12/14/2023 11:27,5.601,7.4,8.4,2,Most of the time,3.204,7.621,9.117,2,Disagree,Neither agree nor disagree,3,8.198,11.066,3,25,40,7.301,25.694,26.394,8,Somewhat well,Very well,Somewhat well,Not too well,Very well,Somewhat well,1.3,1.3,5,1,95521,0,0,5.128,0,0,0,6.234,0,0,0,4.079,0,,,,,0,0,4.901,0,2twgab,Republican,Democratic,immigration,imm_pc
12/14/2023 11:25,12/14/2023 11:27,100,95,TRUE,12/14/2023 11:27,6.355,6.355,7.213,1,Most of the time,4.25,10.197,10.899,3,Neither agree nor disagree,Somewhat agree,5.681,11.199,13.121,2,40,40,7.408,22.906,23.793,9,Very well,Very well,Very well,Very well,Extremely well,Extremely well,1.361,1.361,3.767,1,94105,0,0,2.89,0,0,0,4.982,0,0,0,2.808,0,0,0,15.224,0,0,0,4.584,0,eqbv29,Democratic,Republican,gun control,gc_treat
12/14/2023 11:24,12/14/2023 11:27,100,152,TRUE,12/14/2023 11:27,8.217,8.217,9.21,1,Most of the time,4.007,11.186,12.128,3,Strongly disagree,Strongly agree,12.004,15.907,25.543,3,15,80,6.638,32.939,33.919,9,Very well,Very well,Somewhat well,Very well,Extremely well,Somewhat well,1.27,1.27,7.57,1,97702,0,0,10.451,0,0,0,7.19,0,0.091,0.091,3.873,1,,,,,0,0,6.625,0,yxue3u,Republican,Democratic,immigration,imm_pc
12/14/2023 11:25,12/14/2023 11:27,100,109,TRUE,12/14/2023 11:27,11.557,13.001,13.655,2,Once in a while,4.898,10.238,10.6,4,Neither agree nor disagree,Somewhat agree,8.927,12.548,12.877,4,50,50,7.836,15.188,15.875,9,Somewhat well,Somewhat well,Somewhat well,Somewhat well,Somewhat well,Somewhat well,1.253,1.253,3.092,1,77339,0,0,15.084,0,0,0,10.501,0,0,0,1.325,0,0,0,10.786,0,0,0,11.092,0,2y392g,Democratic,Republican,gun control,gc_treat
12/14/2023 11:23,12/14/2023 11:27,100,218,TRUE,12/14/2023 11:27,4.773,7.174,8.177,3,Most of the time,3.997,9.398,10.248,4,Strongly agree,Strongly agree,4.706,8.37,12.467,2,0,95,3.556,18.874,20.029,10,Extremely well,Extremely well,Extremely well,Extremely well,Extremely well,Very well,1.137,1.137,5.861,1,93306,0,0,29.457,0,3.837,3.837,4.31,1,2.64,2.64,3.364,1,0,0,8.455,0,0,0,4.466,0,cmgyy4,Republican,Democratic,immigration,imm_control1
12/14/2023 11:25,12/14/2023 11:27,100,94,TRUE,12/14/2023 11:27,7.149,13.97,14.811,5,Once in a while,3.425,13.499,14.346,4,Strongly disagree,Neither agree nor disagree,3.459,12.704,15.275,4,100,10,4.008,18.719,19.544,13,Somewhat well,Somewhat well,Very well,Very well,Very well,Very well,1.763,1.763,4.748,1,75219,0,0,8.474,0,1.931,1.931,3.374,1,1.359,1.359,2.07,1,,,,,0,0,6.537,0,2v72rz,Republican,Democratic,gun control,gc_pc
12/14/2023 11:26,12/14/2023 11:27,100,74,TRUE,12/14/2023 11:27,4.808,4.808,5.768,1,Once in a while,2.833,6.411,7.059,2,Somewhat disagree,Somewhat disagree,8.541,15.869,18.073,6,50,60,4.649,13.901,14.736,10,Very well,Very well,Very well,Extremely well,Very well,Very well,1.24,1.24,3.961,1,57105,0,0,1.863,0,0,0,3.987,0,0,0,2.298,0,0,0,2.273,0,0,0,6.977,0,d3acpm,Democratic,Republican,gun control,gc_control1
12/14/2023 11:22,12/14/2023 11:27,100,304,TRUE,12/14/2023 11:27,40.545,42.128,42.51,3,Once in a while,15.678,22.14,23.091,4,Strongly agree,Strongly agree,1.81,4.977,7.143,3,50,50,3.329,20.414,198.158,11,Extremely well,Extremely well,Extremely well,Extremely well,Extremely well,Extremely well,0.811,0.811,3.888,1,29412,0,0,7.73,0,5.907,5.907,6.412,1,3.944,3.944,4.947,1,,,,,0,0,5.11,0,nkgry7,Republican,Democratic,gun control,gc_pc
12/14/2023 11:25,12/14/2023 11:27,100,138,TRUE,12/14/2023 11:27,7.738,7.738,8.642,1,Most of the time,5.095,12.76,13.526,3,Strongly disagree,Disagree,5.612,10.785,13.361,4,85,5,12.9,35.776,37.162,7,Somewhat well,Somewhat well,Somewhat well,Very well,Not too well,Somewhat well,2.348,2.348,7.969,1,34669,0,0,7.518,0,0,0,14.102,0,0,0,7.269,0,0,0,17.388,0,0,0,7.116,0,tphenx,Republican,Democratic,gun control,gc_treat
12/14/2023 11:25,12/14/2023 11:27,100,133,TRUE,12/14/2023 11:28,6.183,6.594,8.643,2,About half the time,46.471,50.8,51.748,3,Agree,Agree,1.222,8.299,10.594,3,15,70,6.071,24.996,25.999,14,Very well,Very well,Somewhat well,Very well,Somewhat well,Very well,0.991,0.991,3.736,1,92704,0,0,7.617,0,0,0,6.887,0,0,0,2.634,0,0,0,5.523,0,0,0,4.52,0,vdcy84,Republican,Democratic,gun control,gc_control2
12/14/2023 11:25,12/14/2023 11:28,100,146,TRUE,12/14/2023 11:28,7.89,8.919,9.702,2,Most of the time,7.394,13.505,14.453,3,Agree,Somewhat agree,7.011,14.856,15.44,4,20,80,6.615,27.808,28.628,9,Very well,Very well,Very well,Very well,Very well,Somewhat well,2.318,2.318,7.511,1,65803,0,0,10.046,0,0,0,16.019,0,0,0,9.177,0,0,0,15.971,0,0,0,8.187,0,e26e4c,Republican,Democratic,immigration,imm_control1
12/14/2023 11:25,12/14/2023 11:28,100,143,TRUE,12/14/2023 11:28,8.722,8.722,9.802,1,Most of the time,9.093,13.623,14.801,2,Somewhat agree,Strongly agree,8.522,16.482,17,4,70,20,7.595,24.76,25.569,8,Somewhat well,Extremely well,Extremely well,Extremely well,Extremely well,Extremely well,2.712,2.712,8.4,1,11572,0,0,11.061,0,0,0,37.975,0,0,0,3.864,0,,,,,0,0,7.597,0,h1gbdg,Democratic,Republican,gun control,gc_pc
12/14/2023 11:26,12/14/2023 11:28,100,117,TRUE,12/14/2023 11:28,7.207,7.207,8.99,1,Most of the time,5.074,13.15,14.901,3,Strongly disagree,Strongly disagree,9.239,17.675,18.5,5,0,50,5.232,24.408,25.412,10,Very well,Somewhat well,Somewhat well,Very well,Very well,Very well,1.766,1.766,6.357,1,92677,1.974,1.974,8.937,1,3.223,3.223,13.467,1,1.675,1.675,7.859,1,,,,,0,0,6.303,0,f8ykwd,Democratic,Republican,immigration,imm_pc
12/14/2023 11:24,12/14/2023 11:28,100,224,TRUE,12/14/2023 11:28,6.961,6.961,7.801,1,Most of the time,5.678,11.115,11.815,3,Disagree,Strongly agree,74.589,93.218,99.768,3,50,80,10.725,37.508,38.268,10,Very well,Very well,Somewhat well,Very well,Very well,Somewhat well,2.742,2.742,8.801,1,94109,0,0,7.122,0,0,0,13.47,0,0,0,9.775,0,0,0,14.725,0,0,0,5.217,0,a7xdp3,Republican,Democratic,gun control,gc_treat
12/14/2023 11:25,12/14/2023 11:28,100,165,TRUE,12/14/2023 11:28,38.501,38.501,39.201,1,Most of the time,3.87,12.59,13.802,3,Agree,Somewhat disagree,5.039,7.401,8.767,3,20,0,3.747,19.192,19.807,10,Very well,Very well,Somewhat well,Extremely well,Very well,Very well,1.211,1.211,3.6,1,78664,0,0,13.701,0,1.563,1.563,12.802,1,0,0,3.566,0,0,0,26.294,0,0,0,12.198,0,exbhzf,Democratic,Republican,immigration,imm_treat
12/14/2023 11:27,12/14/2023 11:28,100,70,TRUE,12/14/2023 11:28,13.395,13.395,13.965,1,About half the time,2.574,7.511,8.262,4,Somewhat disagree,Strongly agree,4.683,7.83,9.815,3,78,22,2.826,14.83,15.827,8,Somewhat well,Very well,Somewhat well,Somewhat well,Very well,Somewhat well,0.918,0.918,5.076,1,90046,0,0,5.141,0,0,0,3.185,0,0,0,2.292,0,,,,,0,0,3.48,0,fazpqt,Democratic,Republican,immigration,imm_pc
12/14/2023 11:27,12/14/2023 11:28,100,81,TRUE,12/14/2023 11:28,5.03,5.03,5.639,1,Most of the time,4.142,10.353,10.9,4,Neither agree nor disagree,Agree,6.851,10.941,13.501,2,50,50,2.635,16.718,17.239,11,Extremely well,Extremely well,Extremely well,Extremely well,Very well,Not too well,1.535,1.535,4.193,1,21903,0,0,6.255,0,0,0,5.062,0,0,0,2.387,0,0,0,3.15,0,0,0,5.865,0,hznhmd,Democratic,Republican,immigration,imm_treat
12/14/2023 11:26,12/14/2023 11:28,100,132,TRUE,12/14/2023 11:28,6.579,6.579,7.373,1,All the time,3.851,6.996,7.764,3,Strongly disagree,Strongly agree,3.501,5.568,7.945,3,90,10,5.69,28.401,29.091,21,Somewhat well,Very well,Extremely well,Somewhat well,Extremely well,Extremely well,1.233,1.233,45.013,1,30044,0,0,6.455,0,0,0,4.685,0,0,0,4.645,0,0,0,9.221,0,0,0,4.56,0,yxcvef,Democratic,Republican,gun control,gc_treat
12/14/2023 11:24,12/14/2023 11:28,100,283,TRUE,12/14/2023 11:28,35.179,35.179,36.158,1,About half the time,6.292,35.303,37.397,4,Somewhat agree,Strongly agree,11.358,20.231,25.251,5,100,10,27.456,82.516,83.101,9,Very well,Very well,Very well,Extremely well,Somewhat well,Somewhat well,1.986,1.986,6.7,1,85140,0,0,16.262,0,0,0,20.288,0,10.117,20.102,21.075,3,0,0,16.97,0,0,0,12.188,0,gwcggf,Democratic,Republican,gun control,gc_treat
12/14/2023 11:26,12/14/2023 11:28,100,104,TRUE,12/14/2023 11:28,7.965,7.965,8.853,1,Once in a while,2.698,11.615,12.566,3,Agree,Agree,1.093,13.933,15.742,3,85,15,11.998,32.268,33,9,Not too well,Somewhat well,Somewhat well,Somewhat well,Very well,Somewhat well,1.032,1.032,4.343,1,91205,0,0,8.055,0,0,0,5.332,0,0,0,2.013,0,0,0,4.812,0,0,0,4.269,0,ang1gw,Democratic,Republican,immigration,imm_treat
12/14/2023 11:25,12/14/2023 11:28,100,188,TRUE,12/14/2023 11:28,4.21,4.21,4.781,1,Most of the time,4.166,9.385,11.043,3,Agree,Neither agree nor disagree,3.848,6.068,8.149,2,45,50,8.002,19.217,20.288,10,Very well,Very well,Very well,Extremely well,Extremely well,Very well,1.72,1.72,4.534,1,12801,0,0,6.123,0,4.928,4.928,4.944,1,0,0,43.182,0,49.807,49.807,64.225,1,15.201,15.201,17.252,1,hdx478,Democratic,Republican,immigration,imm_treat
12/14/2023 11:27,12/14/2023 11:28,100,57,TRUE,12/14/2023 11:28,3.007,3.007,3.791,1,Once in a while,1.178,5.298,6.702,3,Strongly disagree,Agree,1.216,5.314,8.099,2,25,35,2.029,13.136,13.401,9,Very well,Very well,Extremely well,Very well,Extremely well,Very well,1.086,1.086,4.001,1,85212,0,0,4.161,0,0,0,2.801,0,0,0,1.801,0,0,0,2.956,0,0,0,2.501,0,ngrehw,Republican,Democratic,gun control,gc_control2
12/14/2023 11:22,12/14/2023 11:29,100,388,TRUE,12/14/2023 11:29,27.201,27.201,28.343,1,Once in a while,118.204,165.694,166.6,4,Disagree,Strongly agree,13,17.601,22.1,3,80,40,16.102,85.596,86.474,8,Somewhat well,Very well,Very well,Very well,Very well,Very well,1.6,1.6,5.301,1,19132,0,0,23.057,0,0,0,20.965,0,0,0,4.2,0,0,0,15.3,0,0,0,7.301,0,wbxxtk,Democratic,Republican,gun control,gc_control1
12/14/2023 11:27,12/14/2023 11:29,100,111,TRUE,12/14/2023 11:29,9.009,9.009,10.359,1,Most of the time,4.12,13.127,13.8,3,Strongly disagree,Strongly disagree,4.632,12.691,14.286,4,85,5,4.173,28.992,30.156,10,Somewhat well,Somewhat well,Somewhat well,Somewhat well,Somewhat well,Somewhat well,1.723,1.723,7.572,1,77373,0,0,13.823,0,3.285,3.285,5.201,1,0,0,3.382,0,,,,,0,0,6.7,0,19bwh4,Republican,Democratic,immigration,imm_pc
12/14/2023 11:26,12/14/2023 11:29,100,150,TRUE,12/14/2023 11:29,15.332,15.332,16.391,1,About half the time,9.052,16.417,17.057,3,Strongly disagree,Agree,9.697,14.73,17.557,2,95,10,5.919,17.872,18.435,9,Somewhat well,Somewhat well,Somewhat well,Somewhat well,Somewhat well,Somewhat well,47.839,47.839,52.9,1,45439,0,0,6.722,0,0,0,2.598,0,0,0,1.937,0,,,,,0,0,10.039,0,c9x6bn,Republican,Democratic,gun control,gc_pc
12/14/2023 11:26,12/14/2023 11:29,100,181,TRUE,12/14/2023 11:29,7.746,7.746,8.868,1,Most of the time,11.206,21.11,24.679,3,Somewhat disagree,Disagree,5.826,34.916,35.247,8,40,40,5.407,27.766,28.953,9,Extremely well,Extremely well,Very well,Extremely well,Extremely well,Very well,1.482,1.482,6.367,1,77375,0,0,15.135,0,0,0,16.555,0,0,0,15.002,0,0,0,15.24,0,0,0,7.339,0,hrqurg,Democratic,Republican,immigration,imm_treat
12/14/2023 11:27,12/14/2023 11:29,100,134,TRUE,12/14/2023 11:29,10.501,10.501,12.6,1,Most of the time,4.702,11.978,13.601,3,Neither agree nor disagree,Somewhat agree,18.951,29.395,29.998,4,55,50,7.403,30.996,32.837,11,Very well,Very well,Extremely well,Very well,Very well,Somewhat well,1.976,1.976,8.368,1,35205,0,0,8.4,0,1.092,1.092,6.946,1,0,0,5.669,0,,,,,0,0,7.071,0,8p477z,Republican,Democratic,gun control,gc_pc
12/14/2023 11:26,12/14/2023 11:29,100,206,TRUE,12/14/2023 11:29,9.096,9.878,10.623,2,About half the time,7.255,22.892,23.55,6,Neither agree nor disagree,Neither agree nor disagree,17.317,22.374,30.5,3,60,40,12.61,41.01,41.688,11,Somewhat well,Very well,Very well,Very well,Very well,Somewhat well,2.44,2.44,6.28,1,63090,0,0,38.04,0,0,0,13.991,0,0,0,8.112,0,0,0,15.843,0,0,0,11.227,0,78gt9t,Republican,Democratic,gun control,gc_treat
12/14/2023 11:28,12/14/2023 11:30,100,107,TRUE,12/14/2023 11:30,5.438,5.998,6.755,2,About half the time,4.431,9.806,10.789,3,Somewhat agree,Disagree,10.406,13.563,15.347,3,65,50,7.337,29.941,30.644,13,Not too well,Somewhat well,Somewhat well,Very well,Somewhat well,Not at all well,1.146,1.146,4.471,1,50314,0,0,8.985,0,0,0,6.57,0,0,0,1.254,0,0,0,8.02,0,0,0,5.912,0,y4ucgm,Republican,Democratic,immigration,imm_treat
12/14/2023 11:28,12/14/2023 11:30,100,89,TRUE,12/14/2023 11:30,6.427,6.427,7.853,1,Most of the time,6.074,12.177,12.937,3,Strongly agree,Strongly agree,5.584,13.009,13.36,5,100,0,3.329,13.177,13.791,8,Somewhat well,Extremely well,Extremely well,Extremely well,Somewhat well,Somewhat well,1.302,1.302,5.638,1,36303,0,0,5.263,0,0,0,6.137,0,0,0,4.701,0,0,0,5.224,0,0,0,9.262,0,qpkuzb,Democratic,Republican,immigration,imm_control2
12/14/2023 11:26,12/14/2023 11:30,100,237,TRUE,12/14/2023 11:30,45.237,45.237,46.401,1,Once in a while,11.911,17.277,20.693,2,Strongly disagree,Somewhat agree,15.926,29.219,29.804,6,40,20,14.308,62.008,63.278,9,Not too well,Somewhat well,Somewhat well,Not too well,Very well,Somewhat well,7.985,7.985,17.193,1,28201,0,0,18.709,0,0,0,14.546,0,0,0,9.683,0,,,,,0,0,12.395,0,vq8mx6,Republican,Democratic,gun control,gc_pc
12/14/2023 11:27,12/14/2023 11:30,100,197,TRUE,12/14/2023 11:30,8.11,10.149,10.679,2,Most of the time,4.724,9.8,12.972,5,Somewhat agree,Strongly agree,14.639,28.173,33.918,5,60,20,14.347,40.151,40.8,13,Somewhat well,Very well,Very well,Somewhat well,Very well,Somewhat well,2.526,2.526,6.177,1,33446,0,0,8.892,0,13.281,13.281,14.864,1,0,0,8.327,0,0,0,49.073,0,0,0,5.975,0,qcx6xw,Democratic,Republican,immigration,imm_control3
12/14/2023 11:18,12/14/2023 11:30,100,712,TRUE,12/14/2023 11:30,13.654,13.654,89.848,1,About half the time,9.876,16.217,17.045,2,Neither agree nor disagree,Agree,9.917,13.81,20.19,2,45,45,14.059,132.108,132.854,9,Not at all well,Very well,Very well,Somewhat well,Very well,Very well,1.507,1.507,5.791,1,38018,0,0,14.003,0,0,0,56.808,0,0,0,20.771,0,0,0,55.218,0,0,0,85.933,0,3uc17a,Republican,Democratic,immigration,imm_treat
12/14/2023 11:29,12/14/2023 11:30,100,109,TRUE,12/14/2023 11:30,4.877,4.877,6.185,1,About half the time,4.215,10.912,11.861,3,Agree,Agree,12.276,15.579,19.871,2,10,60,7.288,23.11,23.859,8,Very well,Extremely well,Very well,Very well,Very well,Very well,2.719,7.953,9.901,2,49009,0,0,8.887,0,0,0,11.883,0,0,0,6.562,0,,,,,0,0,6.208,0,nnznhh,Republican,Democratic,gun control,gc_pc
12/14/2023 11:27,12/14/2023 11:31,100,214,TRUE,12/14/2023 11:31,6.98,6.98,8.124,1,All the time,4.044,15.101,18.075,3,Neither agree nor disagree,Strongly agree,8.048,14.992,19.298,3,10,98,14.394,45.632,46.331,9,Somewhat well,Very well,Very well,Somewhat well,Very well,Very well,1.584,1.584,42.831,1,41074,0,0,9.525,0,0,0,14.546,0,0,0,21.998,0,0,0,13.289,0,0,0,14.34,0,8uwram,Republican,Democratic,immigration,imm_treat
12/14/2023 11:29,12/14/2023 11:31,100,100,TRUE,12/14/2023 11:31,4.499,5.049,5.702,2,All the time,5.791,17.395,18.301,4,Neither agree nor disagree,Somewhat agree,2.82,5.909,8.456,2,0,0,5.289,24.871,25.551,8,Extremely well,Extremely well,Extremely well,Extremely well,Extremely well,Extremely well,1.316,1.316,3.945,1,11209,0,0,3.26,0,5.753,7.591,8.552,2,0,0,5.17,0,0,0,8.6,0,0,0,4.395,0,aany98,Republican,Democratic,immigration,imm_treat
12/14/2023 11:28,12/14/2023 11:31,100,166,TRUE,12/14/2023 11:31,11.658,11.658,13.89,1,Most of the time,7.601,13.759,17.6,2,Strongly disagree,Strongly agree,12.667,31.043,32.19,9,50,50,10.724,34.848,37.175,8,Somewhat well,Very well,Extremely well,Very well,Extremely well,Somewhat well,2.244,2.244,8.876,1,28351,0,0,12.665,0,0,0,15.001,0,8.301,8.301,10.459,1,,,,,0,0,9.769,0,e9cchn,Democratic,Republican,gun control,gc_pc
12/14/2023 11:29,12/14/2023 11:31,100,96,TRUE,12/14/2023 11:31,5.534,5.534,6.24,1,Most of the time,6.717,12.75,13.692,4,Strongly disagree,Somewhat agree,5.182,8.161,10.069,2,50,0,4.455,17.419,18.374,11,Very well,Extremely well,Extremely well,Very well,Very well,Very well,2.453,3.207,7.571,2,30274,0,0,12.42,0,0,0,2.955,0,0,0,4.672,0,0,0,7.101,0,0,0,6.293,0,wqt3bc,Democratic,Republican,gun control,gc_control3
12/14/2023 11:27,12/14/2023 11:31,100,207,TRUE,12/14/2023 11:31,3.801,3.801,4.287,1,Most of the time,5.116,6.135,6.364,2,Disagree,Agree,1.583,4.008,5.369,2,35,10,3.178,9.845,11.877,10,Somewhat well,Very well,Very well,Very well,Very well,Very well,0.774,0.774,2.502,1,92120,0,0,5.671,0,0,0,2.465,0,0,0,1.048,0,0,0,4.748,0,0,0,158.128,0,qtqhx9,Democratic,Republican,gun control,gc_treat
12/14/2023 11:29,12/14/2023 11:31,100,125,TRUE,12/14/2023 11:31,13.418,13.418,14.588,1,About half the time,6.135,10.881,11.869,3,Neither agree nor disagree,Agree,22.43,25.321,27.201,2,20,70,8.12,43.199,43.927,12,Not too well,Somewhat well,Very well,Somewhat well,Somewhat well,Not too well,1.429,1.429,4.522,1,30087,0,0,11.554,0,0,0,4.384,0,0,0,0.905,0,,,,,0,0,0.928,0,weze9d,Republican,Democratic,gun control,gc_pc
12/14/2023 11:29,12/14/2023 11:31,100,100,TRUE,12/14/2023 11:31,5.476,5.476,6.131,1,Most of the time,2.851,6.844,7.7,3,Strongly disagree,Strongly disagree,3.143,7.393,11.286,3,100,6,3.138,22.576,23.293,17,Not at all well,Not too well,Not too well,Not at all well,Not too well,Somewhat well,15.271,15.271,19.844,1,10940,0,0,9.217,0,0,0,5.881,0,0,0,5.029,0,,,,,0,0,6.925,0,z8nren,Republican,Democratic,immigration,imm_pc
12/14/2023 11:29,12/14/2023 11:31,100,110,TRUE,12/14/2023 11:31,5.428,5.428,6.071,1,All the time,5.316,8.134,9.292,2,Strongly agree,Strongly agree,3.633,5.854,8.001,3,9,29,26.125,49.027,49.967,7,Very well,Extremely well,Somewhat well,Extremely well,Extremely well,Somewhat well,8.903,8.903,15.453,1,90210,0,0,3.741,0,0,0,3.779,0,0,0,1.886,0,0,0,2.551,0,0,0,4.463,0,gqqh6m,Republican,Democratic,immigration,imm_control2
12/14/2023 11:30,12/14/2023 11:31,100,99,TRUE,12/14/2023 11:31,21.427,22.488,23.558,2,About half the time,2.017,8.037,8.383,6,Neither agree nor disagree,Strongly agree,3.207,8.025,8.383,6,20,55,3,11.532,11.952,11,Very well,Very well,Extremely well,Extremely well,Extremely well,Very well,1.782,1.782,4.193,1,93063,0,0,8.301,0,10.288,10.288,10.689,1,4.02,4.02,4.801,1,3.988,3.988,4.65,1,0,0,5.701,0,yv3tkp,Republican,Democratic,gun control,gc_control3
12/14/2023 11:29,12/14/2023 11:31,100,114,TRUE,12/14/2023 11:31,5.777,7.475,8.301,3,Once in a while,4.563,13.459,13.848,5,Somewhat disagree,Strongly agree,6.337,12.439,15.375,4,20,20,7.027,25.524,26.132,11,Very well,Somewhat well,Very well,Very well,Very well,Very well,1.4,1.4,4.828,1,32407,0,0,6.262,0,7.598,8.662,9.701,2,7.682,7.682,9.099,1,7.043,7.043,8.112,1,0,0,6.991,0,7t394d,Republican,Democratic,immigration,imm_control2
12/14/2023 11:30,12/14/2023 11:32,100,109,TRUE,12/14/2023 11:32,10.19,10.19,11.216,1,Most of the time,8.111,14.589,16.187,2,Strongly agree,Strongly agree,5.598,8.745,11.548,3,20,100,9.464,21.753,22.938,8,Somewhat well,Very well,Very well,Very well,Extremely well,Extremely well,2.33,2.33,11.825,1,18078,0,0,5.727,0,0,0,9.786,0,0,0,2.11,0,,,,,0,0,5.895,0,adqrrf,Republican,Democratic,immigration,imm_pc
12/14/2023 11:31,12/14/2023 11:32,100,114,TRUE,12/14/2023 11:33,3.9,3.9,5.057,1,All the time,8.003,10.507,11.295,3,Strongly disagree,Somewhat agree,2.507,6.281,8.168,2,30,70,37.087,50.862,51.589,10,Very well,Very well,Very well,Very well,Extremely well,Very well,0.883,0.883,5.838,1,27587,0,0,3.875,0,1.387,1.387,7.277,1,0,0,3.085,0,0,0,4.501,0,0,0,6.268,0,7dghg6,Republican,Democratic,gun control,gc_control1
12/14/2023 11:30,12/14/2023 11:33,100,175,TRUE,12/14/2023 11:33,11.412,11.412,12.535,1,Most of the time,9.225,24.628,25.501,2,Disagree,Strongly agree,14.143,20.677,24.201,2,15,85,11.94,39.262,41.156,7,Somewhat well,Very well,Very well,Very well,Very well,Not too well,2.224,2.224,7.731,1,91360,0,0,14.508,0,0,0,12.804,0,7.906,7.906,9.497,1,0,0,12.759,0,0,0,10.199,0,y2v46w,Republican,Democratic,immigration,imm_control2
12/14/2023 11:31,12/14/2023 11:33,100,89,TRUE,12/14/2023 11:33,5.146,5.146,5.836,1,Most of the time,3.897,6.84,7.96,2,Strongly agree,Strongly agree,6.743,10.598,12.951,2,30,40,4.302,22.117,22.8,12,Somewhat well,Somewhat well,Very well,Somewhat well,Somewhat well,Very well,1.374,1.374,4.837,1,35143,0,0,4.93,0,0,0,4.567,0,0,0,3.594,0,0,0,2.701,0,0,0,4.98,0,ymtg86,Republican,Democratic,immigration,imm_control1
12/14/2023 11:32,12/14/2023 11:33,100,86,TRUE,12/14/2023 11:33,6.492,6.492,7.601,1,Most of the time,3.914,7.203,9.12,2,Somewhat agree,Agree,3.367,7.021,10.968,2,60,35,6.654,21.378,22.376,8,Somewhat well,Somewhat well,Very well,Very well,Very well,Somewhat well,1.428,1.428,5.823,1,45011,0,0,4.229,0,0,0,7.162,0,0,0,3.759,0,0,0,5.97,0,0,0,5.014,0,rc32br,Democratic,Republican,immigration,imm_treat
12/14/2023 11:30,12/14/2023 11:33,100,191,TRUE,12/14/2023 11:33,7.17,10.359,10.997,2,Most of the time,8.201,26.332,27.201,3,Strongly agree,Disagree,9.402,27.707,28.751,4,69,41,11.601,41.141,42.301,7,Not too well,Extremely well,Extremely well,Very well,Extremely well,Very well,2.553,2.553,15.047,1,28804,0,0,12.063,0,0,0,15.701,0,0,0,11.684,0,,,,,0,0,14.099,0,74rtp3,Republican,Democratic,immigration,imm_pc
12/14/2023 11:30,12/14/2023 11:33,100,204,TRUE,12/14/2023 11:33,13.071,13.071,14.39,1,Once in a while,9.51,19.954,20.638,4,Neither agree nor disagree,Somewhat agree,16.279,24.632,27.597,4,50,50,11.107,34.788,35.755,8,Very well,Somewhat well,Very well,Very well,Very well,Very well,2.748,2.748,7.373,1,85053,0,0,23.203,0,15.296,16.238,19.499,2,0,0,12.786,0,0,0,26.661,0,0,0,11.783,0,heycm1,Republican,Democratic,gun control,gc_control3
12/14/2023 11:30,12/14/2023 11:33,100,191,TRUE,12/14/2023 11:33,9.601,9.601,11.076,1,All the time,15.515,24.78,25.701,3,Agree,Strongly agree,11.597,19.077,23.273,7,0,50,9.793,55.91,57.003,10,Very well,Somewhat well,Somewhat well,Somewhat well,Very well,Somewhat well,3.923,3.923,9.81,1,29030,0,0,10.012,0,0,0,25.846,0,0,0,5.234,0,0,0,7.416,0,0,0,6.252,0,e27wcv,Republican,Democratic,immigration,imm_control3
12/14/2023 11:31,12/14/2023 11:34,100,160,TRUE,12/14/2023 11:34,9.671,9.671,10.562,1,Most of the time,5.685,10,13.526,2,Strongly agree,Strongly agree,13.764,39.66,45.226,4,0,80,12.138,46.883,47.788,8,Not at all well,Somewhat well,Somewhat well,Somewhat well,Somewhat well,Very well,1.225,1.225,6.181,1,11215,0,0,9.24,0,0,0,11.262,0,0,0,6.217,0,,,,,0,0,6.865,0,9qvcma,Republican,Democratic,gun control,gc_pc
12/14/2023 11:29,12/14/2023 11:34,100,271,TRUE,12/14/2023 11:34,25.947,27.278,28.273,2,Almost Never,48.994,57.713,58.287,3,Neither agree nor disagree,Neither agree nor disagree,27.109,30.806,39.022,2,50,50,5.376,34.049,37.029,13,Very well,Very well,Very well,Very well,Somewhat well,Somewhat well,1.519,1.519,22.248,1,11358,0,0,12.602,0,0,0,32.956,0,0,0,10.12,0,0,0,19.25,0,0,0,7.108,0,8pvz4r,Democratic,Republican,gun control,gc_treat
12/14/2023 11:31,12/14/2023 11:34,100,192,TRUE,12/14/2023 11:34,13.245,13.245,14.382,1,About half the time,16.065,18.924,22.692,2,Agree,Agree,5.792,14.056,17.359,3,100,46,6.139,18.73,19.725,7,Not at all well,Not too well,Somewhat well,Somewhat well,Extremely well,Extremely well,2.535,2.535,61.043,1,35601,0,0,10.469,0,0,0,9.118,0,0,0,1.726,0,0,0,9.163,0,0,0,9.319,0,xtbkba,Democratic,Republican,gun control,gc_control2
12/14/2023 11:31,12/14/2023 11:34,100,189,TRUE,12/14/2023 11:34,25.735,25.735,26.897,1,Most of the time,13.001,17.667,19.928,2,Neither agree nor disagree,Agree,2.606,12.77,19.01,4,90,40,1.424,51.044,54.23,27,Somewhat well,Very well,Somewhat well,Somewhat well,Very well,Very well,1.144,1.144,4.592,1,94579,11.504,11.504,12.735,1,25.776,32.491,34.676,5,0,0,2.589,0,,,,,0,0,8.818,0,7ae8d8,Democratic,Republican,gun control,gc_pc
12/14/2023 11:32,12/14/2023 11:34,100,97,TRUE,12/14/2023 11:34,7.294,7.294,8.445,1,About half the time,8.528,13.76,14.731,3,Somewhat disagree,Agree,7.029,12.224,15.781,3,60,5,4.094,20.786,21.815,8,Very well,Extremely well,Extremely well,Very well,Extremely well,Very well,2.558,2.558,7.957,1,48076,0,0,3.536,0,0,0,6.318,0,0,0,5.229,0,0,0,4.817,0,0,0,4.975,0,7ky9fy,Democratic,Republican,gun control,gc_control2
12/14/2023 11:29,12/14/2023 11:34,100,305,TRUE,12/14/2023 11:34,9.059,9.059,10.977,1,About half the time,14.1,21.011,21.637,3,Somewhat disagree,Disagree,64.462,109.245,111.427,4,40,80,51.718,75.321,76.124,9,Somewhat well,Somewhat well,Very well,Somewhat well,Somewhat well,Not too well,2.166,2.166,6.925,1,31001,22.266,22.266,44.25,1,0,0,9.041,0,0,0,5.092,0,,,,,0,0,12.802,0,4224fc,Republican,Democratic,gun control,gc_pc
12/14/2023 11:32,12/14/2023 11:34,100,131,TRUE,12/14/2023 11:34,11.698,13.601,14.601,2,Once in a while,6.059,14.74,15.37,4,Strongly disagree,Disagree,8.855,16.858,17.299,5,20,60,7.462,24.638,25.572,9,Very well,Very well,Very well,Very well,Very well,Somewhat well,1.267,1.267,4.5,1,84111,0,0,9.102,0,9.393,9.393,9.883,1,3.416,3.416,4.416,1,5.889,5.889,7.401,1,0,0,7.866,0,b86bpg,Republican,Democratic,immigration,imm_control2
12/14/2023 11:26,12/14/2023 11:34,100,504,TRUE,12/14/2023 11:34,50.962,51.734,54.868,2,Most of the time,57.362,68.39,69.215,5,Agree,Strongly agree,32.432,44.129,50.22,8,20,100,21.81,91.239,91.774,15,Extremely well,Very well,Very well,Extremely well,Extremely well,Very well,4.102,8.87,12.847,2,36521,0,0,121.877,0,0,0,25.332,0,0,0,17.264,0,0,0,33.129,0,0,0,22.402,0,98e8hy,Republican,Democratic,gun control,gc_treat
12/14/2023 11:33,12/14/2023 11:34,100,91,TRUE,12/14/2023 11:34,3.827,3.827,5.302,1,About half the time,4.887,8.867,9.558,3,Somewhat disagree,Strongly agree,9.989,15.924,19.747,4,5,90,5.045,25.274,25.991,10,Somewhat well,Somewhat well,Somewhat well,Not too well,Somewhat well,Very well,1.34,1.34,5.386,1,08817,0,0,2.307,0,2.084,2.084,2.681,1,0,0,4.526,0,0,0,4.441,0,0,0,4.204,0,tufd4q,Republican,Democratic,gun control,gc_control3
12/14/2023 11:32,12/14/2023 11:34,100,126,TRUE,12/14/2023 11:34,5.035,7.015,7.547,2,Once in a while,4.851,15.516,16.294,5,Neither agree nor disagree,Neither agree nor disagree,11.458,16.605,16.9,4,50,50,10.047,35.561,36.385,12,Not at all well,Somewhat well,Very well,Somewhat well,Somewhat well,Very well,1.81,1.81,5.475,1,78130,0,0,11.001,0,0,0,15.896,0,0,0,5.059,0,,,,,0,0,5.001,0,ydnvq9,Democratic,Republican,gun control,gc_pc
12/14/2023 11:31,12/14/2023 11:34,100,182,TRUE,12/14/2023 11:34,11.772,11.772,14.002,1,Most of the time,8.067,12.671,14.9,2,Agree,Strongly disagree,12.672,24.564,25.938,4,50,50,10.139,37.814,39.138,8,Very well,Very well,Extremely well,Very well,Very well,Extremely well,2.832,2.832,11.899,1,75803,0,0,14.086,0,0,0,19.96,0,0,0,17.684,0,,,,,0,0,18.961,0,xzpby3,Democratic,Republican,immigration,imm_pc
12/14/2023 11:33,12/14/2023 11:35,100,111,TRUE,12/14/2023 11:35,7.297,7.297,8.585,1,About half the time,6.035,10.574,11.418,3,Disagree,Strongly agree,8.617,17.975,21.578,4,10,75,3.665,17.091,17.901,8,Somewhat well,Somewhat well,Very well,Somewhat well,Very well,Very well,1.134,1.134,4.418,1,49855,0,0,6.723,0,0,0,9.231,0,0,0,5.645,0,0,0,11.561,0,5.638,7.074,9.244,2,2uycde,Republican,Democratic,immigration,imm_treat
12/14/2023 11:33,12/14/2023 11:35,100,129,TRUE,12/14/2023 11:35,7.001,7.001,8.701,1,Most of the time,6.202,16.081,16.804,3,Strongly agree,Agree,5.3,12.112,16.501,3,40,80,4.801,26.266,27.267,8,Somewhat well,Very well,Very well,Somewhat well,Somewhat well,Extremely well,2.089,2.089,6.901,1,32801,0,0,6.662,0,0,0,9.5,0,0,0,5.701,0,0,0,11.261,0,0,0,9.855,0,dhzttc,Republican,Democratic,gun control,gc_treat
12/14/2023 11:31,12/14/2023 11:35,100,236,TRUE,12/14/2023 11:35,11.386,11.386,12.443,1,About half the time,4.775,10.969,12.927,2,Neither agree nor disagree,Strongly agree,8.072,12.632,16.206,2,30,100,8.196,46.097,47.125,10,Not too well,Somewhat well,Somewhat well,Not too well,Somewhat well,Not too well,2.137,2.137,37.346,1,08057,18.177,21.406,25.108,3,0,0,23.754,0,0,0,24.428,0,0,0,21.127,0,0,0,11.6,0,py81px,Republican,Democratic,immigration,imm_control3
12/14/2023 11:33,12/14/2023 11:35,100,99,TRUE,12/14/2023 11:35,8.162,8.162,9.146,1,About half the time,3.711,11.303,11.882,9,Neither agree nor disagree,Neither agree nor disagree,3.646,6.119,7.701,4,50,50,2.13,13.635,14.236,10,Somewhat well,Very well,Not too well,Somewhat well,Not too well,Somewhat well,2.208,2.208,5.989,1,85350,0,0,10.839,0,3.992,3.992,4.443,1,0.365,1.515,2.138,5,0,0,4.201,0,0,0,9.745,0,1yne9p,Republican,Democratic,gun control,gc_treat
12/14/2023 11:33,12/14/2023 11:35,100,95,TRUE,12/14/2023 11:35,6.901,6.901,7.901,1,Most of the time,2.364,10.832,12.206,4,Somewhat agree,Neither agree nor disagree,2.601,13.204,14.801,6,45,49,6.001,22.63,24.843,9,Somewhat well,Very well,Somewhat well,Very well,Very well,Somewhat well,1.302,1.302,5.698,1,32839,0,0,5.58,0,0,0,6.839,0,0,0,4.601,0,,,,,0,0,6.002,0,61kwnw,Republican,Democratic,gun control,gc_pc
12/14/2023 11:32,12/14/2023 11:35,100,154,TRUE,12/14/2023 11:35,6.747,6.747,9.136,1,Most of the time,18.619,28.228,29.182,4,Agree,Strongly agree,12.714,26.725,27.255,4,95,10,10.982,35.125,38.301,8,Somewhat well,Somewhat well,Very well,Somewhat well,Somewhat well,Not too well,1.183,1.183,4.855,1,15084,0,0,7.601,0,0,0,10.937,0,0,0,6.498,0,0.386,0.386,6.836,1,0,0,6.887,0,t23hat,Democratic,Republican,immigration,imm_control1
12/14/2023 11:34,12/14/2023 11:35,100,85,TRUE,12/14/2023 11:35,6.601,6.601,7.876,1,Most of the time,13.701,18.117,19.517,2,Strongly disagree,Disagree,2.101,4.8,7.101,3,88,2,3.9,15.446,16.392,7,Somewhat well,Very well,Somewhat well,Somewhat well,Very well,Somewhat well,0.9,0.9,5.292,1,89012,0,0,5.136,0,0,0,8.6,0,0,0,2.727,0,,,,,0,0,6.096,0,c4thh7,Republican,Democratic,gun control,gc_pc
12/14/2023 11:33,12/14/2023 11:35,100,141,TRUE,12/14/2023 11:35,8.369,8.369,9.128,1,About half the time,39.784,45.064,45.872,2,Neither agree nor disagree,Agree,12.387,16.532,18.817,2,100,100,12.798,28.363,28.991,8,Not too well,Somewhat well,Somewhat well,Somewhat well,Somewhat well,Somewhat well,0.971,1.487,4.202,2,49306,0,0,8.391,0,0,0,6.685,0,0,0,4.791,0,0,0,4.081,0,0,0,6.534,0,wz6r8e,Democratic,Republican,gun control,gc_treat
12/14/2023 11:31,12/14/2023 11:35,100,256,TRUE,12/14/2023 11:35,21.747,33.684,36.057,2,All the time,14.851,22.567,27.465,3,Strongly agree,Strongly agree,13.994,34.948,39.7,6,90,10,37.455,70.902,72.721,8,Extremely well,Very well,Very well,Extremely well,Extremely well,Extremely well,2.395,2.395,8.042,1,93306,0,0,18.855,0,0,0,17.554,0,0,0,7.24,0,0,0,11.697,0,0,0,8.442,0,bcvytc,Democratic,Republican,immigration,imm_control2
12/14/2023 11:33,12/14/2023 11:35,100,129,TRUE,12/14/2023 11:35,7.605,7.605,8.4,1,All the time,8.916,15.93,16.975,3,Disagree,Disagree,5.076,16.584,17.501,7,75,25,5.033,39.426,40.267,21,Somewhat well,Very well,Very well,Somewhat well,Somewhat well,Somewhat well,0.877,0.877,3.201,1,30094,0,0,11.801,0,0,0,11.378,0,0,0,5.059,0,,,,,0,0,6.187,0,b2vzhh,Republican,Democratic,gun control,gc_pc
12/14/2023 11:33,12/14/2023 11:35,100,114,TRUE,12/14/2023 11:35,7.927,7.927,9.154,1,Most of the time,6.601,11.301,12.9,2,Strongly disagree,Somewhat agree,6.484,17.141,17.684,5,70,20,5.701,26.536,27.521,8,Not too well,Somewhat well,Somewhat well,Not too well,Not too well,Not too well,1.601,1.601,5.467,1,01463,0,0,4.147,0,0,0,12.202,0,0,0,6.265,0,0,0,6.102,0,0,0,4.937,0,74kfer,Republican,Democratic,immigration,imm_control1
12/14/2023 11:32,12/14/2023 11:35,100,189,TRUE,12/14/2023 11:35,7.123,8.171,8.954,2,Most of the time,14.346,18.929,19.758,4,Agree,Agree,1.479,11.515,14.183,4,90,0,3.752,15.269,16.328,9,Somewhat well,Very well,Somewhat well,Somewhat well,Somewhat well,Somewhat well,58.11,58.11,64.448,1,64105,0,0,17.246,0,5.308,5.308,7.98,1,10.576,10.576,12.063,1,11.165,11.165,12.139,1,0,0,6.882,0,1kzmcb,Democratic,Republican,immigration,imm_treat
12/14/2023 11:33,12/14/2023 11:35,100,120,TRUE,12/14/2023 11:35,8.638,8.638,10.157,1,About half the time,8.036,15.414,16.487,2,Agree,Somewhat agree,9.013,13.047,16.058,3,75,75,6.278,29.045,30.242,10,Very well,Not too well,Extremely well,Extremely well,Extremely well,Extremely well,2.458,2.458,10.139,1,13069,0,0,11.331,0,0,0,8.566,0,0,0,4.228,0,,,,,0,0,8.542,0,n49rz7,Republican,Democratic,gun control,gc_pc
12/14/2023 11:33,12/14/2023 11:35,100,146,TRUE,12/14/2023 11:35,7.089,8.136,9.117,2,About half the time,5.156,13.214,13.866,4,Neither agree nor disagree,Strongly agree,9.134,27.47,33.349,4,10,50,10.765,31.968,32.772,11,Very well,Extremely well,Somewhat well,Very well,Extremely well,Very well,2.077,2.077,5.085,1,15237,0,0,10.442,0,9.886,9.886,11.393,1,0,0,7.357,0,0,0,11.552,0,0,0,7.002,0,nyvm2q,Republican,Democratic,immigration,imm_control3
12/14/2023 11:34,12/14/2023 11:36,100,89,TRUE,12/14/2023 11:36,7.522,7.522,8.581,1,About half the time,6.398,11.193,12.017,3,Somewhat agree,Somewhat agree,1.737,8.519,10.777,2,65,55,7.416,22.647,23.412,11,Somewhat well,Not too well,Very well,Very well,Very well,Very well,1.775,1.775,6.15,1,90036,0,0,3.498,0,0,0,5.368,0,0,0,3.771,0,0,0,6.753,0,0,0,3.252,0,ecg6ak,Republican,Democratic,immigration,imm_treat
12/14/2023 11:33,12/14/2023 11:37,100,188,TRUE,12/14/2023 11:37,8.202,9.426,10.077,2,About half the time,20.032,26.673,27.781,3,Agree,Agree,7.418,23.928,24.306,9,80,75,12.491,43.899,44.469,11,Somewhat well,Very well,Extremely well,Somewhat well,Very well,Somewhat well,2.89,8.186,8.681,2,23320,0,0,10.788,0,15.958,15.958,18.03,1,10.612,12.795,14.648,3,15.296,15.296,16.047,1,0,0,6.661,0,f3dq94,Republican,Democratic,gun control,gc_treat
12/14/2023 11:35,12/14/2023 11:37,100,111,TRUE,12/14/2023 11:37,4.035,4.653,6.252,2,Most of the time,8.806,19.313,21.601,4,Strongly agree,Agree,6.358,11.5,13.041,3,75,10,3.828,25.897,26.602,11,Very well,Somewhat well,Somewhat well,Somewhat well,Somewhat well,Somewhat well,1.007,1.007,3.963,1,97062,0,0,8.248,0,0,0,7.836,0,0,0,2.301,0,0,0,7.902,0,0,0,6.431,0,6mm18u,Democratic,Republican,immigration,imm_treat
12/14/2023 11:34,12/14/2023 11:37,100,143,TRUE,12/14/2023 11:37,8.021,8.021,9.072,1,Once in a while,6.934,11.37,11.735,3,Neither agree nor disagree,Strongly agree,10.697,19.559,20.179,4,80,20,5.213,27.252,27.947,10,Very well,Somewhat well,Very well,Very well,Very well,Very well,1.155,1.155,4.086,1,34434,0,0,12.261,0,0,0,10.179,0,0,0,7.928,0,0,0,22.644,0,0,0,10.719,0,rc1dtk,Republican,Democratic,gun control,gc_treat
12/14/2023 11:34,12/14/2023 11:37,100,164,TRUE,12/14/2023 11:37,9.292,9.292,10.4,1,Most of the time,9.242,24.196,24.897,5,Strongly disagree,Disagree,5.597,14.634,18.002,4,33,66,5.796,44.726,45.602,14,Extremely well,Extremely well,Extremely well,Extremely well,Very well,Somewhat well,2.147,2.147,6.445,1,23139,0,0,11.18,0,0,0,5.646,0,0,0,1.989,0,0,0,8.549,0,0,0,7.552,0,9w3yrk,Democratic,Republican,gun control,gc_treat
12/14/2023 11:35,12/14/2023 11:37,100,134,TRUE,12/14/2023 11:37,7.143,8.751,9.778,2,About half the time,4.201,9.578,10.123,3,Disagree,Agree,1.627,25.762,28.502,5,75,35,6.698,27.026,27.378,9,Somewhat well,Very well,Very well,Very well,Very well,Somewhat well,1.31,1.31,4.301,1,95110,0,0,14.652,0,0,0,8.153,0,0,0,3.882,0,0,0,13.047,0,0,0,8.66,0,v7yya7,Democratic,Republican,immigration,imm_control1
12/14/2023 11:34,12/14/2023 11:37,100,190,TRUE,12/14/2023 11:37,14.83,14.83,16.392,1,Once in a while,6.419,14.331,15.894,3,Neither agree nor disagree,Strongly agree,4.617,10.507,14.446,5,10,50,7.291,45.578,48.242,11,Extremely well,Extremely well,Extremely well,Very well,Very well,Not too well,2.419,2.419,7.496,1,34234,0,0,17.303,0,0,0,19.6,0,0,0,28.702,0,,,,,0,0,12.201,0,68yfgp,Republican,Democratic,gun control,gc_pc
12/14/2023 11:35,12/14/2023 11:37,100,114,TRUE,12/14/2023 11:37,6.215,6.215,7.762,1,All the time,1.358,9.438,12.284,4,Strongly disagree,Strongly disagree,2.9,9.015,9.814,5,0,88,6.801,21.525,23.025,6,Very well,Extremely well,Somewhat well,Somewhat well,Extremely well,Somewhat well,1.9,1.9,5.738,1,29483,0,0,5.602,0,0,0,4.781,0,0,0,5.727,0,0,0,6.397,0,0,0,5.639,0,ehknza,Democratic,Republican,gun control,gc_treat
12/14/2023 11:35,12/14/2023 11:37,100,160,TRUE,12/14/2023 11:37,10.142,10.925,11.601,2,About half the time,7.495,15.086,15.701,3,Neither agree nor disagree,Strongly agree,6.331,9.265,18.596,2,80,60,9.801,37.173,37.601,13,Extremely well,Extremely well,Extremely well,Extremely well,Extremely well,Extremely well,0.9,0.9,3.339,1,32223,0,0,17.702,0,0,0,12.901,0,0,0,18.501,0,0,0,8.347,0,0,0,8.755,0,vtt8xb,Democratic,Republican,gun control,gc_control1
12/14/2023 11:36,12/14/2023 11:38,100,89,TRUE,12/14/2023 11:38,5.985,6.466,7.288,2,Once in a while,3.471,8.747,9.381,3,Neither agree nor disagree,Agree,8.184,11.086,13.267,2,10,90,6.15,22.304,23.433,9,Somewhat well,Very well,Extremely well,Very well,Very well,Very well,1.217,1.748,5.255,2,14033,0,0,6.422,0,0,0,5.624,0,0,0,3.746,0,0,0,4.041,0,0,0,6.371,0,6cwffw,Republican,Democratic,gun control,gc_control3
12/14/2023 11:35,12/14/2023 11:38,100,181,TRUE,12/14/2023 11:38,13.353,14.749,15.673,2,All the time,11.498,23.22,24.494,3,Strongly disagree,Strongly agree,18.112,28.636,35.586,6,100,2,13.958,42.018,43.021,9,Extremely well,Extremely well,Extremely well,Somewhat well,Somewhat well,Somewhat well,3.893,3.893,12.96,1,54868,0,0,9.699,0,0,0,8.125,0,0,0,3.083,0,0,0,7.081,0,0,0,14.159,0,9yg49x,Democratic,Republican,immigration,imm_treat
12/14/2023 11:36,12/14/2023 11:38,100,120,TRUE,12/14/2023 11:38,9.448,9.448,10.697,1,Most of the time,4.873,19.369,20.684,2,Strongly disagree,Strongly agree,11.043,19.226,19.777,4,40,60,5.101,19.472,20.561,7,Extremely well,Extremely well,Extremely well,Extremely well,Extremely well,Extremely well,1.996,1.996,6.501,1,53143,0,0,7.303,0,0,0,6.101,0,0,0,6.239,0,,,,,0,0,14.797,0,6rvvyv,Republican,Democratic,gun control,gc_pc
12/14/2023 11:36,12/14/2023 11:38,100,118,TRUE,12/14/2023 11:38,8.842,9.875,10.457,2,Once in a while,6.392,12.195,12.773,4,Disagree,Agree,11.031,15.096,17.378,3,30,50,5.3,21.086,21.631,11,Somewhat well,Very well,Very well,Very well,Very well,Very well,0.862,0.862,3.3,1,92831,0,0,9.168,0,10.484,10.484,11.681,1,3.782,3.782,4.645,1,0,0,14.471,0,0,0,7.772,0,tbd7pz,Republican,Democratic,gun control,gc_control2
12/14/2023 11:37,12/14/2023 11:38,100,62,TRUE,12/14/2023 11:38,1.607,3.587,4.301,4,All the time,2.414,6.662,7.148,6,Strongly agree,Strongly agree,1.224,4.057,6.645,2,4,80,2.7,15.02,15.715,11,Very well,Very well,Somewhat well,Somewhat well,Very well,Somewhat well,1.005,1.005,3.191,1,49464,0,0,3.13,0,3.086,5.169,5.715,2,1.874,2.69,3.296,2,2.012,2.012,4.85,1,0,0,3.724,0,eyu3hz,Republican,Democratic,gun control,gc_control1
12/14/2023 11:36,12/14/2023 11:38,100,94,TRUE,12/14/2023 11:38,6.449,6.449,7.422,1,Once in a while,2.894,9.324,10.201,4,Disagree,Agree,2.264,9.217,12.117,2,47,78,4.582,21.946,22.773,9,Somewhat well,Very well,Very well,Very well,Very well,Somewhat well,1.984,1.984,6.617,1,74073,0,0,7.995,0,0,0,6.063,0,0,0,4.598,0,0,0,4.951,0,0,0,7.186,0,yrhq9z,Republican,Democratic,immigration,imm_treat
12/14/2023 11:36,12/14/2023 11:38,100,105,TRUE,12/14/2023 11:38,4.771,4.771,5.41,1,All the time,4.78,9.897,11.405,2,Strongly disagree,Strongly disagree,16.59,26.299,29.658,5,100,0,9.185,28.549,29.137,9,Not at all well,Somewhat well,Somewhat well,Somewhat well,Somewhat well,Somewhat well,2.157,2.157,5.553,1,08757,0,0,4.306,0,0,0,5.209,0,0,0,3.762,0,,,,,0,0,5.546,0,4hdukc,Republican,Democratic,immigration,imm_pc
12/14/2023 11:34,12/14/2023 11:38,100,247,TRUE,12/14/2023 11:38,28.95,28.95,30.355,1,Once in a while,7.526,12.878,13.804,2,Somewhat agree,Agree,20.803,23.784,25.401,3,80,30,7.467,21.654,22.302,9,Somewhat well,Very well,Very well,Very well,Very well,Somewhat well,26.826,26.826,29.143,1,60517,55.145,55.145,56.999,1,0,0,17.7,0,26.82,26.82,27.001,1,0,0,11.994,0,0,0,3.844,0,8qgv6a,Democratic,Republican,immigration,imm_control1
12/14/2023 11:37,12/14/2023 11:38,100,98,TRUE,12/14/2023 11:38,5.107,7.054,8.207,2,Most of the time,8.311,13.361,13.907,5,Strongly disagree,Neither agree nor disagree,4.016,7.917,12.068,2,50,35,4.553,18.594,19.25,10,Very well,Very well,Very well,Very well,Very well,Somewhat well,1.902,1.902,6.987,1,06413,0,0,7.793,0,11.434,11.434,14.947,1,4.535,4.535,5.374,1,,,,,0,0,6.275,0,p1z83y,Democratic,Republican,gun control,gc_pc
12/14/2023 11:25,12/14/2023 11:38,100,766,TRUE,12/14/2023 11:38,7.491,7.491,8.326,1,About half the time,10.15,22.486,23.394,4,Somewhat disagree,Strongly agree,7.341,262.282,264.906,3,50,40,147.541,183.798,185.722,9,Extremely well,Extremely well,Extremely well,Extremely well,Extremely well,Extremely well,1.391,1.391,6.801,1,10461,0,0,8.573,0,0,0,58.111,0,0,0,5.166,0,,,,,0,0,10.938,0,h4pm8n,Democratic,Republican,immigration,imm_pc
12/14/2023 11:36,12/14/2023 11:38,100,164,TRUE,12/14/2023 11:38,8.284,8.284,9.124,1,Most of the time,1.317,16.941,18.391,9,Neither agree nor disagree,Strongly agree,1.613,21.506,26.264,8,85,55,1.171,35.088,36.401,10,Somewhat well,Very well,Very well,Somewhat well,Very well,Very well,9.719,9.719,14.293,1,78015,0,0,16.298,0,3.79,3.79,7.835,1,3.154,3.154,3.754,1,0,0,12.247,0,0,0,9.342,0,k4399h,Democratic,Republican,gun control,gc_treat
12/14/2023 11:36,12/14/2023 11:38,100,116,TRUE,12/14/2023 11:38,11.22,11.22,12.38,1,Once in a while,5.379,9.871,11.862,2,Somewhat agree,Strongly agree,7.982,20.693,21.623,8,60,40,6.551,24.17,26.057,9,Very well,Extremely well,Very well,Extremely well,Extremely well,Very well,1.229,1.229,4.001,1,93021,0,0,7.004,0,0,0,9.538,0,0,0,3.952,0,0,0,9.315,0,0,0,5.699,0,zgzm9x,Democratic,Republican,immigration,imm_control1
12/14/2023 11:34,12/14/2023 11:39,100,294,TRUE,12/14/2023 11:39,16.801,16.801,18.301,1,Once in a while,52.401,67.932,70.023,2,Neither agree nor disagree,Somewhat disagree,19.002,24.901,28.998,2,40,60,74.401,99.95,101.351,9,Somewhat well,Extremely well,Extremely well,Very well,Extremely well,Very well,2.001,2.001,6.187,1,23455,0,0,14.101,0,0,0,14.602,0,0,0,7.701,0,0,0,15.402,0,0,0,9.271,0,rxxqb9,Democratic,Republican,immigration,imm_control2
12/14/2023 11:37,12/14/2023 11:39,100,97,TRUE,12/14/2023 11:39,3.741,3.741,4.333,1,All the time,6.551,10.139,10.967,3,Strongly disagree,Strongly agree,3.709,8.859,11.902,4,50,10,20.323,44.309,45.135,12,Somewhat well,Not too well,Not too well,Somewhat well,Not too well,Somewhat well,0.932,0.932,3.432,1,20009,0,0,7.08,0,0,0,1.679,0,0,0,1.363,0,0,0,1.305,0,0,0,3.867,0,8e6dw6,Democratic,Republican,gun control,gc_control2
12/14/2023 11:37,12/14/2023 11:39,100,132,TRUE,12/14/2023 11:39,7.552,7.552,9.392,1,Most of the time,7.395,12.307,13.193,3,Somewhat disagree,Somewhat agree,11.474,13.605,15.789,2,40,60,7.256,35.129,35.763,9,Somewhat well,Somewhat well,Very well,Very well,Very well,Somewhat well,1.556,1.556,4.696,1,24121,0,0,9.029,0,0,0,9.809,0,0,0,4.391,0,0,0,12.734,0,0,0,8.061,0,ca77z9,Republican,Democratic,immigration,imm_treat
12/14/2023 11:37,12/14/2023 11:39,100,102,TRUE,12/14/2023 11:39,8.737,8.737,9.582,1,About half the time,6.499,11.692,12.147,3,Somewhat agree,Agree,6.753,14.709,16.878,2,20,70,7.117,24.173,24.712,11,Somewhat well,Very well,Somewhat well,Very well,Very well,Very well,0.859,0.859,3.599,1,94112,0,0,6.364,0,0,0,4.716,0,0,0,4.836,0,0,0,7.01,0,0,0,5.691,0,gaay14,Republican,Democratic,gun control,gc_treat
12/14/2023 11:38,12/14/2023 11:39,100,54,TRUE,12/14/2023 11:39,1.813,3.548,4.571,3,Once in a while,2.059,6.642,7.467,4,Strongly disagree,Strongly agree,4.503,7.805,10.56,4,50,0,2.376,15.528,15.895,14,Somewhat well,Extremely well,Very well,Very well,Extremely well,Very well,1.164,1.164,4.065,1,32606,0,0,2.016,0,0,0,3.181,0,0,0,0.8,0,0,0,0.576,0,0,0,0.944,0,4qyhyh,Democratic,Republican,gun control,gc_treat
12/14/2023 11:36,12/14/2023 11:39,100,219,TRUE,12/14/2023 11:39,9.777,9.777,11.229,1,Most of the time,5.345,9.201,10.069,2,Neither agree nor disagree,Neither agree nor disagree,38.274,45.43,45.823,5,50,50,4.996,48.2,48.8,10,Very well,Very well,Very well,Very well,Very well,Very well,1.1,1.1,4.372,1,80911,0,0,29.671,0,0,0,37.303,0,0,0,4.895,0,0,0,9.371,0,0,0,12.271,0,qqxgwq,Democratic,Republican,gun control,gc_control1
12/14/2023 11:38,12/14/2023 11:39,100,95,TRUE,12/14/2023 11:39,6.191,6.191,7.266,1,Most of the time,6.75,11.425,12.959,2,Strongly disagree,Somewhat agree,5.436,14.904,15.5,3,40,60,6.611,19.966,20.687,10,Not too well,Very well,Very well,Very well,Very well,Extremely well,1.308,1.308,5.195,1,28612,0,0,7.101,0,0,0,6.257,0,0,0,6.07,0,,,,,0,0,5.882,0,gavzgw,Democratic,Republican,gun control,gc_pc
12/14/2023 11:38,12/14/2023 11:39,100,89,TRUE,12/14/2023 11:39,6.839,6.839,7.817,1,Most of the time,5.839,10.74,11.5,2,Strongly disagree,Somewhat disagree,3.108,6.018,8.073,2,90,5,5.841,25.941,26.912,7,Somewhat well,Somewhat well,Somewhat well,Very well,Very well,Somewhat well,1.259,1.259,4.885,1,62549,0,0,4.421,0,0,0,5.042,0,0,0,3.355,0,0,0,4.376,0,0,0,6.529,0,vknnyh,Republican,Democratic,immigration,imm_treat
12/14/2023 11:36,12/14/2023 11:39,100,179,TRUE,12/14/2023 11:39,9.547,9.547,10.695,1,Almost Never,7.101,17.302,19.371,3,Neither agree nor disagree,Agree,15.401,28.048,38.055,4,90,1,11.875,41.401,42.985,10,Very well,Somewhat well,Somewhat well,Very well,Somewhat well,Somewhat well,3,3,7.238,1,68127,0,0,11.346,0,0,0,20.96,0,0,0,9.965,0,,,,,0,0,10.223,0,pfmd48,Democratic,Republican,gun control,gc_pc
12/14/2023 11:35,12/14/2023 11:39,100,252,TRUE,12/14/2023 11:39,8.802,8.802,11.606,1,About half the time,7.001,21.4,23.701,2,Agree,Agree,7.301,20.814,23.403,4,64,78,17.6,64.213,65.93,7,Very well,Very well,Somewhat well,Very well,Extremely well,Somewhat well,2.698,2.698,35.601,1,30341,0,0,19.384,0,0,0,17.801,0,0,0,12.946,0,0,0,21.501,0,0,0,11.565,0,y84nxn,Republican,Democratic,immigration,imm_treat
12/14/2023 11:38,12/14/2023 11:40,100,79,TRUE,12/14/2023 11:40,4.897,4.897,5.831,1,About half the time,4.462,7.013,8.209,2,Agree,Disagree,4.705,9.935,13.222,2,60,50,7.247,20.269,21.165,8,Not too well,Somewhat well,Very well,Somewhat well,Very well,Somewhat well,1.947,1.947,9.601,1,32163,0,0,4.501,0,0,0,4.092,0,0,0,1.343,0,,,,,0,0,6.317,0,xfggcy,Democratic,Republican,gun control,gc_pc
12/14/2023 11:35,12/14/2023 11:40,100,272,TRUE,12/14/2023 11:40,14.301,14.301,15.601,1,Most of the time,8.723,26.352,30.301,3,Somewhat agree,Strongly agree,23.701,35.783,40.8,5,70,20,11.918,40.563,41.2,8,Somewhat well,Very well,Very well,Somewhat well,Very well,Somewhat well,3.665,3.665,10.651,1,30306,0,0,20.914,0,0,0,30.111,0,0,0,22.222,0,35.788,36.073,40.777,2,0,0,11.943,0,ux2wnk,Democratic,Republican,gun control,gc_control3
12/14/2023 11:38,12/14/2023 11:40,100,111,TRUE,12/14/2023 11:40,13.993,13.993,14.909,1,Most of the time,8.267,16.892,17.721,4,Strongly disagree,Strongly agree,3.113,11.828,15.759,4,40,50,11.183,32.55,33.27,9,Very well,Very well,Very well,Extremely well,Very well,Very well,1.194,1.194,4.765,1,07650,0,0,1.781,0,0,0,3.743,0,0,0,5.802,0,0,0,1.393,0,0,0,7.627,0,atdym7,Republican,Democratic,immigration,imm_control1
12/14/2023 11:39,12/14/2023 11:40,100,56,TRUE,12/14/2023 11:40,4.819,4.819,6.115,1,Most of the time,3.776,8.778,9.301,3,Strongly disagree,Agree,1.764,1.764,8.043,1,35,45,2.471,12.809,13.759,9,Very well,Extremely well,Very well,Very well,Very well,Very well,1.23,1.23,4.829,1,85335,0,0,1.791,0,0,0,3.102,0,0,0,1.002,0,0,0,1.132,0,0,0,0.942,0,72cpq2,Republican,Democratic,gun control,gc_treat
12/14/2023 11:36,12/14/2023 11:40,100,196,TRUE,12/14/2023 11:40,11.544,11.544,12.674,1,All the time,11.736,19.369,21.462,2,Strongly disagree,Somewhat disagree,19.882,25.359,31.979,2,80,30,13.684,57.285,58.272,8,Very well,Extremely well,Extremely well,Somewhat well,Very well,Somewhat well,2.006,2.006,5.401,1,32724,0,0,9.894,0,0,0,13.584,0,0,0,7.725,0,0,0,19.515,0,0,0,10.409,0,pffdw7,Republican,Democratic,gun control,gc_treat
12/14/2023 11:38,12/14/2023 11:40,100,103,TRUE,12/14/2023 11:40,17.622,17.622,18.775,1,Most of the time,4.967,7.328,8.754,2,Disagree,Strongly agree,5.79,11.845,13.701,4,40,60,3.731,19.552,20.582,8,Not at all well,Extremely well,Very well,Somewhat well,Extremely well,Very well,1.133,1.133,4.485,1,28036,0,0,8.386,0,0,0,9.165,0,0,0,5.129,0,,,,,0,0,6.829,0,r1e7wr,Republican,Democratic,gun control,gc_pc
12/14/2023 11:35,12/14/2023 11:40,100,285,TRUE,12/14/2023 11:40,8.393,10.577,12.001,2,Most of the time,23.662,72.611,73.32,5,Disagree,Agree,10.005,22.1,22.902,5,55,100,8.065,73.958,74.842,11,Somewhat well,Extremely well,Extremely well,Somewhat well,Very well,Extremely well,2.501,25.737,27.371,2,10456,0,0,4.192,0,8.797,14.681,15.901,3,3.411,3.411,4.467,1,,,,,0,0,5.645,0,bua2zc,Republican,Democratic,immigration,imm_pc
12/14/2023 11:38,12/14/2023 11:40,100,132,TRUE,12/14/2023 11:40,7.402,12.055,12.986,2,Once in a while,5.768,15.003,16.144,3,Strongly agree,Disagree,3.97,11.687,18.455,3,50,50,8.36,24.48,25.174,12,Very well,Very well,Very well,Extremely well,Very well,Somewhat well,1.229,1.229,11.148,1,32563,0,0,9.731,0,6.175,6.175,6.658,1,0,0,4.668,0,0,0,10.922,0,0,0,7.074,0,gvmdq4,Democratic,Republican,gun control,gc_control1
12/14/2023 11:35,12/14/2023 11:40,100,284,TRUE,12/14/2023 11:40,10.337,10.337,11.789,1,About half the time,11.03,23.144,25.473,2,Neither agree nor disagree,Strongly agree,22.412,36.745,47.995,2,50,50,14.025,32.401,39.054,6,Extremely well,Extremely well,Extremely well,Extremely well,Extremely well,Extremely well,6.727,6.727,18.229,1,70582,0,0,13.205,0,0,0,23.365,0,19.179,36.641,49.812,5,0,0,23.319,0,0,0,14.131,0,bwnw49,Democratic,Republican,gun control,gc_treat
12/14/2023 11:38,12/14/2023 11:40,100,132,TRUE,12/14/2023 11:40,5.108,10.294,10.865,3,All the time,8.671,14.389,14.87,4,Neither agree nor disagree,Strongly agree,5.563,10.647,15.756,4,0,92,8.365,29.316,29.83,10,Not too well,Very well,Somewhat well,Not too well,Very well,Extremely well,1.525,1.525,5.701,1,28052,6.422,6.422,12.037,1,21.819,21.819,22.256,1,8.226,8.226,9.088,1,,,,,0,0,7.946,0,4n6h2p,Republican,Democratic,immigration,imm_pc
12/14/2023 11:38,12/14/2023 11:41,100,191,TRUE,12/14/2023 11:41,32.9,32.9,35.602,1,Most of the time,3.54,13.706,14.667,5,Somewhat agree,Strongly agree,1.768,20.488,21.2,5,1,10,8.001,23.487,24.787,11,Very well,Very well,Very well,Very well,Very well,Somewhat well,1.601,1.601,7.301,1,48195,0,0,56.701,0,0,0,8.209,0,0,0,5.257,0,0,0,3.682,0,0,0,6.95,0,zv3m1r,Republican,Democratic,gun control,gc_control1
12/14/2023 11:39,12/14/2023 11:41,100,90,TRUE,12/14/2023 11:41,6.04,6.04,6.822,1,Most of the time,6.176,11.225,12.52,4,Disagree,Somewhat disagree,1.853,4.7,6.345,2,60,40,3.497,15.924,16.689,10,Somewhat well,Very well,Very well,Somewhat well,Somewhat well,Not too well,1.994,1.994,13.297,1,17257,0,0,8.252,0,0,0,10.721,0,0,0,6.542,0,,,,,0,0,4.721,0,a7q18f,Republican,Democratic,gun control,gc_pc
12/14/2023 11:35,12/14/2023 11:41,100,384,TRUE,12/14/2023 11:41,17.473,17.473,18.887,1,All the time,9.344,13.197,14.75,3,Strongly agree,Strongly agree,33.047,39.64,42.144,4,80,2,33.356,54.395,54.999,12,Not at all well,Very well,Not too well,Very well,Very well,Somewhat well,16.534,16.534,18.801,1,15133,0,0,185.822,0,0,0,12.465,0,0,0,7.2,0,0,0,15.573,0,0,0,7.114,0,mpx178,Democratic,Republican,immigration,imm_treat
12/14/2023 11:39,12/14/2023 11:41,100,92,TRUE,12/14/2023 11:41,6.066,6.066,6.926,1,Once in a while,6.17,9.488,10.401,3,Strongly disagree,Strongly agree,5.058,7.229,10.796,2,75,25,5.148,17.824,18.491,8,Very well,Very well,Very well,Very well,Very well,Very well,1.631,1.631,4.936,1,28726,0,0,8.367,0,0,0,17.108,0,0,0,5.283,0,,,,,0,0,6.501,0,1vpyyv,Democratic,Republican,gun control,gc_pc
12/14/2023 11:37,12/14/2023 11:41,100,216,TRUE,12/14/2023 11:41,7.6,8.661,9.276,2,Once in a while,4.716,14.354,15.858,4,Somewhat disagree,Agree,3.6,11.665,12.281,3,80,70,4.626,57.254,58.001,10,Extremely well,Extremely well,Extremely well,Very well,Extremely well,Somewhat well,1.294,1.294,7.12,1,17315,0,0,59.666,0,13.357,13.357,17.95,1,0,0,22.433,0,,,,,0,0,7.698,0,94rh6h,Republican,Democratic,immigration,imm_pc
12/14/2023 11:40,12/14/2023 11:41,100,90,TRUE,12/14/2023 11:41,8.799,9.899,11.129,2,About half the time,5.171,11.619,12.2,5,Somewhat disagree,Somewhat agree,4.31,10.119,10.8,5,67,80,4.101,17.895,18.98,9,Not too well,Not too well,Somewhat well,Somewhat well,Somewhat well,Somewhat well,1.863,6.436,8.157,2,38135,0,0,7.44,0,0,0,7.762,0,0,0,3.001,0,,,,,0,0,4.995,0,q9znpu,Democratic,Republican,gun control,gc_pc
12/14/2023 11:39,12/14/2023 11:41,100,118,TRUE,12/14/2023 11:41,6.232,8.089,8.527,3,Once in a while,3.242,12.891,13.474,6,Strongly disagree,Somewhat agree,5.171,22.282,28.963,7,60,45,4.395,18.827,19.451,14,Extremely well,Extremely well,Extremely well,Extremely well,Extremely well,Extremely well,1.89,1.89,5.627,1,45011,0,0,9.073,0,7.728,7.728,8.327,1,0,0,8.981,0,0,0,4.621,0,0,0,3.815,0,3cw121,Republican,Democratic,gun control,gc_control1
12/14/2023 11:39,12/14/2023 11:41,100,144,TRUE,12/14/2023 11:41,6.726,6.726,7.701,1,About half the time,5.949,11.147,11.988,3,Disagree,Strongly agree,1.33,11.719,17.089,3,70,25,24.012,64.21,64.85,9,Somewhat well,Very well,Very well,Somewhat well,Somewhat well,Not too well,1.305,1.305,4.625,1,35750,0,0,16.626,0,0,0,4.181,0,0,0,4.126,0,,,,,0,0,7.171,0,u4t3fn,Democratic,Republican,gun control,gc_pc
12/14/2023 11:40,12/14/2023 11:41,100,106,TRUE,12/14/2023 11:41,5.688,5.688,6.606,1,Most of the time,3.852,8.773,10.083,2,Agree,Strongly agree,4.599,8.561,11.092,3,80,20,6.494,31.34,32.371,8,Very well,Extremely well,Extremely well,Very well,Extremely well,Extremely well,1.794,1.794,7.154,1,11374,0,0,9.045,0,0,0,11.526,0,0,0,3.55,0,0,0,2.334,0,0,0,7.337,0,f9vvcv,Democratic,Republican,gun control,gc_control3
12/14/2023 11:36,12/14/2023 11:41,100,302,TRUE,12/14/2023 11:42,110.291,116.163,117.999,3,Most of the time,6.186,12.824,13.801,4,Strongly agree,Strongly agree,2.7,10.337,10.997,7,0,60,4.801,39.641,40.823,18,Very well,Extremely well,Not too well,Very well,Extremely well,Not too well,2.137,2.137,9.211,1,90038,0,0,82.662,0,0,0,7.452,0,0,0,5.526,0,,,,,0,0,6.601,0,2u937z,Republican,Democratic,immigration,imm_pc
12/14/2023 11:39,12/14/2023 11:42,100,184,TRUE,12/14/2023 11:42,9.82,9.82,11.465,1,About half the time,4.371,15.952,22.045,3,Strongly agree,Somewhat disagree,4.565,21.383,21.798,9,8,42,6.544,47.467,48.342,10,Very well,Extremely well,Somewhat well,Very well,Very well,Somewhat well,2.535,2.535,11.523,1,35613,0,0,35.867,0,0,0,12.049,0,0,0,7.437,0,,,,,0,0,7.325,0,xx43nc,Democratic,Republican,immigration,imm_pc
12/14/2023 11:39,12/14/2023 11:42,100,159,TRUE,12/14/2023 11:42,7.904,9.472,10.013,3,About half the time,12.396,19.018,21.519,4,Agree,Somewhat agree,7.397,32.215,33.505,7,50,60,5.401,28.901,29.473,10,Very well,Very well,Somewhat well,Very well,Very well,Somewhat well,2.5,2.5,14.289,1,48897,0,0,8.502,0,8.575,8.575,10.171,1,0,0,7.1,0,0,0,9.001,0,0,0,7.061,0,fukd7e,Democratic,Republican,immigration,imm_control2
12/14/2023 11:40,12/14/2023 11:42,100,82,TRUE,12/14/2023 11:42,6.171,6.171,8.6,1,About half the time,5.61,9.223,9.878,2,Agree,Agree,6.7,12.085,14.79,3,60,60,5.846,18.684,19.193,8,Somewhat well,Very well,Extremely well,Somewhat well,Very well,Somewhat well,0.984,0.984,3.873,1,75454,0,0,7.133,0,0,0,6.343,0,0,0,2.848,0,,,,,0,0,5.577,0,mxa7hg,Republican,Democratic,gun control,gc_pc
12/14/2023 11:39,12/14/2023 11:42,100,161,TRUE,12/14/2023 11:42,4.998,7.402,8.711,3,About half the time,6.088,15.354,16.033,6,Disagree,Strongly agree,5.386,20.87,21.901,6,0,90,4.16,25.834,27.04,13,Somewhat well,Somewhat well,Somewhat well,Somewhat well,Very well,Very well,2.801,2.801,8.601,1,76301,0,0,7.889,0,17.987,17.987,21.688,1,7.468,7.468,8.502,1,12.728,16.932,17.769,2,0,0,6.401,0,q1xvbx,Republican,Democratic,immigration,imm_treat
12/14/2023 11:41,12/14/2023 11:42,100,97,TRUE,12/14/2023 11:42,5.101,5.101,6.378,1,About half the time,5.265,9.049,9.794,3,Neither agree nor disagree,Agree,6.58,22.873,28.123,4,26,64,3.238,20.284,20.602,13,Very well,Somewhat well,Somewhat well,Very well,Very well,Somewhat well,1.003,1.003,4.2,1,23456,0,0,7.884,0,0,0,5.482,0,0,0,3.258,0,,,,,0,0,6.065,0,8p9hdt,Republican,Democratic,gun control,gc_pc
12/14/2023 11:39,12/14/2023 11:42,100,160,TRUE,12/14/2023 11:42,35.251,35.251,36.621,1,About half the time,8.209,12.866,14.901,2,Neither agree nor disagree,Agree,8.572,18.437,19.052,3,50,50,13.094,38.097,39.1,10,Somewhat well,Very well,Very well,Somewhat well,Very well,Very well,1.319,1.319,4.002,1,43701,0,0,9.158,0,0,0,8.896,0,0,0,6.874,0,0,0,7.775,0,0,0,7.599,0,c4g613,Democratic,Republican,gun control,gc_control3
12/14/2023 11:37,12/14/2023 11:42,100,323,TRUE,12/14/2023 11:42,36.389,36.389,37.679,1,Most of the time,3.2,7.5,9.856,2,Strongly disagree,Strongly disagree,2.693,11.675,74.9,3,2,15,3.501,18.601,20.876,7,Not too well,Somewhat well,Somewhat well,Not too well,Not too well,Somewhat well,58.573,58.573,61.142,1,92021,0,0,18.179,0,0,0,79.7,0,0,0,1.879,0,0,0,4.047,0,0,0,6.377,0,caxqz8,Democratic,Republican,immigration,imm_treat
12/14/2023 11:37,12/14/2023 11:43,100,309,TRUE,12/14/2023 11:43,5.874,8.343,8.954,3,Most of the time,7.45,15.624,16.297,5,Agree,Agree,24.541,35.62,36.374,4,5,65,6.641,57.375,58.187,12,Very well,Extremely well,Very well,Very well,Very well,Somewhat well,1.192,1.192,4.8,1,40258,0,0,24.902,0,47.898,47.898,49.803,1,0,0,4.582,0,35.641,35.641,64.301,1,0,0,32.802,0,qrdavb,Republican,Democratic,immigration,imm_treat
12/14/2023 11:29,12/14/2023 11:43,100,820,TRUE,12/14/2023 11:43,2.827,2.827,3.57,1,Most of the time,2.694,4.898,5.945,2,Somewhat disagree,Strongly agree,5.908,13.679,15.682,3,30,75,4.479,20.315,20.9,7,Somewhat well,Very well,Very well,Very well,Very well,Very well,1.285,1.285,4.488,1,70131,0,0,5.238,0,0,0,5.739,0,0,0,5.275,0,0,0,2.96,0,5.761,315.502,319.132,2,gvnheg,Republican,Democratic,gun control,gc_control1
12/14/2023 11:41,12/14/2023 11:43,100,125,TRUE,12/14/2023 11:43,6.398,6.398,7.143,1,All the time,5.526,9.343,11.273,2,Strongly disagree,Strongly agree,5.094,13.982,16.547,3,0,100,2.526,31.44,32.154,13,Somewhat well,Somewhat well,Extremely well,Somewhat well,Somewhat well,Extremely well,2.188,2.188,5.601,1,86322,0,0,9.322,0,0,0,8.71,0,0,0,7.885,0,0,0,12.304,0,0,0,6.923,0,4u8ag2,Democratic,Republican,immigration,imm_treat
12/14/2023 11:41,12/14/2023 11:43,100,131,TRUE,12/14/2023 11:43,19.813,19.813,20.911,1,About half the time,5.433,9.695,10.501,3,Agree,Somewhat agree,4.934,7.493,14.704,3,85,80,4.303,20.898,22.762,8,Extremely well,Somewhat well,Very well,Very well,Extremely well,Extremely well,1.978,1.978,4.362,1,60608,0,0,11.433,0,0,0,9.537,0,0,0,6.811,0,0,0,9.948,0,0,0,11.196,0,y81y3c,Democratic,Republican,immigration,imm_control1
12/14/2023 11:41,12/14/2023 11:43,100,154,TRUE,12/14/2023 11:43,38.691,39.816,40.265,2,Once in a while,9,15.494,15.901,3,Neither agree nor disagree,Agree,4.221,10.503,11.127,5,35,55,8.537,27.927,28.757,9,Very well,Very well,Very well,Very well,Very well,Somewhat well,0.928,0.928,5.401,1,10474,0,0,10.784,0,0,0,7.801,0,0,0,5.073,0,6.36,8.776,16.175,2,0,0,8.285,0,kvctqq,Republican,Democratic,immigration,imm_treat
12/14/2023 11:42,12/14/2023 11:44,100,71,TRUE,12/14/2023 11:44,5.649,6.153,6.894,2,Once in a while,3.001,6.266,6.858,4,Agree,Disagree,2.498,8.066,10.273,3,25,80,2.432,12.41,13.243,12,Not too well,Somewhat well,Somewhat well,Very well,Very well,Somewhat well,0.928,0.928,3.1,1,62231,0,0,3.786,0,5.171,5.171,5.876,1,0.738,0.738,3.991,1,0,0,5.829,0,0,0,4.338,0,vr12k6,Democratic,Republican,immigration,imm_control2
12/14/2023 11:42,12/14/2023 11:44,100,109,TRUE,12/14/2023 11:44,6.879,6.879,8.666,1,About half the time,8.169,12.354,13.064,3,Agree,Agree,2.693,4.892,6.991,2,70,60,4.85,43.166,43.735,9,Very well,Very well,Extremely well,Somewhat well,Very well,Somewhat well,1.243,1.243,3.302,1,17402,0,0,5.403,0,0,0,6.394,0,0,0,1.227,0,0,0,9.865,0,0,0,4.241,0,8pdkzt,Democratic,Republican,gun control,gc_treat
12/14/2023 11:42,12/14/2023 11:44,100,82,TRUE,12/14/2023 11:44,2.801,2.801,4.163,1,Once in a while,3.708,8.159,8.7,3,Agree,Agree,4.702,9.655,12.027,4,20,75,5.445,16.81,17.333,10,Somewhat well,Very well,Very well,Somewhat well,Very well,Very well,1.092,1.092,4.572,1,55033,0,0,5.301,0,0,0,5.453,0,0,0,3.743,0,0,0,9.169,0,0,0,4.775,0,fe3un4,Republican,Democratic,gun control,gc_control1
12/14/2023 11:42,12/14/2023 11:44,100,129,TRUE,12/14/2023 11:44,7.744,10.417,11.301,2,About half the time,1.982,11.015,13.545,5,Disagree,Strongly agree,4.806,13.205,15.984,3,81,16,2.512,40.412,41.013,10,Somewhat well,Somewhat well,Somewhat well,Somewhat well,Very well,Somewhat well,1.143,1.143,8.503,1,60657,0,0,8.145,0,2.951,2.951,3.666,1,0,0,2.564,0,0,0,1.25,0,0,0,17.068,0,zmwvxe,Democratic,Republican,immigration,imm_control1
12/14/2023 11:39,12/14/2023 11:44,100,301,TRUE,12/14/2023 11:44,18.771,30.111,31.348,3,Most of the time,20.204,38.33,39.545,8,Disagree,Strongly agree,56.833,73.104,73.959,6,60,85,11.259,34.553,38.918,9,Extremely well,Extremely well,Very well,Very well,Extremely well,Extremely well,2.645,3.992,8.934,2,55448,20.775,20.775,29.894,1,20.092,20.092,30.997,1,25.431,25.431,33.439,1,,,,,0,0,9.128,0,qmrgzx,Democratic,Republican,gun control,gc_pc
12/14/2023 11:43,12/14/2023 11:44,100,85,TRUE,12/14/2023 11:44,4.725,4.725,5.583,1,Most of the time,10.018,17.29,17.646,5,Strongly disagree,Agree,6.402,12.409,14.244,2,75,30,6.308,23.215,23.996,10,Not too well,Very well,Very well,Very well,Very well,Very well,1.041,1.041,3.091,1,12306,0,0,4.619,0,0,0,4.405,0,0,0,2.801,0,,,,,0,0,5.226,0,aab4qe,Democratic,Republican,immigration,imm_pc
12/14/2023 11:41,12/14/2023 11:44,100,222,TRUE,12/14/2023 11:44,34.138,34.138,34.997,1,All the time,6.986,13.426,14.679,5,Agree,Strongly agree,12.5,16.395,18.25,2,30,0,7.488,105.005,105.737,13,Very well,Extremely well,Somewhat well,Somewhat well,Very well,Not too well,1.485,1.485,3.977,1,76028,0,0,6.715,0,0,0,8.243,0,0,0,4.006,0,0,0,12.374,0,0,0,7.719,0,11b468,Democratic,Republican,gun control,gc_treat
12/14/2023 11:42,12/14/2023 11:44,100,165,TRUE,12/14/2023 11:44,81.543,81.543,82.315,1,All the time,3.208,9.058,10.401,5,Strongly agree,Strongly agree,3.571,6.494,7.601,3,70,1,4.022,19.477,20.078,7,Extremely well,Extremely well,Extremely well,Extremely well,Extremely well,Somewhat well,1.329,1.329,4.852,1,12603,0,0,6.83,0,0,0,5.086,0,2.552,2.552,4.929,1,0,0,6.724,0,0,0,4.944,0,ywuvhx,Democratic,Republican,gun control,gc_control2
12/14/2023 11:41,12/14/2023 11:44,100,229,TRUE,12/14/2023 11:44,12.504,12.504,19.465,1,Most of the time,8.919,21.207,22.16,3,Neither agree nor disagree,Agree,14.677,41.487,48.521,5,78,15,22.84,59.037,59.996,9,Somewhat well,Very well,Very well,Somewhat well,Very well,Very well,2.781,2.781,9.29,1,37204,0,0,12.812,0,0,0,21.879,0,0,0,20.069,0,,,,,0,0,9.596,0,dx7ceg,Democratic,Republican,immigration,imm_pc
12/14/2023 11:42,12/14/2023 11:44,100,149,TRUE,12/14/2023 11:44,11,11,11.886,1,Most of the time,3.903,11.886,12.696,3,Disagree,Agree,6.622,20.225,21.134,6,85,70,8.243,28.21,29.04,9,Somewhat well,Very well,Very well,Somewhat well,Very well,Somewhat well,2.132,2.132,7.543,1,21085,0,0,11.749,0,0,0,13.152,0,0,0,8.692,0,0,0,15.238,0,0,0,10.183,0,dkn34v,Republican,Democratic,immigration,imm_control1
12/14/2023 11:42,12/14/2023 11:45,100,135,TRUE,12/14/2023 11:45,8.643,9.275,10.522,2,Most of the time,6.259,16.235,21.943,4,Agree,Strongly disagree,8.372,14.833,18.698,2,75,10,6.273,28.798,30.545,8,Somewhat well,Very well,Somewhat well,Somewhat well,Very well,Very well,1.575,1.575,5.06,1,60660,0,0,8.113,0,0,0,20.37,0,0,0,8.714,0,,,,,0,0,7.866,0,w7ktqp,Republican,Democratic,gun control,gc_pc
12/14/2023 11:43,12/14/2023 11:45,100,121,TRUE,12/14/2023 11:45,3.038,24.501,25.213,2,Most of the time,2.662,6.464,6.86,3,Agree,Strongly agree,45.02,50.338,52.454,2,92,45,4.91,16.697,17.299,14,Very well,Very well,Very well,Somewhat well,Somewhat well,Not too well,1.388,1.388,3.787,1,93117,0,0,3.282,0,0,0,1.716,0,0,0,2.316,0,0,0,2.015,0,0,0,2.082,0,e9xwqc,Democratic,Republican,immigration,imm_treat
12/14/2023 11:43,12/14/2023 11:45,100,87,TRUE,12/14/2023 11:45,6.625,6.625,7.74,1,Most of the time,4.113,8.998,10.599,2,Strongly agree,Strongly agree,4.42,7.205,9.7,2,0,100,4.047,17.286,18.39,11,Not too well,Not too well,Not too well,Somewhat well,Not too well,Not too well,1.063,1.063,5.936,1,46614,0,0,8.242,0,0,0,9.233,0,0,0,7.789,0,,,,,0,0,5.549,0,h4bv1w,Republican,Democratic,immigration,imm_pc
12/14/2023 11:42,12/14/2023 11:45,100,204,TRUE,12/14/2023 11:45,1.746,9.142,10.261,3,Most of the time,5.251,16.771,17.364,4,Somewhat agree,Neither agree nor disagree,23.301,31.151,31.663,5,40,40,2.193,35.9,36.828,14,Not too well,Somewhat well,Very well,Somewhat well,Very well,Very well,0.972,0.972,4.3,1,49306,0,0,23.563,0,38.975,39.288,39.944,2,4.134,4.134,6.623,1,0,0,14.67,0,0,0,13.975,0,gc16gk,Republican,Democratic,gun control,gc_control3
12/14/2023 11:39,12/14/2023 11:45,100,356,TRUE,12/14/2023 11:45,30.049,30.049,30.9,1,Most of the time,18.803,26.275,27.688,2,Neither agree nor disagree,Strongly agree,18.392,29.379,29.897,7,20,50,15.664,62.179,62.701,10,Somewhat well,Very well,Somewhat well,Somewhat well,Somewhat well,Very well,2.194,2.194,8.6,1,91104,0,0,12.233,0,0,0,140.971,0,0,0,15.8,0,,,,,0,0,21.318,0,y4vkg1,Republican,Democratic,immigration,imm_pc
12/14/2023 11:42,12/14/2023 11:45,100,149,TRUE,12/14/2023 11:45,10.997,10.997,11.874,1,Most of the time,6.163,10.497,11.29,2,Disagree,Neither agree nor disagree,14.665,18.533,20.895,4,100,20,18.622,46.722,47.374,12,Not too well,Very well,Very well,Somewhat well,Very well,Very well,1.705,1.705,6.195,1,89031,0,0,17.855,0,13.061,13.061,14.116,1,4.357,4.357,5.979,1,,,,,0,0,7.526,0,hvb1rf,Democratic,Republican,gun control,gc_pc
12/14/2023 11:44,12/14/2023 11:45,100,47,TRUE,12/14/2023 11:45,3.46,3.46,4.1,1,Almost Never,1.783,5.241,5.974,3,Neither agree nor disagree,Disagree,1.166,4.402,6.172,3,50,40,1.516,6.901,7.701,7,Somewhat well,Very well,Somewhat well,Somewhat well,Somewhat well,Very well,1.1,1.1,4.492,1,66614,0,0,2.402,0,0,0,0.97,0,0,0,0.251,0,0,0,0.641,0,0,0,0.849,0,7nxmxw,Republican,Democratic,gun control,gc_control1
12/14/2023 11:43,12/14/2023 11:45,100,149,TRUE,12/14/2023 11:45,13.957,13.957,14.601,1,Most of the time,51.809,65.2,67.3,2,Strongly agree,Strongly disagree,1.622,7.141,12.301,2,70,0,3.53,17.858,18.609,8,Very well,Very well,Very well,Very well,Very well,Very well,1.804,1.804,6.567,1,85119,0,0,5.601,0,0,0,4,0,0,0,2.1,0,0,0,4.244,0,0,0,5.7,0,cfku62,Republican,Democratic,immigration,imm_control3
12/14/2023 11:44,12/14/2023 11:45,100,97,TRUE,12/14/2023 11:45,6.386,6.386,7.202,1,All the time,5.12,9.548,10.429,3,Strongly agree,Strongly agree,3.2,8.49,11.626,3,20,90,5.304,19.945,20.709,9,Somewhat well,Somewhat well,Not too well,Somewhat well,Somewhat well,Somewhat well,1.434,1.434,5.979,1,34609,0,0,8.549,0,0,0,7.938,0,0,0,5.231,0,0,0,8.165,0,0,0,6.139,0,97nz1x,Republican,Democratic,gun control,gc_control3
12/14/2023 11:44,12/14/2023 11:45,100,82,TRUE,12/14/2023 11:45,5.962,5.962,7.079,1,All the time,4.022,7.255,8.026,2,Strongly agree,Strongly agree,5.156,9.047,11.544,2,90,0,5.218,14.942,15.648,11,Very well,Extremely well,Very well,Very well,Very well,Very well,1.001,1.001,3.75,1,49801,0,0,11.46,0,0,0,6.913,0,0,0,4.525,0,,,,,0,0,9.3,0,ardxry,Democratic,Republican,gun control,gc_pc
12/14/2023 11:43,12/14/2023 11:46,100,155,TRUE,12/14/2023 11:46,23.228,23.228,24.127,1,All the time,4.247,10.065,11.96,2,Agree,Strongly agree,9.831,17.289,26.183,3,70,5,4.741,44.586,44.955,16,Extremely well,Extremely well,Very well,Very well,Extremely well,Very well,1.465,1.465,4.431,1,72205,0,0,9.5,0,0,0,11.704,0,0,0,4.201,0,0,0,8.6,0,0,0,4.308,0,dtav43,Democratic,Republican,immigration,imm_control3
12/14/2023 11:41,12/14/2023 11:46,100,299,TRUE,12/14/2023 11:46,18.369,18.369,29.701,1,Most of the time,24.094,32.363,33.244,3,Disagree,Disagree,25.997,45.387,46.119,5,5,95,29.858,77.253,77.701,9,Not too well,Very well,Somewhat well,Somewhat well,Somewhat well,Very well,2.2,2.2,7.965,1,30350,0,0,16.146,0,17.63,17.63,18.247,1,18.663,18.663,27.681,1,0,0,21.616,0,0,0,12.759,0,xn14x8,Democratic,Republican,gun control,gc_treat
12/14/2023 11:43,12/14/2023 11:46,100,175,TRUE,12/14/2023 11:46,12.395,12.395,13.624,1,Once in a while,8.179,14.808,17.282,3,Agree,Strongly disagree,14.538,22.27,27.436,3,38,95,10.648,36.72,37.842,8,Somewhat well,Somewhat well,Very well,Not too well,Somewhat well,Not too well,3.699,3.699,8.734,1,44023,0,0,12.016,0,0,0,13.966,0,0,0,8.439,0,0,0,20.565,0,0,0,8.704,0,dnrmuv,Democratic,Republican,immigration,imm_control3
12/14/2023 11:44,12/14/2023 11:46,100,117,TRUE,12/14/2023 11:46,3.363,5.027,5.466,2,Once in a while,1.694,5.197,5.816,6,Somewhat disagree,Agree,3.765,14.131,14.592,5,30,75,1.337,12.563,13,15,Somewhat well,Somewhat well,Very well,Very well,Somewhat well,Not too well,1.048,1.048,2.949,1,63048,0,0,53.656,0,0,0,2.588,0,0,0,0.834,0,0,0,5.527,0,0,0,3.899,0,typ7y4,Republican,Democratic,immigration,imm_treat
12/14/2023 11:42,12/14/2023 11:47,100,274,TRUE,12/14/2023 11:47,4.908,87.772,88.929,2,All the time,14.319,23.994,24.962,3,Neither agree nor disagree,Agree,10.497,23.165,23.997,6,45,55,13.89,38.193,39.382,8,Somewhat well,Somewhat well,Very well,Somewhat well,Very well,Somewhat well,2.151,2.151,6.287,1,28787,0,0,7.62,0,27.3,27.3,30.501,1,0,0,12.884,0,0,0,22.839,0,0,0,10.845,0,8dggm9,Republican,Democratic,gun control,gc_treat
12/14/2023 11:45,12/14/2023 11:47,100,129,TRUE,12/14/2023 11:47,5.677,5.677,6.751,1,Most of the time,3.54,8.025,8.6,3,Neither agree nor disagree,Disagree,5.468,11.641,14.401,4,50,65,3.995,23.162,24.061,10,Very well,Very well,Very well,Very well,Very well,Very well,1.751,1.751,6.097,1,91706,0,0,6.475,0,0,0,5.297,0,0,0,4.469,0,0,0,42.901,0,0,0,2.901,0,akz9zd,Democratic,Republican,immigration,imm_control2
12/14/2023 11:45,12/14/2023 11:47,100,131,TRUE,12/14/2023 11:47,7.703,7.703,8.903,1,About half the time,4.929,9.996,15.128,2,Neither agree nor disagree,Agree,11.217,16.985,19.545,3,50,50,11.935,40.226,40.868,12,Not too well,Very well,Very well,Somewhat well,Somewhat well,Somewhat well,1.253,1.253,3.65,1,93550,0,0,7.896,0,0,0,4.751,0,0,0,4.558,0,0,0,5.614,0,0,0,12.602,0,gvh16f,Democratic,Republican,immigration,imm_control3
12/14/2023 11:44,12/14/2023 11:47,100,171,TRUE,12/14/2023 11:47,80.243,81.321,81.865,2,Most of the time,32.017,35.811,36.833,4,Strongly disagree,Strongly disagree,2.28,7.726,8.267,6,1,65,3.233,16.735,17.501,10,Not at all well,Not too well,Very well,Somewhat well,Very well,Somewhat well,1.306,1.306,4.204,1,52031,0,0,3.101,0,2.147,2.147,3.461,1,0,0,1.302,0,,,,,0,0,8.227,0,kd98yx,Democratic,Republican,immigration,imm_pc
12/14/2023 11:42,12/14/2023 11:47,100,308,TRUE,12/14/2023 11:47,6.987,8.278,8.931,2,Most of the time,6.763,10.506,11.17,2,Somewhat disagree,Somewhat disagree,11.466,14.435,16.852,2,80,80,49.663,105.08,105.63,12,Somewhat well,Somewhat well,Very well,Somewhat well,Somewhat well,Very well,1.769,1.769,4.757,1,60045,0,0,8.305,0,0,0,14.264,0,0,0,4.201,0,0,0,8.671,0,0,0,119.822,0,q2w9u9,Democratic,Republican,gun control,gc_treat
12/14/2023 11:45,12/14/2023 11:47,100,114,TRUE,12/14/2023 11:47,29.14,29.14,30.243,1,Most of the time,4,7.001,7.701,2,Neither agree nor disagree,Neither agree nor disagree,5.501,8.3,9.956,3,50,50,4.181,17.266,17.9,7,Extremely well,Extremely well,Extremely well,Extremely well,Extremely well,Extremely well,0.98,0.98,3.561,1,72110,0,0,11.891,0,5.414,5.414,13.087,1,0,0,5.388,0,,,,,0,0,8.073,0,neb82f,Republican,Democratic,immigration,imm_pc
12/14/2023 11:46,12/14/2023 11:47,100,78,TRUE,12/14/2023 11:47,4.935,4.935,5.664,1,Most of the time,4.407,6.863,7.595,2,Strongly agree,Strongly agree,20.143,22.567,24.7,2,40,90,3.477,12.5,13.05,8,Very well,Very well,Very well,Very well,Very well,Very well,1.093,1.093,3.659,1,47408,0,0,1.981,0,0,0,2.742,0,0,0,2.41,0,0,0,6.53,0,0,0,2.968,0,mx7ucf,Republican,Democratic,immigration,imm_treat
12/14/2023 11:46,12/14/2023 11:47,100,72,TRUE,12/14/2023 11:47,6.077,6.077,7.201,1,About half the time,4.959,8.094,8.5,3,Neither agree nor disagree,Neither agree nor disagree,2.662,13.852,14.1,7,50,50,6.846,18.916,19.46,12,Very well,Somewhat well,Somewhat well,Very well,Somewhat well,Somewhat well,1.122,1.122,3,1,29229,0,0,2.764,0,0,0,4.602,0,0,0,1.236,0,0,0,0.983,0,0,0,2.592,0,p7wprc,Democratic,Republican,immigration,imm_treat
12/14/2023 11:46,12/14/2023 11:47,100,108,TRUE,12/14/2023 11:47,6.381,6.381,7.378,1,Once in a while,6.058,10.515,11.355,3,Neither agree nor disagree,Somewhat agree,7.043,10.223,12.536,3,60,40,3.805,24.858,25.927,10,Very well,Very well,Very well,Somewhat well,Very well,Very well,1.142,1.142,3.889,1,22576,0,0,8.071,0,0,0,8.528,0,0,0,5.7,0,9.465,11.219,12.126,2,0,0,8.244,0,utp4ny,Democratic,Republican,immigration,imm_treat
12/14/2023 11:46,12/14/2023 11:47,100,84,TRUE,12/14/2023 11:47,4.477,4.477,5.257,1,About half the time,3.357,8.285,8.9,4,Agree,Somewhat agree,4.342,7.023,8.497,3,5,80,13.5,24.942,25.583,8,Not too well,Not too well,Somewhat well,Not too well,Not too well,Somewhat well,1.737,1.737,4.699,1,46214,0,0,8.664,0,0,0,5.026,0,0,0,3.601,0,0,0,2.441,0,0,0,5.262,0,kp283h,Democratic,Republican,gun control,gc_control1
12/14/2023 11:45,12/14/2023 11:48,100,198,TRUE,12/14/2023 11:48,58.661,58.661,59.277,1,Most of the time,5.958,9.427,11.052,2,Agree,Agree,3.724,6.883,9.061,2,10,90,7.324,14.497,15.293,7,Not too well,Somewhat well,Very well,Somewhat well,Very well,Somewhat well,1.349,1.349,4.289,1,66212,0,0,3.068,0,0,0,2.913,0,0,0,1.644,0,0,0,0.338,0,0,0,0.958,0,tx4r9r,Republican,Democratic,immigration,imm_treat
12/14/2023 11:47,12/14/2023 11:48,100,86,TRUE,12/14/2023 11:48,6.786,6.786,7.447,1,Most of the time,6.141,15.962,16.712,3,Neither agree nor disagree,Somewhat disagree,3.23,7.593,9.879,4,70,50,2.418,18.746,19.327,12,Extremely well,Extremely well,Extremely well,Extremely well,Extremely well,Extremely well,1.258,1.258,3.472,1,95630,0,0,5.142,0,0,0,5.26,0,0,0,2.726,0,0,0,6.738,0,0,0,5.526,0,276qp8,Republican,Democratic,immigration,imm_control2
12/14/2023 11:45,12/14/2023 11:48,100,174,TRUE,12/14/2023 11:48,8.848,8.848,9.681,1,Once in a while,9.804,31.638,32.533,2,Somewhat disagree,Strongly agree,13.725,18.58,22.733,3,50,80,8.196,31.827,32.848,8,Somewhat well,Very well,Very well,Somewhat well,Somewhat well,Somewhat well,1.196,1.196,4.339,1,90034,0,0,29.565,0,0,0,12.589,0,0,0,5.409,0,0,0,11.22,0,0,0,8.735,0,32qunu,Republican,Democratic,immigration,imm_treat
12/14/2023 11:45,12/14/2023 11:48,100,193,TRUE,12/14/2023 11:48,13.688,13.688,15.413,1,Most of the time,6.902,10.888,13.655,2,Neither agree nor disagree,Agree,2.234,10.376,14.926,2,20,80,8.501,29.203,30.704,6,Somewhat well,Extremely well,Very well,Extremely well,Somewhat well,Very well,2.508,2.508,9.559,1,94142,0,0,8.844,0,0,0,27.218,0,0,0,11.051,0,0,0,18.339,0,0,0,15.92,0,d3h62g,Republican,Democratic,gun control,gc_control2
12/14/2023 11:46,12/14/2023 11:48,100,123,TRUE,12/14/2023 11:48,5.729,6.778,7.665,2,Once in a while,5.816,10.497,11.432,4,Disagree,Strongly agree,5.458,9.156,11.945,3,50,50,5.212,37.228,37.937,13,Not too well,Very well,Very well,Somewhat well,Somewhat well,Somewhat well,1.106,1.106,7.673,1,70461,0,0,7.832,0,5.188,5.188,6.006,1,0,0,3.015,0,0,0,17.013,0,0,0,7.305,0,dc8f4q,Democratic,Republican,gun control,gc_control3
12/14/2023 11:42,12/14/2023 11:48,100,374,TRUE,12/14/2023 11:48,24.337,65.062,66.023,2,Once in a while,21.755,33.3,35.659,3,Neither agree nor disagree,Agree,11.504,11.504,18.122,1,70,50,20.98,63.361,64,8,Not at all well,Somewhat well,Very well,Somewhat well,Somewhat well,Somewhat well,14.153,14.153,75.518,1,90027,0,0,8.761,0,15.618,15.618,28.469,1,0,0,6.8,0,0,0,13.198,0,0,0,6.902,0,vguwu3,Republican,Democratic,immigration,imm_treat
12/14/2023 11:47,12/14/2023 11:49,100,87,TRUE,12/14/2023 11:49,10.186,10.186,10.958,1,Most of the time,2.444,5.031,5.638,2,Disagree,Somewhat agree,1.539,5.568,10.59,2,65,40,17.289,28.177,28.789,9,Very well,Extremely well,Extremely well,Extremely well,Very well,Extremely well,0.91,5.753,5.774,2,98632,0,0,4.804,0,1.607,1.607,7.337,1,0,0,2.485,0,,,,,0,0,5.034,0,332mg3,Democratic,Republican,gun control,gc_pc
12/14/2023 11:45,12/14/2023 11:49,100,209,TRUE,12/14/2023 11:49,10.559,10.559,11.792,1,Most of the time,10.225,29.661,30.25,4,Disagree,Somewhat disagree,13.559,19.803,23.871,4,90,10,13.314,53.583,54.538,13,Extremely well,Extremely well,Extremely well,Very well,Very well,Extremely well,2.501,2.501,8.216,1,34207,0,0,12.899,0,0,0,14.965,0,11.727,11.727,14.534,1,0,0,15.887,0,0,0,11.872,0,ugccwz,Republican,Democratic,gun control,gc_treat
12/14/2023 11:46,12/14/2023 11:49,100,190,TRUE,12/14/2023 11:49,28.473,28.473,31.411,1,All the time,7.482,15.597,16.808,3,Strongly agree,Strongly agree,7.702,15.585,23.887,4,0,100,8.148,23.594,24.509,9,Somewhat well,Very well,Extremely well,Extremely well,Extremely well,Somewhat well,1.476,1.476,6.021,1,13208,0,0,9.016,0,0,0,49.629,0,0,0,3.57,0,0,0,11.713,0,0,0,8.017,0,ptag3g,Republican,Democratic,immigration,imm_treat
12/14/2023 11:45,12/14/2023 11:49,100,237,TRUE,12/14/2023 11:49,20.955,20.955,21.789,1,Most of the time,15.949,24.328,29.27,2,Somewhat agree,Strongly agree,18.16,21.553,24.9,2,50,50,27.39,82.421,83.451,7,Not too well,Somewhat well,Somewhat well,Very well,Very well,Somewhat well,1.493,1.493,4.8,1,95822,0,0,20.583,0,0,0,27.336,0,0,0,6.501,0,,,,,0,0,12.083,0,7ra7ae,Democratic,Republican,immigration,imm_pc
12/14/2023 11:47,12/14/2023 11:49,100,144,TRUE,12/14/2023 11:49,15.602,15.602,16.853,1,Most of the time,8.46,15.944,17.255,2,Neither agree nor disagree,Somewhat agree,7.271,14.75,15.906,4,50,50,7.537,28.269,29.128,8,Very well,Very well,Very well,Very well,Very well,Very well,3.689,3.689,9.559,1,72758,0,0,14.774,0,0,0,14.667,0,0,0,9.536,0,,,,,0,0,12.489,0,eyv6eu,Republican,Democratic,immigration,imm_pc
12/14/2023 11:46,12/14/2023 11:49,100,191,TRUE,12/14/2023 11:49,11.519,11.519,13.671,1,Once in a while,9.035,22.818,26.592,3,Somewhat disagree,Agree,6.161,12.464,15.178,2,80,40,10.808,49.78,51.051,11,Somewhat well,Very well,Somewhat well,Not at all well,Somewhat well,Not too well,1.886,1.886,5.238,1,32801,0,0,17.924,0,13.801,13.801,15.249,1,9.301,9.301,10.779,1,0,0,18.044,0,0,0,8.703,0,61p4tp,Republican,Democratic,gun control,gc_control1
12/14/2023 11:47,12/14/2023 11:49,100,129,TRUE,12/14/2023 11:49,8.538,10.232,11.301,3,About half the time,4.167,21.256,26,7,Disagree,Agree,5.25,12.563,17.787,3,80,20,0.998,22.232,24.529,11,Very well,Somewhat well,Extremely well,Very well,Extremely well,Extremely well,1.455,1.455,5.801,1,52003,0,0,5.76,0,0,0,20.694,0,0,0,2.248,0,,,,,0,0,9.128,0,4p719v,Democratic,Republican,immigration,imm_pc
12/14/2023 11:49,12/14/2023 11:49,100,35,TRUE,12/14/2023 11:49,3.992,3.992,4.7,1,Once in a while,0.663,1.615,2.453,3,Somewhat agree,Somewhat disagree,0.798,5.549,5.955,4,50,30,0.8,9.929,10.375,9,Somewhat well,Somewhat well,Very well,Very well,Very well,Very well,0.691,0.691,3.681,1,11367,0,0,1.143,0,0,0,0.751,0,0,0,0.486,0,,,,,0,0,0.7,0,vg7pwf,Democratic,Republican,immigration,imm_pc
12/14/2023 11:47,12/14/2023 11:50,100,175,TRUE,12/14/2023 11:50,8.435,8.435,9.017,1,Once in a while,7.347,11.963,13.559,3,Somewhat agree,Strongly agree,4.612,14.702,17.131,4,50,60,65.885,87.961,88.545,9,Not at all well,Very well,Extremely well,Very well,Very well,Very well,0.987,2.26,6.132,2,93727,0,0,3.868,0,0,0,17.518,0,3.677,4.46,7.46,2,2.153,2.153,4.083,1,0,0,4.452,0,uhax4f,Democratic,Republican,immigration,imm_treat
12/14/2023 11:48,12/14/2023 11:50,100,94,TRUE,12/14/2023 11:50,8.1,8.1,9.03,1,Once in a while,5.192,9.468,14.491,3,Neither agree nor disagree,Somewhat agree,4.674,9.916,12.101,3,78,45,9.86,28.006,28.814,9,Not too well,Very well,Extremely well,Very well,Very well,Very well,1.422,1.422,4.32,1,22405,0,0,2.437,0,0,0,6.77,0,0,0,4.963,0,,,,,0,0,6.658,0,h3tc27,Democratic,Republican,gun control,gc_pc
12/14/2023 11:48,12/14/2023 11:50,100,103,TRUE,12/14/2023 11:50,4.829,4.829,6.345,1,Most of the time,4.841,10.823,11.643,3,Disagree,Strongly agree,5.49,12.704,13.3,4,30,75,7.822,29.428,29.989,11,Very well,Somewhat well,Very well,Extremely well,Very well,Somewhat well,1.52,1.52,7.042,1,91910,0,0,5.875,0,0,0,5.501,0,0,0,5.301,0,0,0,7.502,0,0,0,4.401,0,a7z8qg,Republican,Democratic,gun control,gc_control1
12/14/2023 11:48,12/14/2023 11:50,100,152,TRUE,12/14/2023 11:50,36.104,36.104,36.97,1,All the time,8.502,11.546,12.099,2,Neither agree nor disagree,Strongly disagree,5.992,11.582,12.226,5,100,32,6.418,12.923,14.601,9,Very well,Extremely well,Extremely well,Extremely well,Extremely well,Extremely well,1.84,22.622,33.262,2,21619,0,0,3.801,0,0,0,7.788,0,0,0,11.486,0,,,,,0,0,6.368,0,bppq18,Republican,Democratic,gun control,gc_pc
12/14/2023 11:49,12/14/2023 11:50,100,104,TRUE,12/14/2023 11:50,3.089,3.089,3.839,1,All the time,31.438,43.786,44.957,7,Neither agree nor disagree,Strongly agree,3.111,6.87,8.763,3,85,0,4.897,15.189,15.894,8,Somewhat well,Very well,Somewhat well,Somewhat well,Very well,Somewhat well,2.13,2.13,5.47,1,20824,0,0,4.429,0,0,0,4.087,0,0,0,2.522,0,0,0,4.3,0,0,0,2.917,0,w849nc,Democratic,Republican,gun control,gc_treat
12/14/2023 11:49,12/14/2023 11:50,100,58,TRUE,12/14/2023 11:50,5.19,5.19,7.933,1,About half the time,2.584,5.077,6.152,2,Strongly disagree,Strongly agree,3.158,5.325,7.015,2,70,10,1.81,12.69,13.557,10,Very well,Extremely well,Extremely well,Extremely well,Extremely well,Extremely well,0.953,0.953,3.123,1,20018,0,0,8.676,0,0,0,2.449,0,0,0,1.374,0,,,,,0,0,3.355,0,6ymxc9,Democratic,Republican,gun control,gc_pc
12/14/2023 11:48,12/14/2023 11:50,100,156,TRUE,12/14/2023 11:50,17.592,17.592,19.98,1,All the time,3.572,7.885,8.846,4,Somewhat agree,Agree,1.351,7.23,9.684,3,95,5,6.095,21.097,22.041,10,Very well,Very well,Extremely well,Very well,Extremely well,Very well,1.895,1.895,29.316,1,16725,0,0,5.172,0,0,0,7.289,0,0,0,8.117,0,0,0,16.343,0,0,0,6.852,0,dkwv7f,Democratic,Republican,gun control,gc_treat
12/14/2023 11:48,12/14/2023 11:51,100,133,TRUE,12/14/2023 11:51,10.31,10.31,11.433,1,Most of the time,9.048,14.095,16.02,2,Somewhat disagree,Agree,4.918,10.554,13.501,3,80,90,7.217,25.528,26.378,9,Very well,Very well,Very well,Very well,Very well,Very well,2.386,2.386,7.127,1,28216,0,0,10.02,0,0,0,13.276,0,0,0,6.353,0,0,0,16.048,0,0,0,8.684,0,p7watc,Democratic,Republican,gun control,gc_treat
12/14/2023 11:49,12/14/2023 11:51,100,113,TRUE,12/14/2023 11:51,3.946,3.946,5.646,1,Most of the time,3.728,8.313,8.943,4,Disagree,Strongly agree,3.358,10.241,12.302,2,89,3,10.56,29.987,30.718,11,Somewhat well,Somewhat well,Somewhat well,Somewhat well,Very well,Somewhat well,1.318,1.318,5.09,1,33193,0,0,5.955,0,0,0,21.607,0,0,0,11.699,0,,,,,0,0,4.677,0,pxc9p2,Democratic,Republican,immigration,imm_pc
12/14/2023 11:44,12/14/2023 11:51,100,422,TRUE,12/14/2023 11:51,4.408,5.22,5.906,2,Most of the time,8.299,34.281,35.306,3,Disagree,Agree,11.3,14.972,17.653,3,65,5,4.626,334.237,335.125,10,Somewhat well,Very well,Very well,Somewhat well,Very well,Not too well,1.675,1.675,5.501,1,29301,0,0,1.963,0,0,0,6.795,0,0,0,3.141,0,,,,,0,0,4.585,0,bgg8md,Democratic,Republican,immigration,imm_pc
12/14/2023 11:49,12/14/2023 11:51,100,130,TRUE,12/14/2023 11:51,7.986,7.986,10.359,1,Once in a while,12.3,18.712,20.291,2,Disagree,Somewhat agree,7.34,11.674,14.355,3,70,40,7.136,27.548,29.039,9,Somewhat well,Very well,Extremely well,Very well,Extremely well,Very well,1.319,1.319,4.564,1,28036,0,0,10.202,0,0,0,11.714,0,0,0,6.189,0,0,0,12.48,0,0,0,7.062,0,rhhgqc,Democratic,Republican,immigration,imm_treat
12/14/2023 11:50,12/14/2023 11:51,100,83,TRUE,12/14/2023 11:51,17.121,17.121,17.85,1,About half the time,3.254,5.956,6.787,3,Strongly disagree,Strongly agree,3.778,6.269,8.303,2,70,10,4.787,21.441,21.894,12,Very well,Very well,Very well,Very well,Very well,Somewhat well,1.253,1.253,4.809,1,80304,0,0,5.673,0,1.658,1.658,2.963,1,0,0,1.909,0,0,0,1.702,0,0,0,4.735,0,b8y83n,Democratic,Republican,gun control,gc_treat
12/14/2023 11:42,12/14/2023 11:51,100,515,TRUE,12/14/2023 11:51,4.702,6.024,7.143,2,Most of the time,23.893,62.083,63.563,4,Neither agree nor disagree,Neither agree nor disagree,3.901,11.317,12.203,5,0,0,32.501,257.503,258.587,9,Not too well,Extremely well,Extremely well,Not too well,Somewhat well,Somewhat well,2.403,2.403,7.886,1,40210,0,0,20.801,0,0,0,14.701,0,0,0,1.927,0,,,,,0,0,119.766,0,43zx1g,Republican,Democratic,immigration,imm_pc
12/14/2023 11:41,12/14/2023 11:51,100,584,TRUE,12/14/2023 11:51,3.939,3.939,5.126,1,Most of the time,22.944,29.83,30.516,3,Strongly agree,Strongly agree,2.469,7.399,10.801,3,10,80,4.786,21.823,22.459,9,Extremely well,Extremely well,Extremely well,Very well,Extremely well,Somewhat well,1.512,1.512,6.801,1,29575,0,0,245.189,0,0,0,7.199,0,0,0,6.36,0,0,0,8.357,0,0,0,5.583,0,6hx7eu,Republican,Democratic,gun control,gc_control3
12/14/2023 11:49,12/14/2023 11:51,100,112,TRUE,12/14/2023 11:51,7.133,8.029,9.116,2,Most of the time,4.265,12.069,13.432,4,Somewhat agree,Agree,7.65,11.088,13.333,2,75,40,6.394,22.518,23.469,10,Very well,Somewhat well,Somewhat well,Somewhat well,Very well,Extremely well,1.192,1.192,5.371,1,95926,0,0,8.945,0,0,0,11.46,0,0,0,3.93,0,0,0,11.119,0,0,0,6.555,0,axnh4u,Democratic,Republican,gun control,gc_treat
12/14/2023 11:49,12/14/2023 11:51,100,131,TRUE,12/14/2023 11:51,8.843,8.843,9.668,1,Most of the time,8.502,12.037,12.912,3,Strongly disagree,Strongly agree,8.173,13.691,14.592,3,97,3,4.605,21.921,22.713,12,Somewhat well,Extremely well,Extremely well,Extremely well,Extremely well,Very well,1.329,1.329,3.948,1,53207,0,0,24.996,0,0,0,12.763,0,0,0,7.192,0,0,0,10.731,0,0,0,8.009,0,a9ukyf,Democratic,Republican,immigration,imm_treat
12/14/2023 11:48,12/14/2023 11:51,100,186,TRUE,12/14/2023 11:51,7.114,7.114,8.127,1,Most of the time,7.842,13.293,13.882,3,Neither agree nor disagree,Strongly agree,7.306,13.576,17.235,3,98,2,7.445,26.255,28.629,9,Not too well,Somewhat well,Somewhat well,Somewhat well,Very well,Not too well,1.844,1.844,7.403,1,47304,0,0,9.65,0,0,0,63.408,0,0,0,12.073,0,0,0,13.032,0,0,0,7.556,0,gg6q7u,Democratic,Republican,gun control,gc_control3
12/14/2023 11:48,12/14/2023 11:51,100,221,TRUE,12/14/2023 11:51,9.206,9.206,10.694,1,Most of the time,11.397,16.001,19.979,2,Neither agree nor disagree,Agree,6.834,24.858,25.757,4,40,70,11.001,46.191,48.302,7,Very well,Very well,Very well,Very well,Somewhat well,Not too well,3.061,3.061,13.401,1,60047,0,0,9.633,0,0,0,38.057,0,0,0,11.299,0,0,0,14.25,0,0,0,22.386,0,hzcv1t,Republican,Democratic,immigration,imm_control1
12/14/2023 11:47,12/14/2023 11:51,100,286,TRUE,12/14/2023 11:51,10.4,10.4,11.314,1,Most of the time,5.337,13.439,14.069,3,Strongly disagree,Strongly disagree,14.104,114.059,125.098,7,30,50,9.075,42.055,47.374,11,Somewhat well,Extremely well,Very well,Not too well,Not too well,Somewhat well,1.924,1.924,5.252,1,02536,0,0,15.226,0,0,0,16.902,0,3.389,3.389,7.673,1,0,0,26.784,0,0,0,11.66,0,mgq188,Democratic,Republican,immigration,imm_treat
12/14/2023 11:50,12/14/2023 11:51,100,95,TRUE,12/14/2023 11:51,7.765,7.765,8.561,1,All the time,2.712,6.26,7.982,3,Strongly disagree,Agree,3.697,11.593,12.1,6,12,85,4.462,13.511,15.8,9,Somewhat well,Very well,Very well,Very well,Somewhat well,Very well,0.911,0.911,4.22,1,60525,0,0,5.028,0,0,0,2.986,0,0,0,18.696,0,0,0,4.078,0,0,0,8.277,0,eh8gyt,Republican,Democratic,gun control,gc_treat
12/14/2023 11:50,12/14/2023 11:52,100,135,TRUE,12/14/2023 11:52,5.033,8.112,8.798,4,About half the time,7.847,12.679,13.493,5,Neither agree nor disagree,Disagree,7.981,18.868,19.594,6,25,25,13.124,33.613,34.295,11,Not too well,Somewhat well,Very well,Not too well,Very well,Very well,1.77,1.77,4.865,1,33432,2.567,2.567,6.731,1,4.258,7.811,9.031,2,7.266,7.266,8.125,1,14.051,14.864,15.712,2,0,0,7.4,0,742hw6,Democratic,Republican,gun control,gc_treat
12/14/2023 11:50,12/14/2023 11:52,100,82,TRUE,12/14/2023 11:52,6.003,6.003,6.791,1,About half the time,6.667,9.643,10.375,2,Strongly disagree,Strongly agree,2.647,7.993,11.489,3,85,45,4.909,18.064,18.701,9,Very well,Extremely well,Very well,Extremely well,Extremely well,Very well,1.344,1.344,4.351,1,66062,0,0,5.952,0,0,0,6.101,0,0,0,8.387,0,,,,,0,0,5.274,0,r4q71f,Democratic,Republican,gun control,gc_pc
12/14/2023 11:50,12/14/2023 11:52,100,117,TRUE,12/14/2023 11:52,8.039,8.039,9.002,1,About half the time,6.12,18.631,20.401,6,Disagree,Strongly disagree,5.807,11.726,12.282,4,50,50,6.935,20.285,21.102,9,Somewhat well,Very well,Extremely well,Very well,Extremely well,Extremely well,1.374,1.374,5.575,1,29456,0,0,12.779,0,0,0,9.366,0,0,0,7.901,0,,,,,0,0,8.539,0,u3vgq2,Republican,Democratic,immigration,imm_pc
12/14/2023 11:51,12/14/2023 11:52,100,76,TRUE,12/14/2023 11:52,7.186,7.186,7.904,1,Most of the time,4.283,7.134,7.961,3,Somewhat disagree,Strongly agree,4.823,9.068,12.376,3,25,60,3.584,17.767,18.432,10,Extremely well,Very well,Very well,Very well,Very well,Somewhat well,1.218,1.218,3.273,1,15101,0,0,6.087,0,0,0,4.962,0,0,0,2.085,0,0,0,3.858,0,0,0,3.919,0,x784xa,Republican,Democratic,immigration,imm_control1
12/14/2023 11:51,12/14/2023 11:52,100,52,TRUE,12/14/2023 11:52,2.11,2.11,2.56,1,About half the time,2.401,4.098,4.601,2,Neither agree nor disagree,Strongly agree,1.132,3.524,7.101,2,1,0,3.089,9.196,9.896,8,Extremely well,Extremely well,Extremely well,Extremely well,Extremely well,Extremely well,1.007,1.007,4.501,1,60641,0,0,4.201,0,0,0,2.897,0,0,0,1.743,0,0,0,3.991,0,0,0,2.701,0,ugdtr8,Democratic,Republican,gun control,gc_treat
12/14/2023 11:49,12/14/2023 11:52,100,200,TRUE,12/14/2023 11:52,20.638,20.638,21.38,1,About half the time,3.335,8.319,9.389,4,Strongly agree,Strongly disagree,29.808,35.304,37.071,3,5,95,6.562,31.042,31.968,14,Somewhat well,Very well,Very well,Somewhat well,Very well,Somewhat well,10.429,10.429,15.03,1,80126,0,0,7.712,0,0,0,66.659,0,0,0,1.052,0,,,,,0,0,4.213,0,u6awz1,Democratic,Republican,immigration,imm_pc
12/14/2023 11:51,12/14/2023 11:53,100,81,TRUE,12/14/2023 11:53,5.48,5.48,6.183,1,Most of the time,4.076,7.832,8.1,3,Strongly disagree,Strongly disagree,1.604,7.847,8.338,7,0,25,4.853,17.508,18.26,11,Somewhat well,Somewhat well,Somewhat well,Not too well,Not too well,Somewhat well,1.53,1.53,6.695,1,20910,0,0,6.928,0,0,0,4.366,0,0,0,5.249,0,0,0,7.015,0,0,0,4.8,0,11uby7,Democratic,Republican,gun control,gc_treat
12/14/2023 11:50,12/14/2023 11:53,100,185,TRUE,12/14/2023 11:53,4.562,4.562,5.985,1,About half the time,2.863,11.355,12.187,3,Somewhat disagree,Disagree,10.307,17.581,21.1,2,40,30,5.558,19.608,22.795,10,Extremely well,Extremely well,Extremely well,Extremely well,Extremely well,Extremely well,21.074,21.074,24.043,1,97322,0,0,13.646,0,0,0,12.971,0,3.616,4.232,7.497,2,0,0,14.231,0,0,0,12.244,0,79tk6f,Democratic,Republican,immigration,imm_treat
12/14/2023 11:51,12/14/2023 11:54,100,168,TRUE,12/14/2023 11:54,7.873,9.671,10.261,2,Almost Never,10.964,19.499,28.475,4,Disagree,Disagree,12.419,18.417,22.544,2,50,50,13.641,43.074,46.709,12,Not too well,Very well,Very well,Very well,Very well,Somewhat well,3.817,3.817,8.978,1,30075,0,0,11.379,0,10.985,10.985,12.168,1,6.259,6.259,7.809,1,5.321,5.321,6.236,1,0,0,7.716,0,pauqht,Republican,Democratic,gun control,gc_control2
12/14/2023 11:53,12/14/2023 11:54,100,59,TRUE,12/14/2023 11:54,3.612,3.612,5.584,1,About half the time,4.717,8.999,10.078,3,Strongly agree,Somewhat disagree,0.864,5.304,8.287,2,8,42,3.438,20.572,21.245,14,Very well,Very well,Extremely well,Somewhat well,Very well,Somewhat well,0.892,0.892,4.89,1,35613,0,0,1.461,0,0,0,1.053,0,0,0,0.538,0,,,,,0,0,0.685,0,xx43nc,Democratic,Republican,immigration,imm_pc
12/14/2023 11:47,12/14/2023 11:55,100,477,TRUE,12/14/2023 11:55,29.822,47.968,49.842,12,Most of the time,15.197,41.976,42.885,12,Agree,Strongly agree,10.703,23.819,32.342,5,1,95,11.348,69.001,70.16,11,Very well,Extremely well,Very well,Very well,Extremely well,Very well,4.008,4.008,10.321,1,78204,0,0,15.099,0,10.829,10.829,11.945,1,6.363,6.363,13.033,1,,,,,17.836,17.836,150.661,1,4h6eck,Democratic,Republican,immigration,imm_pc
12/14/2023 11:53,12/14/2023 11:55,100,136,TRUE,12/14/2023 11:55,7.642,7.642,8.402,1,About half the time,6.635,10.318,11.372,3,Strongly disagree,Strongly agree,1.675,18.956,19.494,5,40,60,6.187,36.383,37.455,8,Not too well,Extremely well,Very well,Very well,Extremely well,Somewhat well,2.157,2.157,5.052,1,98338,0,0,8.041,0,0,0,10.955,0,0,0,4.156,0,0,0,14.836,0,0,0,8.003,0,vtcynp,Republican,Democratic,immigration,imm_treat
12/14/2023 11:50,12/14/2023 11:55,100,287,TRUE,12/14/2023 11:55,7.746,10.285,11.57,3,All the time,2.601,15.597,16.464,7,Strongly disagree,Strongly disagree,2.764,12.401,16.977,5,65,65,8.083,29.894,31.033,17,Extremely well,Extremely well,Extremely well,Extremely well,Extremely well,Very well,1.601,1.601,10.855,1,45013,2.197,3.465,7.485,2,3.7,9.332,13.075,5,3.862,5.251,7.252,2,3.814,9.909,11.535,5,7.406,7.406,141.246,1,uqm8t9,Republican,Democratic,gun control,gc_treat
12/14/2023 11:54,12/14/2023 11:56,100,89,TRUE,12/14/2023 11:56,16.006,16.006,17.537,1,Almost Never,4.156,8.606,9.1,3,Neither agree nor disagree,Agree,4.471,8.104,8.401,5,50,50,5.201,17.487,18.016,14,Somewhat well,Somewhat well,Somewhat well,Somewhat well,Somewhat well,Somewhat well,1.274,1.274,3.4,1,80922,0,0,6.541,0,0,0,5.529,0,0,0,4.397,0,0,0,6.5,0,0,0,4.234,0,utc3y8,Republican,Democratic,immigration,imm_control3
12/14/2023 11:53,12/14/2023 11:56,100,169,TRUE,12/14/2023 11:56,4.434,4.965,5.402,2,Most of the time,77.489,82.87,83.369,4,Agree,Agree,4.567,12.501,13.402,6,70,80,4.329,24.915,25.448,13,Somewhat well,Somewhat well,Very well,Very well,Very well,Very well,1.101,1.101,5.102,1,76574,0,0,5.95,0,0,0,5.282,0,0,0,4.101,0,0,0,6.001,0,0,0,6.246,0,aktbek,Republican,Democratic,immigration,imm_treat
12/14/2023 11:53,12/14/2023 11:56,100,188,TRUE,12/14/2023 11:56,25.838,29.31,30.484,3,About half the time,15.194,25.307,25.895,4,Somewhat agree,Strongly agree,9.903,20.518,20.964,5,80,60,9.223,38.861,39.582,11,Somewhat well,Very well,Not too well,Not too well,Somewhat well,Not too well,2.776,2.776,6.7,1,30157,0,0,5.36,0,19.762,19.762,22.501,1,2.731,7.853,8.473,2,11.437,11.437,11.923,1,0,0,12.263,0,r4chre,Republican,Democratic,immigration,imm_control1
12/14/2023 11:54,12/14/2023 11:56,100,130,TRUE,12/14/2023 11:56,7.707,7.707,9.197,1,Once in a while,4.459,9.308,10.373,3,Agree,Somewhat agree,14.623,18.496,23.297,2,77,41,8.443,31.367,32.001,11,Somewhat well,Very well,Somewhat well,Not too well,Somewhat well,Extremely well,1.809,1.809,5.441,1,19512,0,0,18.02,0,0,0,7.734,0,0,0,4.629,0,0,0,9.075,0,0,0,6.719,0,6mdc8f,Republican,Democratic,gun control,gc_control3
12/14/2023 11:54,12/14/2023 11:56,100,122,TRUE,12/14/2023 11:56,25.586,25.586,26.299,1,Almost Never,4.652,11.853,13.5,8,Somewhat disagree,Neither agree nor disagree,4.413,10.695,12.888,2,50,50,5.497,34.115,34.409,9,Not too well,Somewhat well,Very well,Very well,Very well,Somewhat well,1.028,1.028,3.628,1,44133,0,0,8.376,0,0,0,6.671,0,0,0,4.983,0,,,,,0,0,7.194,0,vdax89,Republican,Democratic,immigration,imm_pc
12/14/2023 11:48,12/14/2023 11:57,100,530,TRUE,12/14/2023 11:57,41.772,41.772,42.482,1,About half the time,64.365,153.785,154.476,4,Strongly agree,Strongly agree,11.249,16.517,16.981,4,95,0,98.198,189.139,190.043,9,Very well,Extremely well,Extremely well,Extremely well,Extremely well,Extremely well,1.952,1.952,6.199,1,10034,0,0,11.659,0,0,0,11.264,0,0,0,32.247,0,0,0,13.989,0,0,0,44.985,0,b4u9t1,Democratic,Republican,gun control,gc_treat
12/14/2023 11:52,12/14/2023 11:57,100,310,TRUE,12/14/2023 11:57,48.791,48.791,49.637,1,About half the time,48.785,74.142,74.892,3,Somewhat disagree,Disagree,37.101,40.1,42.762,5,10,85,22.667,32.608,33.273,10,Somewhat well,Very well,Very well,Somewhat well,Somewhat well,Very well,1.2,1.2,4.89,1,66510,0,0,25.742,0,0,0,12.222,0,0,0,9.125,0,0,0,11.644,0,0,0,31.977,0,hxfg37,Democratic,Republican,gun control,gc_treat
12/14/2023 11:44,12/14/2023 11:57,100,772,TRUE,12/14/2023 11:57,8.197,8.197,9.504,1,About half the time,58.333,69.489,70.244,3,Disagree,Agree,11.688,16.706,19.577,3,6,6,183.574,217.869,218.682,8,Not too well,Very well,Very well,Very well,Extremely well,Very well,3.09,3.09,8.721,1,31030,0,0,11.53,0,0,0,14.268,0,5.562,7.179,8.112,3,0,0,14.392,0,0,0,385.401,0,q4cfa3,Republican,Democratic,gun control,gc_control3
12/14/2023 11:56,12/14/2023 11:57,100,93,TRUE,12/14/2023 11:57,6.859,6.859,7.782,1,About half the time,4.83,8.362,9.308,2,Somewhat agree,Strongly agree,2.78,5.014,6.535,3,5,5,4.183,19.493,20.121,8,Extremely well,Extremely well,Extremely well,Very well,Very well,Very well,1.217,1.217,3.464,1,30328,0,0,5.354,0,0,0,8.164,0,0,0,5.623,0,0,0,14.011,0,0,0,7.811,0,aemrz9,Republican,Democratic,immigration,imm_treat
12/14/2023 11:55,12/14/2023 11:57,100,147,TRUE,12/14/2023 11:57,10.462,10.462,11.201,1,Once in a while,5.222,9.578,10.533,2,Strongly agree,Strongly disagree,12.92,18.906,19.845,4,0,0,9.545,32.935,33.6,10,Extremely well,Extremely well,Extremely well,Extremely well,Extremely well,Somewhat well,7.984,7.984,11,1,43230,0,0,13.596,0,0,0,22.039,0,0,0,9.244,0,,,,,0,0,7.001,0,aqyatg,Democratic,Republican,gun control,gc_pc
12/14/2023 11:53,12/14/2023 11:57,100,255,TRUE,12/14/2023 11:58,30.128,31.823,32.85,3,All the time,5.701,15.199,16.118,3,Strongly agree,Strongly disagree,9.611,16.909,19.702,2,25,50,7.862,24.779,25.504,11,Extremely well,Extremely well,Extremely well,Extremely well,Extremely well,Extremely well,0.887,0.887,3.214,1,30228,0,0,11.256,0,7.174,7.174,7.673,1,0,0,4.198,0,0,0,63.059,0,0,0,4.706,0,rcm2tt,Democratic,Republican,gun control,gc_treat
12/14/2023 11:55,12/14/2023 11:58,100,131,TRUE,12/14/2023 11:58,8.301,9.474,10.401,2,Most of the time,14.507,29.808,32.401,6,Somewhat agree,Somewhat agree,2.612,6.101,10.378,3,0,2,5.301,27.134,27.659,9,Not too well,Somewhat well,Not too well,Not too well,Somewhat well,Not too well,1.1,1.1,4.091,1,44511,0,0,7.702,0,0,0,4.158,0,0,0,4.881,0,8.719,8.719,10.682,1,0,0,5.901,0,zhnh38,Republican,Democratic,immigration,imm_treat
12/14/2023 11:54,12/14/2023 11:58,100,195,TRUE,12/14/2023 11:58,14.086,16.576,17.756,3,Most of the time,5.348,10.635,11.996,2,Strongly disagree,Strongly agree,11.94,25.493,26.149,4,60,2,8.948,28.999,29.601,7,Extremely well,Extremely well,Extremely well,Extremely well,Extremely well,Extremely well,2.191,2.191,5.064,1,23111,0,0,20.787,0,0,0,21.502,0,0,0,20.033,0,0,0,26.593,0,0,0,9.869,0,bf62e6,Democratic,Republican,gun control,gc_treat
12/14/2023 11:52,12/14/2023 11:58,100,346,TRUE,12/14/2023 11:58,13.242,13.242,14.86,1,Once in a while,9.435,18.908,20.412,2,Strongly disagree,Strongly agree,37.573,50.504,60.425,3,40,60,1.332,126.385,127.427,10,Not too well,Extremely well,Extremely well,Extremely well,Very well,Very well,11.106,11.106,16.428,1,33936,0,0,37.121,0,0,0,14.672,0,0,0,17.916,0,0,0,19.742,0,10.436,10.436,11.864,1,ckhyhw,Republican,Democratic,gun control,gc_treat
12/14/2023 11:52,12/14/2023 11:58,100,347,TRUE,12/14/2023 11:58,14.146,14.967,15.983,2,All the time,13.001,36.678,39.446,6,Somewhat disagree,Strongly agree,20.501,38.614,43.8,3,90,40,20.96,70.765,72.577,11,Very well,Not too well,Extremely well,Extremely well,Extremely well,Extremely well,14.737,14.737,41.682,1,75204,0,0,14.386,0,0,0,18.045,0,4.039,21.302,23.612,22,0,0,16.245,0,0,0,13.135,0,4a1xuq,Democratic,Republican,gun control,gc_control1
12/14/2023 11:53,12/14/2023 11:59,100,312,TRUE,12/14/2023 11:59,6.434,7.366,8.126,2,All the time,5.485,13.987,14.755,4,Neither agree nor disagree,Strongly agree,5.901,10.664,14.115,2,10,90,6.966,22.704,23.733,9,Very well,Very well,Very well,Very well,Extremely well,Somewhat well,2.8,2.8,9.113,1,10308,0,0,8.318,0,31.601,54.302,54.655,4,0,0,7.051,0,0,0,11.22,0,0,0,156.882,0,uuz9af,Republican,Democratic,immigration,imm_control1
12/14/2023 11:54,12/14/2023 11:59,100,254,TRUE,12/14/2023 11:59,38.597,40.653,41.588,3,Once in a while,14.316,23.247,24,5,Neither agree nor disagree,Somewhat agree,7.386,16.718,18.801,4,50,50,12.007,41.636,42.401,12,Somewhat well,Very well,Very well,Somewhat well,Very well,Very well,1.478,1.478,6.288,1,29486,10.408,10.408,11.301,1,3.254,7.59,11.848,3,2.204,2.204,3.158,1,2.998,4.435,5.282,2,0,0,11.35,0,z2yeup,Democratic,Republican,gun control,gc_control2
12/14/2023 11:47,12/14/2023 11:59,100,701,TRUE,12/14/2023 11:59,30.924,30.924,31.698,1,All the time,5.9,234.343,234.824,4,Agree,Strongly agree,15.767,33.223,35.456,7,80,20,2.47,8.734,9.54,12,Extremely well,Somewhat well,Extremely well,Very well,Extremely well,Extremely well,1.695,1.695,4.729,1,90027,0,0,8.724,0,18.189,71.006,71.123,10,7.426,115.424,115.868,97,0.887,0.887,7.701,1,0,0,23.244,0,ckq69b,Republican,Democratic,gun control,gc_control1
12/14/2023 11:56,12/14/2023 11:59,100,165,TRUE,12/14/2023 11:59,9.249,9.249,10.276,1,Most of the time,6.315,12.168,13.301,2,Neither agree nor disagree,Somewhat agree,10.998,16.258,21.067,3,90,88,9.142,55.868,58.401,8,Not too well,Somewhat well,Somewhat well,Not too well,Somewhat well,Very well,1.879,1.879,5.859,1,42420,0,0,12.602,0,0,0,12.543,0,11.915,12.027,16.489,2,,,,,0,0,7.691,0,1wfxpx,Republican,Democratic,gun control,gc_pc
12/14/2023 11:56,12/14/2023 11:59,100,213,TRUE,12/14/2023 11:59,13.521,13.521,14.796,1,Almost Never,7.12,19.185,20.102,3,Strongly agree,Strongly agree,21.678,27.662,38.001,2,60,30,10.556,45.713,46.674,8,Not too well,Very well,Extremely well,Somewhat well,Very well,Very well,3.614,3.614,10.061,1,30102,0,0,15.294,0,0,0,20.916,0,0,0,8.288,0,0,0,17.897,0,0,0,14.289,0,93qdh4,Democratic,Republican,gun control,gc_control3
12/14/2023 11:55,12/14/2023 11:59,100,275,TRUE,12/14/2023 11:59,169.885,169.885,171.097,1,About half the time,4.595,11.15,11.748,3,Strongly disagree,Strongly agree,30.427,37.19,41.03,2,85,1,4.445,21.802,22.463,10,Very well,Very well,Somewhat well,Extremely well,Extremely well,Extremely well,1.183,1.183,4.557,1,94087,0,0,5.683,0,0,0,6.415,0,0,0,2.451,0,,,,,0,0,4.626,0,96vy13,Democratic,Republican,gun control,gc_pc
12/14/2023 11:55,12/14/2023 12:00,100,272,TRUE,12/14/2023 12:00,13.002,15.07,16.202,2,Most of the time,10.263,30.402,31.521,7,Strongly disagree,Strongly disagree,14.301,29.455,31.278,5,94,9,11.651,49.892,51.192,10,Not at all well,Somewhat well,Somewhat well,Not at all well,Somewhat well,Somewhat well,3.401,3.401,22.641,1,27591,0,0,20.48,0,29.241,30.874,32.871,2,36.1,36.1,37.434,1,,,,,0,0,21.201,0,wdu48u,Republican,Democratic,immigration,imm_pc
12/14/2023 11:57,12/14/2023 12:00,100,162,TRUE,12/14/2023 12:00,29.172,29.172,30.242,1,Most of the time,7.701,15.188,16.275,4,Neither agree nor disagree,Agree,10.912,18.785,19.444,5,50,50,11.692,45.703,46.386,10,Not at all well,Somewhat well,Extremely well,Not at all well,Very well,Somewhat well,2.372,2.372,6.932,1,94553,0,0,10.658,0,0,0,13.4,0,0,0,6.435,0,,,,,0,0,6.346,0,m21egh,Republican,Democratic,immigration,imm_pc
12/14/2023 11:58,12/14/2023 12:00,100,137,TRUE,12/14/2023 12:00,5.053,5.053,5.6,1,About half the time,7.801,15.501,16.286,3,Agree,Strongly agree,6.166,26.052,30.771,2,20,1,5.473,21.125,21.591,9,Very well,Extremely well,Very well,Very well,Extremely well,Extremely well,1.021,1.021,5.929,1,35173,0,0,25.635,0,0,0,13.255,0,1.443,4.957,5.553,4,,,,,0,0,6.52,0,hzz2g3,Democratic,Republican,gun control,gc_pc
12/14/2023 11:59,12/14/2023 12:01,100,101,TRUE,12/14/2023 12:01,6.835,6.835,7.741,1,Most of the time,21.86,26.897,27.691,3,Strongly disagree,Somewhat disagree,4.333,12.33,12.712,4,5,20,7.38,19.678,20.492,11,Somewhat well,Extremely well,Extremely well,Extremely well,Extremely well,Extremely well,1.076,1.076,3.494,1,50401,0,0,3.655,0,0,0,7.543,0,0,0,1.853,0,0,0,4.649,0,0,0,6.854,0,dcngcu,Democratic,Republican,gun control,gc_control1
12/14/2023 11:58,12/14/2023 12:01,100,210,TRUE,12/14/2023 12:01,5.614,5.614,5.907,1,Once in a while,1.95,7.524,8.802,3,Neither agree nor disagree,Neither agree nor disagree,1.289,115.676,118.259,9,60,80,9.239,43.431,44.105,9,Not too well,Not too well,Not too well,Very well,Somewhat well,Somewhat well,1.107,1.107,4.101,1,93550,0,0,2.287,0,0,0,9.106,0,0,0,5.94,0,0,0,1.621,0,0,0,4.778,0,x6wvuz,Republican,Democratic,immigration,imm_control1
12/14/2023 11:59,12/14/2023 12:01,100,126,TRUE,12/14/2023 12:01,11.551,12.434,13.001,2,Once in a while,4.601,9.11,9.9,4,Somewhat agree,Strongly agree,9.598,17.27,18.07,5,60,5,5.311,18.581,19.648,10,Not too well,Not at all well,Somewhat well,Somewhat well,Not too well,Somewhat well,1.58,1.58,7.401,1,80021,0,0,15.162,0,0,0,5.801,0,0,0,8.948,0,0,0,6.8,0,0,0,8.662,0,6hfdza,Democratic,Republican,gun control,gc_control2
12/14/2023 12:00,12/14/2023 12:02,100,144,TRUE,12/14/2023 12:02,13.555,13.555,15.261,1,Most of the time,6.804,11.951,12.859,3,Somewhat agree,Strongly agree,5.302,9.547,12.321,2,95,30,30.425,56.773,57.996,13,Not too well,Somewhat well,Somewhat well,Not too well,Somewhat well,Not too well,1.723,2.364,7.176,2,49720,0,0,4.497,0,0,0,9.279,0,0,0,4.557,0,0,0,4.535,0,0,0,8.173,0,11frdz,Democratic,Republican,immigration,imm_control3
12/14/2023 12:01,12/14/2023 12:02,100,91,TRUE,12/14/2023 12:02,6.283,6.283,7.401,1,Most of the time,4.232,6.65,7,2,Neither agree nor disagree,Strongly agree,4.763,4.763,9.7,1,50,50,5.501,15.318,16.273,8,Extremely well,Extremely well,Extremely well,Extremely well,Extremely well,Extremely well,1.279,1.279,4.201,1,37209,0,0,24.274,0,0,0,6.083,0,0,0,7.147,0,,,,,0,0,4.953,0,kzndk6,Democratic,Republican,immigration,imm_pc
12/14/2023 11:58,12/14/2023 12:02,100,236,TRUE,12/14/2023 12:02,7.183,7.183,8.171,1,Once in a while,8.167,11.483,12.521,3,Disagree,Agree,3.14,8.493,12.398,3,12,38,6.807,59.103,59.658,11,Very well,Very well,Extremely well,Extremely well,Very well,Very well,1.198,1.198,4.44,1,11435,0,0,14.49,0,0,0,9.901,0,0,0,9.059,0,6.658,29.257,34.753,5,0,0,6.291,0,gpewhc,Republican,Democratic,immigration,imm_treat
12/14/2023 12:00,12/14/2023 12:02,100,114,TRUE,12/14/2023 12:02,3.987,5.011,5.83,3,About half the time,2.666,6.785,7.276,3,Neither agree nor disagree,Agree,59.282,62.577,64.476,2,80,70,3.833,12.31,12.968,9,Extremely well,Extremely well,Extremely well,Extremely well,Very well,Extremely well,3.368,3.368,5.682,1,73118,0,0,2.682,0,0,0,2.181,0,0,0,1.461,0,0,0,1.763,0,0,0,3.971,0,uaddqt,Democratic,Republican,gun control,gc_control3
12/14/2023 11:57,12/14/2023 12:02,100,337,TRUE,12/14/2023 12:02,32.656,32.656,33.601,1,About half the time,13.914,21.259,21.987,3,Disagree,Somewhat agree,43.69,61.476,66.26,4,40,80,14.253,71.14,71.901,7,Somewhat well,Somewhat well,Somewhat well,Somewhat well,Somewhat well,Not too well,4.287,4.287,10.534,1,72761,54.004,54.004,59.345,1,0,0,13.542,0,11.575,11.575,15.988,1,0,0,21,0,0,0,14.678,0,2b9qec,Democratic,Republican,gun control,gc_treat
12/14/2023 11:59,12/14/2023 12:02,100,197,TRUE,12/14/2023 12:03,7.244,7.244,8.193,1,Most of the time,8.41,14.548,16.004,3,Somewhat disagree,Somewhat agree,7.967,12.906,13.42,4,65,85,6.321,21.704,22.947,8,Very well,Very well,Very well,Very well,Very well,Somewhat well,2.242,2.242,5.283,1,32311,0,0,87.239,0,0,0,12.925,0,0,0,7.75,0,0,0,8.715,0,0,0,6.55,0,xq89yw,Democratic,Republican,immigration,imm_treat
12/14/2023 11:57,12/14/2023 12:03,100,360,TRUE,12/14/2023 12:03,4.462,4.462,4.901,1,Most of the time,6.463,11.695,12.501,2,Agree,Strongly agree,1.099,5.447,7.152,4,25,80,3.457,11.882,12.673,10,Extremely well,Extremely well,Extremely well,Extremely well,Extremely well,Extremely well,3.298,3.298,6.093,1,14228,0,0,1.385,0,64.395,64.395,67.324,1,0,0,231.397,0,0,0,7.356,0,0,0,2.401,0,e4xyfq,Republican,Democratic,gun control,gc_control3
12/14/2023 12:00,12/14/2023 12:03,100,177,TRUE,12/14/2023 12:03,9.298,9.298,10.494,1,Most of the time,9.211,17.843,18.779,3,Agree,Strongly agree,12.125,16.976,20.671,3,40,10,7.65,32.098,33.028,8,Extremely well,Extremely well,Extremely well,Extremely well,Extremely well,Extremely well,2.265,2.265,11.9,1,22150,0,0,11.506,0,0,0,25.155,0,0,0,7.634,0,0,0,14.95,0,0,0,18.769,0,6v6zmw,Democratic,Republican,immigration,imm_treat
12/14/2023 12:01,12/14/2023 12:03,100,95,TRUE,12/14/2023 12:03,4.014,7.564,8.3,4,Most of the time,3.356,18.912,19.501,5,Somewhat disagree,Neither agree nor disagree,1.832,1.832,7.139,1,55,100,4.89,17.375,18.202,6,Somewhat well,Somewhat well,Very well,Somewhat well,Very well,Somewhat well,1.096,7.457,8.3,2,11368,0,0,2.155,0,1.664,1.664,2.787,1,3.207,3.207,4,1,0.956,0.956,1.692,1,0,0,1.44,0,9nwmuy,Republican,Democratic,gun control,gc_control3
12/14/2023 12:03,12/14/2023 12:04,100,74,TRUE,12/14/2023 12:04,4.095,4.095,5.037,1,Almost Never,5.971,9.078,9.776,4,Strongly agree,Strongly agree,7.602,11.143,13.14,2,65,40,3.923,11.58,12.298,9,Extremely well,Extremely well,Extremely well,Extremely well,Extremely well,Extremely well,1.501,1.501,3.683,1,77494,0,0,2.104,0,0,0,6.305,0,0,0,2.85,0,0,0,5.856,0,0,0,6.205,0,ttnrq6,Democratic,Republican,gun control,gc_control3
12/14/2023 12:02,12/14/2023 12:05,100,167,TRUE,12/14/2023 12:05,9.501,10.91,12.801,2,Most of the time,7.101,16.363,16.898,4,Somewhat disagree,Strongly disagree,12.001,22.107,22.972,4,50,50,12.801,39.736,40.426,9,Not too well,Not too well,Not too well,Somewhat well,Not too well,Not too well,3.596,3.596,8.801,1,96001,0,0,9.3,0,13.077,13.077,16.6,1,12.016,12.016,12.447,1,8.771,8.771,9.164,1,0,0,8.401,0,qmxw8p,Democratic,Republican,gun control,gc_control3
12/14/2023 12:00,12/14/2023 12:05,100,325,TRUE,12/14/2023 12:05,13.5,16.635,17.357,3,Most of the time,13.2,36.558,37.346,4,Agree,Somewhat agree,15.101,35.253,36.881,6,40,90,7.501,37.071,41.418,6,Very well,Somewhat well,Somewhat well,Very well,Very well,Extremely well,3.569,57.659,64.708,2,90011,0,0,16.094,0,0,0,15.7,0,5.7,21.005,21.791,21,0,0,24.688,0,0,0,13.801,0,dd2rvg,Republican,Democratic,immigration,imm_control3
12/14/2023 12:05,12/14/2023 12:06,100,68,TRUE,12/14/2023 12:06,4.075,4.075,4.628,1,Once in a while,2.625,5.235,5.678,3,Strongly disagree,Strongly agree,2.699,8.987,11.042,2,30,70,5.641,18.931,19.756,11,Somewhat well,Somewhat well,Somewhat well,Somewhat well,Very well,Very well,0.668,0.668,2.362,1,07047,0,0,3.154,0,4.443,6.902,7.256,2,0,0,1.804,0,0,0,4.676,0,0,0,2.908,0,1u2t4u,Republican,Democratic,immigration,imm_control2
12/14/2023 12:00,12/14/2023 12:06,100,369,TRUE,12/14/2023 12:06,4.628,4.628,6.225,1,All the time,3.894,8.683,9.464,3,Neither agree nor disagree,Strongly agree,35.953,52.673,55.21,5,0,70,3.621,18.443,19.86,10,Extremely well,Extremely well,Extremely well,Extremely well,Extremely well,Extremely well,1.262,1.262,5.128,1,30043,0,0,41.802,0,0,0,10.048,0,0,0,3.956,0,0,0,8.626,0,0,0,4.995,0,1hac2u,Republican,Democratic,gun control,gc_treat
12/14/2023 12:06,12/14/2023 12:08,100,83,TRUE,12/14/2023 12:08,2.369,2.369,2.7,1,All the time,1.967,4.996,7.356,5,Strongly agree,Strongly agree,1.103,16.314,20.288,8,30,100,4.343,10.691,11.2,11,Extremely well,Extremely well,Extremely well,Extremely well,Extremely well,Extremely well,1.299,1.299,19.744,1,85142,0,0,6.392,0,0,0,2.3,0,0,0,2,0,,,,,0,0,1.367,0,t99eym,Republican,Democratic,gun control,gc_pc
12/14/2023 11:58,12/14/2023 12:08,100,627,TRUE,12/14/2023 12:08,14.34,17.97,18.88,2,About half the time,9.503,23.422,126.401,4,Agree,Somewhat agree,124.104,136.335,142.104,3,40,100,28.925,63.311,64.5,9,Very well,Very well,Extremely well,Somewhat well,Extremely well,Very well,46.943,46.943,63.38,1,28226,0,0,22.009,0,9.939,121.38,123.887,2,3.023,3.023,4.801,1,,,,,0,0,10.568,0,bab8yz,Democratic,Republican,immigration,imm_pc
12/14/2023 12:00,12/14/2023 12:09,100,499,TRUE,12/14/2023 12:09,6.225,6.225,7.239,1,Most of the time,13.413,312.615,313.517,2,Somewhat agree,Agree,6.326,11.379,14.397,2,20,70,116.302,133.196,134.47,8,Somewhat well,Very well,Very well,Somewhat well,Somewhat well,Very well,3.883,3.883,6.834,1,37920,0,0,4.113,0,0,0,5.304,0,0,0,3.742,0,,,,,0,0,5.604,0,m6fngt,Republican,Democratic,immigration,imm_pc
12/14/2023 12:05,12/14/2023 12:09,100,206,TRUE,12/14/2023 12:09,15.7,39.72,40.001,10,All the time,3.689,11.237,11.573,10,Strongly disagree,Strongly disagree,7.768,18.644,18.947,12,95,10,11.282,31.668,32.201,24,Not too well,Somewhat well,Somewhat well,Somewhat well,Somewhat well,Somewhat well,3.266,6.2,7.271,2,92653,29.214,29.556,29.874,2,8.815,12.89,13.1,6,4.861,8.9,9.603,5,4.68,26.929,27.259,6,8.786,8.786,9.292,1,hr6vav,Republican,Democratic,immigration,imm_control1
12/14/2023 11:53,12/14/2023 12:09,100,931,TRUE,12/14/2023 12:09,182.509,183.354,184.355,2,About half the time,44.45,56.673,57.325,5,Somewhat disagree,Somewhat agree,16.801,27.701,30.189,3,85,70,55.165,85.422,85.866,13,Somewhat well,Very well,Very well,Very well,Very well,Very well,12.301,12.301,18.201,1,43537,27.685,27.685,31.387,1,25.066,26.83,27.468,2,5.988,5.988,6.773,1,25.225,92.362,92.952,4,170.06,170.06,195.457,1,cfb3vz,Democratic,Republican,gun control,gc_treat
12/14/2023 12:07,12/14/2023 12:10,100,120,TRUE,12/14/2023 12:10,4.774,4.774,5.3,1,About half the time,2.764,6.404,6.86,3,Somewhat disagree,Somewhat agree,6.82,10.676,10.947,4,80,12,3.062,43.228,43.794,12,Not too well,Somewhat well,Very well,Somewhat well,Somewhat well,Not too well,7.8,7.8,15.418,1,70435,0,0,9.318,0,0,0,6.02,0,0,0,2.389,0,6.571,6.571,7.377,1,0,0,8.139,0,hqhqtp,Republican,Democratic,immigration,imm_treat
12/14/2023 12:07,12/14/2023 12:10,100,169,TRUE,12/14/2023 12:10,8.301,8.301,9.995,1,Once in a while,6.701,11.123,14.092,2,Neither agree nor disagree,Neither agree nor disagree,18.301,29.618,30.411,5,100,22,8.503,31.893,32.589,8,Somewhat well,Somewhat well,Very well,Very well,Very well,Very well,2.401,2.401,8.062,1,57106,0,0,8.402,0,0,0,16.607,0,17.794,24.86,26.592,7,0,0,6.3,0,0,0,4.97,0,f8zwcc,Democratic,Republican,immigration,imm_control2
12/14/2023 11:48,12/14/2023 12:11,100,1366,TRUE,12/14/2023 12:11,8.415,8.848,9.721,2,All the time,4.545,7.775,8.68,3,Strongly agree,Strongly agree,2.666,8.745,11.684,3,50,0,3.082,13.004,14.658,10,Extremely well,Extremely well,Extremely well,Extremely well,Extremely well,Extremely well,1.895,1.895,5.23,1,78109,0,0,10.85,0,0,0,5.755,0,0,0,3.849,0,0,0,3.053,0,0,0,14.987,0,ghmkch,Democratic,Republican,immigration,imm_control1
12/14/2023 12:07,12/14/2023 12:13,100,394,TRUE,12/14/2023 12:13,8.767,8.767,9.401,1,Most of the time,5.042,41.809,42.601,29,Somewhat disagree,Agree,8.534,11.76,15.7,2,99,30,37.329,47.975,49.177,10,Very well,Extremely well,Extremely well,Extremely well,Very well,Very well,2.053,73.752,76.658,3,15001,0,0,7.301,0,0.872,15.411,16.64,14,2.269,20.371,21.475,10,7.326,13.304,13.995,8,0,0,8.201,0,wbdrr2,Democratic,Republican,immigration,imm_treat
12/14/2023 12:10,12/14/2023 12:15,100,265,TRUE,12/14/2023 12:15,16.348,18.014,20.801,2,Once in a while,7.628,14.006,15.102,4,Strongly disagree,Strongly agree,6.674,17.797,18.706,4,55,55,17.889,47.628,48.846,10,Somewhat well,Very well,Somewhat well,Very well,Very well,Somewhat well,2.176,2.176,5.098,1,60543,0,0,10.961,0,44.421,44.421,45.694,1,28.934,29.257,29.951,2,46.198,46.198,47.542,1,0,0,11.271,0,wxg48c,Democratic,Republican,immigration,imm_treat
12/14/2023 12:14,12/14/2023 12:15,100,86,TRUE,12/14/2023 12:15,10.31,10.31,11.447,1,About half the time,6.419,12.824,14.159,4,Neither agree nor disagree,Agree,2.099,11.466,13.319,5,30,70,7.401,24.286,25.446,14,Not too well,Somewhat well,Somewhat well,Somewhat well,Very well,Somewhat well,1.192,1.192,6.661,1,63132,0,0,0.9,0,0,0,2.496,0,0,0,1.819,0,0,0,1.739,0,0,0,1.601,0,zn3eyy,Republican,Democratic,gun control,gc_control3
12/14/2023 12:15,12/14/2023 12:21,100,375,TRUE,12/14/2023 12:21,16.5,16.5,17.684,1,About half the time,6.576,16.747,17.52,3,Agree,Somewhat agree,19.895,24.902,28.895,4,50,75,23.958,62.795,64.526,10,Somewhat well,Somewhat well,Very well,Somewhat well,Somewhat well,Somewhat well,36.527,36.527,50.108,1,98124,0,0,4.092,0,0,0,11.369,0,13.27,13.27,15.701,1,,,,,0,0,13.272,0,3zpqw4,Republican,Democratic,immigration,imm_pc
12/14/2023 12:08,12/14/2023 12:21,100,827,TRUE,12/14/2023 12:21,284.131,284.131,284.677,1,About half the time,6.949,15.803,16.386,4,Somewhat disagree,Somewhat agree,28.357,202.091,202.874,7,65,60,12.235,32.294,33.199,11,Not too well,Very well,Very well,Somewhat well,Very well,Extremely well,1.631,1.631,5.324,1,30093,0,0,3.352,0,0,0,9.372,0,0,0,6.296,0,,,,,0,0,5.527,0,u8c1kg,Republican,Democratic,immigration,imm_pc
12/14/2023 12:21,12/14/2023 12:22,100,79,TRUE,12/14/2023 12:22,5.245,5.245,6.362,1,Once in a while,4.761,11.913,12.954,6,Somewhat agree,Disagree,9.261,14.65,15.668,4,50,50,4.468,15.99,16.699,9,Very well,Very well,Very well,Very well,Very well,Very well,1.037,1.037,6.043,1,17362,0,0,2.962,0,0,0,3.884,0,0,0,2.33,0,0,0,2.766,0,0,0,3.538,0,n7k1zx,Democratic,Republican,immigration,imm_control2
12/14/2023 12:21,12/14/2023 12:22,100,80,TRUE,12/14/2023 12:22,3.472,3.472,4.471,1,Most of the time,2.462,3.125,3.894,2,Somewhat agree,Strongly agree,1.168,18.818,19.535,6,23,80,3.083,8.787,11.201,10,Very well,Extremely well,Extremely well,Extremely well,Extremely well,Extremely well,10.917,10.917,16.724,1,90011,0,0,1.329,0,0,0,1.64,0,0,0,4.661,0,0,0,2.143,0,0,0,1.301,0,6uaekb,Republican,Democratic,immigration,imm_control1
12/14/2023 12:20,12/14/2023 12:23,100,145,TRUE,12/14/2023 12:23,40.698,40.698,41.126,1,About half the time,2.836,10.567,11.155,4,Neither agree nor disagree,Agree,5.794,10.9,14.345,4,45,75,6.538,20.905,22.127,11,Not too well,Somewhat well,Very well,Very well,Somewhat well,Somewhat well,1.705,4.116,5.5,2,76002,0,0,7.631,0,1.14,1.14,14.277,1,9.585,9.585,10.495,1,0,0,8.253,0,0,0,5.713,0,ntc7qh,Democratic,Republican,gun control,gc_control3
12/14/2023 12:22,12/14/2023 12:24,100,100,TRUE,12/14/2023 12:24,9.385,10.266,11.107,2,Most of the time,7.328,12.737,13.869,4,Somewhat disagree,Agree,3.564,11.08,14.796,5,50,5,2.261,15.18,15.894,11,Very well,Very well,Very well,Very well,Very well,Very well,1.496,1.496,6.976,1,30060,3.148,6.915,7.822,2,1.323,3.14,5.738,2,0.599,3.1,3.79,2,2.009,2.009,2.845,1,4.284,4.284,8.006,1,uewkay,Democratic,Republican,immigration,imm_control3
12/14/2023 12:22,12/14/2023 12:25,100,197,TRUE,12/14/2023 12:25,15.39,39.363,40.289,5,Once in a while,5.597,10.964,11.702,5,Disagree,Agree,6.067,14.764,15.446,6,10,0,7.185,23.51,24.509,12,Somewhat well,Not too well,Not too well,Not too well,Not too well,Not too well,1.484,1.484,4.757,1,19145,0,0,16.701,0,6.382,11.947,12.602,3,7.362,8.664,9.38,2,,,,,0,0,54.601,0,wmkt1n,Democratic,Republican,gun control,gc_pc
12/14/2023 12:23,12/14/2023 12:27,100,232,TRUE,12/14/2023 12:27,2.352,2.352,2.838,1,All the time,2.29,27.569,28.101,4,Strongly agree,Strongly agree,1.055,4.447,6.283,4,80,10,39.646,69.728,70.565,12,Very well,Extremely well,Somewhat well,Not too well,Very well,Extremely well,2.809,2.809,5.451,1,90027,0,0,6.961,0,6.898,6.898,34.99,1,0,0,51.897,0,,,,,0,0,2.444,0,62gnz3,Republican,Democratic,immigration,imm_pc
12/14/2023 12:32,12/14/2023 12:33,100,116,TRUE,12/14/2023 12:33,6.792,6.792,7.899,1,About half the time,4.357,10.897,12.301,3,Strongly agree,Strongly agree,4.151,7.61,13.08,3,15,85,3.549,22.875,23.678,9,Extremely well,Extremely well,Extremely well,Extremely well,Extremely well,Extremely well,1.503,1.503,4.645,1,33330,0,0,8.701,0,0,0,8.802,0,0,0,13.27,0,0,0,9.385,0,0,0,6.328,0,pmyqy1,Republican,Democratic,immigration,imm_control2
12/14/2023 12:33,12/14/2023 12:35,100,121,TRUE,12/14/2023 12:35,6.934,6.934,8.05,1,Once in a while,4.582,11.149,11.711,3,Somewhat disagree,Agree,3.349,21.674,23.522,3,75,25,4.992,45.697,46.333,9,Somewhat well,Very well,Very well,Very well,Somewhat well,Somewhat well,1.729,1.729,5.593,1,77044,0,0,7.141,0,0,0,3.927,0,0,0,2.861,0,,,,,0,0,6.09,0,gw1ygq,Republican,Democratic,immigration,imm_pc
12/14/2023 12:28,12/14/2023 12:35,100,427,TRUE,12/14/2023 12:35,9.9,11.186,11.753,3,Once in a while,2.301,8.5,9.586,3,Strongly disagree,Somewhat agree,84.53,97.43,97.863,7,50,50,260.638,278.015,278.715,19,Not too well,Extremely well,Extremely well,Extremely well,Extremely well,Extremely well,1.787,1.787,6.641,1,04471,0,0,4.589,0,4.253,4.253,5.15,1,0,0,1.331,0,0,0,0.601,0,1.001,1.001,1.889,1,qy2fcu,Republican,Democratic,gun control,gc_control3
12/14/2023 12:35,12/14/2023 12:36,100,90,TRUE,12/14/2023 12:36,3.723,4.085,4.579,2,All the time,4.289,7.126,7.753,2,Agree,Strongly disagree,1.019,5.143,6.3,4,55,45,2.712,7.801,8.492,9,Extremely well,Extremely well,Very well,Extremely well,Extremely well,Extremely well,0.892,0.892,3.638,1,55433,0,0,3.901,0,0,0,37.901,0,0,0,1.2,0,0,0,5.793,0,0,0,5.144,0,qby6gb,Republican,Democratic,immigration,imm_control3
12/14/2023 12:38,12/14/2023 12:41,100,188,TRUE,12/14/2023 12:41,49.055,49.832,50.476,2,Most of the time,7.5,12.189,13.364,4,Strongly agree,Strongly agree,4.088,9.522,13.882,3,60,10,7.507,25.277,26.067,11,Very well,Extremely well,Very well,Very well,Very well,Very well,1.612,1.612,6.276,1,28348,0,0,12.489,0,0,0,13.864,0,0,0,14.364,0,0,0,13.601,0,0,0,11.234,0,2z3t2q,Democratic,Republican,gun control,gc_control1
12/14/2023 12:43,12/14/2023 12:45,100,158,TRUE,12/14/2023 12:45,9.472,11.015,12.085,2,Most of the time,6.174,15.622,16.221,3,Strongly disagree,Disagree,16.123,24.689,25.629,4,75,25,8.183,37,37.89,8,Very well,Very well,Somewhat well,Somewhat well,Somewhat well,Not too well,3.457,3.457,7.7,1,35576,0,0,10.103,0,0,0,9.748,0,0,0,10.354,0,0,0,12.264,0,0,0,10.701,0,fdbwpu,Republican,Democratic,gun control,gc_treat
12/14/2023 12:46,12/14/2023 12:50,100,228,TRUE,12/14/2023 12:50,4.398,6,6.6,2,Most of the time,3.928,11.874,12.452,4,Disagree,Somewhat disagree,4.656,14.4,15,4,68,40,5.539,120.903,121.514,11,Extremely well,Very well,Extremely well,Extremely well,Extremely well,Extremely well,1.509,1.509,4.488,1,60115,10.493,10.493,10.898,1,0,0,4.761,0,0,0,3.933,0,10.84,10.84,11.763,1,0,0,29.254,0,gz4vt2,Republican,Democratic,immigration,imm_treat
12/14/2023 12:48,12/14/2023 12:51,100,184,TRUE,12/14/2023 12:51,9.659,11.127,12.124,2,Most of the time,9.971,14.769,15.997,3,Neither agree nor disagree,Agree,10.146,22.475,24.277,6,50,70,20.958,52.108,53.127,12,Very well,Extremely well,Very well,Extremely well,Extremely well,Extremely well,1.816,1.816,10.506,1,48341,0,0,15.364,0,2.105,14.585,15.535,6,1.265,5.966,6.746,2,,,,,0,0,19.454,0,h4a6xd,Democratic,Republican,gun control,gc_pc
12/14/2023 12:57,12/14/2023 12:58,100,72,TRUE,12/14/2023 12:58,4.977,5.574,6.937,2,Most of the time,2.915,6.401,7.279,3,Agree,Agree,4.257,6.601,8.864,2,50,50,4.666,19.523,20.338,12,Very well,Very well,Very well,Somewhat well,Very well,Very well,1.173,1.173,3.788,1,11354,0,0,6.889,0,1.867,1.867,3.573,1,0,0,2.932,0,0,0,3.691,0,0,0,4.082,0,a9fqkq,Democratic,Republican,immigration,imm_treat
12/14/2023 13:04,12/14/2023 13:05,100,81,TRUE,12/14/2023 13:05,5.711,5.711,6.893,1,Most of the time,7.36,10.962,11.542,3,Agree,Strongly agree,3.858,11.487,13.621,4,30,70,3.895,18.58,19.467,11,Somewhat well,Very well,Very well,Somewhat well,Very well,Very well,1.233,1.233,4.235,1,19139,1.64,1.64,6.641,1,0,0,3.68,0,0,0,2.317,0,0,0,4.095,0,0,0,4.489,0,fufbn7,Republican,Democratic,immigration,imm_control2
12/14/2023 13:04,12/14/2023 13:05,100,106,TRUE,12/14/2023 13:05,5.059,5.059,6.567,1,Most of the time,4.128,7.395,8.199,2,Somewhat disagree,Strongly agree,5.525,9.028,12.499,2,30,75,5.119,16.971,17.618,8,Very well,Extremely well,Somewhat well,Very well,Extremely well,Very well,4.114,4.114,7.658,1,10301,0,0,25.547,0,0,0,6.03,0,0,0,4.26,0,0,0,7.682,0,0,0,7.145,0,wbqeav,Republican,Democratic,gun control,gc_treat
12/14/2023 13:06,12/14/2023 13:10,100,261,TRUE,12/14/2023 13:11,4.769,4.769,5.596,1,All the time,5.543,9.799,10.76,2,Agree,Somewhat agree,25.809,31.988,35.863,3,55,5,3.208,59.891,60.508,9,Extremely well,Extremely well,Extremely well,Extremely well,Extremely well,Very well,1.394,1.394,5.7,1,93003,0,0,107.676,0,0,0,4.501,0,0,0,2.884,0,0,0,15.489,0,0,0,6.025,0,tgd9qt,Democratic,Republican,gun control,gc_treat
12/14/2023 13:12,12/14/2023 13:14,100,106,TRUE,12/14/2023 13:14,7.401,8.603,9.3,2,All the time,1.349,13.552,14.402,9,Strongly disagree,Strongly disagree,1.502,5.447,7.901,3,100,0,2.356,9.539,10.701,7,Not at all well,Not at all well,Not at all well,Not at all well,Not at all well,Not at all well,1.413,1.413,5.602,1,19317,0,0,8.901,0,0,0,9.397,0,0,0,5.864,0,0,0,9.381,0,0,0,17.827,0,pqdpcp,Republican,Democratic,immigration,imm_control3
12/14/2023 13:12,12/14/2023 13:14,100,145,TRUE,12/14/2023 13:14,7.976,13.397,14.518,3,About half the time,5.114,50.212,51.141,5,Somewhat disagree,Agree,4.582,8.498,11.811,2,50,60,13.572,28.124,28.945,11,Somewhat well,Somewhat well,Very well,Somewhat well,Very well,Somewhat well,1.265,1.265,6.197,1,40324,0,0,9.6,0,0,0,7.24,0,0,0,4.169,0,,,,,0,0,7.668,0,hht33v,Republican,Democratic,gun control,gc_pc
12/14/2023 13:17,12/14/2023 13:19,100,103,TRUE,12/14/2023 13:19,7.97,9.429,10.901,2,Most of the time,5.611,10.928,13.346,4,Somewhat agree,Strongly agree,3.589,7.024,9.842,3,50,40,6.685,21.488,22.202,10,Very well,Very well,Very well,Very well,Very well,Very well,1.051,1.051,4.401,1,32277,0,0,6.276,0,6.938,6.938,8.21,1,0,0,6.3,0,9.447,9.447,10.283,1,0,0,6.556,0,uxyh1p,Democratic,Republican,gun control,gc_control3
12/14/2023 13:14,12/14/2023 13:21,100,434,TRUE,12/14/2023 13:21,7.784,7.784,9.739,1,Once in a while,4.103,8.634,9.398,4,Neither agree nor disagree,Agree,3.968,6.977,9.669,2,50,50,39.579,46.683,47.399,7,Somewhat well,Somewhat well,Somewhat well,Somewhat well,Not too well,Somewhat well,2.273,2.273,5.478,1,36545,0,0,16.372,0,0,0,38.108,0,3.014,3.014,10.23,1,0,0,16.921,0,0,0,7.81,0,3xtfrn,Democratic,Republican,gun control,gc_treat
12/14/2023 13:03,12/14/2023 13:24,100,1242,TRUE,12/14/2023 13:24,80.216,81.121,81.895,2,Most of the time,11.701,21.774,22.926,5,Agree,Somewhat agree,85.978,92.613,99,3,20,100,354.721,484.865,486.418,10,Very well,Very well,Very well,Somewhat well,Extremely well,Very well,16.852,16.852,71.29,1,94134,0,0,102.635,0,10.796,10.796,11.49,1,0,0,14.125,0,,,,,0,0,7.791,0,ummg83,Republican,Democratic,immigration,imm_pc
12/14/2023 13:24,12/14/2023 13:26,100,84,TRUE,12/14/2023 13:26,4.867,4.867,5.608,1,About half the time,4.239,7.639,8.644,2,Agree,Somewhat disagree,9.14,14.008,15.685,2,50,50,6.89,21.285,22.041,8,Extremely well,Extremely well,Extremely well,Extremely well,Extremely well,Extremely well,1.184,1.184,3.599,1,11949,0,0,5.768,0,0,0,6.055,0,0,0,6.431,0,,,,,0,0,6.253,0,zd7mqh,Democratic,Republican,gun control,gc_pc
12/14/2023 13:24,12/14/2023 13:26,100,75,TRUE,12/14/2023 13:26,4.191,4.191,4.919,1,About half the time,3.62,6.706,7.767,2,Agree,Agree,3.307,6.394,8.261,2,55,45,8.206,25.839,26.68,11,Somewhat well,Very well,Very well,Very well,Very well,Somewhat well,1.169,1.169,6.501,1,75247,0,0,3.673,0,0,0,3.64,0,0,0,1.5,0,0,0,1.289,0,0,0,4.747,0,ebtmg9,Democratic,Republican,immigration,imm_control1
12/14/2023 13:24,12/14/2023 13:26,100,136,TRUE,12/14/2023 13:26,61.474,61.9,62.401,2,All the time,2.409,10.3,12.094,3,Disagree,Strongly disagree,10.801,18.203,20.245,4,70,50,4.201,12.879,13.291,10,Very well,Very well,Extremely well,Very well,Very well,Very well,1.025,1.025,4.184,1,11373,0,0,7.401,0,3.961,3.961,4.301,1,0,0,2.733,0,,,,,0,0,4.958,0,4g6c4r,Democratic,Republican,immigration,imm_pc
12/14/2023 13:25,12/14/2023 13:26,100,89,TRUE,12/14/2023 13:26,3.314,3.314,4.176,1,Most of the time,3.844,7.912,9.974,3,Somewhat agree,Disagree,12.107,16.139,18.4,3,10,90,3.4,13.6,14.474,8,Somewhat well,Extremely well,Extremely well,Extremely well,Extremely well,Extremely well,3.21,3.21,6.756,1,34653,0,0,3.667,0,0,0,5.889,0,0,0,3.682,0,0,0,5.201,0,0,0,6.161,0,33xxdr,Democratic,Republican,immigration,imm_control1
12/14/2023 13:25,12/14/2023 13:26,100,73,TRUE,12/14/2023 13:26,3.797,3.797,4.757,1,Most of the time,3.3,5.6,7.018,2,Strongly agree,Strongly agree,3.4,7.971,8.301,4,50,0,2.884,11.952,12.668,7,Very well,Extremely well,Very well,Extremely well,Extremely well,Extremely well,1.001,1.001,3.954,1,53704,0,0,4.681,0,0,0,2.977,0,0,0,5.039,0,0,0,10.494,0,0,0,4.741,0,8eupke,Democratic,Republican,gun control,gc_treat
12/14/2023 13:25,12/14/2023 13:27,100,65,TRUE,12/14/2023 13:27,7.031,7.031,7.692,1,Most of the time,3.833,8.651,9.394,3,Disagree,Agree,4.425,7.576,9.821,2,60,40,2.485,15.954,16.67,13,Very well,Very well,Very well,Somewhat well,Very well,Very well,1.117,1.117,3.449,1,77073,0,0,2.18,0,0,0,3.182,0,0,0,1.718,0,0,0,4.706,0,0,0,1.698,0,cn9mnf,Democratic,Republican,gun control,gc_treat
12/14/2023 13:25,12/14/2023 13:27,100,100,TRUE,12/14/2023 13:27,15.534,18.401,19.176,2,About half the time,4.29,7.937,9.388,2,Neither agree nor disagree,Strongly agree,6.733,14.016,15.3,3,50,10,6.177,20.985,21.653,9,Very well,Very well,Very well,Very well,Very well,Very well,1.037,1.037,3.125,1,39157,0,0,6.685,0,0,0,4.1,0,0,0,2.283,0,0,0,10.144,0,0,0,2.864,0,4e1w7k,Democratic,Republican,gun control,gc_control1
12/14/2023 13:25,12/14/2023 13:27,100,82,TRUE,12/14/2023 13:27,11.798,11.798,12.616,1,About half the time,3.197,6.504,7.442,3,Somewhat disagree,Agree,3.186,6.43,9.803,2,60,50,4.712,18.345,19.108,9,Somewhat well,Very well,Somewhat well,Somewhat well,Somewhat well,Very well,1.324,1.324,5.191,1,75052,0,0,6.051,0,0,0,4.413,0,0,0,5.853,0,,,,,0,0,7.879,0,2x7tvn,Democratic,Republican,gun control,gc_pc
12/14/2023 13:26,12/14/2023 13:27,100,68,TRUE,12/14/2023 13:27,3.617,3.617,4.376,1,All the time,4.445,8.851,9.661,2,Disagree,Strongly agree,4.701,8.409,13.301,3,50,95,4.337,17.139,17.82,8,Somewhat well,Extremely well,Very well,Extremely well,Extremely well,Very well,0.92,0.92,4.596,1,85719,0,0,4.413,0,0,0,4.299,0,0,0,2.987,0,,,,,0,0,3.616,0,u2aff6,Republican,Democratic,immigration,imm_pc
12/14/2023 13:25,12/14/2023 13:27,100,88,TRUE,12/14/2023 13:27,6.141,7.146,8.67,2,About half the time,3.657,11.262,16,3,Agree,Neither agree nor disagree,3.029,11.396,11.972,5,0,0,5.862,23.957,24.702,8,Extremely well,Extremely well,Somewhat well,Not too well,Very well,Somewhat well,1.084,1.084,3.9,1,46343,0,0,6.549,0,0,0,5.16,0,0,0,1.339,0,,,,,0,0,4.751,0,f2rqdp,Republican,Democratic,gun control,gc_pc
12/14/2023 13:25,12/14/2023 13:27,100,107,TRUE,12/14/2023 13:27,7.936,7.936,8.728,1,About half the time,7.847,11.895,12.937,2,Strongly disagree,Agree,5.678,8.064,11.955,2,30,70,6.808,20.089,20.868,7,Very well,Extremely well,Extremely well,Extremely well,Extremely well,Extremely well,0.908,0.908,4.843,1,07731,0,0,10.884,0,0,0,7.869,0,0,0,7.277,0,0,0,6.041,0,0,0,7.537,0,h63zav,Democratic,Republican,immigration,imm_control3
12/14/2023 13:26,12/14/2023 13:27,100,92,TRUE,12/14/2023 13:27,15.89,18.966,19.499,3,Most of the time,5.116,10.801,11.201,5,Somewhat disagree,Somewhat disagree,1.223,11.054,11.401,5,60,30,2.301,18.314,18.759,11,Somewhat well,Very well,Very well,Somewhat well,Very well,Not too well,1.191,1.191,4.278,1,78626,0,0,3.401,0,4.527,4.527,5.171,1,0,0,3.801,0,,,,,0.667,0.667,5.201,1,ra1vvr,Republican,Democratic,immigration,imm_pc
12/14/2023 13:26,12/14/2023 13:28,100,115,TRUE,12/14/2023 13:28,5.297,5.297,5.977,1,Once in a while,5.132,11.287,11.946,3,Somewhat agree,Somewhat agree,3.267,8.8,11.894,2,50,50,9.471,33.062,34.268,10,Somewhat well,Very well,Very well,Very well,Very well,Somewhat well,1.345,1.345,5.025,1,36832,0,0,6.916,0,0,0,2.024,0,0,0,1.468,0,0,0,0.928,0,0,0,25.855,0,84za6a,Democratic,Republican,gun control,gc_treat
12/14/2023 13:27,12/14/2023 13:28,100,71,TRUE,12/14/2023 13:28,10.797,13.197,13.568,3,Most of the time,2.589,6.607,7.3,5,Disagree,Agree,1.945,4.896,7.219,2,0,80,2.627,12.059,12.812,10,Very well,Extremely well,Extremely well,Extremely well,Extremely well,Extremely well,1.605,1.605,5.325,1,92562,0,0,1.516,0,2.49,2.49,3.203,1,2.749,3.615,4.473,2,1.632,1.632,2.638,1,0,0,6.504,0,6r7gpd,Republican,Democratic,gun control,gc_control2
12/14/2023 13:27,12/14/2023 13:28,100,81,TRUE,12/14/2023 13:28,7.123,7.123,7.777,1,Once in a while,7.72,10.823,11.699,2,Disagree,Agree,5.921,7.704,9.101,2,50,50,5.168,9.497,10.312,9,Very well,Somewhat well,Somewhat well,Somewhat well,Somewhat well,Somewhat well,1.532,1.532,6.328,1,78586,0,0,3.088,0,0,0,7.439,0,0,0,3.986,0,0,0,7.607,0,0,0,9.583,0,cr123q,Republican,Democratic,gun control,gc_control3
12/14/2023 13:26,12/14/2023 13:28,100,113,TRUE,12/14/2023 13:28,9.689,9.689,10.679,1,About half the time,3.115,13.846,14.936,4,Strongly agree,Strongly agree,7.196,10.737,13.534,2,80,30,1.507,16.697,17.891,10,Very well,Extremely well,Extremely well,Extremely well,Very well,Very well,1.475,1.475,4.235,1,11413,22.312,22.312,26.61,1,0,0,10.437,0,0,0,1.466,0,,,,,0,0,9.048,0,3etk29,Democratic,Republican,immigration,imm_pc
12/14/2023 13:26,12/14/2023 13:28,100,133,TRUE,12/14/2023 13:28,4.938,4.938,6.917,1,Once in a while,1.574,58.788,59.536,4,Somewhat disagree,Agree,5.2,9.294,11.867,2,30,35,3.456,17.914,18.397,8,Very well,Very well,Very well,Somewhat well,Somewhat well,Not too well,0.915,0.915,4.508,1,84058,0,0,5.406,0,0,0,4.915,0,0,0,1.601,0,0,0,3.566,0,0,0,4.722,0,6rdeh7,Democratic,Republican,gun control,gc_control1
12/14/2023 13:26,12/14/2023 13:28,100,96,TRUE,12/14/2023 13:28,5.927,5.927,6.929,1,Most of the time,5.237,8.983,9.881,3,Agree,Strongly agree,1.484,12.905,13.579,7,90,10,4.558,20.495,21.056,11,Very well,Extremely well,Extremely well,Very well,Extremely well,Very well,1.337,1.337,3.77,1,48867,0,0,11.777,0,0,0,8.459,0,0,0,6.232,0,,,,,0,0,7.463,0,umq4em,Democratic,Republican,immigration,imm_pc
12/14/2023 13:27,12/14/2023 13:28,100,82,TRUE,12/14/2023 13:28,3.01,3.01,3.863,1,All the time,7.337,10.989,12.901,2,Strongly disagree,Strongly agree,4.675,7.281,10.877,2,15,83,13.39,19.374,20.625,8,Very well,Somewhat well,Very well,Not too well,Very well,Not too well,1.88,1.88,5.012,1,91307,0,0,5.463,0,0,0,2.743,0,0,0,3.918,0,0,0,5.577,0,0,0,5.146,0,262n43,Republican,Democratic,gun control,gc_treat
12/14/2023 13:24,12/14/2023 13:28,100,233,TRUE,12/14/2023 13:28,22.401,22.401,23.329,1,Most of the time,0.709,8.686,9.5,6,Strongly disagree,Strongly disagree,1.096,8.873,10.043,4,20,10,3.442,139.348,140.025,12,Extremely well,Extremely well,Very well,Very well,Extremely well,Very well,1.048,1.512,3.751,2,77340,0,0,4.988,0,3.58,4.083,4.743,2,1.393,1.393,3.429,1,17.541,17.541,23.032,1,0.997,0.997,5.118,1,8euvwz,Republican,Democratic,immigration,imm_treat
12/14/2023 13:28,12/14/2023 13:28,100,40,TRUE,12/14/2023 13:28,5.153,5.153,5.919,1,About half the time,2.552,4.077,4.789,3,Neither agree nor disagree,Neither agree nor disagree,1.001,3.867,5.045,3,50,50,0.988,4.017,4.606,8,Somewhat well,Somewhat well,Somewhat well,Somewhat well,Somewhat well,Somewhat well,0.473,1.315,2.901,2,23834,0,0,2.772,0,0,0,1.082,0,0,0,1.345,0,0,0,2.209,0,0,0,4.901,0,y3cewr,Democratic,Republican,gun control,gc_control1
12/14/2023 13:27,12/14/2023 13:28,100,70,TRUE,12/14/2023 13:28,4.501,4.501,5.194,1,All the time,1.618,4.8,5.485,3,Agree,Agree,2.057,5.008,8.424,2,80,50,18.62,24.759,25.421,8,Extremely well,Extremely well,Extremely well,Extremely well,Extremely well,Extremely well,0.927,0.927,3.883,1,11223,0,0,0.991,0,0,0,1.916,0,0,0,1.018,0,0,0,7.232,0,0,0,4.247,0,r9zqat,Republican,Democratic,immigration,imm_treat
12/14/2023 13:27,12/14/2023 13:28,100,107,TRUE,12/14/2023 13:28,6.048,6.048,7.035,1,Most of the time,22.399,26.032,26.84,3,Disagree,Strongly agree,2.624,6.428,8.991,3,95,10,4.086,23.239,24.086,7,Not at all well,Somewhat well,Not too well,Not too well,Very well,Not at all well,1.12,1.946,5.231,2,02048,0,0,10.038,0,0,0,3.844,0,0,0,6.314,0,0,0,4.764,0,0,0,6.229,0,fbbp1h,Democratic,Republican,immigration,imm_control2
12/14/2023 13:27,12/14/2023 13:29,100,95,TRUE,12/14/2023 13:29,5.646,5.646,6.648,1,About half the time,1.605,11.528,12.298,6,Neither agree nor disagree,Strongly agree,6.563,9.596,11.876,2,10,90,2.649,23.864,24.647,19,Not too well,Somewhat well,Somewhat well,Not too well,Somewhat well,Not too well,1.648,1.648,4.57,1,71295,0,0,7.593,0,4.995,4.995,5.607,1,0,0,3.905,0,0,0,8.065,0,0,0,5.539,0,t9gd2y,Republican,Democratic,gun control,gc_treat
12/14/2023 13:28,12/14/2023 13:29,100,62,TRUE,12/14/2023 13:29,5.501,6.71,7.232,2,About half the time,3.019,7.077,7.4,3,Strongly agree,Strongly agree,2.775,5.072,6.62,3,0,0,3.794,17.201,18.144,8,Extremely well,Extremely well,Extremely well,Extremely well,Extremely well,Extremely well,1.165,1.165,4.514,1,22043,0,0,6.101,0,0,0,3.326,0,0,0,1.2,0,,,,,0,0,3.8,0,wq8639,Republican,Democratic,gun control,gc_pc
12/14/2023 13:27,12/14/2023 13:29,100,124,TRUE,12/14/2023 13:29,16.934,16.934,17.886,1,Once in a while,4.627,6.555,31.545,3,Neither agree nor disagree,Neither agree nor disagree,1.292,9.725,13.464,4,42,68,0.921,10.655,11.483,12,Somewhat well,Somewhat well,Somewhat well,Somewhat well,Somewhat well,Somewhat well,2.784,2.784,6.045,1,23060,0,0,2.75,0,0,0,8.895,0,0,0,4.546,0,0,0,15.495,0,0,0,5.987,0,x47mdu,Republican,Democratic,immigration,imm_control1
12/14/2023 13:27,12/14/2023 13:29,100,141,TRUE,12/14/2023 13:29,15.907,15.907,18.106,1,Most of the time,10.013,13.281,14.487,2,Somewhat agree,Strongly agree,8.222,11.628,13.49,2,40,52,13.645,34.169,34.826,8,Somewhat well,Somewhat well,Very well,Very well,Extremely well,Somewhat well,0.883,0.883,3.536,1,94025,0,0,18.556,0,0,0,11.933,0,0,0,3.76,0,0,0,9.155,0,0,0,8.161,0,h7ryda,Republican,Democratic,immigration,imm_treat
12/14/2023 13:27,12/14/2023 13:30,100,146,TRUE,12/14/2023 13:30,7.949,7.949,8.631,1,Once in a while,6.134,12.13,13.363,3,Strongly disagree,Strongly agree,34.393,42.942,45.546,4,25,75,9.5,36.598,37.263,9,Somewhat well,Very well,Somewhat well,Somewhat well,Extremely well,Somewhat well,1.049,1.049,6.531,1,92882,0,0,5.535,0,0,0,5.551,0,0,0,5.986,0,,,,,10.321,10.321,11.912,1,cww31e,Republican,Democratic,immigration,imm_pc
12/14/2023 13:27,12/14/2023 13:30,100,147,TRUE,12/14/2023 13:30,7.901,7.901,8.932,1,Most of the time,22.1,39.619,40.387,5,Disagree,Somewhat agree,4.519,15.232,17.643,5,50,50,5.279,31.597,33.254,10,Very well,Very well,Very well,Extremely well,Somewhat well,Extremely well,1.497,1.497,4.593,1,17402,0,0,9.85,0,11.022,11.022,11.8,1,0,0,4.301,0,,,,,0,0,9.259,0,rv2dqp,Republican,Democratic,immigration,imm_pc
12/14/2023 13:28,12/14/2023 13:30,100,129,TRUE,12/14/2023 13:30,7.398,7.398,8.131,1,About half the time,6.414,14.381,15.743,2,Somewhat agree,Somewhat agree,11.059,19.686,20.1,5,50,55,13.864,31.878,32.585,10,Very well,Extremely well,Very well,Very well,Extremely well,Extremely well,1.466,1.466,4.476,1,29667,0,0,8.02,0,0,0,8.879,0,0,0,5.619,0,0,0,11.194,0,0,0,7.435,0,zudqp3,Democratic,Republican,immigration,imm_treat
12/14/2023 13:28,12/14/2023 13:30,100,145,TRUE,12/14/2023 13:30,9.1,9.1,10.101,1,Most of the time,3.201,5.3,6,3,Agree,Strongly agree,62,89.648,90.057,6,60,40,3.393,8.416,9.271,8,Very well,Very well,Extremely well,Somewhat well,Very well,Very well,1.1,1.1,11.001,1,33602,0,0,0.801,0,0,0,0.701,0,0,0,0.769,0,0,0,0.201,0,0,0,0.901,0,zne6tp,Democratic,Republican,immigration,imm_treat
12/14/2023 13:28,12/14/2023 13:30,100,132,TRUE,12/14/2023 13:30,9.331,10.666,12.052,2,About half the time,8.066,13.862,14.656,3,Neither agree nor disagree,Agree,18.833,24.022,27.189,2,80,40,9.636,32.403,33.053,9,Somewhat well,Very well,Somewhat well,Somewhat well,Extremely well,Not too well,4.722,4.722,8.755,1,71362,0,0,9.232,0,4.133,4.133,12.766,1,0,0,4.584,0,,,,,0,0,6.14,0,ux76ka,Democratic,Republican,immigration,imm_pc
12/14/2023 13:27,12/14/2023 13:30,100,162,TRUE,12/14/2023 13:30,30.219,30.219,31.147,1,Once in a while,6.404,13.124,15.766,4,Strongly agree,Disagree,8.801,17.438,17.9,6,70,20,4.501,26.866,27.965,10,Very well,Very well,Very well,Very well,Very well,Very well,2.801,2.801,8.668,1,36009,0,0,6.6,0,0,0,15.26,0,0,0,15.302,0,,,,,0,0,13.863,0,81rq8p,Republican,Democratic,immigration,imm_pc
12/14/2023 13:29,12/14/2023 13:30,100,108,TRUE,12/14/2023 13:30,6.801,8.108,9.994,3,Most of the time,5.064,9.964,10.943,2,Agree,Somewhat agree,5.082,12.755,13.428,4,60,75,4.126,15.188,15.834,8,Very well,Very well,Very well,Very well,Very well,Very well,2.226,2.226,5.536,1,02645,0,0,8.598,0,0,0,6.396,0,0,0,3.025,0,0,0,10.478,0,0,0,8.232,0,6g9mw7,Democratic,Republican,immigration,imm_treat
12/14/2023 13:29,12/14/2023 13:31,100,106,TRUE,12/14/2023 13:31,20.681,21.827,22.961,2,About half the time,4.408,9.843,10.71,3,Agree,Strongly agree,5.29,8.161,11.27,2,20,70,7.478,27.204,27.871,9,Very well,Very well,Very well,Very well,Very well,Very well,1.141,1.141,3.275,1,27858,0,0,5.525,0,0,0,6.236,0,0,0,1.642,0,0,0,6.39,0,0,0,4.415,0,73kh3p,Republican,Democratic,gun control,gc_treat
12/14/2023 13:29,12/14/2023 13:31,100,126,TRUE,12/14/2023 13:31,7.669,11.398,12.267,2,Most of the time,8.887,15.403,16.2,3,Agree,Agree,5.275,9.401,13.594,3,30,35,7.302,21.602,22.67,8,Very well,Very well,Extremely well,Very well,Very well,Extremely well,1.591,1.591,5.97,1,43701,0,0,13.946,0,0,0,15.393,0,0,0,8.861,0,,,,,0,0,11.064,0,zx37ux,Republican,Democratic,gun control,gc_pc
12/14/2023 13:29,12/14/2023 13:31,100,144,TRUE,12/14/2023 13:31,8.139,8.139,9.25,1,All the time,4.845,10.365,11.048,3,Neither agree nor disagree,Disagree,8.985,12.408,15.801,2,65,15,13.939,36.472,37.217,10,Somewhat well,Very well,Very well,Very well,Very well,Very well,1.244,1.244,6.299,1,41102,0,0,11.539,0,0,0,12.578,0,0,0,6.833,0,0,0,17.347,0,0,0,11.632,0,uwxcfx,Democratic,Republican,immigration,imm_treat
12/14/2023 13:29,12/14/2023 13:32,100,173,TRUE,12/14/2023 13:32,8.25,8.25,9.295,1,Almost Never,5.346,10.284,12.181,2,Neither agree nor disagree,Agree,15.939,28.263,31.605,5,40,60,9.589,36.501,37.748,9,Somewhat well,Very well,Very well,Very well,Very well,Very well,5.993,5.993,10.617,1,11208,0,0,14.391,0,0,0,12.308,0,0,0,9.02,0,0,0,17.14,0,0,0,11.927,0,qa6qgc,Republican,Democratic,immigration,imm_treat
12/14/2023 13:30,12/14/2023 13:32,100,119,TRUE,12/14/2023 13:32,11.401,11.401,12.501,1,About half the time,5.502,8.7,9.826,2,Neither agree nor disagree,Strongly agree,4.1,11.63,15.713,4,25,40,9.564,24.231,25.079,11,Somewhat well,Very well,Very well,Extremely well,Extremely well,Very well,1.401,1.401,6.68,1,75215,0,0,4.296,0,0,0,9.336,0,3.808,6.548,7.971,5,0,0,9.099,0,0,0,4.6,0,34w28h,Republican,Democratic,immigration,imm_treat
12/14/2023 13:30,12/14/2023 13:32,100,128,TRUE,12/14/2023 13:32,7.47,7.47,8.524,1,About half the time,3.932,6.75,9.536,2,Strongly disagree,Strongly agree,3.048,13.434,13.85,4,60,0,29.643,40.689,41.764,7,Somewhat well,Very well,Very well,Very well,Very well,Extremely well,1.12,1.12,3.377,1,60169,0,0,4.531,0,0,0,7.6,0,0,0,19.961,0,0,0,3.118,0,0,0,5.274,0,2rrg1f,Democratic,Republican,gun control,gc_treat
12/14/2023 13:30,12/14/2023 13:33,100,124,TRUE,12/14/2023 13:33,24.576,24.576,25.843,1,Once in a while,7.363,12.14,13.071,3,Somewhat agree,Agree,8.352,11.009,12.761,3,50,50,8.098,21.57,22.391,10,Somewhat well,Somewhat well,Somewhat well,Somewhat well,Somewhat well,Somewhat well,1.855,1.855,5.773,1,32206,0,0,8.308,0,6.595,6.595,8.529,1,2.09,2.09,3.836,1,0,0,10.839,0,0,0,7.127,0,td4reg,Republican,Democratic,immigration,imm_treat
12/14/2023 13:30,12/14/2023 13:33,100,127,TRUE,12/14/2023 13:33,17.846,18.858,19.543,2,About half the time,5.163,10.281,11.787,4,Neither agree nor disagree,Strongly disagree,4.945,14.412,18.317,4,15,65,6.988,28.072,28.915,12,Very well,Somewhat well,Somewhat well,Very well,Somewhat well,Somewhat well,2.398,2.398,6.365,1,13152,0,0,2.806,0,11.601,13.847,14.211,2,2.931,2.931,3.502,1,0,0,8.944,0,0,0,5.751,0,z9bku9,Republican,Democratic,immigration,imm_control1
12/14/2023 13:30,12/14/2023 13:33,100,157,TRUE,12/14/2023 13:33,9.966,12.073,13.464,3,About half the time,6.6,12.872,13.784,5,Neither agree nor disagree,Neither agree nor disagree,5.001,25.792,26.294,5,40,30,5.877,18.854,19.471,12,Somewhat well,Extremely well,Very well,Somewhat well,Somewhat well,Somewhat well,0.834,41.988,48.095,13,30058,0,0,12.365,0,6.154,6.154,7.054,1,4.115,4.115,4.867,1,,,,,0,0,5.654,0,xfm322,Democratic,Republican,gun control,gc_pc
12/14/2023 13:31,12/14/2023 13:33,100,134,TRUE,12/14/2023 13:33,19.197,19.197,19.98,1,About half the time,7.494,12.795,13.3,3,Somewhat disagree,Strongly agree,9.271,13.927,14.579,6,0,0,7.898,43.78,44.546,9,Somewhat well,Somewhat well,Somewhat well,Somewhat well,Somewhat well,Somewhat well,3.527,3.527,7.801,1,78640,0,0,5.851,0,0,0,7.21,0,0,0,4.468,0,0,0,3.142,0,0,0,7.788,0,d3qb1n,Republican,Democratic,gun control,gc_treat
12/14/2023 13:30,12/14/2023 13:33,100,166,TRUE,12/14/2023 13:33,14.801,14.801,16.246,1,About half the time,13.036,19.1,21.201,2,Neither agree nor disagree,Agree,8.501,32.938,33.582,8,70,60,5.2,23.907,24.757,8,Very well,Extremely well,Very well,Extremely well,Very well,Very well,1.587,1.587,5.53,1,94587,0,0,10.585,0,0,0,14.162,0,0,0,8.462,0,0,0,13.676,0,0,0,10.537,0,nkt9hc,Democratic,Republican,immigration,imm_treat
12/14/2023 13:31,12/14/2023 13:34,100,179,TRUE,12/14/2023 13:34,10.344,10.344,11.453,1,About half the time,6.718,11.523,12.281,3,Strongly disagree,Somewhat agree,9.548,13.665,17.201,2,40,85,8.296,82.589,83.83,9,Somewhat well,Extremely well,Somewhat well,Very well,Very well,Somewhat well,1.263,1.263,6.299,1,46845,0,0,11.19,0,0,0,6.862,0,0,0,2.416,0,0,0,13.774,0,0,0,7.994,0,y4vb4r,Democratic,Republican,immigration,imm_treat
12/14/2023 13:30,12/14/2023 13:35,100,280,TRUE,12/14/2023 13:35,21.799,21.799,22.406,1,All the time,15.798,19.715,138.177,2,Neither agree nor disagree,Strongly agree,7.973,10.305,12.964,2,5,90,4.297,26.738,27.418,10,Not at all well,Extremely well,Somewhat well,Somewhat well,Extremely well,Somewhat well,46.786,48.069,52.123,2,95758,0,0,4.025,0,0,0,3.961,0,0,0,3.465,0,0,0,3.397,0,0,0,7.073,0,a3cbdx,Republican,Democratic,gun control,gc_treat
12/14/2023 13:33,12/14/2023 13:35,100,112,TRUE,12/14/2023 13:35,7.976,7.976,9.102,1,Once in a while,4.479,7.626,9.476,2,Neither agree nor disagree,Agree,11.223,16.685,22.501,4,80,30,7.924,23.285,24.784,8,Very well,Very well,Somewhat well,Very well,Extremely well,Very well,1.135,1.135,5.433,1,89005,0,0,8.729,0,7.966,7.966,9.38,1,0,0,7.969,0,,,,,0,0,5.29,0,ghdpex,Democratic,Republican,gun control,gc_pc
12/14/2023 13:31,12/14/2023 13:35,100,194,TRUE,12/14/2023 13:35,9.001,9.001,10.872,1,Most of the time,5.597,8.8,11.242,2,Agree,Somewhat disagree,5.901,29.986,30.962,5,20,70,4.042,17.308,19.308,7,Somewhat well,Very well,Very well,Extremely well,Extremely well,Very well,1.101,1.101,5.973,1,30224,0,0,47.072,0,0,0,49.67,0,0,0,5.526,0,,,,,0,0,5.848,0,t94q64,Democratic,Republican,gun control,gc_pc
12/14/2023 13:31,12/14/2023 13:35,100,207,TRUE,12/14/2023 13:35,36.075,36.075,37.034,1,Most of the time,11.36,28.926,29.837,3,Somewhat agree,Somewhat disagree,21.23,34.974,35.666,4,50,50,10.451,32.72,34.015,8,Somewhat well,Very well,Very well,Very well,Very well,Very well,2.134,2.134,6.194,1,66030,0,0,9.337,0,0,0,9.124,0,0,0,6.143,0,0,0,8.348,0,0,0,26.595,0,ky6vzf,Republican,Democratic,immigration,imm_treat
12/14/2023 13:32,12/14/2023 13:35,100,187,TRUE,12/14/2023 13:35,9.373,11.994,13.129,2,Most of the time,9.152,17.196,18.601,2,Somewhat agree,Somewhat agree,7.391,14.6,17.7,2,50,50,12.439,39.511,40.558,8,Not at all well,Somewhat well,Somewhat well,Somewhat well,Somewhat well,Somewhat well,1.37,1.37,5.675,1,48235,0,0,10.498,0,21.271,21.271,32.701,1,0,0,13.834,0,0,0,15.689,0,0,0,9.402,0,1g2xcy,Democratic,Republican,gun control,gc_control2
12/14/2023 13:34,12/14/2023 13:36,100,127,TRUE,12/14/2023 13:36,34.856,34.856,37.208,1,All the time,7.909,19.806,22.861,6,Disagree,Neither agree nor disagree,3.675,13.04,17.37,3,70,13,7.167,20.932,22.044,10,Extremely well,Extremely well,Extremely well,Extremely well,Extremely well,Extremely well,1.444,1.444,6.132,1,28146,0,0,3.645,0,0,0,4.365,0,0,0,3.49,0,,,,,0,0,4.686,0,6aw38w,Republican,Democratic,immigration,imm_pc
12/14/2023 13:31,12/14/2023 13:36,100,314,TRUE,12/14/2023 13:36,16.28,16.28,19.407,1,Almost Never,7.619,14.703,27.108,2,Somewhat agree,Somewhat disagree,6.917,10.263,13.529,2,100,100,7.579,31.758,32.531,9,Not too well,Somewhat well,Somewhat well,Somewhat well,Somewhat well,Somewhat well,45.17,45.17,48.401,1,30628,0,0,13.675,0,0,0,38.397,0,0,0,15.509,0,73.878,75.237,76.929,2,0,0,24.38,0,2er7r8,Republican,Democratic,gun control,gc_control3
12/14/2023 13:30,12/14/2023 13:37,100,415,TRUE,12/14/2023 13:37,8.221,8.221,9.301,1,Almost Never,4.141,12.326,12.987,3,Neither agree nor disagree,Strongly disagree,4.465,15.804,16.2,4,100,100,3.568,44.725,45.513,18,Not at all well,Very well,Extremely well,Somewhat well,Somewhat well,Not at all well,2.513,2.513,8.1,1,26525,0,0,8.476,0,285.593,285.593,291.401,1,0,0,2.602,0,0,0,4.401,0,0,0,5.653,0,8nxwtz,Democratic,Republican,gun control,gc_treat
12/14/2023 13:30,12/14/2023 13:37,100,382,TRUE,12/14/2023 13:37,39.982,42.812,44.227,2,Once in a while,9.096,21.495,22.479,6,Somewhat disagree,Strongly agree,25.852,33.24,39.059,4,40,25,13.614,129.343,130.326,21,Very well,Very well,Extremely well,Very well,Extremely well,Extremely well,1.702,1.702,8.935,1,55368,0,0,20.075,0,5.192,28.37,33.127,4,30.39,30.39,31.097,1,0,0,9.726,0,0,0,31.616,0,cgq2cg,Republican,Democratic,gun control,gc_control2
12/14/2023 13:30,12/14/2023 13:38,100,468,TRUE,12/14/2023 13:38,23.113,23.113,24.282,1,Once in a while,44.139,53.845,54.52,3,Agree,Agree,38.294,73.912,74.584,4,50,50,24.621,151.33,152.193,11,Somewhat well,Somewhat well,Very well,Very well,Very well,Very well,5.512,5.512,12.178,1,60098,0,0,51.8,0,0,0,24.623,0,0,0,12.892,0,0,0,37.283,0,0,0,17.929,0,g4trky,Republican,Democratic,gun control,gc_treat
12/14/2023 13:35,12/14/2023 13:38,100,199,TRUE,12/14/2023 13:38,8.876,10.314,10.713,2,About half the time,10.629,41.882,42.665,4,Neither agree nor disagree,Neither agree nor disagree,1.65,31.581,34.002,9,15,90,6.283,33.352,34.277,18,Very well,Extremely well,Extremely well,Extremely well,Very well,Extremely well,3.179,3.179,9.754,1,77459,0,0,14.144,0,0,0,13.18,0,0,0,7.366,0,0,0,14.184,0,0,0,8.88,0,eeg7r9,Republican,Democratic,immigration,imm_treat
12/14/2023 13:38,12/14/2023 13:39,100,83,TRUE,12/14/2023 13:39,13.09,13.09,13.644,1,Most of the time,2.593,4.627,5.486,3,Strongly agree,Strongly agree,1.46,6.611,9.04,5,90,0,4.345,21.855,22.401,11,Somewhat well,Very well,Somewhat well,Somewhat well,Very well,Very well,1.525,1.525,5.623,1,27705,0,0,2.272,0,0,0,1.934,0,1.79,3.04,3.391,4,0.9,3.684,4.138,9,0,0,8.538,0,9d6ecn,Democratic,Republican,immigration,imm_control2
12/14/2023 13:35,12/14/2023 13:39,100,282,TRUE,12/14/2023 13:39,75.26,80.511,81.792,4,Most of the time,1.101,2.133,4.291,2,Somewhat agree,Agree,22.398,53.803,56.962,7,25,75,1.401,94.135,95.018,8,Very well,Not too well,Extremely well,Very well,Very well,Very well,2.001,2.001,15.389,1,95116,0,0,2.349,0,0,0,5.348,0,0,0,1.987,0,0,0,1.709,0,0,0,1.106,0,948vn8,Democratic,Republican,immigration,imm_control2
12/14/2023 13:38,12/14/2023 13:40,100,127,TRUE,12/14/2023 13:40,9.101,9.101,10.196,1,About half the time,5.804,14.806,15.562,5,Somewhat agree,Strongly agree,2.544,9.518,13.736,4,83,13,6.342,36.016,37.241,13,Somewhat well,Extremely well,Extremely well,Very well,Extremely well,Extremely well,1.901,1.901,5.849,1,21673,0,0,4.874,0,0,0,6.318,0,0,0,4.537,0,0,0,11.7,0,0,0,6.46,0,4r33rd,Democratic,Republican,immigration,imm_treat
12/14/2023 13:36,12/14/2023 13:40,100,250,TRUE,12/14/2023 13:40,6.39,30.483,31.401,2,Once in a while,6.326,22.048,23.501,7,Somewhat disagree,Strongly agree,9.184,25.5,28.616,11,15,70,6.505,42.61,43.101,11,Not at all well,Very well,Very well,Somewhat well,Extremely well,Very well,6.645,6.645,11.255,1,15601,0,0,13.796,0,11.416,11.416,13.431,1,4.448,4.448,5,1,62.082,62.082,65.835,1,0,0,6.601,0,2ntkvn,Republican,Democratic,gun control,gc_treat
12/14/2023 13:40,12/14/2023 13:41,100,47,TRUE,12/14/2023 13:41,4.304,4.304,4.904,1,About half the time,1.485,3.002,6.872,2,Agree,Agree,1.721,5.309,7.076,3,40,50,1.22,7.827,8.433,8,Very well,Somewhat well,Somewhat well,Somewhat well,Very well,Somewhat well,1.233,1.233,6.207,1,90255,0,0,3.303,0,0,0,2.208,0,0,0,1.405,0,,,,,0,0,1.088,0,q8vgd2,Democratic,Republican,gun control,gc_pc
12/14/2023 13:35,12/14/2023 13:41,100,354,TRUE,12/14/2023 13:41,56.558,56.558,58.084,1,All the time,37.308,44.378,47.458,3,Strongly disagree,Agree,2.742,6.561,10.171,2,68,89,4.939,126.162,164.5,11,Very well,Extremely well,Extremely well,Very well,Extremely well,Very well,0.884,0.884,29.72,1,07086,0,0,3.224,0,0,0,2.301,0,0,0,16.501,0,,,,,0,0,8.224,0,31yk3w,Democratic,Republican,immigration,imm_pc
12/14/2023 13:38,12/14/2023 13:42,100,285,TRUE,12/14/2023 13:42,33.521,34.675,35.202,2,Most of the time,29.972,63.677,64.574,3,Agree,Strongly agree,5.286,19.162,19.795,8,45,50,16.308,84.443,85.41,9,Extremely well,Extremely well,Extremely well,Extremely well,Extremely well,Extremely well,1.271,1.271,6.339,1,76017,0,0,24,0,19.373,19.373,19.877,1,0,0,11.564,0,,,,,0,0,9.958,0,ethg9y,Republican,Democratic,immigration,imm_pc
12/14/2023 13:37,12/14/2023 13:42,100,333,TRUE,12/14/2023 13:42,41.315,41.315,42.528,1,Most of the time,6.699,11.117,12.1,3,Neither agree nor disagree,Somewhat agree,8.525,11.295,13.047,3,80,60,3.726,16.449,17.373,10,Very well,Extremely well,Extremely well,Very well,Very well,Not too well,1.681,1.681,4.785,1,52403,0,0,35.901,0,0,0,183.633,0,0,0,7.026,0,,,,,0,0,6.6,0,81hybn,Democratic,Republican,gun control,gc_pc
12/14/2023 13:41,12/14/2023 13:45,100,215,TRUE,12/14/2023 13:45,13.922,13.922,14.678,1,About half the time,5.502,8.804,12.886,2,Neither agree nor disagree,Somewhat agree,10.601,24.489,25.086,6,65,50,8.21,96.427,100.7,18,Somewhat well,Very well,Very well,Somewhat well,Very well,Not too well,1.701,1.701,5.583,1,30121,0,0,6.802,0,0,0,9.662,0,0,0,7.095,0,0,0,19.522,0,0,0,6.601,0,rrya92,Democratic,Republican,gun control,gc_treat
12/14/2023 13:43,12/14/2023 13:47,100,197,TRUE,12/14/2023 13:47,13.222,13.222,14.78,1,Most of the time,9.376,22.394,29.588,2,Strongly disagree,Neither agree nor disagree,7.304,15.176,19.4,3,70,34,10.169,42.033,44.464,7,Somewhat well,Extremely well,Very well,Extremely well,Extremely well,Very well,3.589,3.589,9.8,1,84337,0,0,14.7,0,0,0,13.301,0,0,0,7.996,0,0,0,18.898,0,0,0,11.286,0,93exec,Republican,Democratic,immigration,imm_treat
12/14/2023 13:43,12/14/2023 13:47,100,245,TRUE,12/14/2023 13:47,23.944,23.944,24.997,1,About half the time,5.509,21.161,22.267,3,Somewhat disagree,Strongly agree,16.696,20.101,22.601,3,50,50,21.702,73.306,74.302,8,Not too well,Somewhat well,Very well,Somewhat well,Somewhat well,Very well,1.451,1.451,5.5,1,32686,0,0,12.696,0,0,0,20.701,0,0,0,8.792,0,,,,,0,0,46.633,0,1h4zrn,Democratic,Republican,gun control,gc_pc
12/14/2023 13:41,12/14/2023 13:47,100,414,TRUE,12/14/2023 13:47,12.871,16.657,17.759,2,All the time,5.594,148.584,150.926,6,Strongly agree,Disagree,40.995,57.21,60.147,8,75,0,30.932,66.342,68.351,7,Very well,Extremely well,Somewhat well,Very well,Extremely well,Not too well,1.244,1.244,5.3,1,11563,0,0,51.278,0,0,0,33.197,0,0,0,14.59,0,,,,,0,0,7.879,0,2c961z,Republican,Democratic,immigration,imm_pc
12/14/2023 13:43,12/14/2023 13:50,100,380,TRUE,12/14/2023 13:50,12.601,13.276,14.101,2,Once in a while,11.801,89.739,90.387,3,Disagree,Agree,6.902,25.22,25.862,6,25,35,191.202,214.15,216.257,13,Very well,Very well,Somewhat well,Extremely well,Extremely well,Very well,1.677,1.677,5.301,1,34741,0,0,8.564,0,0,0,2.612,0,1.037,1.037,1.6,1,,,,,0,0,4.37,0,y44d29,Republican,Democratic,gun control,gc_pc
12/14/2023 13:48,12/14/2023 13:50,100,157,TRUE,12/14/2023 13:50,24.527,24.87,25.601,2,Most of the time,3.72,9.527,10.081,5,Neither agree nor disagree,Disagree,6.101,11.368,15.701,2,80,75,3.804,18.064,18.733,10,Very well,Very well,Very well,Very well,Very well,Very well,4.002,4.002,7.878,1,14814,0,0,6.964,0,19.096,19.096,19.662,1,9.348,9.348,10.486,1,21.599,21.599,22.598,1,0,0,5.101,0,4k1w2h,Republican,Democratic,immigration,imm_treat
12/14/2023 13:36,12/14/2023 13:54,100,1058,TRUE,12/14/2023 13:54,3.212,3.877,5.319,2,Once in a while,2.866,8.866,9.385,4,Strongly agree,Strongly agree,3.942,9.99,10.785,6,0,50,3.221,16.006,16.588,13,Very well,Very well,Not too well,Very well,Very well,Somewhat well,1.847,1.847,4.175,1,77845,983.433,983.443,992.977,3,7.406,7.406,8.065,1,0,0,3.241,0,,,,,0,0,3.099,0,1y6agu,Republican,Democratic,immigration,imm_pc
12/14/2023 13:52,12/14/2023 13:55,100,206,TRUE,12/14/2023 13:55,13.043,14.084,14.675,2,Most of the time,10.594,20.897,21.301,4,Strongly disagree,Strongly disagree,13.086,25.431,26.078,6,76,60,7.463,58.848,59.883,15,Somewhat well,Very well,Extremely well,Extremely well,Extremely well,Somewhat well,1.656,1.656,5.128,1,97206,0,0,21.589,0,11.735,11.735,18.973,1,11.747,11.747,12.534,1,,,,,0,0,14.837,0,kv6rud,Republican,Democratic,immigration,imm_pc
12/14/2023 13:56,12/14/2023 13:56,100,35,TRUE,12/14/2023 13:56,2.663,2.663,3.028,1,About half the time,1.525,2.406,3.47,2,Somewhat agree,Somewhat agree,1.364,3.099,4.758,2,40,60,0.905,6.545,7.133,8,Very well,Somewhat well,Not too well,Somewhat well,Not too well,Somewhat well,0.954,0.954,4.736,1,90289,0,0,0.678,0,0,0,1.308,0,0,0,0.557,0,0,0,0.485,0,0,0,1.217,0,8hwqd2,Democratic,Republican,immigration,imm_treat
12/14/2023 13:56,12/14/2023 13:58,100,134,TRUE,12/14/2023 13:58,4.439,4.439,5.101,1,All the time,5.247,13.819,15.592,2,Somewhat agree,Agree,7.887,11.288,13.261,4,50,50,5.174,21.399,22.681,12,Somewhat well,Extremely well,Extremely well,Extremely well,Extremely well,Extremely well,1.135,1.135,3.201,1,53951,0,0,37.714,0,0,0,6.228,0,0,0,4.172,0,0,0,10.969,0,0,0,5.656,0,gmegkn,Republican,Democratic,immigration,imm_treat
12/14/2023 13:57,12/14/2023 14:01,100,246,TRUE,12/14/2023 14:01,8.369,8.369,9.649,1,Most of the time,5.613,16.888,17.584,5,Neither agree nor disagree,Disagree,14.456,18.309,21.092,3,20,20,5.755,21.135,23.072,10,Very well,Very well,Extremely well,Extremely well,Somewhat well,Extremely well,1.044,1.044,4.418,1,11210,0,0,72.06,0,0,0,22.314,0,0,0,6.088,0,0,0,24.434,0,0,0,40.529,0,zzn3e8,Republican,Democratic,gun control,gc_treat
12/14/2023 14:03,12/14/2023 14:06,100,174,TRUE,12/14/2023 14:06,2.1,3.08,4.201,2,Once in a while,17.302,21.545,22.295,5,Agree,Agree,3.685,13.079,13.601,6,15,85,2.287,8.106,8.893,8,Very well,Very well,Very well,Very well,Very well,Very well,1.101,45.446,48.946,2,92014,0,0,4.289,0,0.966,0.966,1.485,1,0,0,1.292,0,20.05,20.05,26.564,1,0,0,27.176,0,h9wuce,Democratic,Republican,gun control,gc_treat
12/14/2023 14:23,12/14/2023 14:24,100,40,TRUE,12/14/2023 14:24,8.631,8.941,8.957,2,About half the time,0.041,2.574,3.062,5,Somewhat agree,Somewhat agree,0.979,2.883,5.489,2,45,55,1.176,6.564,6.881,8,Somewhat well,Very well,Somewhat well,Somewhat well,Somewhat well,Somewhat well,1.015,1.015,4.583,1,90268,0,0,0.656,0,0,0,0.643,0,0,0,1.131,0,0,0,0.252,0,0,0,0.739,0,4ew91f,Republican,Democratic,immigration,imm_treat
12/14/2023 15:07,12/14/2023 15:11,100,205,TRUE,12/14/2023 15:11,10.643,10.643,12.379,1,Most of the time,6.762,15.511,16.098,4,Somewhat agree,Strongly agree,12.724,17.398,19.471,3,55,65,83.498,99.81,100.682,9,Somewhat well,Very well,Somewhat well,Very well,Extremely well,Extremely well,1.183,1.183,4.117,1,92656,0,0,22.147,0,0,0,10.438,0,0,0,5.372,0,,,,,0,0,10.468,0,tg1w7y,Democratic,Republican,immigration,imm_pc
12/14/2023 15:09,12/14/2023 15:34,100,1517,TRUE,12/14/2023 15:34,117.056,118.392,119.244,2,Most of the time,225.366,232.366,234.187,6,Somewhat agree,Strongly agree,2.024,6.201,84.201,3,100,50,28.322,36.737,37.669,9,Very well,Somewhat well,Somewhat well,Somewhat well,Very well,Somewhat well,38.591,38.591,50.793,1,02125,0,0,10.374,0,115.062,115.062,117.136,1,0,0,14.529,0,0,0,184.268,0,0,0,8.374,0,6udq2a,Democratic,Republican,immigration,imm_treat
