participantCode,postOrCommentId,AFFINITY_EXPERIMENTAL,COMPASSION_EXPERIMENTAL,CURIOSITY_EXPERIMENTAL,NUANCE_EXPERIMENTAL,PERSONAL_STORY_EXPERIMENTAL,REASONING_EXPERIMENTAL,RESPECT_EXPERIMENTAL,TOXICITY_EXPERIMENTAL,SEVERE_TOXICITY_EXPERIMENTAL,IDENTITY_ATTACK_EXPERIMENTAL,INSULT_EXPERIMENTAL,PROFANITY_EXPERIMENTAL,THREAT_EXPERIMENTAL,SEXUALLY_EXPLICIT,FLIRTATION,rel_time
zf1er9,657897906d158d001f182280,0.81190383,0.33691296,0.43497673,0.14615701,0.43671474,0.3452064,0.8262744,0.25462922,0.008125305,0.16993292,0.12702756,0.077731855,0.010783645,0.038217206,0.34047025,1.8666666666666667
zf1er9,657899146d158d001f1856cc,0.6600313,0.49247497,0.1063522,0.39918593,0.24289377,0.61312175,0.55045056,0.15048122,0.004329681,0.11163961,0.033460364,0.017777596,0.006964645,0.006811863,0.5561215,8.333333333333334
zf1er9,657899606d158d001f1862d5,0.6687063,0.2762165,0.4902616,0.09387397,0.16609791,0.09917126,0.79535,0.010806813,0.000905991,0.002044132,0.007512876,0.011714331,0.006848133,0.006192603,0.2411543,9.6
8gch37,657898246d158d001f18395d,0.67137194,0.34161535,0.37370548,0.20778568,0.5147646,0.35476664,0.44584665,0.30993456,0.008163452,0.27798235,0.24835461,0.045670103,0.006964645,0.009672256,0.299508,3.8833333333333333
8gch37,657899456d158d001f185f72,0.24714777,0.376459,0.5876084,0.46993598,0.5147646,0.31061715,0.088613324,0.012817383,0.000584126,0.003496297,0.007968879,0.010501678,0.006045496,0.003052068,0.22427763,8.716666666666667
8gch37,657897ad6d158d001f1824be,0.39695814,0.38687348,0.68438864,0.31153792,0.082418695,0.2603964,0.08698324,0.07845957,0.001544952,0.057492398,0.018967867,0.011423977,0.006511543,0.003612352,0.267079,1.9166666666666667
nyuhem,65789b036d158d001f188a87,0.63937503,0.72041863,0.47285965,0.5927642,0.39497823,0.6800689,0.47160733,0.057005897,0.002422333,0.003496297,0.017614283,0.015147334,0.018364733,0.005779763,0.251857,4.283333333333333
nyuhem,65789bb66d158d001f18b972,0.3747018,0.79920864,0.10834246,0.33765376,0.093894765,0.42985302,0.18888894,0.11450345,0.003223419,0.017766917,0.036435258,0.016411226,0.03235042,0.007667032,0.24366185,7.266666666666667
gw6r7f,65789b506d158d001f18a0ee,0.69350386,0.40845597,0.57449806,0.11977882,0.19796546,0.14619578,0.80272555,0.006628598,0.000658035,0.001600157,0.006401369,0.010262563,0.006336776,0.004718174,0.19847967,3.816666666666667
gw6r7f,65789a976d158d001f187d09,0.3747018,0.102069505,0.14603578,0.082564235,0.39911386,0.1331928,0.5727955,0.013194365,0.001020432,0.002922831,0.008253881,0.012995303,0.007275343,0.010556913,0.37650695,0.75
2d3axv,65789c356d158d001f18e7fc,0.6881789,0.4805095,0.46720323,0.16190393,0.28805172,0.14995342,0.70988655,0.011560776,0.001115799,0.003736784,0.007284875,0.013576009,0.007430693,0.009200439,0.16322064,5.75
2d3axv,65789d176d158d001f193ca7,0.58602774,0.7870809,0.6039433,0.57199574,0.16832852,0.71416485,0.54714966,0.013194365,0.000476837,0.002811837,0.008272881,0.010160086,0.00623321,0.00395147,0.1899121,9.5
2d3axv,65789bfc6d158d001f18cf7b,0.4874476,0.7239629,0.17821237,0.51515037,0.17168832,0.57864016,0.17588417,0.24924077,0.005302429,0.27778897,0.07396803,0.018802373,0.009126588,0.005278457,0.33598965,4.8
hfyv7m,65789bd36d158d001f18c3d1,0.8078425,0.29107937,0.59742165,0.38287976,0.21946844,0.62776506,0.8020007,0.011560776,0.000858307,0.005956655,0.007170874,0.011970525,0.006886971,0.007283681,0.23324381,1.6166666666666667
hfyv7m,65789c416d158d001f18eca6,0.12726861,0.2457886,0.332118,0.2659053,0.0373131,0.3191916,0.1722254,0.09112182,0.001955032,0.05794714,0.016556932,0.015283971,0.007262398,0.005750274,0.28866193,3.45
3y76hr,65789c4f6d158d001f18f44d,0.03907572,0.09889726,0.0966388,0.17151402,0.040915363,0.19848377,0.0823234,0.034041706,0.001039505,0.006141644,0.011540901,0.013951761,0.007935578,0.006929818,0.20368336,3.25
3y76hr,65789bd66d158d001f18c4e1,0.07458106,0.4842389,0.10734529,0.18124555,0.033806894,0.30919355,0.15086368,0.2359567,0.016706496,0.010581387,0.017936565,0.033645786,0.3423812,0.012444182,0.43870914,1.25
17xpyv,65789cba6d158d001f192186,0.08897218,0.1324148,0.11852835,0.38107905,0.04764421,0.4022753,0.06046427,0.09351514,0.003681183,0.003218814,0.011654901,0.014395831,0.07093142,0.004865617,0.2947163,1.9166666666666667
17xpyv,65789d376d158d001f19481b,0.6958077,0.72777325,0.2546384,0.5053138,0.31620008,0.6975779,0.37721017,0.10002319,0.003585815,0.006770608,0.014086916,0.018665737,0.06690872,0.008138849,0.2519775,4.016666666666667
bhaxwm,65789db56d158d001f197e59,0.71574664,0.6197814,0.3441924,0.07806128,0.06890261,0.18172787,0.6495443,0.1587729,0.004959106,0.027413858,0.04442204,0.02071529,0.063352615,0.006782374,0.23685247,2.45
bhaxwm,65789ef26d158d001f19f6d9,0.14633444,0.27033064,0.069075875,0.103851885,0.052308604,0.22228386,0.08004688,0.09958932,0.002746582,0.009175468,0.025413504,0.022013342,0.017328756,0.010379982,0.18288076,7.75
bhaxwm,65789f206d158d001f1a096a,0.11183177,0.32447803,0.09568947,0.12989433,0.04764421,0.14995342,0.1870134,0.06104896,0.001430512,0.006696612,0.019419061,0.02030538,0.008181547,0.010379982,0.16597672,8.516666666666667
bhaxwm,65789d7d6d158d001f19603f,0.43878457,0.8143938,0.14977454,0.51156837,0.049183033,0.51126045,0.2976776,0.12086493,0.002346039,0.010137413,0.06407392,0.018734055,0.010472948,0.005720785,0.13742614,1.5333333333333334
bhaxwm,65789df46d158d001f19995b,0.05557129,0.20976527,0.09854957,0.37032616,0.025131965,0.5636331,0.18141639,0.022846194,0.00087738,0.002534353,0.011312899,0.010569996,0.007301235,0.004541242,0.22542705,3.5166666666666666
bhaxwm,65789e486d158d001f19b2c3,0.0835197,0.08756644,0.05408074,0.124222845,0.025777057,0.16784096,0.10974196,0.103928015,0.001792908,0.007510565,0.04149419,0.014088398,0.009023022,0.004010447,0.22020368,4.916666666666667
vn93qp,65789d246d158d001f1940e5,0.24952528,0.2762165,0.40362632,0.20107053,0.173937,0.14995342,0.25664577,0.01859777,0.001516342,0.003662788,0.008576883,0.019212283,0.007340072,0.02418064,0.20253275,0.65
vn93qp,65789d4f6d158d001f1951cf,0.2974811,0.18097372,0.09474389,0.07454585,0.23419909,0.09592405,0.15610619,0.023317585,0.001144409,0.003163317,0.008557882,0.012551232,0.009618527,0.009554301,0.33971018,1.3833333333333333
vn93qp,65789e376d158d001f19ac24,0.33922493,0.3526706,0.5971104,0.08718978,0.28869942,0.068169184,0.20899242,0.033334624,0.001955032,0.00673361,0.012832909,0.026180768,0.007974415,0.018282922,0.27903602,5.25
d1qxrb,65789ea26d158d001f19d786,0.2542906,0.2457886,0.06499113,0.08165393,0.002575775,0.08062888,0.117599316,0.08320791,0.002593994,0.004735726,0.015796926,0.015010698,0.032005094,0.006575955,0.14665475,1.6333333333333333
d1qxrb,65789f636d158d001f1a2134,0.24952528,0.32293442,0.8043544,0.39554617,0.06040291,0.333605,0.084635615,0.2648175,0.014640691,0.008694496,0.023028618,0.020646973,0.39416263,0.004157891,0.2209519,4.85
d1qxrb,6578a0046d158d001f1a42a9,0.780284,0.46404538,0.5628552,0.10080544,0.30893698,0.11816678,0.798334,0.007571052,0.000758171,0.002099628,0.00642987,0.011133623,0.006634528,0.005927206,0.195526,7.55
d1qxrb,65789eff6d158d001f19fb99,0.33703154,0.35744265,0.46268427,0.2282475,0.13457838,0.28943124,0.07414775,0.15048122,0.006408691,0.005105704,0.014428918,0.014703264,0.13815513,0.004482265,0.38967684,3.2
cw7ecf,6578a0436d158d001f1a5455,0.2329597,0.20707954,0.18591298,0.24175529,0.25670323,0.2156048,0.26514557,0.013948329,0.001277924,0.003348306,0.007816878,0.014771583,0.007611934,0.011913388,0.15823184,8.6
cw7ecf,65789f136d158d001f1a043e,0.062378917,0.19121124,0.13142079,0.37569132,0.09801555,0.47141623,0.0755991,0.054531995,0.002174377,0.002210622,0.012528907,0.012858666,0.023889944,0.004747662,0.32826313,3.5166666666666666
cw7ecf,65789fe56d158d001f1a3d45,0.68376154,0.765455,0.60053295,0.6609723,0.3195368,0.7454068,0.5962709,0.03781283,0.001239777,0.007214582,0.014352918,0.011936366,0.009463178,0.004895105,0.23455781,7.016666666666667
cw7ecf,65789e916d158d001f19cf15,0.55087745,0.5510323,0.11956828,0.12088228,0.040187187,0.19718185,0.1832748,0.075294,0.002593994,0.004957713,0.01617693,0.015864678,0.038911607,0.007047772,0.12884031,1.35
be7fp8,65789f566d158d001f1a1d5c,0.62752825,0.5672328,0.31507698,0.14134736,0.19448619,0.13710694,0.6148016,0.019226074,0.001411438,0.006104646,0.00813988,0.017299367,0.008362788,0.013092931,0.1836026,3.1
be7fp8,6578a04c6d158d001f1a56c8,0.6265815,0.4467775,0.31302714,0.13464333,0.3627592,0.31489727,0.72895193,0.023199737,0.001754761,0.00776955,0.009906891,0.020100424,0.009618527,0.016749516,0.34416023,7.2
ygy4a2,6578a02c6d158d001f1a4d33,0.3836033,0.30157706,0.20930107,0.10080544,0.17168832,0.09432412,0.51787823,0.03192045,0.002365112,0.005993653,0.01313691,0.024677763,0.008440462,0.022883141,0.84474427,5.8
ygy4a2,65789f336d158d001f1a105c,0.6341602,0.4026623,0.8462788,0.6310121,0.07781066,0.59494454,0.54063886,0.06896287,0.001897812,0.006437627,0.024382202,0.012926984,0.010705971,0.004039936,0.27292842,1.65
ygy4a2,6578a0916d158d001f1a6d71,0.16081753,0.295564,0.839811,0.48666117,0.066309564,0.57761896,0.17956558,0.033806015,0.001335144,0.002571351,0.012224905,0.01402008,0.010757755,0.006074648,0.34057176,7.483333333333333
ygy4a2,6578a0f36d158d001f1a8281,0.18036744,0.32447803,0.7872002,0.52315956,0.1335193,0.47208026,0.25245318,0.055274166,0.002164841,0.003348306,0.015264924,0.012926984,0.02250864,0.004334822,0.16549152,9.116666666666667
ygy4a2,65789f9c6d158d001f1a2f20,0.10824748,0.16594493,0.8322678,0.30992806,0.000188695,0.12649381,0.0755991,0.06817148,0.002574921,0.002386362,0.01290891,0.012858666,0.04201601,0.003730306,0.29005772,3.4
ygy4a2,6578a0196d158d001f1a46d9,0.5850388,0.30611402,0.48495677,0.7370479,0.22557884,0.81844395,0.41306645,0.036634352,0.001974106,0.004254754,0.010096892,0.011799729,0.019918699,0.004423288,0.40958014,5.483333333333333
9kak79,6578a11c6d158d001f1a8bd6,0.49718535,0.34791833,0.35282215,0.18451619,0.21220426,0.2156048,0.48129812,0.014576632,0.001173019,0.003144818,0.007892879,0.015147334,0.007223561,0.0108518,0.1637474,4.416666666666667
9kak79,6578a05b6d158d001f1a5cbe,0.33484155,0.28810173,0.4167939,0.17474432,0.18528372,0.16161843,0.35921705,0.010429831,0.000987053,0.00258985,0.007265875,0.012790347,0.007081157,0.007726009,0.136917,1.2
9kak79,6578a1b06d158d001f1ab291,0.2044906,0.26594394,0.19366163,0.11220199,0.240402,0.116359964,0.23085345,0.029799197,0.002326965,0.004291751,0.012718908,0.026044132,0.007961469,0.019934284,0.35160953,6.883333333333334
9kak79,6578a1716d158d001f1a9c01,0.28066093,0.27326855,0.074962124,0.103851885,0.066309564,0.12934102,0.08990326,0.36456755,0.007553101,0.028628819,0.40243408,0.066963166,0.01086132,0.009200439,0.21370736,5.833333333333333
6ehu8e,6578a2f76d158d001f1b5d80,0.24714777,0.13941906,0.09759216,0.08625509,0.07241669,0.07287073,0.20028363,0.14429577,0.002613068,0.005623675,0.062150877,0.038906425,0.007327127,0.008138849,0.2078229,7.783333333333333
6ehu8e,6578a1816d158d001f1aa009,0.16081753,0.42600605,0.585737,0.13464333,0.094877556,0.11191306,0.054174844,0.21107252,0.009689331,0.009545447,0.025413504,0.019895468,0.25272974,0.007431123,0.27137974,1.5666666666666667
6ehu8e,6578a23a6d158d001f1afdee,0.15114407,0.15372267,0.63938683,0.101815864,0.14204384,0.07287073,0.0808017,0.18744208,0.007400513,0.003163317,0.019032324,0.01846078,0.21332647,0.006310557,0.2229161,4.633333333333334
6ehu8e,6578a2e06d158d001f1b4f78,0.3130916,0.53339165,0.83141226,0.3596629,0.20145898,0.17412075,0.20704561,0.18649188,0.006866455,0.005549679,0.01961243,0.017572641,0.18281023,0.004393799,0.2673248,7.416666666666667
bkq96u,6578a1b06d158d001f1ab24b,0.09080389,0.21791112,0.08915572,0.1329856,0.05549788,0.12090656,0.10819229,0.25915736,0.013801457,0.014048826,0.021997316,0.07191269,0.34804323,0.011736456,0.1640704,1.0666666666666667
bkq96u,6578a2856d158d001f1b2124,0.79471,0.50451654,0.5757477,0.10080544,0.30171713,0.11907599,0.8268947,0.009236055,0.000844002,0.002830336,0.006866872,0.012346277,0.006899917,0.005986183,0.4095052,4.633333333333334
bpdwma,6578a2256d158d001f1aefac,0.7786972,0.79219574,0.5100183,0.3614341,0.2554408,0.59460574,0.7465406,0.147767,0.003185272,0.031464707,0.06494803,0.020373698,0.008867673,0.007726009,0.13509238,2.4166666666666665
bpdwma,6578a3656d158d001f1ba739,0.44876832,0.8017359,0.14045076,0.6197072,0.27837306,0.81096154,0.37463045,0.11140333,0.002298355,0.016762028,0.047935467,0.023174755,0.009722093,0.008669644,0.15000008,7.75
r9hyrv,6578a1f86d158d001f1ad60c,0.09820561,0.08360307,0.65213513,0.13966006,0.099318996,0.19458519,0.096450776,0.025792383,0.000939369,0.012139536,0.010780896,0.01261955,0.006595691,0.007372146,0.21775202,1.3
r9hyrv,6578a2d86d158d001f1b49fa,0.05726224,0.12779967,0.29468432,0.26898047,0.034500618,0.33505404,0.25036624,0.010555492,0.000677109,0.002284618,0.007740878,0.011714331,0.006343249,0.006575955,0.19372258,5.033333333333333
r9hyrv,6578a3296d158d001f1b7d06,0.52395415,0.4041079,0.31302714,0.12199044,0.2441421,0.08356363,0.4803833,0.020231359,0.00169754,0.005142702,0.009013886,0.019348921,0.008505191,0.015923835,0.19980215,6.383333333333334
r9hyrv,6578a3cf6d158d001f1c0efa,0.15355562,0.15372267,0.08192977,0.115418,0.15724781,0.119989015,0.120793216,0.083999306,0.004215241,0.008176526,0.024640027,0.036401358,0.013321015,0.03208358,0.24131198,9.15
r9hyrv,6578a23e6d158d001f1b0155,0.42114583,0.2821423,0.18784583,0.11868066,0.49053404,0.1406137,0.33608648,0.02048268,0.00210762,0.004846719,0.008595883,0.01982715,0.009256045,0.02205746,0.25039187,2.466666666666667
r9hyrv,6578a2896d158d001f1b2275,0.63937503,0.49472728,0.12900025,0.12534684,0.381571,0.25357863,0.40715358,0.05131592,0.00164032,0.007214582,0.017872108,0.017914234,0.00838868,0.009318393,0.30750644,3.716666666666667
gqbhc6,6578a3006d158d001f1b637b,0.25906992,0.16594493,0.38775173,0.35106236,0.046880882,0.44474924,0.27629468,0.025674535,0.001506805,0.0017204,0.007797878,0.011201942,0.012699619,0.005160502,0.19853392,6.383333333333334
gqbhc6,6578a3a36d158d001f1be177,0.56024814,0.28810173,0.6680773,0.31476614,0.13457838,0.36224848,0.30989113,0.2191003,0.007133484,0.013244915,0.045007613,0.08225787,0.0130621,0.295067,0.2584733,9.1
gqbhc6,6578a2246d158d001f1aeed1,0.33484155,0.36380813,0.47739056,0.54269063,0.08523248,0.6939254,0.17588417,0.39231625,0.020515325,0.010581387,0.16124763,0.4596479,0.023026628,0.058466934,0.42290035,2.7333333333333334
gqbhc6,6578a2536d158d001f1b0dbf,0.18770115,0.19121124,0.11135728,0.12989433,0.15068793,0.12461543,0.31262326,0.024378212,0.001974106,0.010063417,0.009868891,0.018187506,0.008815889,0.017221333,0.34717003,3.5166666666666666
gqbhc6,6578a29b6d158d001f1b2b00,0.17300557,0.07876553,0.24872018,0.29555178,0.084290154,0.28245366,0.16141449,0.04166769,0.001707077,0.00275634,0.013744914,0.012687869,0.01187109,0.005160502,0.31137773,4.716666666666667
gqbhc6,6578a3456d158d001f1b8de9,0.21657933,0.25724247,0.10536304,0.3578942,0.092915915,0.47656414,0.27272516,0.010806813,0.000529289,0.001868392,0.008006879,0.009545219,0.006006659,0.003052068,0.21218175,7.533333333333333
d24txf,6578a4196d158d001f1c5138,0.53531736,0.48498702,0.43348736,0.40832412,0.4115407,0.51705265,0.51608807,0.15987846,0.005912781,0.017766917,0.017807651,0.016821137,0.2172668,0.008256803,0.2344975,8.55
d24txf,6578a2d76d158d001f1b4986,0.56956154,0.5219503,0.15164815,0.70367277,0.18072422,0.79304135,0.26730433,0.050326355,0.001974106,0.008842488,0.015264924,0.013029462,0.020436687,0.005072037,0.40193555,3.1666666666666665
d24txf,6578a38b6d158d001f1bca8d,0.104675725,0.16842249,0.31302714,0.585161,0.161658,0.68640155,0.119192705,0.049831573,0.002040863,0.007473567,0.014162917,0.01261955,0.023544617,0.006841352,0.2609283,6.183333333333334
arauec,6578a3b86d158d001f1bf71c,0.20690423,0.41720122,0.08281895,0.18780111,0.1045852,0.34997848,0.15610619,0.0926474,0.002593994,0.006955597,0.022255141,0.0157622,0.011612174,0.009495324,0.23737001,8.5
arauec,6578a4126d158d001f1c4ade,0.15114407,0.2044055,0.70102495,0.15872851,0.000188695,0.122753285,0.17405254,0.01859777,0.000801086,0.005771666,0.008291881,0.010996987,0.007094103,0.004157891,0.22393128,10
arauec,6578a22d6d158d001f1af4f2,0.043945573,0.06947151,0.66588825,0.23170424,0.017672176,0.12934102,0.051758666,0.1269396,0.00295639,0.078392304,0.04032305,0.014395831,0.007145886,0.003140534,0.13777825,1.9166666666666667
arauec,6578a29f6d158d001f1b2d1b,0.35687628,0.17091095,0.38775173,0.20442122,0.66898966,0.37842464,0.25245318,0.007571052,0.00043869,0.001230179,0.00653437,0.009835573,0.006058442,0.003804027,0.17597006,3.816666666666667
arauec,6578a2e16d158d001f1b5001,0.09264324,0.055633165,0.73864365,0.16829737,0.03519795,0.10081833,0.07199883,0.09438288,0.001773834,0.04667538,0.020837102,0.013815125,0.006653947,0.005543854,0.20112851,4.916666666666667
arauec,6578a3626d158d001f1ba4b1,0.56853205,0.40845597,0.3815959,0.08907493,0.2529197,0.115462564,0.585034,0.01608456,0.000801086,0.003348306,0.00810188,0.012073003,0.006990537,0.00625158,0.13647324,7.066666666666666
arauec,6578a2676d158d001f1b1630,0.4432165,0.4745136,0.08823851,0.12874979,0.18528372,0.3006852,0.24932499,0.0201057,0.000600815,0.004236255,0.00979289,0.011065305,0.006518017,0.004364311,0.2118566,2.8833333333333333
69txah,6578a2ef6d158d001f1b58ba,0.7678351,0.6874869,0.5039318,0.2767157,0.10591495,0.5942668,0.734486,0.026499467,0.001106262,0.001563159,0.009640889,0.011577694,0.01086132,0.004246356,0.23733884,3.566666666666667
69txah,6578a2656d158d001f1b1533,0.7855571,0.58329153,0.44842112,0.17474432,0.18072422,0.24262819,0.71327776,0.15213956,0.0050354,0.008213525,0.022190686,0.021398475,0.13599728,0.009023507,0.23469247,1.2833333333333334
69txah,6578a4266d158d001f1c5cb4,0.47335124,0.83060735,0.24086781,0.5249411,0.13670206,0.54703724,0.15260378,0.10002319,0.002918243,0.006511623,0.02103047,0.01354185,0.04363242,0.003921982,0.29616636,8.75
4z166b,6578a3916d158d001f1bd039,0.49826935,0.4512681,0.29468432,0.10283129,0.094877556,0.15422586,0.78886205,0.008356431,0.000715256,0.001507663,0.006923873,0.010757872,0.006686311,0.005661808,0.2070537,2.6
4z166b,6578a3e86d158d001f1c25d7,0.18036744,0.25149468,0.09951106,0.115418,0.03174881,0.22228386,0.21982273,0.063027434,0.003452301,0.003977269,0.00971689,0.01579636,0.049128212,0.009613278,0.19775501,4.05
r1w289,6578a6547295bf001e304640,0.2447739,0.2601326,0.16295655,0.17798842,0.1841414,0.15422586,0.2683853,0.01024134,0.000948906,0.002349364,0.007246875,0.01309778,0.006912862,0.009141461,0.144679,9.633333333333333
apkdw9,6578a3c56d158d001f1c0642,0.39695814,0.5204291,0.0855105,0.09484897,0.15505424,0.21960624,0.39798903,0.020607091,0.00166893,0.007436569,0.008880884,0.01764096,0.009256045,0.014508383,0.3498973,2.6333333333333333
apkdw9,6578a4056d158d001f1c421c,0.5188027,0.3431874,0.42383054,0.12989433,0.23667608,0.12461543,0.6148016,0.013320025,0.001139641,0.00379228,0.007645877,0.014190876,0.007663717,0.009200439,0.21860582,3.7
apkdw9,6578a4c36d158d001f1cfc27,0.43657246,0.59887576,0.0837122,0.09681413,0.16721234,0.2700028,0.4398588,0.019477395,0.001630783,0.007732552,0.008424882,0.017367685,0.009178371,0.013210886,0.32356063,6.85
apkdw9,6578a5476d158d001f1da5e2,0.30662343,0.2601326,0.3171293,0.20778568,0.1841414,0.14432828,0.31536126,0.011309455,0.001049042,0.002737841,0.007341875,0.013712646,0.007119995,0.010733845,0.1600719,9.05
dhebqd,6578a2e76d158d001f1b53f5,0.058960643,0.088569954,0.0864158,0.19109875,0.073305435,0.20897695,0.078549035,0.017592486,0.001020432,0.004402745,0.008671884,0.015488927,0.007443639,0.013505772,0.28403312,1.4
dhebqd,6578a3096d158d001f1b699a,0.13676605,0.43043062,0.11543151,0.32614216,0.095864415,0.48687324,0.2789444,0.020231359,0.000925064,0.010433395,0.00819688,0.011663092,0.006407978,0.006281069,0.253105,1.9666666666666666
4uq4fk,6578a53a6d158d001f1d92b3,0.09820561,0.61905336,0.21914949,0.2751628,0.06890261,0.3263803,0.23593342,0.058737632,0.001745224,0.005586676,0.02051482,0.026180768,0.008712323,0.012031343,0.28611675,8.416666666666666
4uq4fk,6578a4016d158d001f1c3ed4,0.43878457,0.66197026,0.32525784,0.6570744,0.19448619,0.7106314,0.25559548,0.081625134,0.002555847,0.004717227,0.016024929,0.01535229,0.05236103,0.004747662,0.34410504,3.216666666666667
4uq4fk,6578a4a06d158d001f1cd55d,0.5529573,0.80317074,0.20733587,0.52583146,0.41720644,0.59460574,0.18888894,0.3389984,0.009536743,0.00899048,0.3416952,0.060951006,0.108496375,0.0074901,0.2848854,5.866666666666666
6k3pb2,6578a54d6d158d001f1daffe,0.24003741,0.2601326,0.109343514,0.327778,0.045366183,0.39338306,0.10974196,0.09741997,0.003261566,0.01274247,0.017807651,0.013746806,0.054624002,0.004659196,0.2918326,8.25
a72n2t,6578a3c96d158d001f1c0996,0.34142166,0.30763084,0.22112842,0.2566848,0.28223592,0.23307678,0.32499117,0.024260364,0.002098084,0.004069764,0.0113889,0.022149978,0.008065036,0.016513607,0.15893663,3.4833333333333334
a72n2t,6578a3796d158d001f1bb7d9,0.42334303,0.3606355,0.11749236,0.33434358,0.72193193,0.29504436,0.11286291,0.13041082,0.005111694,0.002811837,0.012110904,0.020373698,0.13815513,0.008197826,0.205368,2.1666666666666665
92zz8z,6578a3ea6d158d001f1c2863,0.66759574,0.4348694,0.5876084,0.28295305,0.11172729,0.13416551,0.6312979,0.027206551,0.000920296,0.007695554,0.012984909,0.011253181,0.006453287,0.003302722,0.19174893,2.3333333333333335
92zz8z,6578a4ca6d158d001f1d042b,0.09820561,0.10410205,0.0910024,0.09387397,0.018879846,0.095122136,0.083090164,0.04735767,0.001006126,0.00776955,0.018838953,0.01627459,0.006453287,0.005396411,0.20249732,6.066666666666666
92zz8z,6578a5376d158d001f1d8fbe,0.34802857,0.2601326,0.476635,0.327778,0.1303544,0.18941686,0.17040536,0.13561769,0.004425049,0.014852738,0.032799274,0.07191269,0.007857903,0.023119051,0.23493329,7.883333333333334
92zz8z,6578a4a36d158d001f1cd8bd,0.20690423,0.24863632,0.10834246,0.10590835,0.20501089,0.11191306,0.24621093,0.036870047,0.005569458,0.002737841,0.012528907,0.091633186,0.007016428,0.05263672,0.19430152,5.416666666666667
92zz8z,6578a4256d158d001f1c5c0a,0.27349865,0.24863632,0.0658001,0.259786,0.13883325,0.25357863,0.46183544,0.19893374,0.00617981,0.21470967,0.03768798,0.027410502,0.007249452,0.006988795,0.23715535,3.316666666666667
cay6fh,6578a48d6d158d001f1cc429,0.6545657,0.4842389,0.45666993,0.21116324,0.10194144,0.3191916,0.26086196,0.2396185,0.003814697,0.036105253,0.16817254,0.015488927,0.022335978,0.003715562,0.29404,2.9833333333333334
cay6fh,6578a4356d158d001f1c6ae1,0.8098767,0.58401513,0.54747033,0.11220199,0.3282414,0.26862782,0.545224,0.15048122,0.003242493,0.02439919,0.04032305,0.043165036,0.0347677,0.016631562,0.29675224,1.5
cay6fh,6578a5366d158d001f1d8e98,0.5767759,0.36538187,0.42383054,0.3739005,0.41788813,0.51580024,0.25245318,0.23379272,0.007247925,0.16801116,0.071433455,0.055940874,0.051067904,0.019344512,0.5207141,5.8
1z32ep,6578a4666d158d001f1c9bc7,0.06410012,0.24295193,0.37108195,0.5927642,0.15177679,0.58680207,0.12401656,0.37751234,0.023076924,0.011839314,0.06372428,0.05393682,0.5195707,0.006988795,0.2000943,3.033333333333333
3pp1gp,6578a61b7295bf001e2ff616,0.06582858,0.06856995,0.120612115,0.32941553,0.15615022,0.3961148,0.08990326,0.020231359,0.000729561,0.003403803,0.010704896,0.012926984,0.006692784,0.004924594,0.19712815,6.283333333333333
3pp1gp,6578a5606d158d001f1dca81,0.19247882,0.18351692,0.17821237,0.13464333,0.07419816,0.2076579,0.069884576,0.083999306,0.002403259,0.03636306,0.02212623,0.017777596,0.010265815,0.010497936,0.21524648,3.25
wkxrha,6578a6ad7295bf001e30d8fd,0.48960838,0.3748699,0.13750808,0.6633451,0.78390765,0.6832538,0.13220452,0.18554166,0.007781982,0.007954539,0.028612386,0.04266402,0.13815513,0.012621114,0.33442393,7.133333333333334
8wkqc7,6578a4e46d158d001f1d2480,0.018748099,0.2866146,0.12165971,0.16190393,0.075996056,0.18941686,0.069187365,0.02449606,0.000982285,0.004772724,0.010818896,0.014054239,0.007197669,0.009554301,0.17332317,1.85
8wkqc7,6578a49f6d158d001f1cd46e,0.56956154,0.42306393,0.19366163,0.2248042,0.21220426,0.4098279,0.5069581,0.039226998,0.001544952,0.02238941,0.010552894,0.012517073,0.007521313,0.006693909,0.30766624,0.7
8wkqc7,6578a5316d158d001f1d872d,0.0693074,0.16347843,0.11749236,0.14615701,0.088083394,0.20371327,0.20413758,0.024849601,0.001029968,0.006881601,0.011084898,0.014395831,0.006744567,0.009731233,0.2385375,3.1333333333333333
tx2pk8,6578a5596d158d001f1dc0ce,0.4080091,0.72505206,0.17821237,0.42491317,0.0637539,0.55559754,0.26622382,0.15932569,0.005569458,0.003607291,0.019676886,0.019280603,0.17648515,0.003804027,0.25469577,1.9
nfe7zr,6578a6ab7295bf001e30d427,0.4950183,0.31372264,0.18398336,0.49641156,0.25670323,0.65804327,0.5988336,0.09915545,0.002012253,0.06522302,0.025284592,0.013166099,0.00641445,0.004305333,0.288438,8.3
bbvx2g,6578a6117295bf001e2fef0a,0.08897218,0.102069505,0.65323967,0.09097979,0.06890261,0.068169184,0.08386083,0.12867521,0.006103516,0.005993653,0.029053112,0.11230402,0.008815889,0.036801755,0.27966383,5.333333333333333
bbvx2g,6578a6617295bf001e305c4d,0.4788228,0.35425907,0.21520184,0.3035124,0.11172729,0.37910187,0.22181296,0.033334624,0.001745224,0.003200315,0.008538882,0.012551232,0.016120117,0.005573343,0.30321893,6.666666666666667
6yzdq8,6578a6c67295bf001e31076e,0.14633444,0.058976527,0.22906929,0.51782584,0.30630767,0.55183274,0.18141639,0.15158679,0.002975464,0.14019285,0.03235855,0.016889455,0.006388559,0.005750274,0.2900744,6.183333333333334
6yzdq8,6578a6237295bf001e2ffeff,0.6835849,0.7456412,0.11034848,0.22137496,0.33429292,0.5234508,0.7476281,0.04760506,0.001983643,0.03894114,0.012300906,0.017777596,0.007210615,0.007165726,0.31978664,3.45
xzx7b3,6578a63c7295bf001e30222e,0.7370952,0.5135949,0.4088853,0.12761015,0.26557916,0.13809541,0.7300615,0.01237757,0.001144409,0.004162259,0.007360875,0.014293353,0.007391856,0.009672256,0.17969266,5.516666666666667
xzx7b3,6578a6147295bf001e2ff087,0.30877617,0.40845597,0.38951546,0.3721121,0.06977485,0.49677742,0.3823818,0.04067813,0.001840591,0.013345404,0.011046898,0.013678487,0.013217449,0.007431123,0.28878263,4.85
yvmftg,6578a6177295bf001e2ff299,0.591195,0.28065717,0.45666993,0.13630773,0.30040914,0.15914497,0.62496823,0.014576632,0.001034737,0.002210622,0.00808288,0.013302735,0.007197669,0.007519589,0.22368942,4.45
yvmftg,6578a66d7295bf001e306e8a,0.53118056,0.3732835,0.16485271,0.31315073,0.3336196,0.40364674,0.51599634,0.046368107,0.002441406,0.003477799,0.009184887,0.013644327,0.028206514,0.005779763,0.20851257,5.866666666666666
yvmftg,6578a56d6d158d001f1dddf9,0.78213274,0.48498702,0.41938704,0.17474432,0.25166142,0.26313692,0.81119925,0.013571346,0.000562668,0.002830336,0.008253881,0.0103992,0.006174954,0.004541242,0.19030882,1.6
e7bnfe,6578a6a07295bf001e30bfae,0.37917098,0.509807,0.20930107,0.48401058,0.18186125,0.58034205,0.25559548,0.09112182,0.003738403,0.003570293,0.014010916,0.014703264,0.063999176,0.005927206,0.33325952,1.5333333333333334
21cdad,6578a6917295bf001e30a615,0.44099933,0.5977871,0.7726891,0.40466312,0.094877556,0.32926556,0.24311097,0.18649188,0.003509522,0.009693438,0.081261896,0.04491858,0.016292779,0.00687084,0.21520202,1.6333333333333333
21cdad,6578a79ef4ae1f001f4aedfe,0.22124074,0.5303358,0.25069022,0.4902017,0.068034075,0.49153295,0.13220452,0.10609736,0.003547669,0.002349364,0.015568925,0.014566627,0.11769595,0.004010447,0.17666832,6.116666666666666
37up4n,6578a7c5f4ae1f001f4b36ab,0.09264324,0.1324148,0.2825658,0.33932132,0.058751587,0.402961,0.11129911,0.25462922,0.005989075,0.29035977,0.0808917,0.01764096,0.007663717,0.004895105,0.21044132,6.35
cczavu,6578a6737295bf001e307682,0.29989743,0.26594394,0.13020957,0.14928007,0.19796546,0.14995342,0.25980574,0.017718147,0.001382828,0.004402745,0.009526889,0.0157622,0.008259222,0.010615891,0.14946838,0.7333333333333333
cczavu,6578a6bb7295bf001e30f3f2,0.707709,0.41866332,0.55217737,0.13630773,0.28223592,0.19329,0.7865252,0.00804228,0.00084877,0.002478856,0.006610371,0.011902207,0.006809296,0.006340046,0.16992392,1.9333333333333333
cczavu,6578a7a8f4ae1f001f4affba,0.18770115,0.16102377,0.59804404,0.09879968,0.36071485,0.09753984,0.20704561,0.019351736,0.001296997,0.004384246,0.009602889,0.01490822,0.007495422,0.013033954,0.18944873,5.883333333333334
r9ffv2,6578a6907295bf001e30a517,0.042314984,0.31678307,0.70421743,0.11977882,0.003506723,0.17918386,0.074871585,0.054779384,0.002632141,0.002700844,0.0113509,0.014874061,0.043955702,0.006575955,0.19925427,1.5666666666666667
1art8b,6578a69e7295bf001e30bd3b,0.27827218,0.25149468,0.103396736,0.17474432,0.08617879,0.3492959,0.23900037,0.031213367,0.001354218,0.003366805,0.009089886,0.011868048,0.012906751,0.004688685,0.32052702,1.45
1art8b,6578a6b77295bf001e30eccf,0.15839244,0.24863632,0.120612115,0.12310397,0.095864415,0.12649381,0.17040536,0.19504376,0.010986328,0.01191331,0.019999169,0.04291453,0.2330281,0.015923835,0.19610494,1.8666666666666667
1art8b,6578a7c2f4ae1f001f4b31aa,0.39026847,0.27326855,0.0837122,0.049835145,0.0671697,0.07846774,0.33191547,0.022964042,0.001091957,0.003773782,0.011844902,0.012926984,0.007081157,0.005307945,0.32428595,6.333333333333333
1art8b,6578a7e0f4ae1f001f4b6d57,0.1900881,0.12779967,0.09474389,0.12199044,0.33968666,0.17791487,0.19455506,0.034513097,0.00128746,0.0051797,0.016100928,0.013439372,0.00780612,0.008079873,0.22717595,6.816666666666666
ttyvm4,6578a7b0f4ae1f001f4b0fd5,0.22591716,0.61741537,0.0864158,0.33765376,0.03174881,0.58068234,0.22782518,0.016712861,0.000662804,0.00207188,0.008728883,0.00997221,0.006964645,0.003568119,0.20800912,6.233333333333333
ttyvm4,6578a7fdf4ae1f001f4ba457,0.062378917,0.0749873,0.74982595,0.13966006,0.003506723,0.11907599,0.088613324,0.054037213,0.001158714,0.005845661,0.023866551,0.013405213,0.007637825,0.004836128,0.19086385,7.516666666666667
xmv6q8,6578a6a37295bf001e30c555,0.49068943,0.3526706,0.12538517,0.30992806,0.1335193,0.72701746,0.5615153,0.028620722,0.001125336,0.014350293,0.009868891,0.011441057,0.006712203,0.005396411,0.25000906,1.9833333333333334
pvp4q7,6578a790f4ae1f001f4ad651,0.7918444,0.7440239,0.26654595,0.7678615,0.61754966,0.831859,0.5372438,0.043646812,0.001168251,0.029144434,0.013858915,0.010774951,0.006362667,0.003656585,0.37327766,5.983333333333333
zgq7c4,6578a7b6f4ae1f001f4b1b64,0.82414633,0.6430562,0.46117917,0.09002491,0.147432,0.24812905,0.7605583,0.022139108,0.000715256,0.003718285,0.011730902,0.011201942,0.007301235,0.004482265,0.25925258,4.716666666666667
zgq7c4,6578a7daf4ae1f001f4b61a7,0.61759263,0.4767654,0.11034848,0.103851885,0.161658,0.24262819,0.2472474,0.103494145,0.002555847,0.006474625,0.025155678,0.016821137,0.03718498,0.005248968,0.3318783,5.316666666666666
tgytzy,6578a7c9f4ae1f001f4b3f42,0.4928531,0.36380813,0.42457205,0.20442122,0.26685292,0.17791487,0.48056626,0.010304171,0.000801086,0.001979385,0.007075874,0.012107162,0.006822242,0.00687084,0.15395036,1.4333333333333333
tgytzy,6578a8b33a8fcf001feaf8cf,0.2044906,0.19644909,0.1063522,0.09193956,0.04312292,0.20240258,0.1907705,0.091913216,0.004768372,0.006770608,0.010438894,0.019622196,0.060119797,0.012149297,0.28954783,5.333333333333333
qgzxn8,6578a8e93a8fcf001feb4997,0.7050141,0.5189085,0.2369578,0.20442122,0.13990174,0.2344353,0.47379974,0.032391842,0.001163483,0.005771666,0.010476895,0.011833889,0.008764107,0.00395147,0.17134537,6.216666666666667
2dvw8w,6578a809f4ae1f001f4bbac4,0.7134511,0.58112127,0.6554467,0.50442195,0.11172729,0.5533732,0.6103405,0.024378212,0.000782013,0.006992595,0.011882903,0.010091767,0.006511543,0.003774539,0.22260924,2.066666666666667
2dvw8w,6578a9123a8fcf001feb8a57,0.5095557,0.56022775,0.13142079,0.5169379,0.10969645,0.7374063,0.45601654,0.045131154,0.001139641,0.030691283,0.012756908,0.011236101,0.007081157,0.003464909,0.33111045,6.466666666666667
2dvw8w,6578a93c3a8fcf001febcde1,0.6562289,0.53339165,0.15728761,0.52850527,0.28094688,0.76895905,0.6262356,0.2854699,0.002937317,0.06567776,0.25205973,0.041912504,0.006738094,0.004983571,0.3754323,7.183333333333334
hwn2az,6578a7a1f4ae1f001f4af22e,0.12726861,0.093667574,0.6537917,0.10903197,0.06040291,0.10248133,0.21783899,0.019226074,0.001068115,0.007029593,0.00806388,0.013131939,0.00713294,0.008492713,0.24980702,4.5
hwn2az,6578a8bb3a8fcf001feafe61,0.19727191,0.09470313,0.751842,0.116500415,0.2098003,0.09117182,0.21094625,0.021314176,0.001592636,0.00431025,0.008405882,0.017982552,0.009359611,0.01604179,0.50628126,9.183333333333334
hwn2az,6578a7f4f4ae1f001f4b9389,0.37694255,0.3306766,0.25661674,0.24836068,0.30433813,0.21427503,0.34306628,0.017341165,0.001487732,0.00327431,0.009184887,0.016957775,0.007819066,0.012385205,0.15860577,5.883333333333334
hwn2az,6578a77bf4ae1f001f4ab4bd,0.24714777,0.19121124,0.31097922,0.11114024,0.17281176,0.13416551,0.23186605,0.16331999,0.005226135,0.00880549,0.020579277,0.023652986,0.13346854,0.013977589,0.34323552,3.8666666666666667
pvctry,6578a9393a8fcf001febc7d6,0.6595559,0.58112127,0.5452611,0.46643472,0.22680563,0.6501935,0.65953165,0.2396185,0.006408691,0.008879486,0.107333586,0.02126184,0.06820184,0.007195215,0.30963677,6.25
c67ank,6578a800f4ae1f001f4baa34,0.6564665,0.24863632,0.13873237,0.09681413,0.44128928,0.1424673,0.58374655,0.011309455,0.000567436,0.002182874,0.007588876,0.010569996,0.00636914,0.004659196,0.23459376,5.566666666666666
c67ank,6578a797f4ae1f001f4ae183,0.3679965,0.2601326,0.09286537,0.26744163,0.121998236,0.5187997,0.50567406,0.030859824,0.001487732,0.018369852,0.00975489,0.015113175,0.006757513,0.010085096,0.24775769,3.816666666666667
htv7zf,6578a9503a8fcf001febeeca,0.44876832,0.24295193,0.109343514,0.09681413,0.41050333,0.16784096,0.39733586,0.020842785,0.001802445,0.004162259,0.010742896,0.018734055,0.007702554,0.019108603,0.4539281,5.466666666666667
yxxgbb,6578a7e7f4ae1f001f4b7af9,0.81868845,0.6181432,0.52555346,0.34601632,0.50989664,0.41395864,0.799073,0.091913216,0.001983643,0.062039822,0.020579277,0.014839902,0.006045496,0.004098913,0.2504357,1.5666666666666667
yxxgbb,6578a9513a8fcf001febef6d,0.5845221,0.63079983,0.18398336,0.6227421,0.42078578,0.74994546,0.66602784,0.1013248,0.002784729,0.07177465,0.0233509,0.015079016,0.007158832,0.00521948,0.24349853,7.6
8vetwa,6578a90b3a8fcf001feb7f84,0.84990585,0.74348456,0.58370876,0.44334027,0.22803417,0.45468014,0.7938411,0.10696511,0.003681183,0.003958771,0.016860934,0.015010698,0.07629784,0.004865617,0.34380645,4.833333333333333
8vetwa,6578a8d13a8fcf001feb20d5,0.2020805,0.09889726,0.38951546,0.14134736,0.094877556,0.2603964,0.10055544,0.16331999,0.005187988,0.014752249,0.05203446,0.110447146,0.02371728,0.03397085,0.32908422,3.8833333333333333
6p9ykt,6578a801f4ae1f001f4bab73,0.0693074,0.25724247,0.70102495,0.2248042,0.018879846,0.1997879,0.09512816,0.027677942,0.001373291,0.00275634,0.008443882,0.011509376,0.012078222,0.004393799,0.16364339,1.9333333333333333
7yrm8n,6578a7c7f4ae1f001f4b3bd8,0.25906992,0.1061449,0.08732515,0.08907493,0.29649553,0.12838791,0.3402706,0.077668175,0.003547669,0.009397456,0.019934712,0.03615085,0.020264024,0.024298593,0.3175516,1.2
7yrm8n,6578a8dc3a8fcf001feb3371,0.5342827,0.36695787,0.32696992,0.115418,0.2074021,0.19588226,0.7454519,0.05378982,0.001296997,0.016963007,0.017936565,0.010296722,0.006440342,0.003774539,0.27903387,5.816666666666666
7yrm8n,6578a9233a8fcf001feba4d5,0.048882913,0.049173627,0.038467236,0.042773757,0.061234605,0.045143463,0.034858868,0.6027529,0.027833538,0.035847444,0.6120431,0.26802593,0.06238277,0.053343415,0.38768318,6.983333333333333
7yrm8n,6578a8fd3a8fcf001feb698d,0.2044906,0.07129011,0.706341,0.19109875,0.22557884,0.17791487,0.1907705,0.07291982,0.001649857,0.005549679,0.026058068,0.020168742,0.007249452,0.008079873,0.2243902,6.35
u6agm4,6578a8cf3a8fcf001feb1ca8,0.26146647,0.3732835,0.7345398,0.39372954,0.22803417,0.33941016,0.16141449,0.059232414,0.00166893,0.049761772,0.015796926,0.013439372,0.006912862,0.004895105,0.33895582,4.866666666666666
11g3d4,6578ab21ae3999001ffb6e72,0.020267207,0.10004715,0.070737444,0.1329856,0.057116542,0.14807095,0.051758666,0.028385026,0.001420975,0.00362579,0.009089886,0.011628932,0.010680079,0.004452776,0.21518324,9.95
qq6rnr,6578a8c93a8fcf001feb14ac,0.19967446,0.20707954,0.63270146,0.12647597,0.13883325,0.095122136,0.22181296,0.00706841,0.000600815,0.001507663,0.006325369,0.01086035,0.006291465,0.006133626,0.1668777,3.75
qq6rnr,6578a8fe3a8fcf001feb6c48,0.03907572,0.0749873,0.65103006,0.09097979,0.059575163,0.075639054,0.08777359,0.009236055,0.000700951,0.001812895,0.006638871,0.01128734,0.006621582,0.00521948,0.15868849,4.633333333333334
qq6rnr,6578a9523a8fcf001febf1fb,0.7037328,0.6407772,0.39569655,0.6581757,0.2758032,0.7544598,0.6642645,0.19599396,0.004272461,0.20680901,0.06722072,0.022901481,0.008103873,0.005720785,0.38266382,6.033333333333333
qkf17g,6578aa32ae3999001ffa60b2,0.32392803,0.2601326,0.21520184,0.23517443,0.25670323,0.17412075,0.2683853,0.017592486,0.001707077,0.003366805,0.009108886,0.016103793,0.008401625,0.012798046,0.17911759,6.25
uzwgay,6578aa17ae3999001ffa3f20,0.47774684,0.41136384,0.3939286,0.15556577,0.2630359,0.15668073,0.6173472,0.007225486,0.000858307,0.001794396,0.00650587,0.012004685,0.007119995,0.007136237,0.16918439,5.95
uzwgay,6578aa5fae3999001ffa9c7b,0.72227985,0.36380813,0.5016511,0.42491317,0.5811639,0.38520834,0.29498222,0.4014846,0.020257099,0.5135796,0.23237456,0.07967158,0.009307829,0.015452018,0.24855869,7.166666666666667
g33yme,6578a8e43a8fcf001feb3ffc,0.7377998,0.56317586,0.47361445,0.071960226,0.075996056,0.18300404,0.79759216,0.05354243,0.001087189,0.003755282,0.022706337,0.01354185,0.00641445,0.004836128,0.28604433,4.566666666666666
bgqbqq,6578a96c3a8fcf001fec2181,0.81718874,0.56428194,0.60916847,0.26284042,0.14204384,0.402961,0.83469695,0.007476807,0.000503063,0.001840643,0.00651537,0.009886812,0.006427396,0.004069425,0.24079472,1.9
bgqbqq,6578ab0aae3999001ffb5714,0.75521314,0.8161044,0.7262728,0.6873352,0.43026546,0.5990039,0.49008816,0.2553839,0.011138916,0.06476828,0.16853803,0.05393682,0.13245705,0.012798046,0.26309985,8.8
mf3mmg,6578aaecae3999001ffb33ca,0.39026847,0.2017425,0.26654595,0.17474432,0.25040436,0.29363838,0.096450776,0.103494145,0.001630783,0.06431354,0.023866551,0.012312118,0.00661511,0.004393799,0.21504979,8.733333333333333
mf3mmg,6578a9703a8fcf001fec2844,0.46102837,0.56170166,0.4275396,0.20107053,0.080563076,0.38384953,0.2749724,0.09394901,0.002994537,0.04280826,0.015492925,0.015898837,0.018710058,0.010085096,0.39761534,2.4
gqy7wz,6578a9703a8fcf001fec2814,0.28544915,0.23171476,0.12779324,0.20442122,0.065453626,0.32206288,0.20996813,0.016838523,0.000648499,0.004439743,0.009051885,0.011048226,0.006744567,0.004039936,0.22985503,2.7333333333333334
gqy7wz,6578ab04ae3999001ffb4f59,0.05726224,0.07037827,0.7427273,0.10283129,0.07153199,0.07990451,0.10358816,0.026617315,0.001420975,0.010729378,0.008956885,0.01402008,0.007223561,0.0074901,0.20606156,9.466666666666667
gqy7wz,6578aa27ae3999001ffa501a,0.21890815,0.10004715,0.15352494,0.11868066,0.6727801,0.16161843,0.1964577,0.022139108,0.001077652,0.003163317,0.009640889,0.014190876,0.007832011,0.008669644,0.25569478,5.783333333333333
gqy7wz,6578aa3fae3999001ffa7488,0.31525248,0.13473919,0.100476414,0.10283129,0.29259175,0.092740074,0.32223237,0.017341165,0.001411438,0.002663846,0.008557882,0.016001316,0.007443639,0.011323617,0.3373793,6.183333333333334
gqy7wz,6578aab6ae3999001ffaf710,0.618539,0.40990886,0.58214855,0.28765815,0.30433813,0.47772726,0.27055198,0.025085296,0.000858307,0.01087737,0.010628895,0.012380436,0.006265574,0.004393799,0.24043225,8.166666666666666
3u2bpx,6578aa14ae3999001ffa3e78,0.38138592,0.6269744,0.11646001,0.31315073,0.17958881,0.5588464,0.45670056,0.029799197,0.000972748,0.014551271,0.009507888,0.011577694,0.007016428,0.00521948,0.30994377,5.05
rp663f,6578aa7fae3999001ffac1ce,0.34582332,0.3495,0.090076774,0.19440953,0.038025744,0.29645208,0.13888659,0.032156147,0.001325607,0.002108878,0.009374888,0.010569996,0.012854968,0.002860393,0.15227716,7.066666666666666
rp663f,6578ab19ae3999001ffb6718,0.446546,0.63822526,0.11543151,0.327778,0.57781667,0.5179366,0.280271,0.0438942,0.001764298,0.003422302,0.012338906,0.017845914,0.013217449,0.00896453,0.25397626,9.633333333333333
3k22vn,6578a92e3a8fcf001febb77d,0.0693074,0.11651174,0.11237009,0.18451619,0.066309564,0.20371327,0.16141449,0.28857216,0.02077355,0.04925346,0.05144889,0.075792134,0.34804323,0.02771927,0.2707757,1.3166666666666667
3k22vn,6578aa21ae3999001ffa4785,0.14154164,0.15372267,0.85252255,0.097804256,0.000188695,0.092740074,0.1256395,0.02343543,0.001239777,0.002386362,0.007721877,0.011389818,0.009981008,0.004659196,0.16448472,5.366666666666666
3k22vn,6578aa76ae3999001ffab748,0.780284,0.46404538,0.5628552,0.10080544,0.30893698,0.11816678,0.798334,0.007571052,0.000758171,0.002099628,0.00642987,0.011133623,0.006634528,0.005927206,0.195526,6.766666666666667
7br6ez,6578abccae3999001ffc13de,0.8121567,0.5952477,0.4721051,0.11977882,0.14204384,0.28803274,0.7915576,0.019100413,0.001296997,0.008361516,0.008823884,0.013917602,0.008026198,0.008492713,0.18059905,7.316666666666666
7br6ez,6578ab20ae3999001ffb6d82,0.2974811,0.39545837,0.20930107,0.56801707,0.08148885,0.6177915,0.20317163,0.045378547,0.001506805,0.004883717,0.014238917,0.011970525,0.013372798,0.004659196,0.25315922,4.45
bhgbme,6578aafaae3999001ffb4384,0.6808163,0.4041079,0.48079333,0.22137496,0.05310001,0.39270046,0.7761228,0.036162965,0.001354218,0.022188433,0.010818896,0.01220964,0.006828715,0.005160502,0.22968292,6.733333333333333
bhgbme,6578aabbae3999001ffafc29,0.7238687,0.61395764,0.39039746,0.16509432,0.18528372,0.2590294,0.7366899,0.14429577,0.002727509,0.12735364,0.028061481,0.016172111,0.006964645,0.005366922,0.29634187,5.683333333333334
bhgbme,6578aa54ae3999001ffa8eaf,0.30447376,0.41720122,0.06743011,0.17474432,0.11581159,0.32926556,0.4183363,0.044883765,0.002994537,0.004513739,0.008329881,0.012926984,0.0347677,0.004570731,0.21754152,3.966666666666667
bhgbme,6578ab6fae3999001ffbb800,0.43878457,0.28065717,0.11749236,0.25168148,0.093894765,0.39338306,0.2829303,0.18364124,0.00377655,0.18235919,0.039737478,0.015728042,0.006440342,0.003523886,0.2373886,8.683333333333334
yve1qb,6578ab7bae3999001ffbc28f,0.39919263,0.42159554,0.15728761,0.25826308,0.07153199,0.50952077,0.326373,0.028856417,0.001049042,0.01374736,0.009317887,0.011816809,0.00713294,0.005455388,0.27384683,9.45
gxe7d4,6578a9363a8fcf001febc3b0,0.42774367,0.2866146,0.11956828,0.08439999,0.28094688,0.093530096,0.2640687,0.3827457,0.013866014,0.05794714,0.0838533,0.20483992,0.03407705,0.015098156,0.2432185,0.38333333333333336
gxe7d4,6578a94a3a8fcf001febe492,0.37917098,0.17091095,0.15917414,0.12534684,0.10969645,0.2076579,0.41109386,0.02543884,0.001716614,0.006030651,0.010514895,0.017572641,0.009592636,0.01604179,0.2628126,0.7166666666666667
gxe7d4,6578aa22ae3999001ffa4a06,0.76433295,0.2851209,0.52314895,0.11114024,0.21340905,0.2156048,0.82812697,0.016838523,0.001411438,0.004957713,0.008481883,0.015386449,0.007974415,0.011146685,0.2901281,4.316666666666666
gxe7d4,6578aa57ae3999001ffa9336,0.6379519,0.49097496,0.32696992,0.12874979,0.27708808,0.12368249,0.63823974,0.019100413,0.001544952,0.004809721,0.009602889,0.01805087,0.007689608,0.013859635,0.520727,5.2
gxe7d4,6578aa8fae3999001ffad0ab,0.2926585,0.35903805,0.38599136,0.16509432,0.26430678,0.17538343,0.16678733,0.079250954,0.004138947,0.01087737,0.015264924,0.04667213,0.013424582,0.114720635,0.84875846,6.133333333333334
gxe7d4,6578aad0ae3999001ffb1294,0.78975344,0.46927068,0.49481437,0.12761015,0.40532345,0.18300404,0.7551986,0.01847211,0.001325607,0.004920715,0.010248893,0.015079016,0.007365964,0.011441571,0.17885001,7.2
gxe7d4,6578ab10ae3999001ffb5ced,0.71998465,0.4157393,0.3510931,0.10903197,0.46016467,0.106708884,0.48550883,0.044883765,0.002498627,0.00621564,0.014276917,0.026863953,0.00948907,0.043626394,0.7784964,8.283333333333333
gxe7d4,6578ab55ae3999001ffba0af,0.51983213,0.55026335,0.18978162,0.16829737,0.4201039,0.31204242,0.5158587,0.3389984,0.015544481,0.02037963,0.06599696,0.22653213,0.011560392,0.3833182,0.8467987,9.433333333333334
gxe7d4,6578a9653a8fcf001fec15c4,0.35023654,0.3045994,0.21323243,0.22137496,0.1303544,0.47972164,0.25875083,0.07450261,0.003166199,0.005253696,0.011692902,0.019075647,0.049451493,0.010969753,0.27019155,1.1666666666666667
gxe7d4,6578aabaae3999001ffafb6b,0.6987177,0.42747927,0.49405548,0.12874979,0.16055275,0.17664811,0.8055961,0.012000589,0.00125885,0.003551794,0.007265875,0.014259194,0.007624879,0.00937737,0.16161203,6.85
gxe7d4,6578aadeae3999001ffb2302,0.16568017,0.14891115,0.069075875,0.054278523,0.06291008,0.05808853,0.10206828,0.74954444,0.0912254,0.027011903,0.71120167,0.37993968,0.00948907,0.030432219,0.20520924,7.433333333333334
gxe7d4,6578ab2aae3999001ffb7774,0.22826096,0.19381917,0.09380275,0.09290418,0.10062749,0.090393595,0.1832748,0.55739564,0.023076924,0.01766643,0.5739874,0.3547165,0.008556974,0.02394473,0.19232725,8.716666666666667
gxe7d4,6578ab75ae3999001ffbbd46,0.58090544,0.2688658,0.37720883,0.113268904,0.19102257,0.111035876,0.72895193,0.112436704,0.003108978,0.012842959,0.046764325,0.027820412,0.007391856,0.021349736,0.28021035,9.966666666666667
3yyzee,6578aad1ae3999001ffb14bf,0.13676605,0.23731218,0.10437799,0.08625509,0.045366183,0.13029796,0.17772123,0.04785245,0.001735687,0.006585619,0.012756908,0.01893901,0.00933372,0.0108518,0.17997144,2.6
3yyzee,6578aa8dae3999001ffaceba,0.07635384,0.12779967,0.08915572,0.12647597,0.066309564,0.2116222,0.12890771,0.022846194,0.001296997,0.004384246,0.009279887,0.014942379,0.008686432,0.00979021,0.17637756,1.45
rn3xtu,6578aabdae3999001ffafea7,0.17055981,0.11026115,0.53924197,0.050564587,0.18872178,0.07918409,0.017363269,0.6342749,0.016771052,0.29188538,0.6798578,0.14402086,0.007508367,0.008610667,0.3434539,2.183333333333333
rn3xtu,6578abc9ae3999001ffc1061,0.14633444,0.36538187,0.09951106,0.06857873,0.057116542,0.11816678,0.054174844,0.0926474,0.00125885,0.004125261,0.029714199,0.022354934,0.006712203,0.006340046,0.17629485,6.633333333333334
rn3xtu,6578ac51ae3999001ffc8560,0.18283133,0.79105264,0.100476414,0.29238594,0.2441421,0.39748225,0.063745245,0.02873857,0.000591278,0.001674153,0.014352918,0.010552917,0.006039023,0.003627096,0.19501051,8.9
fvfryr,6578ac65ae3999001ffc95d6,0.27588674,0.093667574,0.13384935,0.115418,0.049958427,0.23715812,0.34306628,0.034513097,0.001554489,0.007621558,0.010324894,0.013029462,0.010887212,0.006516977,0.39494982,9.033333333333333
fvfryr,6578ac1aae3999001ffc5e46,0.6507651,0.5735124,0.5143418,0.41015846,0.10767364,0.60775506,0.6916168,0.022964042,0.001087189,0.002441859,0.008348881,0.011611853,0.010084574,0.004777151,0.14662637,7.8
fvfryr,6578ab8bae3999001ffbcf83,0.63463414,0.48200047,0.5913485,0.7713898,0.37232184,0.81936336,0.3346948,0.11479026,0.003376007,0.025002124,0.04910661,0.038906425,0.025443908,0.016631562,0.19641957,5.416666666666667
nzbm3c,6578abc9ae3999001ffc1068,0.83341455,0.8013761,0.55570096,0.45048934,0.20029284,0.76785415,0.8224904,0.051563308,0.001754761,0.005068706,0.018581128,0.013985921,0.012285355,0.005278457,0.26260954,7.15
nzbm3c,6578ab00ae3999001ffb49ad,0.4950183,0.7547769,0.09380275,0.6164646,0.13776682,0.73280346,0.31536126,0.054779384,0.001907349,0.003940272,0.018838953,0.011253181,0.020436687,0.00291937,0.3503602,3.8
93f7nn,6578abeaae3999001ffc334d,0.6502902,0.53186333,0.42531377,0.15556577,0.21340905,0.122753285,0.7732478,0.013257195,0.000963211,0.003755282,0.007759878,0.014600786,0.007456584,0.010438959,0.27284688,3.216666666666667
93f7nn,6578ac4eae3999001ffc8353,0.47447416,0.5668638,0.33900893,0.39918593,0.19796546,0.6800689,0.2749724,0.11305673,0.003871918,0.011321344,0.022770792,0.027410502,0.063675895,0.011972365,0.16026504,4.883333333333334
wgxndh,6578aba3ae3999001ffbe7f9,0.50238425,0.3622354,0.3286836,0.18124555,0.18072422,0.3703172,0.25980574,0.38811707,0.020515325,0.46028158,0.2679134,0.10797132,0.010602405,0.02748336,0.24528882,3.466666666666667
wgxndh,6578abf1ae3999001ffc3a3c,0.6313173,0.24295193,0.46306062,0.12647597,0.21100153,0.14619578,0.63949937,0.042657252,0.003032684,0.003662788,0.015872927,0.04742365,0.008168601,0.033263125,0.20354658,4.75
wgxndh,6578ac55ae3999001ffc8889,0.40365055,0.6223301,0.20145756,0.32287985,0.032430932,0.6117847,0.6154381,0.032863233,0.001440048,0.018972786,0.010476895,0.013234417,0.007184723,0.007283681,0.37326407,6.433333333333334
wgxndh,6578aca6ae3999001ffcbe05,0.13676605,0.08262517,0.5425245,0.09097979,0.25923225,0.06364646,0.069187365,0.08241652,0.002403259,0.012842959,0.019483518,0.019075647,0.010705971,0.007519589,0.21440333,7.783333333333333
aqzd6e,6578abdaae3999001ffc2383,0.6691506,0.3510838,0.48457804,0.09582901,0.29064423,0.095122136,0.6507959,0.013445686,0.0010252,0.00294133,0.007702877,0.013849284,0.007301235,0.00896453,0.27605188,3.95
aqzd6e,6578ab4fae3999001ffb9ad8,0.28784943,0.5858257,0.18978162,0.36320755,0.08617879,0.5514903,0.23797645,0.057748068,0.0025177,0.002358613,0.009982891,0.014054239,0.046218675,0.005779763,0.22223313,1.6333333333333333
aqzd6e,6578ac5cae3999001ffc8e7a,0.52911484,0.30611402,0.5132218,0.1329856,0.13990174,0.13029796,0.7857409,0.008733413,0.000815392,0.002284618,0.006733872,0.012004685,0.006744567,0.006752886,0.17748828,6.116666666666666
cuvvfu,6578abe2ae3999001ffc2b7b,0.79471,0.6698556,0.621517,0.3561303,0.30433813,0.5193259,0.68411046,0.018095128,0.00082016,0.002719343,0.008861885,0.01128734,0.007301235,0.006693909,0.2126677,4.966666666666667
cuvvfu,6578acfcae3999001ffceaf2,0.60720396,0.7515587,0.45516863,0.5592827,0.5180061,0.6671519,0.43487665,0.09438288,0.003604889,0.004846719,0.015644927,0.016172111,0.053654157,0.009082484,0.24046747,9.666666666666666
cuvvfu,6578ab2bae3999001ffb7918,0.53842354,0.5007458,0.18784583,0.41383398,0.13246238,0.6690971,0.2238104,0.12520397,0.004272461,0.005919657,0.029934563,0.014464149,0.12382901,0.004865617,0.17711383,1.9166666666666667
cuvvfu,6578ac97ae3999001ffcb4a3,0.80503285,0.8178025,0.5866727,0.6787532,0.74314135,0.7656371,0.7562747,0.012943043,0.00084877,0.003718285,0.007911879,0.012995303,0.006990537,0.006281069,0.17434002,7.983333333333333
8c992q,6578acf7ae3999001ffce84b,0.045584004,0.057295278,0.09854957,0.19440953,0.04461459,0.20109403,0.06508322,0.04315203,0.001649857,0.00275634,0.013402912,0.011970525,0.013631714,0.003258489,0.21934357,8.083333333333334
8c992q,6578ad0dae3999001ffcf32f,0.7913222,0.5227116,0.45291796,0.10798564,0.10591495,0.1331928,0.6551691,0.10956833,0.001506805,0.007880543,0.05964688,0.013234417,0.008362788,0.004924594,0.20505293,8.45
8c992q,6578ad3dae3999001ffd08eb,0.06410012,0.18097372,0.25069022,0.39918593,0.15177679,0.56943786,0.11129911,0.32919475,0.013349563,0.042550452,0.23237456,0.14930901,0.021990653,0.0353863,0.13959175,9.25
8c992q,6578ac05ae3999001ffc4c92,0.5747129,0.3622354,0.17246792,0.39372954,0.4703784,0.58816046,0.33608648,0.16678599,0.002994537,0.025002124,0.0777699,0.015318131,0.011405042,0.004364311,0.36995992,4.05
8c992q,6578ac6eae3999001ffc9c53,0.3747018,0.40121728,0.33900893,0.4743229,0.103260614,0.3307102,0.20413758,0.21642438,0.008583069,0.010803374,0.03423163,0.04266402,0.13815513,0.011854411,0.21989623,5.8
8c992q,6578abccae3999001ffc132a,0.5736822,0.8238113,0.46306062,0.7116274,0.20381775,0.74312913,0.3181054,0.1373533,0.004253388,0.009286462,0.06372428,0.028230323,0.05203775,0.012326228,0.2667919,3.1
3ca1aa,6578acd9ae3999001ffcd9a1,0.058960643,0.14177594,0.68546927,0.18780111,0.010717618,0.106708884,0.07780581,0.027088705,0.001354218,0.004772724,0.008348881,0.011577694,0.011663958,0.004895105,0.25652498,6.633333333333334
3ca1aa,6578abbfae3999001ffc0637,0.35466036,0.506782,0.48722953,0.6394642,0.12825382,0.6914219,0.21883002,0.15324512,0.003681183,0.047448806,0.06459839,0.017026093,0.029069828,0.005750274,0.17956015,1.9333333333333333
3ca1aa,6578ac09ae3999001ffc4f77,0.048882913,0.14652205,0.8470716,0.16509432,0.000188695,0.106708884,0.14913096,0.059727192,0.002727509,0.004402745,0.011578901,0.012858666,0.04132889,0.005897717,0.25534597,3.15
myryr2,6578abc2ae3999001ffc0957,0.19967446,0.13010159,0.26853967,0.13798015,0.08335247,0.13908774,0.2789444,0.049831573,0.001907349,0.024198212,0.012946909,0.01354185,0.006647474,0.006546466,0.19873369,2.5166666666666666
myryr2,6578ac0dae3999001ffc52f1,0.4576787,0.30006987,0.3939286,0.13464333,0.22435349,0.13125886,0.525336,0.011246625,0.000944138,0.002367863,0.007303875,0.012961143,0.006861079,0.008433735,0.2037732,3.7666666666666666
myryr2,6578ab8eae3999001ffbd1aa,0.4928531,0.58944714,0.11440699,0.40283436,0.23543736,0.5523462,0.6294012,0.20705862,0.010375977,0.1714862,0.0573046,0.0961592,0.044602267,0.021349736,0.3638431,1.6333333333333333
myryr2,6578ac46ae3999001ffc7d4e,0.78529406,0.49848694,0.6128522,0.12534684,0.22190776,0.116359964,0.84255666,0.00804228,0.000705719,0.002108878,0.006648371,0.010962827,0.006874025,0.00521948,0.21267883,4.716666666666667
3naupc,6578abeaae3999001ffc340e,0.769056,0.44230092,0.49671254,0.0834797,0.17506383,0.1361225,0.8205591,0.01024134,0.000815392,0.003570293,0.007417875,0.013610168,0.007288289,0.009259416,0.16531992,2.6166666666666667
3naupc,6578abc5ae3999001ffc0c4e,0.1320083,0.086567976,0.14230952,0.52405065,0.075996056,0.545495,0.20801824,0.04067813,0.001091957,0.028418748,0.012794908,0.012414595,0.00632383,0.003980959,0.38940248,2
3naupc,6578ac4bae3999001ffc80a7,0.11183177,0.17844121,0.197553,0.20442122,0.1303544,0.19070588,0.25769764,0.010618322,0.00056982,0.001572409,0.007455876,0.010501678,0.006200845,0.004334822,0.19005221,4.233333333333333
3naupc,6578ad09ae3999001ffcf10c,0.80272466,0.7245076,0.51786315,0.36676258,0.26176634,0.5817032,0.7845592,0.05205809,0.001811981,0.013144426,0.015568925,0.016411226,0.010809537,0.01250316,0.24541892,7.4
ama2px,6578ad85ae3999001ffd249d,0.3836033,0.6724032,0.1063522,0.3578942,0.07241669,0.5458377,0.13888659,0.11078331,0.004215241,0.004162259,0.015340924,0.015113175,0.13211988,0.004954082,0.18263125,5.05
81bn1h,6578ad46ae3999001ffd0d18,0.4885276,0.25724247,0.35455325,0.5311825,0.22803417,0.5279165,0.06575776,0.09351514,0.001983643,0.0233943,0.029273475,0.015079016,0.008919456,0.009554301,0.30661163,6.266666666666667
81bn1h,6578adb8ae3999001ffd319d,0.48960838,0.44230092,0.5862048,0.66796494,0.437613,0.6137894,0.20317163,0.034277402,0.000948906,0.020178653,0.012604907,0.011048226,0.00636914,0.004275845,0.30552748,8.166666666666666
81bn1h,6578ae24ae3999001ffd4953,0.11183177,0.31525165,0.30077735,0.23170424,0.011842369,0.3006852,0.097779684,0.039935954,0.001096726,0.004125261,0.01632893,0.011936366,0.008349842,0.003494397,0.21769458,9.966666666666667
b947k8,6578b004696fd6002053cd30,0.40582877,0.22893222,0.14790365,0.11114024,0.17281176,0.12838791,0.5047568,0.027442247,0.001430512,0.007029593,0.012566907,0.018597418,0.007728445,0.010438959,0.29362875,8.616666666666667
b947k8,6578af79696fd6002053b415,0.32175437,0.19644909,0.14790365,0.06691635,0.07419816,0.10929321,0.27163783,0.057748068,0.002803803,0.005845661,0.011274899,0.016069634,0.025961896,0.00896453,0.4863884,6.3
c11h7u,6578bfe37bce65001f0118f9,0.3679965,0.25724247,0.32696992,0.23517443,0.26685292,0.20240258,0.33608648,0.011623607,0.000886917,0.002256869,0.007284875,0.012756188,0.006964645,0.007843964,0.1678669,1.0333333333333334
c11h7u,6578bfbfc58581001f0f1e30,0.32392803,0.321393,0.26853967,0.19440953,0.2604987,0.15914497,0.27629468,0.023317585,0.001792908,0.004772724,0.009944891,0.01941724,0.008168601,0.014626338,0.23731749,0.43333333333333335
c11h7u,6578bff1c58581001f0f1ff1,0.25906992,0.21791112,0.16485271,0.16829737,0.20620574,0.17664811,0.26514557,0.015079274,0.001316071,0.003422302,0.007873878,0.015010698,0.007974415,0.013033954,0.12941645,1.2666666666666666
c11h7u,6578c031c58581001f0f2157,0.41456708,0.3510838,0.33383814,0.2282475,0.25040436,0.19070588,0.34446642,0.013571346,0.001111031,0.002978328,0.007873878,0.014122557,0.007340072,0.010026119,0.20634131,2.3333333333333335
c11h7u,6578c17b7bce65001f0124e8,0.30447376,0.13941906,0.11034848,0.13133545,0.07964143,0.2344353,0.35851258,0.112746716,0.004768372,0.06476828,0.019354604,0.023243073,0.009644418,0.012208274,0.20515549,7.833333333333333
aeenr8,6578ca177bce65001f013a39,0.27588674,0.27033064,0.26853967,0.25168148,0.2758032,0.19070588,0.2990281,0.017215505,0.001916885,0.004772724,0.009032886,0.01887069,0.008634649,0.01480327,0.20124789,4.816666666666666
x2xkh6,6578d92a7bce65001f015b29,0.28305343,0.23171476,0.14230952,0.13464333,0.17619257,0.13809541,0.30038044,0.014073989,0.001058579,0.003015325,0.008253881,0.014327513,0.00713294,0.009672256,0.31655005,7
x2xkh6,6578d88fc58581001f0f5cd2,0.50443107,0.31219605,0.41327515,0.16829737,0.27837306,0.14995342,0.48166433,0.009613037,0.000953674,0.003033824,0.006933373,0.012756188,0.007016428,0.008020895,0.15206935,4.4
2k8crd,6579e2d1f39e78001fa2d6b0,0.6555161,0.7488716,0.24282813,0.70922726,0.22803417,0.79304135,0.25769764,0.15103401,0.00617981,0.029917859,0.037395194,0.048175167,0.085497424,0.026303818,0.29465127,3.7
2k8crd,6579e38df4915500205bef9e,0.52292305,0.8261029,0.30077735,0.7334696,0.54347956,0.82747763,0.35780817,0.15158679,0.005187988,0.009471451,0.036104713,0.022218296,0.13464862,0.00979021,0.19276738,6.85
pqkrcg,6579e633f39e78001fa302e3,0.09264324,0.072207004,0.68870485,0.15872851,0.084290154,0.14432828,0.119192705,0.071337044,0.002593994,0.034558404,0.017485369,0.021945024,0.017156094,0.015452018,0.33006117,2.55
pqkrcg,6579e5eaf39e78001fa2f650,0.39919263,0.31678307,0.79574835,0.14928007,0.014132977,0.23307678,0.27761862,0.032863233,0.000905991,0.013144426,0.010628895,0.010706633,0.006809296,0.004629708,0.2009693,1.3333333333333333
pqkrcg,6579e7a7f39e78001fa3525c,0.08714753,0.21246682,0.0855105,0.10487753,0.04312292,0.11726139,0.10055544,0.4574824,0.034110364,0.035847444,0.08484049,0.1696208,0.54479665,0.030432219,0.35580066,8.733333333333333
pqkrcg,6579e6fdf39e78001fa32a9b,0.46550262,0.46404538,0.2546384,0.3493781,0.092915915,0.43495694,0.10819229,0.3057765,0.007667542,0.30103904,0.24835461,0.060951006,0.007663717,0.0204061,0.342747,5.916666666666667
pqkrcg,6579e76ef39e78001fa344d4,0.24714777,0.13707347,0.18784583,0.11977882,0.08617879,0.18300404,0.10055544,0.3389984,0.009498596,0.3802808,0.24928534,0.06044999,0.00814271,0.008787598,0.18236387,7.783333333333333
pqkrcg,6579e683f39e78001fa30f02,0.27349865,0.22893222,0.11338645,0.30992806,0.10062749,0.26588342,0.1631984,0.22579013,0.006256104,0.26494437,0.060927123,0.04667213,0.008712323,0.012208274,0.26598784,3.8833333333333333
23kn1d,6579e629f4915500205c180c,0.23531619,0.13707347,0.08732515,0.08907493,0.117865905,0.093530096,0.20899242,0.07371122,0.002193451,0.007510565,0.027218282,0.024541125,0.008531082,0.018872695,0.2397981,0.8666666666666667
23kn1d,6579e7f0f4915500205c7bf4,0.6157024,0.61213875,0.2987437,0.4540749,0.2074021,0.7351076,0.48203042,0.165053,0.005340576,0.15945168,0.04442204,0.041160982,0.011146127,0.017457243,0.354903,8.45
2rge23,6579e829f4915500205c8d22,0.56853205,0.6940988,0.52250797,0.7935807,0.1335193,0.8283611,0.43520868,0.03639866,0.001716614,0.002996826,0.012604907,0.011611853,0.012803185,0.003700818,0.18268904,7.433333333333334
e4dzw1,6579e77af4915500205c5e75,0.7944499,0.4512681,0.6625984,0.5521587,0.28094688,0.6297547,0.7793703,0.03109552,0.001316071,0.005586676,0.010476895,0.011594773,0.011741633,0.004069425,0.30760545,7.65
e4dzw1,6579e6e8f39e78001fa32636,0.4766716,0.4670292,0.91418505,0.45766747,0.06890261,0.46527895,0.4650342,0.05725329,0.000944138,0.00294133,0.028502205,0.013063621,0.006835188,0.005248968,0.15035729,5.216666666666667
e4dzw1,6579e68ef39e78001fa310e9,0.81668776,0.5594913,0.5485262,0.62240475,0.48270583,0.74881315,0.600755,0.046120718,0.001392365,0.004883717,0.018001022,0.01220964,0.010628296,0.003582863,0.18360895,3.7
7rt1gd,6579e725f4915500205c49dc,0.41237864,0.5135949,0.60239846,0.59998083,0.3349665,0.6639042,0.2683853,0.17371799,0.004749298,0.016762028,0.05086332,0.039407436,0.04233929,0.016985426,0.23477153,3.8333333333333335
7rt1gd,6579e85ff4915500205c9a44,0.2542906,0.30915013,0.14417121,0.34266365,0.0366042,0.40845287,0.16678733,0.048842013,0.001716614,0.005919657,0.012566907,0.013166099,0.018710058,0.00563232,0.21474801,9.083333333333334
p4am1m,6579e728f4915500205c4ad4,0.74853635,0.47826806,0.49329638,0.09879968,0.31091207,0.11816678,0.7644271,0.011183795,0.001044273,0.002996826,0.007607877,0.014395831,0.006925808,0.009672256,0.16004789,2.066666666666667
p4am1m,6579e6f5f39e78001fa328ff,0.15355562,0.25149468,0.0910024,0.1100836,0.041647345,0.10081833,0.10358816,0.3969567,0.023076924,0.026810925,0.06250052,0.1184936,0.5195707,0.016277699,0.15165763,1.2333333333333334
7ubzwf,6579e725f39e78001fa33344,0.7894918,0.43338785,0.3807178,0.17474432,0.40912163,0.28245366,0.7399864,0.36095104,0.015350811,0.2854555,0.3388922,0.1110661,0.008764107,0.028309042,0.19974664,1.1833333333333333
7ubzwf,6579e79cf4915500205c6691,0.32392803,0.57786816,0.15728761,0.584761,0.26176634,0.71181047,0.27272516,0.054284602,0.001401901,0.03223813,0.016024929,0.012482914,0.007482476,0.004570731,0.26975235,3.1666666666666665
xz8b2v,6579ebc9f4915500205d8d99,0.42114583,0.321393,0.23891157,0.58716047,0.55152154,0.6593476,0.17040536,0.079250954,0.002145767,0.011839314,0.025800243,0.016035475,0.011663958,0.00563232,0.21931332,5.766666666666667
gvkuyq,6579e98df4915500205cdb27,0.75380856,0.6538586,0.38863412,0.64843494,0.5737927,0.6787824,0.72338355,0.01859777,0.000705719,0.007991537,0.008804884,0.012551232,0.006446815,0.006575955,0.30598179,6.2
gvkuyq,6579e8fcf4915500205cbc09,0.6545657,0.73808193,0.22906929,0.7772561,0.39876887,0.84035045,0.55720055,0.04315203,0.001173019,0.02048012,0.014884921,0.013610168,0.007016428,0.006723397,0.37508747,3.783333333333333
k9b2r8,6579e81ef39e78001fa3735b,0.39026847,0.43783733,0.30281326,0.29872808,0.12616077,0.31489727,0.1631984,0.08953904,0.002613068,0.002811837,0.013782915,0.019075647,0.04880493,0.007902941,0.25976717,1.3333333333333333
k9b2r8,6579e85df39e78001fa382da,0.5095557,0.2925717,0.4978517,0.099799976,0.13246238,0.116359964,0.7945969,0.010115679,0.000982285,0.002774839,0.007132874,0.012961143,0.007158832,0.008374758,0.29111058,2.3666666666666667
k9b2r8,6579e991f39e78001fa3c5f3,0.7905382,0.6965756,0.43945,0.70997745,0.46241188,0.8008057,0.6526716,0.046120718,0.001964569,0.003662788,0.014086916,0.014634945,0.0130621,0.005868228,0.1727233,7.5
xre2zy,6579e969f39e78001fa3bc3d,0.4080091,0.3431874,0.15917414,0.16829737,0.059575163,0.13710694,0.15786818,0.112540044,0.002937317,0.006622616,0.04090862,0.012995303,0.032005094,0.003804027,0.3870874,2.7
3q3g78,6579ed6bf39e78001fa50644,0.35466036,0.18097372,0.45291796,0.52761376,0.22557884,0.5813628,0.20317163,0.019728716,0.00087738,0.011987305,0.008462882,0.010569996,0.006530962,0.004836128,0.27530017,3.3666666666666667
3q3g78,6579edbff4915500205e438e,0.6194844,0.32293442,0.30281326,0.36854327,0.4297756,0.49253187,0.30580607,0.11429678,0.002555847,0.10221587,0.026960457,0.015318131,0.006647474,0.004541242,0.40377042,4.766666666666667
3q3g78,6579ecf1f4915500205de778,0.46102837,0.43783733,0.49519384,0.2813899,0.35935265,0.32062647,0.14397636,0.10913446,0.002250671,0.09162762,0.024640027,0.014634945,0.006200845,0.003597607,0.26257923,1.3333333333333333
d91kgd,6579ead5f39e78001fa43646,0.7070907,0.6003273,0.469465,0.65427893,0.2604987,0.7634138,0.7166579,0.08320791,0.001535416,0.055673428,0.02212623,0.013576009,0.00641445,0.004718174,0.36448997,6.7
d91kgd,6579ea14f4915500205d0756,0.6142852,0.2017425,0.6293527,0.64064837,0.34374136,0.7281775,0.522239,0.035691574,0.001239777,0.026408968,0.011920903,0.012312118,0.006343249,0.004128402,0.33051032,3.5
fvvpfd,6579e9b6f39e78001fa3d14c,0.3836033,0.5851015,0.1956059,0.3721121,0.09801555,0.68891424,0.20899242,0.009236055,0.000495911,0.002275368,0.006714871,0.010074687,0.006401504,0.004305333,0.18626814,1.25
fvvpfd,6579eaf0f4915500205d5444,0.39695814,0.58148307,0.2825658,0.62476623,0.24914877,0.49311456,0.30852884,0.4269174,0.011978149,0.28034934,0.47384647,0.17148167,0.006925808,0.013446795,0.39093098,6.483333333333333
fvvpfd,6579ebbef39e78001fa4720f,0.05557129,0.3510838,0.5563657,0.6830554,0.09097064,0.7035303,0.10974196,0.045873325,0.001554489,0.022992345,0.016632931,0.018255826,0.006718676,0.009318393,0.4347559,9.916666666666666
fvvpfd,6579eaa8f39e78001fa427d0,0.548799,0.24012628,0.21717434,0.6310121,0.57781667,0.67556167,0.27272516,0.24442963,0.008125305,0.21668483,0.110259406,0.07676199,0.007741391,0.021703599,0.315491,5.283333333333333
fvvpfd,6579eab0f39e78001fa42ab4,0.44988045,0.38829944,0.084609546,0.09097979,0.15177679,0.14619578,0.4269237,0.01822079,0.001468658,0.005734668,0.008500882,0.01620627,0.00838868,0.012031343,0.18316785,5.416666666666667
fvvpfd,6579eb42f4915500205d6acd,0.5085306,0.3526706,0.5667637,0.38468158,0.14204384,0.45931423,0.23389664,0.03192045,0.000777245,0.003311308,0.014352918,0.013644327,0.006692784,0.005573343,0.27075502,7.85
fvvpfd,6579ea28f4915500205d0e7c,0.08533011,0.5196685,0.843073,0.30992806,0.022587769,0.32493976,0.10358816,0.048594624,0.001401901,0.032753747,0.01302291,0.011116544,0.006789878,0.00343542,0.27015424,3.15
8z7uzd,6579ec50f4915500205db890,0.78923,0.6940988,0.63381755,0.6007835,0.6024346,0.54361105,0.677725,0.022139108,0.000824928,0.006659614,0.010096892,0.011031146,0.006679839,0.004806639,0.3641407,9.916666666666666
8z7uzd,6579ea79f4915500205d2b91,0.8353387,0.6256084,0.65710026,0.33105546,0.19796546,0.68640155,0.8299537,0.014011159,0.000462532,0.001997884,0.009298887,0.01041628,0.006252628,0.003553374,0.2518526,2.066666666666667
8z7uzd,6579eb23f4915500205d6212,0.65908056,0.42895418,0.132634,0.2751628,0.16832852,0.6271014,0.6451564,0.030977672,0.001144409,0.015455672,0.009545889,0.011031146,0.007262398,0.004452776,0.28163588,4.916666666666667
8z7uzd,6579ebbef39e78001fa4722d,0.5747129,0.37169906,0.07667982,0.115418,0.093894765,0.37571815,0.5499005,0.028385026,0.001153946,0.01374736,0.009127886,0.010245483,0.006938754,0.00395147,0.258874,7.5
vc9m7z,6579ebb8f4915500205d873b,0.3304673,0.42306393,0.30077735,0.28923154,0.046121623,0.37910187,0.2640687,0.034748793,0.001621246,0.003422302,0.010476895,0.01086035,0.012906751,0.003921982,0.2429939,5.033333333333333
vc9m7z,6579ec3af4915500205db306,0.16568017,0.15614524,0.6128522,0.11868066,0.038025744,0.14807095,0.16141449,0.044636376,0.001745224,0.00588266,0.012338906,0.012073003,0.013217449,0.003774539,0.416902,7.216666666666667
vc9m7z,6579ec72f39e78001fa4a98c,0.7716034,0.40845597,0.5774659,0.09193956,0.21100153,0.1331928,0.81460756,0.006785673,0.000743866,0.00172965,0.006553371,0.011150704,0.006518017,0.005514365,0.26899895,8.15
ge1tnt,6579ec4df39e78001fa4a044,0.32610464,0.11233474,0.32525784,0.2550139,0.093894765,0.23307678,0.34727085,0.016587202,0.001215935,0.003089321,0.00821588,0.014737424,0.007663717,0.011972365,0.22562465,4.05
ge1tnt,6579ebc9f4915500205d8d5b,0.37917098,0.4512681,0.10834246,0.09290418,0.15615022,0.14807095,0.35288873,0.021432023,0.001583099,0.006918599,0.009868891,0.01846078,0.008556974,0.017457243,0.2820352,1.85
ge1tnt,6579ebf7f4915500205d9ddd,0.60154647,0.31985405,0.45366803,0.1100836,0.1841414,0.12838791,0.7880857,0.008670582,0.000824928,0.001775897,0.006999873,0.010638315,0.006498598,0.004836128,0.17574215,2.6
ge1tnt,6579ed03f39e78001fa4d824,0.42774367,0.5533413,0.2645553,0.48048222,0.11172729,0.61312175,0.2238104,0.04216247,0.001869202,0.002192123,0.010210892,0.012722028,0.020264024,0.004393799,0.2137185,7.066666666666666
ge1tnt,6579ed61f39e78001fa501af,0.60909146,0.49247497,0.3623644,0.26898047,0.16944648,0.18556258,0.48148128,0.0926474,0.003070831,0.01857083,0.01625293,0.017094411,0.034422375,0.009259416,0.24572311,8.65
r68ngt,6579ec24f39e78001fa49503,0.6407978,0.43338785,0.41767442,0.19109875,0.19333,0.27275658,0.7333821,0.014827953,0.001153946,0.005993653,0.009165886,0.015044857,0.007819066,0.009967142,0.19087464,2.0833333333333335
r68ngt,6579ecfef39e78001fa4d63e,0.21657933,0.13010159,0.15352494,0.12199044,0.059575163,0.2769019,0.2829303,0.012000589,0.000677109,0.002719343,0.007493876,0.011201942,0.006835188,0.006015671,0.18090282,5.733333333333333
r68ngt,6579ecd4f4915500205ddd39,0.6034316,0.46404538,0.1762937,0.7257044,0.49314174,0.8460776,0.31125638,0.030506283,0.001964569,0.002700844,0.008614883,0.012073003,0.015429466,0.004275845,0.24783699,5.033333333333333
r68ngt,6579ed60f39e78001fa500fc,0.27108505,0.32447803,0.37283075,0.67416996,0.15286757,0.7374063,0.34166783,0.02685301,0.001401901,0.001461415,0.008386881,0.011150704,0.01254427,0.00395147,0.2445317,7.35
uhuuy9,6579ed52f39e78001fa4f9af,0.6453049,0.3854497,0.44243634,0.33105546,0.064601645,0.5535444,0.71890485,0.01834645,0.00105381,0.002136626,0.007645877,0.010655395,0.009048914,0.003892493,0.2748788,4.316666666666666
uhuuy9,6579ede6f4915500205e547a,0.46550262,0.6888648,0.2987437,0.60432774,0.12825382,0.779929,0.30989113,0.026145924,0.001239777,0.002534353,0.008861885,0.011372739,0.010757755,0.004128402,0.22027603,6.766666666666667
uhuuy9,6579ee94f4915500205eb227,0.41895068,0.33535045,0.76184404,0.20778568,0.099318996,0.17034614,0.3139914,0.036870047,0.001440048,0.006622616,0.010780896,0.013849284,0.009747985,0.00687084,0.31675386,9.683333333333334
dh4khq,6579ed27f4915500205dfed1,0.73392284,0.4834925,0.5164223,0.3544385,0.36480474,0.32206288,0.56466633,0.15269235,0.003490448,0.1294935,0.029383656,0.038154904,0.007819066,0.014154521,0.28333852,5.633333333333334
dh4khq,6579ec31f39e78001fa498e1,0.33703154,0.46927068,0.28659645,0.3493781,0.23915827,0.50235665,0.3493778,0.01859777,0.000715256,0.007917541,0.008918885,0.011628932,0.00632383,0.004836128,0.21224362,1.55
dh4khq,6579edcff4915500205e4a89,0.06756433,0.086567976,0.63046956,0.09002491,0.049958427,0.0749414,0.07633074,0.017215505,0.00079155,0.002922831,0.008614883,0.013029462,0.006511543,0.006841352,0.17567681,8.45
dh4khq,6579ecb2f39e78001fa4bbb4,0.77949095,0.73429036,0.63771766,0.36320755,0.21825084,0.49003506,0.81528044,0.019226074,0.001029968,0.00828752,0.008956885,0.012141321,0.007016428,0.005720785,0.27299243,3.7
xnukn4,6579ee80f39e78001fa59255,0.80631167,0.7792133,0.5193043,0.6949402,0.47699177,0.80031264,0.82312846,0.010492661,0.000522137,0.004180758,0.007341875,0.010347961,0.006200845,0.004128402,0.33829528,6.883333333333334
xnukn4,6579edd9f4915500205e4f11,0.7905382,0.7020724,0.722111,0.58396184,0.36412275,0.63967234,0.59530926,0.059974585,0.001401901,0.037394293,0.020192537,0.010945748,0.006213791,0.004216868,0.31209132,4.116666666666666
xnukn4,6579ed6cf4915500205e1d0a,0.64127207,0.33691296,0.5008911,0.16509432,0.10767364,0.32062647,0.13220452,0.081625134,0.00169754,0.020781586,0.023866551,0.011014067,0.011275585,0.003597607,0.31979695,2.3
7huwnb,6579ede3f4915500205e538e,0.3590947,0.47976455,0.11852835,0.1977331,0.25670323,0.20502599,0.07342768,0.38601747,0.005760193,0.037909906,0.4339631,0.04642162,0.007909686,0.00896453,0.33920774,9.916666666666666
7huwnb,6579ec0ef39e78001fa48e94,0.40142974,0.7776331,0.16106391,0.2751628,0.3898157,0.27137864,0.07929607,0.24282593,0.0050354,0.014551271,0.15911613,0.020373698,0.058826666,0.007843964,0.27048987,2.1
7huwnb,6579ecfff4915500205ded3b,0.5003387,0.80317074,0.27253446,0.50799197,0.21100153,0.43900514,0.21783899,0.10175867,0.002727509,0.004291751,0.026960457,0.020442016,0.029415153,0.007961918,0.24881092,6.116666666666666
7huwnb,6579ed73f39e78001fa50a52,0.49931642,0.8070808,0.6002219,0.5971722,0.26557916,0.47274432,0.18888894,0.20839658,0.007591248,0.005327691,0.024640027,0.021398475,0.33609006,0.005720785,0.21037894,8.05
7huwnb,6579ec99f39e78001fa4b3f2,0.41237864,0.855309,0.39127967,0.62645334,0.27708808,0.59460574,0.22181296,0.13908891,0.005073547,0.015355183,0.036435258,0.024951037,0.085497424,0.013446795,0.27965516,4.416666666666667
7huwnb,6579ed1df39e78001fa4e40c,0.31741676,0.48947597,0.08823851,0.10903197,0.095864415,0.10500617,0.13055216,0.04760506,0.001120567,0.004439743,0.018645585,0.014156717,0.008000307,0.004629708,0.2105015,6.6
p1dvdf,6579ee44f4915500205e8399,0.6180653,0.5712946,0.11646001,0.28608742,0.13563919,0.5731886,0.4705115,0.02343543,0.000729561,0.009249465,0.010514895,0.010313802,0.00679635,0.004423288,0.26606417,7.65
77e76n,6579ed1cf4915500205dfa62,0.7279264,0.528809,0.5149818,0.20107053,0.121998236,0.3568231,0.79117465,0.0201057,0.001215935,0.002774839,0.00812088,0.01130442,0.008466354,0.006163114,0.20487572,1.8166666666666667
77e76n,6579ed47f4915500205e0bbb,0.49177095,0.45577124,0.12165971,0.19109875,0.13883325,0.4517044,0.31536126,0.07845957,0.003604889,0.003015325,0.009678889,0.013780965,0.06561559,0.006929818,0.18860471,2.533333333333333
77e76n,6579edc2f4915500205e44ec,0.2329597,0.23731218,0.07667982,0.11977882,0.0366042,0.27413666,0.16859275,0.2359567,0.010375977,0.2308735,0.03489272,0.026180768,0.056563694,0.013800657,0.23403019,4.566666666666666
7aubcq,6579ece8f39e78001fa4cd8d,0.17790961,0.27917442,0.1956059,0.39372954,0.01707348,0.48970208,0.13553135,0.17111848,0.004005432,0.011025362,0.07365121,0.023243073,0.053654157,0.007342658,0.28020513,1.85
7aubcq,6579ed54f4915500205e118d,0.037467137,0.08458632,0.70740086,0.23517443,0.000188695,0.2810631,0.10819229,0.031213367,0.001420975,0.002210622,0.009545889,0.010023449,0.011663958,0.003523886,0.19796854,3.65
7aubcq,6579ee27f39e78001fa55ca9,0.5944862,0.42012855,0.39835098,0.24175529,0.11992822,0.2522206,0.48770663,0.037105743,0.001583099,0.003089321,0.010324894,0.012243799,0.012958534,0.004069425,0.27360913,7.166666666666667
7aubcq,6579ed86f39e78001fa5138d,0.4080091,0.47001863,0.18013267,0.3614341,0.1303544,0.56055653,0.28826994,0.043646812,0.002212524,0.002007134,0.008956885,0.011816809,0.03304107,0.004836128,0.3950717,4.483333333333333
qrdffz,6579ed66f4915500205e1a6d,0.80809724,0.47226468,0.5874523,0.52315956,0.14097191,0.6521596,0.7857409,0.11067997,0.00246048,0.006511623,0.032799274,0.013473531,0.03165977,0.004275845,0.26738453,2.5833333333333335
qrdffz,6579edd0f39e78001fa5353a,0.2926585,0.2630332,0.8083721,0.15556577,0.30106235,0.12368249,0.17956558,0.053295042,0.002269745,0.009545447,0.013858915,0.021945024,0.011819307,0.011795434,0.14253122,4.35
qrdffz,6579ee22f4915500205e6f59,0.3130916,0.15131176,0.2231094,0.12989433,0.5924978,0.20371327,0.14740507,0.036870047,0.001802445,0.005105704,0.010704896,0.020032106,0.012026439,0.013033954,0.22534907,5.716666666666667
hy49dg,6579ede8f4915500205e55c6,0.7996335,0.56538826,0.5510928,0.41383398,0.67906696,0.47340828,0.62369984,0.19789438,0.006256104,0.18002926,0.034672357,0.01887069,0.08396416,0.005573343,0.2802652,2.466666666666667
hy49dg,6579ef51f4915500205f14fd,0.780284,0.75584805,0.3232997,0.20107053,0.18757416,0.38724858,0.76346195,0.026028076,0.000810623,0.004883717,0.010400894,0.012961143,0.008285114,0.005691297,0.304384,8.483333333333333
hy49dg,6579eeccf39e78001fa5bcca,0.20932254,0.38402683,0.12900025,0.49108768,0.13246238,0.57216626,0.10358816,0.22579013,0.00705719,0.18705739,0.06652143,0.031140719,0.08703069,0.00979021,0.381221,6.25
kuedgq,6579ef21f4915500205efb58,0.19967446,0.20707954,0.63270146,0.12647597,0.13883325,0.095122136,0.22181296,0.00706841,0.000600815,0.001507663,0.006325369,0.01086035,0.006291465,0.006133626,0.16687767,8.366666666666667
kuedgq,6579ee9ef4915500205eb83a,0.2329597,0.14414358,0.59959984,0.04554747,0.030395774,0.040050447,0.07199883,0.017341165,0.000562668,0.003089321,0.009203887,0.010655395,0.006272047,0.003494397,0.1614694,6.183333333333334
kuedgq,6579ee2cf4915500205e74a4,0.39919263,0.2985656,0.27453586,0.14304936,0.19102257,0.15914497,0.44251856,0.01225191,0.001106262,0.002885833,0.007569877,0.013985921,0.007068211,0.010379982,0.1637474,4.283333333333333
kuedgq,6579ee10f39e78001fa55120,0.4863679,0.40990886,0.084609546,0.12647597,0.19912818,0.13809541,0.35780817,0.37458646,0.016512826,0.36702603,0.2659317,0.0569429,0.011819307,0.011205662,0.20090228,3.816666666666667
kuedgq,6579ef09f39e78001fa5dabd,0.25190613,0.17091095,0.07241507,0.20778568,0.28481755,0.26313692,0.34166783,0.085582085,0.004119873,0.060675595,0.021546122,0.03765389,0.011430934,0.03208358,0.2069383,7.983333333333333
gzuvcc,6579ee19f4915500205e6a4d,0.7212205,0.7375408,0.30689266,0.54899836,0.32221097,0.7176863,0.66249883,0.042657252,0.001087189,0.026408968,0.01290891,0.011868048,0.006440342,0.004393799,0.18631701,4.75
tqw1am,6579ed60f4915500205e175a,0.32175437,0.2985656,0.24675351,0.20778568,0.23296322,0.16410081,0.2789444,0.02543884,0.001678467,0.005475683,0.011274899,0.017845914,0.007844958,0.012031343,0.15836659,2.3833333333333333
tqw1am,6579ede9f39e78001fa5406e,0.4621461,0.35744265,0.10241937,0.063647136,0.057932016,0.11456946,0.29094967,0.0926474,0.004844666,0.003847777,0.00983089,0.015010698,0.07323132,0.007342658,0.30003098,4.666666666666667
72qrce,6579eef3f39e78001fa5cf91,0.6100353,0.42012855,0.4364669,0.14615701,0.28546375,0.15184323,0.66014105,0.011560776,0.001139641,0.003588792,0.007379876,0.013473531,0.007353018,0.008433735,0.18269178,4.083333333333333
mcv2qk,6579ee45f39e78001fa56efe,0.14633444,0.16594493,0.12418452,0.214554,0.1303544,0.23715812,0.16678733,0.123468354,0.003452301,0.10221587,0.029273475,0.02303812,0.006563326,0.006782374,0.17840616,2.6
mcv2qk,6579ee85f39e78001fa594f7,0.10824748,0.15131176,0.2231094,0.12647597,0.0637539,0.0896192,0.27272516,0.026028076,0.001072884,0.003311308,0.01313691,0.016342908,0.006964645,0.008669644,0.37028334,3.65
mcv2qk,6579ee1af4915500205e6af1,0.2542906,0.4497687,0.19172014,0.32450983,0.1045852,0.35956848,0.2829303,0.11336674,0.002689362,0.08583717,0.03136692,0.0166845,0.006699257,0.003715562,0.21379729,1.8666666666666667
pm4ux8,6579ee6af39e78001fa584c7,0.79678726,0.6181432,0.56824803,0.25168148,0.240402,0.42362174,0.83115655,0.013005874,0.000572205,0.002108878,0.009089886,0.010262563,0.006077861,0.003980959,0.22306025,1.6
pm4ux8,6579efb8f39e78001fa634f2,0.86815697,0.6854188,0.52884966,0.5827628,0.7062525,0.70234245,0.80630666,0.026970858,0.000705719,0.007510565,0.012870909,0.012414595,0.005857782,0.004895105,0.32202727,7.15
pm4ux8,6579ef20f4915500205efac7,0.51468873,0.3384778,0.0855105,0.55374026,0.40463307,0.7129883,0.6192548,0.024142517,0.000944138,0.011691323,0.010514895,0.011355659,0.006110225,0.004039936,0.2974574,4.633333333333334
g9kueq,6579f025f4915500205f8525,0.8201833,0.6902423,0.62039536,0.6825045,0.89404577,0.6567377,0.6927674,0.049089402,0.002117157,0.002719343,0.011654901,0.014839902,0.018364733,0.015923835,0.3764631,8.533333333333333
g9kueq,6579ef02f39e78001fa5d6fd,0.2447739,0.2866146,0.2785459,0.15556577,0.093894765,0.19848377,0.15086368,0.07291982,0.002183914,0.003588792,0.020708188,0.017436003,0.013579931,0.004511754,0.20652728,3.6666666666666665
g9kueq,6579eed7f39e78001fa5c205,0.6929514,0.7881259,0.42976815,0.84063655,0.9271371,0.8327246,0.49943775,0.11140333,0.003948212,0.008953481,0.035443626,0.02932342,0.03373172,0.019108603,0.31668147,2.966666666666667
qaq4n1,6579f00df39e78001fa66287,0.7965279,0.38687348,0.53494334,0.29080722,0.50567317,0.3379565,0.5124172,0.20009702,0.003700256,0.21866,0.062150877,0.018665737,0.006673365,0.004275845,0.30725667,8.3
qaq4n1,6579eecaf39e78001fa5bc0d,0.66448694,0.77023435,0.39658093,0.21795772,0.13563919,0.35545176,0.64138705,0.071337044,0.001745224,0.044612918,0.016936934,0.015249812,0.00737891,0.00707726,0.21600997,2.9166666666666665
qaq4n1,6579ef49f39e78001fa5fb15,0.062378917,0.17340991,0.843073,0.30992806,0.027734175,0.30919355,0.1631984,0.025910228,0.001382828,0.002312366,0.008576883,0.012107162,0.010835429,0.006575955,0.1849405,5.016666666666667
qaq4n1,6579f05cf4915500205f9ea1,0.37917098,0.40990886,0.100476414,0.27206606,0.103260614,0.5274905,0.4196557,0.048594624,0.002279282,0.027614836,0.012604907,0.019690514,0.007456584,0.013800657,0.33087295,9.616666666666667
ywrvdf,6579f01ef4915500205f816a,0.20932254,0.77182335,0.0837122,0.25826308,0.049958427,0.3988507,0.2749724,0.048842013,0.0020504,0.003829278,0.0114649,0.012517073,0.020436687,0.004393799,0.14898811,4.266666666666667
ywrvdf,6579f0b3f4915500205fc1cd,0.28066093,0.22616051,0.18978162,0.28295305,0.103260614,0.508271,0.2855966,0.050326355,0.002765656,0.004624732,0.009488888,0.015044857,0.027861187,0.007667032,0.37524986,6.75
ywrvdf,6579f135f39e78001fa6f376,0.027973387,0.05156109,0.077544875,0.17474432,0.0373131,0.16410081,0.06308177,0.1537979,0.004024506,0.021585498,0.04969218,0.031140719,0.026479885,0.013387818,0.21118863,8.916666666666666
gycuyc,6579ef3ef39e78001fa5f4e8,0.80554473,0.70179784,0.59804404,0.27982917,0.21825084,0.52774477,0.79117465,0.029327808,0.00125885,0.011691323,0.010780896,0.011970525,0.007301235,0.005160502,0.22495,1.7833333333333334
gycuyc,6579ef9cf39e78001fa6257e,0.7695195,0.49022526,0.50621337,0.12989433,0.34577155,0.1690925,0.7740721,0.011183795,0.001072884,0.003681287,0.007132874,0.013336895,0.007301235,0.008433735,0.15701391,3.35
trwye8,6579ef1df39e78001fa5e423,0.49718535,0.34791833,0.35282215,0.18451619,0.21220426,0.2156048,0.48129812,0.014576632,0.001173019,0.003144818,0.007892879,0.015147334,0.007223561,0.0108518,0.16374736,1.9833333333333334
trwye8,6579ef97f4915500205f387c,0.65314037,0.376459,0.09474389,0.39554617,0.7278821,0.4782259,0.56333977,0.11450345,0.003414154,0.10221587,0.02373764,0.019143965,0.007365964,0.0054259,0.24844009,4.016666666666667
arckq2,6579f0cbf4915500205fcd34,0.5612909,0.5876359,0.53345877,0.85726947,0.71473145,0.8395177,0.20899242,0.03545588,0.001101494,0.010137413,0.017872108,0.012961143,0.006433869,0.005484877,0.21014701,7.75
zfbz79,6579f0d5f4915500205fd18b,0.38804337,0.33691296,0.27653974,0.2384713,0.2604987,0.21427503,0.38173443,0.019980038,0.00169754,0.004680229,0.009469888,0.017367685,0.00814271,0.016749516,0.7784964,6.1
zfbz79,6579f167f39e78001fa71151,0.16811807,0.07972292,0.10144578,0.14615701,0.095864415,0.12743886,0.15260378,0.025674535,0.000715256,0.003995769,0.010894896,0.009818493,0.00641445,0.003700818,0.17498459,8.533333333333333
zfbz79,6579efa9f39e78001fa62cd6,0.15355562,0.4767654,0.4097624,0.3578942,0.051521268,0.50235665,0.21883002,0.07608539,0.003070831,0.00431025,0.011730902,0.014361672,0.07476458,0.004688685,0.16403712,1.1
zfbz79,6579effcf4915500205f6f87,0.09264324,0.14891115,0.7608501,0.09002491,0.041647345,0.10842784,0.05854002,0.2412222,0.010910034,0.010211408,0.021094928,0.027410502,0.34804323,0.008610667,0.25788295,2.4833333333333334
zfbz79,6579f12af491550020600133,0.6481531,0.39115757,0.25266296,0.101815864,0.173937,0.17034614,0.5242577,0.03875561,0.001101494,0.008176526,0.015036922,0.013473531,0.006783404,0.00583874,0.2242813,7.516666666666667
zfbz79,6579f082f39e78001fa698b7,0.51983213,0.74618,0.29468432,0.6540247,0.18072422,0.72701746,0.3374794,0.039935954,0.002098084,0.002904332,0.009868891,0.012312118,0.03165977,0.004069425,0.26876286,4.716666666666667
dg43kt,6579f055f39e78001fa685ce,0.1011181,0.3606355,0.74577683,0.09002491,0.08523248,0.05055534,0.116013184,0.07371122,0.00207901,0.00327431,0.015644927,0.024062896,0.019573374,0.013564749,0.20460303,4.3
dg43kt,6579f033f39e78001fa675fe,0.47774684,0.41136384,0.3939286,0.15556577,0.2630359,0.15668073,0.6173472,0.007225486,0.000858307,0.001794396,0.00650587,0.012004685,0.007119995,0.007136237,0.16918439,3.716666666666667
dg43kt,6579ef83f39e78001fa61810,0.48313004,0.3291235,0.05711943,0.15872851,0.23296322,0.45964542,0.5444904,0.057005897,0.002088547,0.03919895,0.014390918,0.013985921,0.007094103,0.00521948,0.22346316,0.8
ezemt4,6579f5f3699739001ff6d5d0,0.48528853,0.6905177,0.2546384,0.5347572,0.059575163,0.75558436,0.280271,0.03545588,0.001153946,0.014551271,0.011730902,0.010945748,0.007314181,0.003774539,0.22828898,6.9
ezemt4,6579f57c2d7b05001fe336b3,0.7399132,0.6394557,0.3580206,0.62645334,0.35595018,0.779929,0.46115026,0.032863233,0.00099659,0.020781586,0.010590895,0.010740792,0.006284993,0.003553374,0.31317124,4.933333333333334
9ztgau,6579eff2f39e78001fa65469,0.6881789,0.4805095,0.46720323,0.16190393,0.28805172,0.14995342,0.70988655,0.011560776,0.001115799,0.003736784,0.007284875,0.013576009,0.007430693,0.009200439,0.16322064,2.683333333333333
9ztgau,6579ef6bf39e78001fa60c51,0.7370952,0.4497687,0.39658093,0.10798564,0.113765255,0.14432828,0.5075096,0.083999306,0.003185272,0.007954539,0.017163089,0.021330157,0.028897164,0.010026119,0.15093707,0.45
mbb9g3,6579f063f4915500205fa19b,0.77183485,0.6987757,0.4902616,0.60315514,0.65370417,0.63306653,0.4701461,0.2786282,0.00919342,0.35624164,0.070799805,0.024677763,0.026307223,0.009908165,0.40397286,2.6666666666666665
mbb9g3,6579f07ef39e78001fa69735,0.26867455,0.34791833,0.11440699,0.16509432,0.028393986,0.30351397,0.326373,0.026970858,0.001592636,0.003181816,0.008234881,0.012004685,0.010913103,0.005750274,0.3586705,3.1166666666666667
mbb9g3,6579f0ebf39e78001fa6c85a,0.5819384,0.41720122,0.39127967,0.5895612,0.6588199,0.6317424,0.26622382,0.07212844,0.002441406,0.026408968,0.021288296,0.015625564,0.012906751,0.007726009,0.3005815,4.916666666666667
fkbkh9,6579f1e0f491550020606d47,0.67659277,0.7171417,0.56692,0.49374798,0.10767364,0.62311614,0.55852854,0.04834723,0.001926422,0.003052323,0.015948927,0.01265371,0.018019408,0.004777151,0.26986963,7.75
fkbkh9,6579f12ff39e78001fa6ef94,0.62989616,0.63653976,0.25069022,0.59476703,0.78200626,0.60977066,0.4546488,0.103928015,0.003414154,0.004125261,0.017088935,0.01982715,0.06270605,0.008610667,0.43552822,4.8
p6y7zy,6579f140f39e78001fa6fa2d,0.79210544,0.5113213,0.51562184,0.09290418,0.15834752,0.13125886,0.8212058,0.011623607,0.001158714,0.003718285,0.007028373,0.013405213,0.007443639,0.008256803,0.16874495,0.9833333333333333
p6y7zy,6579f229f39e78001fa7816c,0.56956154,0.56354445,0.43125516,0.72420913,0.20029284,0.7047167,0.33608648,0.017592486,0.000729561,0.00310782,0.009165886,0.010604155,0.007495422,0.003612352,0.23070364,4.866666666666666
241f8w,6579f1b6f491550020605045,0.33484155,0.5789522,0.10536304,0.52315956,0.18757416,0.64033186,0.18141639,0.16591948,0.006599426,0.009471451,0.034341812,0.023106437,0.13566011,0.008020895,0.25120348,3.8
241f8w,6579f2a5f49155002060edf6,0.33703154,0.35425907,0.16865413,0.25168148,0.22926421,0.17538343,0.30852884,0.031449065,0.002241135,0.004439743,0.01313691,0.027410502,0.008168601,0.019462466,0.16609535,7.766666666666667
241f8w,6579f25cf39e78001fa7a355,0.710889,0.7020724,0.69889146,0.5363987,0.44847745,0.6304175,0.4705115,0.040430736,0.00243187,0.002293867,0.008690883,0.012175481,0.034422375,0.004098913,0.23064125,6.566666666666666
cer1u8,6579f120f4915500205ffb91,0.53118056,0.3400453,0.636604,0.6168565,0.87652624,0.5996779,0.19455506,0.049831573,0.001296997,0.04641757,0.013554913,0.013200258,0.006485652,0.006104137,0.3675179,2.7333333333333334
cer1u8,6579f258f49155002060b59f,0.03586625,0.11441821,0.8592777,0.14304936,0.10591495,0.1075664,0.09119969,0.014576632,0.000548363,0.001701901,0.009127886,0.010467518,0.005964585,0.003405932,0.1572669,7.933333333333334
cer1u8,6579f2a4f39e78001fa7d827,0.27827218,0.27917442,0.8592777,0.20778568,0.19217539,0.21960624,0.31673273,0.009361716,0.000507832,0.00207188,0.007417875,0.010160086,0.006252628,0.004187379,0.25697178,9.2
cer1u8,6579f1c1f491550020605727,0.72175014,0.81507945,0.4167939,0.7754979,0.7361379,0.7176863,0.3682003,0.050573748,0.001335144,0.039714564,0.01625293,0.01128734,0.006498598,0.003921982,0.33093295,5.4
cer1u8,6579f21ff4915500206091b4,0.7279264,0.71468127,0.49595335,0.14615701,0.16055275,0.22901386,0.7222661,0.008984734,0.00056982,0.001812895,0.006980873,0.010501678,0.006699257,0.004423288,0.15715605,6.983333333333333
4me7dd,6579f2b1f49155002060f86b,0.2974811,0.25724247,0.2785459,0.1329856,0.25040436,0.15668073,0.326373,0.011372286,0.001125336,0.002552852,0.007417875,0.014190876,0.006899917,0.008492713,0.16771047,8.5
4me7dd,6579f28af39e78001fa7c3f0,0.4532196,0.43190852,0.18013267,0.3578942,0.02707787,0.6501935,0.24002573,0.036634352,0.001149178,0.019173764,0.011768902,0.01087743,0.007301235,0.003361699,0.38089257,7.833333333333333
e9yt49,6579f269f49155002060c158,0.0693074,0.22893222,0.7833618,0.39736483,0.054694567,0.27967444,0.119192705,0.019477395,0.000686646,0.009064475,0.00819688,0.012004685,0.005903093,0.004010447,0.30681106,7.183333333333334
e9yt49,6579f2f3f39e78001fa81eb7,0.21174517,0.2017425,0.5103988,0.47608054,0.14851531,0.35956848,0.19836703,0.05378982,0.001516342,0.020882076,0.018967867,0.01535229,0.006226737,0.005484877,0.19512804,9.483333333333333
e9yt49,6579f339f39e78001fa863cf,0.24240397,0.2017425,0.10734529,0.103851885,0.15505424,0.08656024,0.1832748,0.22579013,0.004405975,0.008361516,0.1669316,0.08096472,0.006912862,0.015452018,0.25214502,10.65
e9yt49,6579f139f39e78001fa6f58d,0.59401584,0.62415123,0.2546384,0.67014843,0.36685264,0.79579765,0.5776312,0.025910228,0.00105381,0.016862517,0.008956885,0.012346277,0.006511543,0.005366922,0.3533832,2.1166666666666667
e9yt49,6579f1b1f491550020604db3,0.6341602,0.4707672,0.4721051,0.33599108,0.17619257,0.33941016,0.51998967,0.28312725,0.00667572,0.31892163,0.089778624,0.023994578,0.007016428,0.007519589,0.33249682,4.116666666666666
zywuwt,6579f213f39e78001fa7767a,0.27108505,0.19644909,0.10437799,0.08439999,0.117865905,0.08808198,0.19836703,0.2820025,0.017416617,0.015757138,0.028502205,0.10301965,0.34804323,0.018990649,0.17426157,1.4833333333333334
zywuwt,6579f253f49155002060b293,0.33265293,0.2821423,0.12418452,0.116500415,0.13246238,0.32062647,0.40125707,0.026028076,0.000915527,0.004809721,0.010704896,0.01265371,0.007508367,0.008020895,0.17854507,2.55
zywuwt,6579f28df49155002060dbb4,0.31741676,0.2688658,0.29063478,0.2550139,0.2630359,0.18941686,0.326373,0.013194365,0.000944138,0.002774839,0.00817788,0.013234417,0.006472706,0.006605443,0.1315974,3.5166666666666666
rfdmpt,6579f130f39e78001fa6effa,0.7492397,0.57931376,0.5779344,0.4193646,0.23543736,0.5979923,0.6927674,0.02402467,0.00123024,0.001877641,0.008595883,0.010928668,0.011172019,0.003656585,0.21069837,1.15
rfdmpt,6579f192f39e78001fa7267f,0.21174517,0.671168,0.0966388,0.40466312,0.020101214,0.5929107,0.1964577,0.05799546,0.002250671,0.002016383,0.01290891,0.011833889,0.03787563,0.004570731,0.22616395,2.783333333333333
79nae6,6579f183f491550020603330,0.49931642,0.5956103,0.08732515,0.09681413,0.13990174,0.17034614,0.21982273,0.07371122,0.002765656,0.004458242,0.013592913,0.012961143,0.03787563,0.005720785,0.19603302,1.25
79nae6,6579f241f49155002060a5bf,0.001094593,0.074055426,0.8570574,0.16829737,0.000188695,0.115462564,0.048238236,0.03357032,0.001478195,0.004698728,0.009906891,0.01174849,0.012233571,0.004098913,0.21407783,4.416666666666667
79nae6,6579f30ff39e78001fa839b4,0.104675725,0.14652205,0.84786075,0.08165393,0.04461459,0.053384893,0.09381223,0.113263406,0.002250671,0.005253696,0.0350029,0.023243073,0.008971239,0.01020305,0.16192807,7.833333333333333
79nae6,6579f350f491550020618e6d,0.072815776,0.13941906,0.6499242,0.09681413,0.030395774,0.07918409,0.06575776,0.1798404,0.005149841,0.009249465,0.022384055,0.026454043,0.13815513,0.011441571,0.213103,8.933333333333334
79nae6,6579f1f6f491550020607a50,0.27827218,0.17844121,0.09380275,0.259786,0.06890261,0.41602656,0.24414308,0.049584184,0.001935959,0.003829278,0.013478912,0.01442999,0.016638106,0.007313169,0.35254523,3.15
79nae6,6579f279f49155002060cd30,0.39919263,0.6951997,0.05408074,0.116500415,0.20620574,0.3063505,0.26622382,0.09351514,0.00284195,0.00327431,0.012072904,0.020510335,0.06626215,0.01439043,0.23540941,5.35
7kk4yk,6579f333f4915500206172c6,0.23531619,0.16347843,0.11237009,0.23170424,0.052308604,0.3899725,0.3044472,0.0969861,0.004005432,0.005438685,0.011692902,0.01846078,0.063999176,0.008433735,0.23180982,7.05
7kk4yk,6579f2aff49155002060f6e1,0.39695814,0.4745136,0.25661674,0.807468,0.16387439,0.8012977,0.3921196,0.033334624,0.001583099,0.002404861,0.008899884,0.012312118,0.015947454,0.004334822,0.17607379,4.85
7kk4yk,6579f37bf49155002061a586,0.5436074,0.49623036,0.3286836,0.18451619,0.094877556,0.18684532,0.6642645,0.010618322,0.000882149,0.003015325,0.007322875,0.012551232,0.007314181,0.007431123,0.20469522,8.25
uepwuv,6579f2ebf39e78001fa81684,0.15597202,0.4157393,0.8422628,0.12310397,0.1303544,0.08430689,0.22782518,0.014513801,0.000858307,0.003255812,0.007987879,0.013644327,0.006757513,0.009318393,0.24276797,4.766666666666667
uepwuv,6579f299f49155002060e49d,0.62137616,0.40990886,0.81816846,0.28923154,0.17845505,0.41602656,0.46357456,0.03062413,0.000963211,0.015053716,0.010780896,0.011014067,0.007094103,0.004659196,0.45959648,3.4166666666666665
c8q1ee,6579f279f49155002060cd52,0.23767464,0.03785253,0.11852835,0.055795196,0.12825382,0.13908774,0.041028086,0.045378547,0.001144409,0.010951365,0.020837102,0.013166099,0.006731622,0.005720785,0.36558786,3.0166666666666666
c8q1ee,6579f228f4915500206095ba,0.28066093,0.22893222,0.08915572,0.115418,0.14960077,0.33215606,0.13720547,0.02638162,0.000872612,0.013445892,0.009640889,0.01174849,0.006427396,0.005042548,0.17678696,1.65
74faf8,6579f3ef2b4ac3001fb50168,0.0157319,0.036418535,0.12271099,0.14615701,0.03946282,0.1881301,0.10665018,0.032391842,0.001840591,0.003607291,0.008329881,0.013815125,0.014911477,0.007018283,0.18947509,9.25
74faf8,6579f2bdf491550020610258,0.01723619,0.07037827,0.20537321,0.38648623,0.014132977,0.35613734,0.05854002,0.23812068,0.010528564,0.007066591,0.02122384,0.027000591,0.34804323,0.005072037,0.2403089,4.15
74faf8,6579f300f39e78001fa82b1f,0.115430765,0.18863499,0.7345398,0.13630773,0.113765255,0.08808198,0.21487516,0.009236055,0.000743866,0.00190539,0.006724371,0.012038844,0.006647474,0.007313169,0.17957835,5.266666666666667
74faf8,6579f37cf49155002061a5fc,0.09264324,0.09470313,0.81997865,0.11114024,0.006368987,0.11907599,0.19836703,0.015267765,0.000729561,0.003089321,0.008386881,0.01220964,0.00713294,0.00563232,0.21443151,7.333333333333333
74faf8,6579f1ecf4915500206074bd,0.1011181,0.097840905,0.11135728,0.09290418,0.03174881,0.093530096,0.083090164,0.05131592,0.002937317,0.006141644,0.010628895,0.020783609,0.01698343,0.012798046,0.20512806,0.6666666666666666
74faf8,6579f265f39e78001fa7a99b,0.664709,0.7157749,0.12271099,0.31315073,0.65370417,0.38520834,0.29363582,0.044141594,0.002307892,0.005290694,0.010324894,0.015283971,0.013217449,0.007372146,0.16580853,2.683333333333333
74faf8,6579f348f39e78001fa870b4,0.03586625,0.14891115,0.8414491,0.09681413,0.000188695,0.076340675,0.06441256,0.09915545,0.003166199,0.007140587,0.014580919,0.01764096,0.053330876,0.007667032,0.25524813,6.45
9gnmf8,6579f251f39e78001fa79b6c,0.7871333,0.50451654,0.5319744,0.088129774,0.3036825,0.12461543,0.8077189,0.007571052,0.000801086,0.002330865,0.00643937,0.011509376,0.006692784,0.006929818,0.195526,1.1833333333333333
9gnmf8,6579f2c7f39e78001fa7f6ea,0.24003741,0.097840905,0.08823851,0.22137496,0.049958427,0.405019,0.12240143,0.034041706,0.000739098,0.010951365,0.013972916,0.010552917,0.00632383,0.003523886,0.3106963,3.1666666666666665
mvxueq,6579f2b8f49155002060fe8b,0.3304673,0.25724247,0.14417121,0.19109875,0.2630359,0.15668073,0.26086196,0.027324399,0.003376007,0.002774839,0.011122898,0.030138692,0.008362788,0.020995872,0.23901781,5.35
mvxueq,6579f23cf39e78001fa78d72,0.29025218,0.38829944,0.13873237,0.07367923,0.23172872,0.11191306,0.5965915,0.013885498,0.001602173,0.003588792,0.007873878,0.01805087,0.007741391,0.014862247,0.57777077,3.283333333333333
mvxueq,6579f1def491550020606bec,0.7174242,0.6671535,0.13506666,0.53386307,0.39463386,0.6975779,0.7076199,0.034748793,0.001449585,0.024198212,0.010970897,0.01620627,0.006899917,0.00666442,0.31175986,1.7166666666666666
mvxueq,6579f257f39e78001fa79f99,0.52498543,0.49472728,0.10144578,0.124222845,0.3423889,0.24537462,0.5165012,0.018723432,0.001554489,0.006585619,0.00821588,0.01627459,0.008893564,0.013210886,0.19910061,3.7333333333333334
mvxueq,6579f2a0f49155002060ea68,0.7464256,0.3780503,0.40362632,0.43793672,0.381571,0.59460574,0.8224904,0.11419344,0.002822876,0.10221587,0.028722567,0.014805742,0.006440342,0.005455388,0.28978166,4.95
mvxueq,6579f2d5f491550020611892,0.8401057,0.56797075,0.66040117,0.13133545,0.32958445,0.13514197,0.866667,0.010681152,0.000758171,0.002358613,0.007360875,0.012551232,0.00675104,0.007018283,0.5218691,5.833333333333333
mvxueq,6579f311f39e78001fa83bb7,0.7392089,0.35744265,0.5655126,0.09879968,0.19448619,0.13416551,0.8034474,0.003471375,0.000505447,0.00059659,0.005769616,0.00948544,0.005715379,0.004128402,0.20310059,6.833333333333333
mvxueq,6579f348f39e78001fa870fd,0.81718874,0.5219503,0.67734504,0.10694439,0.24914877,0.18428236,0.86160266,0.007790958,0.000905991,0.001997884,0.006724371,0.01173141,0.006977591,0.005986183,0.18320999,7.75
mvxueq,6579f191f4915500206039d8,0.5550391,0.3306766,0.29063478,0.10080544,0.240402,0.12743886,0.5834249,0.014011159,0.001487732,0.004088263,0.007930879,0.015728042,0.00789674,0.013446795,0.5669804,0.43333333333333335
mvxueq,6579f32cf491550020616c71,0.58090544,0.7239629,0.11338645,0.13966006,0.21340905,0.23036613,0.6004348,0.021432023,0.00161171,0.006178642,0.009051885,0.016957775,0.008414571,0.009436348,0.2793326,7.283333333333333
de6e6h,6579f1cef4915500206060a1,0.08714753,0.08756644,0.7558591,0.13798015,0.054694567,0.10500617,0.11129911,0.025556687,0.001506805,0.002608349,0.007189874,0.012824507,0.01254427,0.00583874,0.1508969,1.05
de6e6h,6579f22ef491550020609923,0.09264324,0.4041079,0.5445181,0.23517443,0.03311699,0.26313692,0.09381223,0.0414203,0.00161171,0.002830336,0.010704896,0.011970525,0.013579931,0.00364184,0.25476256,2.6333333333333333
de6e6h,6579f272f39e78001fa7b2ec,0.034273073,0.23731218,0.11034848,0.16829737,0.06977485,0.37234062,0.120793216,0.02249265,0.00108242,0.002201373,0.008443882,0.012517073,0.00899713,0.006516977,0.19784945,3.7666666666666666
de6e6h,6579f2dbf491550020611e58,0.005834324,0.093667574,0.77658993,0.19440953,0.000188695,0.1424673,0.06711841,0.09351514,0.001821518,0.00588266,0.03070583,0.015864678,0.010938995,0.005956694,0.23353073,5.533333333333333
de6e6h,6579f32bf491550020616b42,0.081717156,0.09059314,0.11543151,0.11434096,0.1303544,0.14432828,0.11286291,0.028620722,0.001277924,0.003755282,0.010742896,0.017436003,0.007223561,0.009908165,0.15543303,6.85
de6e6h,6579f354f39e78001fa87b48,0.045584004,0.18097372,0.72523415,0.11434096,0.030395774,0.08356363,0.09911501,0.063027434,0.003566742,0.008361516,0.0113509,0.01982715,0.035803676,0.011677479,0.15734081,7.55
de6e6h,6579f3d02b4ac3001fb4e8f5,0.21174517,0.25436312,0.10144578,0.082564235,0.19912818,0.10081833,0.19932437,0.044388983,0.003261566,0.003422302,0.016556932,0.049177196,0.007094103,0.033263125,0.1776645,9.616666666666667
de6e6h,6579f367f49155002061a0dd,0.11904381,0.15614524,0.16865413,0.13798015,0.18186125,0.13809541,0.23491421,0.025320992,0.004329681,0.00242336,0.011578901,0.04592061,0.006595691,0.04344972,0.38815427,7.866666666666666
8k4wga,6579f1e8f4915500206071f9,0.5883758,0.28810173,0.73761964,0.10080544,0.065453626,0.10416048,0.4222965,0.112643376,0.003089905,0.053399716,0.022384055,0.013405213,0.012130005,0.003523886,0.31175244,1.4666666666666666
8k4wga,6579f20ff491550020608988,0.46550262,0.5829298,0.24282813,0.13798015,0.25166142,0.3006852,0.2060747,0.40614098,0.014576134,0.1444726,0.40243408,0.26098207,0.01101667,0.014626338,0.18648341,2.1166666666666667
pmvvqz,6579f230f491550020609a7e,0.78792006,0.48498702,0.535334,0.10798564,0.26940405,0.2076579,0.8186013,0.008859074,0.000677109,0.002044132,0.006648371,0.011150704,0.006731622,0.005868228,0.17849478,1.0666666666666667
pmvvqz,6579f256f49155002060b4b3,0.6336862,0.40990886,0.49064076,0.18451619,0.22068773,0.14807095,0.677725,0.007225486,0.000743866,0.002136626,0.006391869,0.0113215,0.006621582,0.006163114,0.15040304,1.7
pmvvqz,6579f2d8f39e78001fa80526,0.6550409,0.31678307,0.14230952,0.14615701,0.29649553,0.3716658,0.45396513,0.049831573,0.001325607,0.030949092,0.013896915,0.011799729,0.007068211,0.004334822,0.23848924,3.85
vvu8rh,6579f227f39e78001fa78007,0.446546,0.3045994,0.11338645,0.34769598,0.09097064,0.61245376,0.53862,0.046368107,0.001478195,0.023796257,0.01290891,0.012380436,0.006433869,0.004275845,0.2526461,1.45
pymudb,6579f2e1f39e78001fa80d52,0.7348043,0.51814896,0.49215767,0.10283129,0.27965918,0.14432828,0.7857409,0.01024134,0.001039505,0.003977269,0.007189874,0.013985921,0.007547205,0.010497936,0.16322061,1.25
pymudb,6579f325f39e78001fa84fbd,0.1900881,0.44081154,0.67353636,0.10694439,0.12616077,0.07704599,0.2749724,0.012943043,0.000748634,0.002830336,0.007455876,0.011423977,0.00661511,0.006605443,0.175799,2.3833333333333333
9v9caa,6579f307f39e78001fa832b3,0.7116839,0.3732835,0.5628552,0.12088228,0.2074021,0.14807095,0.798334,0.005309161,0.000596046,0.001170057,0.006125868,0.009835573,0.006142589,0.004275845,0.18687455,1.5666666666666667
9v9caa,6579f2edf39e78001fa81909,0.35466036,0.23171476,0.4879873,0.14304936,0.20620574,0.12090656,0.119192705,0.17891699,0.003890991,0.15731181,0.045007613,0.01941724,0.006874025,0.005160502,0.27828154,1.1333333333333333
933pcv,6579f3fa2b4ac3001fb50e5a,0.09080389,0.14891115,0.28659645,0.11977882,0.094877556,0.15914497,0.16141449,0.043646812,0.002136231,0.010581387,0.010742896,0.01982715,0.010188141,0.01209032,0.17276521,6.883333333333334
933pcv,6579f2b8f49155002060fec1,0.5798728,0.5425826,0.28659645,0.23517443,0.3863777,0.28803274,0.24311097,0.03969839,0.001401901,0.022992345,0.011654901,0.014293353,0.007055265,0.007460612,0.27536136,1.5333333333333334
up9ca9,6579f329f4915500206169de,0.79678726,0.53186333,0.53283376,0.2736125,0.21220426,0.6177915,0.8055961,0.007979449,0.000538826,0.002460358,0.006781372,0.009733095,0.006433869,0.004098913,0.25953454,2.1
up9ca9,6579f4180009de0020c1bfc4,0.79834104,0.7563836,0.31918415,0.78835106,0.5186543,0.8230056,0.3921196,0.05304765,0.001535416,0.021585498,0.023093075,0.014088398,0.007857903,0.006428511,0.40516725,6.083333333333333
ddn4g8,6579f4562b4ac3001fb55b41,0.31093162,0.2866146,0.3493656,0.13133545,0.12825382,0.12090656,0.64012885,0.031331215,0.001649857,0.005401687,0.012756908,0.021808386,0.009126588,0.020642009,0.2132343,6.533333333333333
ddn4g8,6579f42f2b4ac3001fb53c64,0.07813416,0.12779967,0.14977454,0.30992806,0.029724833,0.5012743,0.18141639,0.020960633,0.001211166,0.002386362,0.007474876,0.010928668,0.011120236,0.004216868,0.20585988,5.883333333333334
rybbmv,6579f2fcf39e78001fa8274d,0.21174517,0.3495,0.40012223,0.31962708,0.09801555,0.34793156,0.15435125,0.21642438,0.004329681,0.24801466,0.06250052,0.020646973,0.007909686,0.003759795,0.29341573,2.216666666666667
rybbmv,6579f2a2f49155002060ebdc,0.49177095,0.3732835,0.45291796,0.26898047,0.23419909,0.19199699,0.30173418,0.36095104,0.012639442,0.38318536,0.27763805,0.069969244,0.007754337,0.011736456,0.29572064,0.7166666666666667
rybbmv,6579f3dc2b4ac3001fb4ec7c,0.6029603,0.4745136,0.4327431,0.4540749,0.27324003,0.6736257,0.6097027,0.15545623,0.00415802,0.116281845,0.029604018,0.01982715,0.012130005,0.008846575,0.41147834,5.95
rybbmv,6579f4490009de0020c1e6db,0.2926585,0.10819801,0.09759216,0.38648623,0.19448619,0.49344745,0.25664577,0.11057663,0.002670288,0.09162762,0.024640027,0.02071529,0.006543908,0.007165726,0.3313742,7.766666666666667
g3gntf,6579f319f4915500206159fc,0.41237864,0.30915013,0.38335308,0.17474432,0.20262691,0.15668073,0.39864236,0.007979449,0.000801086,0.002497356,0.006648371,0.011782649,0.006699257,0.006605443,0.14184046,1.6333333333333333
g3gntf,6579f2fcf491550020613d1c,0.12267091,0.19909015,0.11135728,0.15556577,0.056305178,0.30351397,0.25980574,0.046368107,0.001630783,0.023796257,0.011654901,0.013883443,0.007922632,0.007283681,0.2526039,1.1666666666666667
gge7qe,6579f5f1699739001ff6d441,0.685484,0.5113213,0.28861445,0.088129774,0.4194219,0.095122136,0.5562046,0.04067813,0.000991821,0.002099628,0.017227544,0.013576009,0.006563326,0.003980959,0.28906733,8.033333333333333
gge7qe,6579f59f2d7b05001fe351b3,0.3747018,0.6960254,0.10437799,0.63506746,0.02449039,0.7881755,0.27055198,0.041915078,0.001411438,0.004273253,0.016632931,0.010979908,0.012285355,0.002771927,0.32326886,6.666666666666667
v7pkvt,6579f32cf39e78001fa856af,0.707709,0.62141985,0.6125454,0.47344455,0.25923225,0.4870396,0.571505,0.15822013,0.002536774,0.1064171,0.05262003,0.01764096,0.006912862,0.006575955,0.3007412,1.8333333333333333
v7pkvt,6579f303f39e78001fa82e61,0.5539978,0.44081154,0.09380275,0.45945197,0.39876887,0.69638366,0.34446642,0.26104406,0.007514954,0.27682206,0.13064787,0.03464781,0.006835188,0.010674868,0.29572797,1.15
v7pkvt,6579f368f49155002061a123,0.79001516,0.7288609,0.54561293,0.38468158,0.18072422,0.6151242,0.67597777,0.024142517,0.001111031,0.010729378,0.010172892,0.013780965,0.007184723,0.006959306,0.21477146,2.816666666666667
7hdpr3,6579f376f49155002061a489,0.3836033,0.29107937,0.46908796,0.10798564,0.20381775,0.11016245,0.66014105,0.015958898,0.001163483,0.003662788,0.008462882,0.015181494,0.007521313,0.011323617,0.24250819,1.2
7hdpr3,6579f4012b4ac3001fb5167c,0.4532196,0.50451654,0.28457916,0.62746596,0.30893698,0.7165138,0.26086196,0.06896287,0.002727509,0.008361516,0.013212911,0.015728042,0.056563694,0.006281069,0.34318143,3.5166666666666666
21q4nr,6579f4860009de0020c21a6a,0.35023654,0.4026623,0.15540445,0.3326982,0.38122794,0.36829615,0.28826994,0.029327808,0.000772476,0.011173353,0.013630914,0.011082385,0.006077861,0.004098913,0.38333154,2.35
21q4nr,6579f58e2d7b05001fe34358,0.370229,0.11233474,0.100476414,0.09879968,0.16944648,0.15422586,0.06308177,0.1537979,0.002727509,0.120924085,0.032799274,0.014703264,0.007443639,0.00666442,0.27846485,6.766666666666667
8w6ec6,6579f5d2699739001ff6b5f4,0.54049623,0.7006993,0.49253777,0.72510636,0.16055275,0.80857784,0.46685946,0.03734144,0.001649857,0.008139528,0.011882903,0.01087743,0.013528148,0.003420676,0.3215989,7.916666666666667
aq1fy6,6579f344f4915500206183b8,0.19727191,0.13473919,0.132634,0.12199044,0.1303544,0.12649381,0.2976776,0.008482091,0.000929832,0.001535411,0.006781372,0.012277958,0.006543908,0.008315781,0.19397378,0.6333333333333333
xaf4c4,6579f4270009de0020c1cbe0,0.822169,0.47751665,0.5364281,0.4230628,0.38534713,0.4905343,0.80630666,0.1537979,0.007362366,0.002996826,0.014580919,0.018324144,0.14802226,0.007726009,0.32622945,3.2333333333333334
xaf4c4,6579f42e2b4ac3001fb53ba0,0.12267091,0.2044055,0.11135728,0.15872851,0.099318996,0.16410081,0.20124449,0.077668175,0.003623962,0.004384246,0.011882903,0.018665737,0.038911607,0.009731233,0.1746557,3.3666666666666667
xaf4c4,6579f4880009de0020c21c37,0.14633444,0.22893222,0.2369578,0.18780111,0.19912818,0.17412075,0.24208108,0.011058134,0.000991821,0.002192123,0.007493876,0.012824507,0.007016428,0.007961918,0.19985195,4.85
xaf4c4,6579f4792b4ac3001fb5792d,0.70170045,0.57388216,0.31507698,0.7138763,0.8645133,0.7888739,0.6097027,0.028385026,0.001573563,0.002848835,0.008310881,0.01265371,0.012647836,0.005337434,0.32265803,4.616666666666666
xaf4c4,6579f596699739001ff67bef,0.46774283,0.44081154,0.706341,0.69711226,0.6626418,0.6423086,0.23797645,0.029327808,0.001420975,0.003070822,0.009469888,0.01309778,0.010343489,0.005072037,0.23801613,9.35
he1h31,6579f5692d7b05001fe329da,0.6095633,0.5022539,0.4461753,0.48312786,0.3036825,0.47606575,0.5356842,0.013194365,0.000531673,0.002774839,0.008614883,0.010074687,0.006220264,0.00312579,0.1626844,5.983333333333333
he1h31,6579f5742d7b05001fe33151,0.50647956,0.4805095,0.11956828,0.39010334,0.10194144,0.5844235,0.28826994,0.09033044,0.001859665,0.004199257,0.028281843,0.013610168,0.016292779,0.003921982,0.2547883,6.166666666666667
he1h31,6579f5f5699739001ff6d818,0.33484155,0.15614524,0.11237009,0.17474432,0.4177177,0.28384578,0.13553135,0.062236045,0.00120163,0.005475683,0.023221988,0.015249812,0.006861079,0.004865617,0.21475813,8.316666666666666
chegtd,6579f4402b4ac3001fb549c8,0.8401057,0.55835086,0.51173085,0.25168148,0.3208739,0.5134819,0.86906713,0.016838523,0.00169754,0.007954539,0.008766884,0.017436003,0.008919456,0.014272475,0.2159847,1.2833333333333334
chegtd,6579f4932b4ac3001fb590e3,0.7996335,0.49247497,0.23500682,0.27982917,0.34712598,0.6416498,0.83293986,0.04711028,0.00210762,0.038425524,0.012870909,0.016479544,0.00737891,0.008256803,0.37323746,2.6666666666666665
8te4dy,6579f45c0009de0020c1f651,0.11183177,0.16594493,0.8772132,0.13133545,0.07690128,0.07846774,0.24828553,0.012000589,0.000567436,0.001988635,0.007702877,0.011065305,0.006310884,0.004393799,0.15508981,1.5
8te4dy,6579f5d12d7b05001fe38234,0.3836033,0.60741127,0.48609284,0.6369273,0.27837306,0.59562206,0.14397636,0.29953843,0.005226135,0.20483385,0.25404143,0.026044132,0.007650771,0.008138849,0.4229491,7.716666666666667
8te4dy,6579f5452d7b05001fe3119f,0.62090325,0.4363525,0.20930107,0.60628295,0.44210562,0.7656371,0.566324,0.13561769,0.004367828,0.10221587,0.03070583,0.02392626,0.009307829,0.009436348,0.3573735,5.383333333333334
kz4amg,6579f4780009de0020c20ea2,0.104675725,0.13941906,0.6653404,0.115418,0.08148885,0.07846774,0.15435125,0.007665298,0.000610352,0.001664904,0.00644887,0.011116544,0.006537435,0.005307945,0.2694156,1.6833333333333333
kz4amg,6579f4690009de0020c201be,0.23060848,0.21246682,0.1762937,0.29238594,0.07781066,0.3365044,0.09250268,0.1693855,0.007476807,0.03223813,0.025800243,0.017982552,0.13498579,0.007608055,0.28813097,1.4333333333333333
96vxuc,6579f5512d7b05001fe318b0,0.42114583,0.55488205,0.12418452,0.17151402,0.056305178,0.4835459,0.2369541,0.1269396,0.00246048,0.07673789,0.04207976,0.012277958,0.008893564,0.003199511,0.32768586,5.216666666666667
z9rkha,6579f5652d7b05001fe3273c,0.07458106,0.049173627,0.074962124,0.06609225,0.032430932,0.075639054,0.06308177,0.47886392,0.023076924,0.41222036,0.4378843,0.22673377,0.044278983,0.030904036,0.18321349,4.583333333333333
z9rkha,6579f4840009de0020c2186f,0.001094593,0.0916127,0.77366567,0.124222845,0.016478393,0.11726139,0.07199883,0.01859777,0.00079155,0.003126319,0.008766884,0.012175481,0.006977591,0.004836128,0.21036988,0.8166666666666667
z9rkha,6579f5b42d7b05001fe36680,0.079922065,0.25436312,0.090076774,0.20107053,0.06890261,0.22496933,0.20317163,0.02402467,0.001363754,0.007510565,0.008519882,0.013951761,0.008246276,0.007961918,0.17580292,5.9
bvkdyd,6579f56f2d7b05001fe32e2a,0.77137196,0.56170166,0.47739056,0.09681413,0.28417167,0.11726139,0.77815723,0.012691722,0.001192093,0.004180758,0.007569877,0.014498309,0.007508367,0.010438959,0.17437272,4.233333333333333
bvkdyd,6579f54d699739001ff64855,0.446546,0.3780503,0.09951106,0.24836068,0.11581159,0.5279165,0.5666554,0.037105743,0.001621246,0.017364962,0.010894896,0.013746806,0.007288289,0.006074648,0.33636543,3.6666666666666665
q864zd,6579f5602d7b05001fe322db,0.28544915,0.39545837,0.50545293,0.08907493,0.26940405,0.10081833,0.32499117,0.027206551,0.001764298,0.008028535,0.010932897,0.020646973,0.008945347,0.015216109,0.17202637,3.716666666666667
q864zd,6579f594699739001ff67a3c,0.09634415,0.19644909,0.09380275,0.07717534,0.26557916,0.10416048,0.17040536,0.021667719,0.003223419,0.002210622,0.009640889,0.027137227,0.007184723,0.026421772,0.31041488,4.583333333333333
wb8bty,6579f844e40d92001f46ef41,0.30447376,0.38687348,0.35888863,0.2282475,0.07872421,0.25630096,0.27055198,0.0466155,0.001373291,0.022188433,0.01290891,0.013780965,0.008323951,0.004541242,0.3365166,6.483333333333333
wb8bty,6579f7324d0b64002087496a,0.45210588,0.4467775,0.08823851,0.10903197,0.10591495,0.15184323,0.10974196,0.6544696,0.23226346,0.1808059,0.54471385,0.38413823,0.5940531,0.054050107,0.3748571,1.9166666666666667
8fgqbw,6579f5a8699739001ff68d6b,0.4565632,0.22893222,0.20341371,0.29396752,0.2098003,0.22631595,0.18141639,0.37751234,0.011901856,0.08004672,0.39297962,0.18049006,0.045572113,0.021703599,0.44696164,1.6666666666666667
8fgqbw,6579f6d94d0b64002086fd33,0.24714777,0.41866332,0.11646001,0.116500415,0.029724833,0.23579577,0.13220452,0.2853768,0.019224197,0.10221587,0.056719027,0.051181246,0.34804323,0.01792906,0.2837609,6.733333333333333
8fgqbw,6579f7594d0b6400208770b8,0.35687628,0.58799833,0.09568947,0.2450518,0.07419816,0.4639529,0.34586805,0.11088664,0.00453949,0.007510565,0.017420914,0.016821137,0.122295745,0.006310557,0.250397,8.866666666666667
2bw6ty,6579f49c0009de0020c23049,0.3590947,0.509807,0.11852835,0.09387397,0.08335247,0.27137864,0.43653658,0.01426248,0.001101494,0.003607291,0.007854878,0.014395831,0.007689608,0.011677479,0.28436732,1.35
2bw6ty,6579f4600009de0020c1fa89,0.5788399,0.3400453,0.4088853,0.11977882,0.20145898,0.119989015,0.6823719,0.010806813,0.000982285,0.002885833,0.007227874,0.013405213,0.006848133,0.008079873,0.22516447,0.35
crr9p7,6579f73125fcc3001fdea1de,0.49393547,0.5090503,0.8828853,0.3649847,0.06207031,0.46793196,0.49375385,0.034984488,0.001354218,0.004180758,0.011882903,0.013063621,0.010938995,0.011677479,0.30238006,7.766666666666667
d62dcb,6579f5c4699739001ff6a85d,0.104675725,0.058976527,0.4649431,0.08165393,0.007422925,0.087319076,0.04766345,0.3389984,0.02296847,0.026007013,0.05144889,0.050680235,0.4615647,0.006634932,0.24395607,4.866666666666666
d62dcb,6579f5942d7b05001fe34780,0.3304673,0.31372264,0.8356547,0.5497882,0.06890261,0.44373468,0.17405254,0.03828422,0.001354218,0.00932346,0.014314918,0.011902207,0.009230154,0.003863005,0.49574456,4.066666666666666
7t9qt6,6579f53e699739001ff642f9,0.6857931,0.28810173,0.18398336,0.54899836,0.7025934,0.5236614,0.32499117,0.075294,0.001888275,0.04023018,0.019483518,0.011236101,0.007081157,0.002860393,0.23992097,2.45
7t9qt6,6579f5e12d7b05001fe391b0,0.14154164,0.08262517,0.25859782,0.17798842,0.040187187,0.17412075,0.40649763,0.038519915,0.001106262,0.009360458,0.01625293,0.011509376,0.006576272,0.004010447,0.13539347,5.183333333333334
7t9qt6,6579f5b0699739001ff694b9,0.6053172,0.56833977,0.14045076,0.31962708,0.40428793,0.5298047,0.5197602,0.2648175,0.011138916,0.18158256,0.047935467,0.02433617,0.16699752,0.009554301,0.40595278,4.366666666666666
4khgr9,6579f5ff699739001ff6e1ce,0.46326476,0.4245341,0.3824745,0.11220199,0.24789588,0.14807095,0.60683036,0.006251616,0.000734329,0.001479914,0.006258869,0.01133858,0.006757513,0.006546466,0.2428588,1.7333333333333334
4khgr9,6579f71725fcc3001fde8b94,0.4874476,0.809891,0.17246792,0.25826308,0.1303544,0.47540116,0.40649763,0.06025757,0.002002716,0.048480038,0.015948927,0.018119188,0.008181547,0.007372146,0.29453784,6.4
w9nc11,6579f7f1e40d92001f4672c3,0.09080389,0.3622354,0.10536304,0.13966006,0.034500618,0.41809615,0.21883002,0.011812098,0.000724793,0.003292809,0.006876372,0.011475217,0.006886971,0.006163114,0.14563805,5.516666666666667
w9nc11,6579f6e64d0b640020870a31,0.4432165,0.31525165,0.07841389,0.2450518,0.7062525,0.49802622,0.49008816,0.012126249,0.001316071,0.003829278,0.007379876,0.013439372,0.007521313,0.010438959,0.19821647,1.0666666666666667
w9nc11,6579f71d25fcc3001fde90a0,0.44099933,0.39977503,0.36410484,0.10590835,0.2529197,0.16784096,0.63193,0.013382856,0.001506805,0.00310782,0.007607877,0.013883443,0.009126588,0.011323617,0.40651098,1.9833333333333334
naykxy,6579f5a82d7b05001fe35adc,0.42994708,0.3431874,0.44767225,0.09681413,0.13883325,0.11016245,0.6325618,0.014765122,0.001316071,0.004347248,0.007607877,0.016137952,0.008116818,0.013446795,0.30045104,1.7666666666666666
naykxy,6579f6c025fcc3001fde3f9f,0.2329597,0.12550901,0.18591298,0.16190393,0.2912931,0.13125886,0.22883303,0.03357032,0.001764298,0.004254754,0.011654901,0.019690514,0.009307829,0.013210886,0.16669072,6.433333333333334
naykxy,6579f6ed25fcc3001fde68f2,0.39919263,0.28958938,0.27253446,0.09002491,0.26940405,0.13710694,0.47526258,0.3234372,0.021548226,0.00899048,0.02567133,0.10363861,0.48207104,0.06058701,0.32018086,7.166666666666667
1dwb82,6579f71725fcc3001fde8c1e,0.4343623,0.13941906,0.11956828,0.11114024,0.06977485,0.12368249,0.07199883,0.6744087,0.023076924,0.055673428,0.7090544,0.31043148,0.016638106,0.08197963,0.42377302,6.666666666666667
376mfq,6579f6ef4d0b640020871226,0.5539978,0.4041079,0.07667982,0.6345602,0.38260046,0.81096154,0.62750304,0.027677942,0.001192093,0.01666154,0.010020891,0.012380436,0.006770459,0.005691297,0.40126234,6.783333333333333
egfp1v,6579f6a225fcc3001fde278a,0.104675725,0.12550901,0.7345398,0.10487753,0.045366183,0.06685881,0.05116326,0.22712809,0.005950928,0.083355546,0.08434689,0.018734055,0.012181788,0.003170023,0.15351377,4.866666666666666
egfp1v,6579f7614d0b6400208778a5,0.8161863,0.5609646,0.4819282,0.20442122,0.41188613,0.35408178,0.77896667,0.075294,0.001831055,0.055673428,0.017485369,0.01764096,0.006349722,0.004659196,0.25840372,8.033333333333333
egfp1v,6579f6f825fcc3001fde72a6,0.80323815,0.42895418,0.53674054,0.11977882,0.30302712,0.2116222,0.8317538,0.010367001,0.000934601,0.00310782,0.007085374,0.012448754,0.007094103,0.007224703,0.15707049,6.283333333333333
bbuhx1,6579fbfde40d92001f499ccf,0.7887062,0.64310175,0.6156126,0.52939725,0.20029284,0.6271014,0.6495443,0.06263174,0.002784729,0.004069764,0.013250912,0.013302735,0.051391184,0.004157891,0.33471107,3.15
bbuhx1,6579fd61e40d92001f4a166f,0.8042642,0.6172335,0.44243634,0.079847895,0.173937,0.17412075,0.8070143,0.013320025,0.001139641,0.003477799,0.007493876,0.012517073,0.008362788,0.007608055,0.26516822,9.1
bbuhx1,6579fcdc9e7708001ed81e09,0.78844416,0.6347179,0.8462788,0.5387562,0.240402,0.6813543,0.68411046,0.032156147,0.001478195,0.003237312,0.010780896,0.012722028,0.012647836,0.004364311,0.21482599,6.883333333333334
n9y2nv,6579f6b925fcc3001fde3993,0.07635384,0.09059314,0.0837122,0.099799976,0.11581159,0.13908774,0.17956558,0.015204934,0.000882149,0.002867334,0.007626877,0.010740792,0.007573096,0.005160502,0.19720331,4.366666666666666
n9y2nv,6579f72f25fcc3001fde9feb,0.39472556,0.33535045,0.63771766,0.29872808,0.014132977,0.3568231,0.21982273,0.036634352,0.001468658,0.006881601,0.013744914,0.011833889,0.010058682,0.004334822,0.2534875,6.333333333333333
anph8d,6579f69625fcc3001fde2218,0.6199576,0.78864795,0.5228285,0.73645186,0.33968666,0.7902671,0.4358726,0.295883,0.009727478,0.3817989,0.0811385,0.03239325,0.03407705,0.013092931,0.41730797,2.783333333333333
92exvg,6579f7064d0b640020872635,0.7005294,0.5425826,0.32696992,0.6055009,0.6752999,0.68765855,0.47453138,0.06421452,0.00284195,0.003718285,0.010552894,0.01354185,0.059796512,0.005278457,0.35452646,4.633333333333334
92exvg,6579f829e40d92001f46b791,0.18770115,0.19909015,0.0837122,0.10798564,0.03174881,0.32206288,0.15786818,0.029092113,0.001268387,0.003736784,0.008690883,0.012038844,0.01187109,0.005484877,0.15587172,9.483333333333333
9hrvwn,6579f7294d0b6400208741f3,0.0693074,0.061534427,0.08823851,0.099799976,0.09685559,0.087319076,0.03099382,0.3977292,0.008430481,0.01374736,0.42881694,0.08549073,0.008971239,0.011087708,0.17949957,2.4833333333333334
9hrvwn,6579f865e40d92001f4730f2,0.6105072,0.7001499,0.5283811,0.44155863,0.3255585,0.5269015,0.44019115,0.053295042,0.001220703,0.020681098,0.015948927,0.013610168,0.006679839,0.003863005,0.5100478,7.733333333333333
zwbkxb,6579f6f225fcc3001fde6dfc,0.8531064,0.81507945,0.8470716,0.4796011,0.5958172,0.68765855,0.80630666,0.013571346,0.000624657,0.002192123,0.008804884,0.010433359,0.00661511,0.00395147,0.19768621,4.333333333333333
zwbkxb,6579f69625fcc3001fde22ce,0.59825,0.72505206,0.31918415,0.62476623,0.18528372,0.8042326,0.42097566,0.046368107,0.001592636,0.003977269,0.015948927,0.01265371,0.017328756,0.004393799,0.29717925,2.8
bfagpn,6579f6e225fcc3001fde5f2d,0.7944499,0.54104877,0.51268274,0.09387397,0.28094688,0.12934102,0.80842054,0.009361716,0.000815392,0.002848835,0.006771872,0.012346277,0.006912862,0.00707726,0.20279439,1.1666666666666667
bfagpn,6579f74c25fcc3001fdebd24,0.6157024,0.49097496,0.11440699,0.41199526,0.32891276,0.4878717,0.56002194,0.07054565,0.001630783,0.05612817,0.018065477,0.013473531,0.006382086,0.004718174,0.35946056,2.9166666666666665
cuxupd,6579fa4f9e7708001ed71a88,0.44099933,0.3622354,0.27653974,0.12534684,0.22680563,0.1424673,0.5273324,0.013822667,0.001363754,0.00327431,0.00806388,0.015044857,0.007728445,0.011323617,0.35194725,9.283333333333333
cuxupd,6579f9db9e7708001ed6d4a1,0.6667075,0.53492105,0.56254256,0.61528856,0.40912163,0.7988286,0.28960893,0.054531995,0.001764298,0.039972372,0.014086916,0.011611853,0.008090926,0.004246356,0.45020795,7.35
dwtmky,6579f6ca4d0b64002086efff,0.591195,0.28065717,0.45666993,0.13630773,0.30040914,0.15914497,0.62496823,0.014576632,0.001034737,0.002210622,0.00808288,0.013302735,0.007197669,0.007519589,0.22368942,0.7
dwtmky,6579f7334d0b640020874a9a,0.4576787,0.2821423,0.4097624,0.17798842,0.49053404,0.26588342,0.17040536,0.055274166,0.001592636,0.031980325,0.014276917,0.014464149,0.006738094,0.007313169,0.33479524,2.45
fybnhf,6579f73c25fcc3001fdead6a,0.7562662,0.44827244,0.5096379,0.15556577,0.31820145,0.20240258,0.7740721,0.013571346,0.001277924,0.003533295,0.007607877,0.014190876,0.00737891,0.009082484,0.14451303,2.7333333333333334
fybnhf,6579f83fe40d92001f46e402,0.72775,0.58329153,0.109343514,0.491974,0.6626418,0.62178636,0.6135277,0.024378212,0.000896454,0.01274247,0.008652883,0.009852652,0.00636914,0.00302258,0.31944633,7.033333333333333
1fxn8t,6579f73525fcc3001fdea5f8,0.21657933,0.40700457,0.064186096,0.15241629,0.10767364,0.26725474,0.21389045,0.05799546,0.001945496,0.012641981,0.01838776,0.012346277,0.011353259,0.004777151,0.33591336,1.8666666666666667
1fxn8t,6579f808e40d92001f468065,0.18283133,0.46179694,0.68816614,0.113268904,0.025777057,0.13029796,0.088613324,0.11119666,0.002880096,0.003422302,0.032689095,0.015932998,0.02924249,0.005455388,0.25935787,5.4
ydf4wz,6579f8c6e40d92001f47ca5c,0.06410012,0.31372264,0.17055956,0.54741997,0.0373131,0.6639042,0.14227262,0.02920996,0.001449585,0.001886891,0.008614883,0.011509376,0.01508414,0.004452776,0.28042886,6.183333333333334
ydf4wz,6579f9929e7708001ed6a98a,0.001094593,0.061534427,0.10734529,0.30511224,0.049183033,0.377071,0.069884576,0.11098998,0.003910065,0.060220852,0.023479814,0.01887069,0.021300001,0.008138849,0.3280812,9.583333333333334
ydf4wz,6579f909e40d92001f480bfc,0.10824748,0.09059314,0.08823851,0.07806128,0.026425704,0.12649381,0.15260378,0.056016337,0.001859665,0.007621558,0.011046898,0.015079016,0.02613456,0.005868228,0.23916085,7.3
fxhr4a,6579f897e40d92001f47974c,0.5845221,0.3510838,0.22112842,0.2751628,0.42658535,0.46693686,0.43023404,0.009173225,0.000638962,0.002340114,0.007056873,0.010723713,0.006641001,0.004895105,0.19485253,1.8666666666666667
fxhr4a,6579f9669e7708001ed68b1d,0.88314795,0.795931,0.55482125,0.4681843,0.5582943,0.75333357,0.84470063,0.010429831,0.000522137,0.002284618,0.007911879,0.009767254,0.006259101,0.003568119,0.23393838,5.316666666666666
fxhr4a,6579f9ebe40d92001f48aab8,0.5798728,0.7902886,0.11440699,0.50085765,0.14419319,0.74084425,0.625602,0.045873325,0.001268387,0.035847444,0.013364912,0.011219022,0.006692784,0.003671329,0.31057972,7.533333333333333
fxhr4a,6579fa50e40d92001f48e7fb,0.7826603,0.38402683,0.49671254,0.09097979,0.21340905,0.13908774,0.8335283,0.00719407,0.000700951,0.002182874,0.00642987,0.010911589,0.006621582,0.005750274,0.18619557,9.216666666666667
n9aymt,6579f864e40d92001f4730c3,0.721044,0.4363525,0.5299432,0.14615701,0.29845113,0.13222396,0.7793703,0.010429831,0.001020432,0.003496297,0.007009373,0.013234417,0.007107049,0.008787598,0.16743079,1.7
n9aymt,6579f9229e7708001ed654ba,0.23767464,0.16842249,0.103396736,0.12647597,0.17845505,0.2398889,0.1964577,0.20973456,0.006332398,0.20483385,0.029604018,0.03339528,0.008556974,0.009731233,0.15113983,4.866666666666666
9hmhbp,6579f997e40d92001f4878c1,0.7001757,0.42600605,0.5242713,0.12989433,0.19217539,0.15422586,0.78963566,0.005089255,0.00061512,0.001026691,0.006135368,0.009869732,0.00603255,0.004836128,0.17882901,6.133333333333334
9hmhbp,6579f9509e7708001ed67b51,0.031107869,0.064135894,0.15728761,0.14615701,0.049183033,0.13809541,0.114434265,0.017592486,0.000619888,0.001600157,0.009108886,0.01173141,0.006110225,0.004128402,0.17582288,4.95
9hmhbp,6579f8ee9e7708001ed6253e,0.4885276,0.7611932,0.13020957,0.14304936,0.1627653,0.3736908,0.23389664,0.19694418,0.004444122,0.12735364,0.06250052,0.021330157,0.011922873,0.019226557,0.40615818,3.316666666666667
q741vx,6579f9299e7708001ed65af9,0.7460738,0.45577124,0.5096379,0.09879968,0.14851531,0.13416551,0.80054235,0.008482091,0.000753403,0.001979385,0.006686371,0.011082385,0.006518017,0.005278457,0.25078845,4.116666666666666
q741vx,6579f9d49e7708001ed6d065,0.8358183,0.8102402,0.46306062,0.43793672,0.4848259,0.6449408,0.6582865,0.20973456,0.009231567,0.003903274,0.019999169,0.018665737,0.34804323,0.004305333,0.25379398,6.95
q741vx,6579fa14e40d92001f48c32e,0.38804337,0.35425907,0.21126576,0.17798842,0.22680563,0.15668073,0.44952407,0.002733118,0.000531673,0.000587341,0.005451364,0.009451281,0.005534138,0.004275845,0.19418794,8.016666666666667
ahr9ft,6579f8dd9e7708001ed61532,0.2044906,0.22616051,0.20145756,0.23517443,0.20501089,0.14807095,0.26191986,0.011120965,0.00084877,0.002478856,0.007607877,0.01265371,0.006362667,0.006310557,0.1315974,7.233333333333333
ahr9ft,6579f76e25fcc3001fdedefe,0.27827218,0.21518372,0.11034848,0.33434358,0.12616077,0.38792914,0.097779684,0.2540519,0.007553101,0.28034934,0.07555214,0.05268429,0.007948523,0.011677479,0.2285505,1.1166666666666667
ahr9ft,6579f813e40d92001f469172,0.26146647,0.25436312,0.5242713,0.12534684,0.14851531,0.08505413,0.20028363,0.017592486,0.001478195,0.00379228,0.008576883,0.016616182,0.008065036,0.013977589,0.1735767,3.8666666666666667
c7pxkk,6579f76e25fcc3001fdede4c,0.18770115,0.16347843,0.22906929,0.35106236,0.3716375,0.36560544,0.1631984,0.09785384,0.004367828,0.002978328,0.012262905,0.015079016,0.09009721,0.005189991,0.18209659,1.0833333333333333
63c8ny,6579f8c5e40d92001f47c9e8,0.3836033,0.376459,0.09759216,0.09193956,0.2098003,0.12743886,0.4372008,0.013571346,0.001063347,0.003385304,0.007911879,0.013336895,0.007236506,0.00855169,0.2201412,6.416666666666667
63c8ny,6579f76d25fcc3001fdeddef,0.6336862,0.40990886,0.49064076,0.18451619,0.22068773,0.14807095,0.677725,0.007225486,0.000743866,0.002136626,0.006391869,0.0113215,0.006621582,0.006163114,0.15040304,0.6833333333333333
dq2vp8,6579f93b9e7708001ed669c3,0.31093162,0.22616051,0.10834246,0.09290418,0.19217539,0.15668073,0.0808017,0.034984488,0.001440048,0.003237312,0.009982891,0.012756188,0.015602129,0.004777151,0.31859946,4.483333333333333
dq2vp8,6579fa019e7708001ed6e94b,0.33484155,0.21246682,0.5046923,0.40466312,0.58250093,0.14995342,0.07633074,0.038048524,0.001659393,0.002266119,0.008785884,0.01173141,0.01698343,0.003111046,0.20249408,7.783333333333333
cazxxm,6579f9abe40d92001f488507,0.45544812,0.3780503,0.06990473,0.18780111,0.19912818,0.3730156,0.5734406,0.1013248,0.003013611,0.09245483,0.021159383,0.020783609,0.006938754,0.008669644,0.27935505,6.583333333333333
cazxxm,6579fa769e7708001ed731d1,0.16811807,0.12779967,0.12779324,0.3163838,0.173937,0.3988507,0.20220721,0.033806015,0.001382828,0.023997234,0.010704896,0.014464149,0.006731622,0.006959306,0.35927027,9.966666666666667
bqak9p,6579fa099e7708001ed6eea0,0.34582332,0.5120788,0.132634,0.17798842,0.15396011,0.33941016,0.17588417,0.045625936,0.001888275,0.007584561,0.013972916,0.012961143,0.011586283,0.005514365,0.27531102,7.116666666666666
q7trtm,6579f889e40d92001f477934,0.4432165,0.40555513,0.3171293,0.14304936,0.20145898,0.17034614,0.5416476,0.017341165,0.001430512,0.003514797,0.008785884,0.015420608,0.007689608,0.012326228,0.71766543,5.316666666666666
q7trtm,6579f8ba9e7708001ed5f122,0.69350386,0.40845597,0.57449806,0.11977882,0.19796546,0.14619578,0.80272555,0.006628598,0.000658035,0.001600157,0.006401369,0.010262563,0.006336776,0.004718174,0.19847967,6.116666666666666
q7trtm,6579f849e40d92001f46f906,0.69350386,0.40845597,0.57449806,0.11977882,0.19796546,0.14619578,0.80272555,0.006628598,0.000658035,0.001600157,0.006401369,0.010262563,0.006336776,0.004718174,0.19847973,4.233333333333333
q7trtm,6579f857e40d92001f4715bb,0.060666207,0.088569954,0.1063522,0.2248042,0.057932016,0.20634092,0.16678733,0.08479069,0.003814697,0.01191331,0.012604907,0.019143965,0.036149003,0.011913388,0.3136259,4.483333333333333
q7trtm,6579f8dbe40d92001f47df66,0.14154164,0.2866146,0.07841389,0.17474432,0.2554408,0.13029796,0.046524283,0.4269174,0.023076924,0.11396073,0.33998606,0.10240069,0.4404512,0.013800657,0.2643989,6.666666666666667
bqm6we,6579fa139e7708001ed6f5b9,0.6336862,0.40990886,0.49064076,0.18451619,0.22068773,0.14807095,0.677725,0.007225486,0.000743866,0.002136626,0.006391869,0.0113215,0.006621582,0.006163114,0.15040304,8.366666666666667
bqm6we,6579fa71e40d92001f48faca,0.32828447,0.31678307,0.197553,0.23517443,0.2441421,0.21693645,0.28693247,0.026263772,0.002126694,0.003773782,0.011958904,0.023311393,0.007870848,0.019226557,0.18102808,9.933333333333334
bqm6we,6579f9cde40d92001f48985c,0.27349865,0.6369952,0.123238094,0.24836068,0.051521268,0.4913665,0.14740507,0.085582085,0.002441406,0.005549679,0.017936565,0.015830519,0.04029291,0.005986183,0.2788606,7.166666666666667
zfttwe,6579f858e40d92001f4716a4,0.26867455,0.3940229,0.109343514,0.11220199,0.10591495,0.1997879,0.22181296,0.049089402,0.001974106,0.005623675,0.016100928,0.017709278,0.013528148,0.013446795,0.45412937,1.3833333333333333
zfttwe,6579f993e40d92001f48764c,0.34582332,0.53568614,0.3597569,0.49818915,0.09685559,0.5381241,0.23186605,0.11450345,0.003852844,0.007399572,0.034011267,0.018529098,0.051067904,0.006752886,0.3647985,6.65
zfttwe,6579fa4f9e7708001ed71ab7,0.43215233,0.46553662,0.26256776,0.41751894,0.06040291,0.5473798,0.30580607,0.059479803,0.00246048,0.003089321,0.014960921,0.017162729,0.027343199,0.007784986,0.32292855,9.783333333333333
zfttwe,6579f8d0e40d92001f47d515,0.09820561,0.06856995,0.11440699,0.26744163,0.10767364,0.33215606,0.12726986,0.103060275,0.00333786,0.002700844,0.020579277,0.017026093,0.04686524,0.010615891,0.21864939,3.4
46g71q,6579f8ace40d92001f47af39,0.45210588,0.27179828,0.33728355,0.12310397,0.2529197,0.0896192,0.40191156,0.015833238,0.001459122,0.003496297,0.007987879,0.017299367,0.008000307,0.012798046,0.19691852,2.0833333333333335
46g71q,6579f97f9e7708001ed69c9d,0.2329597,0.20707954,0.18591298,0.24175529,0.25670323,0.2156048,0.26514557,0.013948329,0.001277924,0.003348306,0.007816878,0.014771583,0.007611934,0.011913388,0.15823178,5.6
46g71q,6579f8f79e7708001ed62dcf,0.72175014,0.49247497,0.5605881,0.11977882,0.17056693,0.13710694,0.813253,0.010932474,0.000920296,0.003533295,0.007265875,0.013166099,0.007055265,0.007519589,0.1928798,3.3333333333333335
46g71q,6579f99b9e7708001ed6afa6,0.27108505,0.24295193,0.27453586,0.11977882,0.20860094,0.1424673,0.30852884,0.018849092,0.001277924,0.004328749,0.009526889,0.016342908,0.008582866,0.013092931,0.18011126,6.066666666666666
46g71q,6579fa169e7708001ed6f7b8,0.14633444,0.18607083,0.11852835,0.15872851,0.09097064,0.11907599,0.34867516,0.011686437,0.000872612,0.002682345,0.007341875,0.013405213,0.006679839,0.008020895,0.21468101,8.116666666666667
67fgtn,6579fa4f9e7708001ed71aaf,0.31093162,0.23731218,0.120612115,0.11868066,0.30959514,0.14619578,0.049982764,0.09655223,0.002479553,0.005845661,0.024640027,0.019895468,0.015947454,0.008433735,0.4045679,9.016666666666667
c9138m,6579f8ade40d92001f47afd4,0.8324491,0.57388216,0.6816833,0.3443384,0.30302712,0.38861004,0.74217725,0.27975297,0.005493164,0.27991617,0.16758773,0.051181246,0.006582745,0.0074901,0.30772832,2.2333333333333334
c9138m,6579f927e40d92001f48262f,0.7831877,0.4452839,0.38423225,0.12310397,0.12825382,0.17034614,0.49650365,0.06500591,0.00125885,0.004772724,0.030595649,0.016411226,0.007327127,0.006222091,0.32353967,4.266666666666667
c9138m,6579f9969e7708001ed6ac4c,0.4842099,0.55488205,0.0837122,0.12534684,0.40774035,0.27828732,0.3374794,0.016210219,0.000844002,0.002266119,0.008481883,0.011577694,0.006977591,0.006310557,0.41498408,6.1
c9138m,6579fa16e40d92001f48c4bb,0.81868845,0.6720945,0.5300995,0.17151402,0.23172872,0.3954315,0.81990945,0.022846194,0.000982285,0.006067649,0.010058892,0.014600786,0.007482476,0.008315781,0.25374526,8.25
c9138m,6579f880e40d92001f47650d,0.75380856,0.43338785,0.2705359,0.30511224,0.37608716,0.572507,0.70193166,0.036634352,0.001707077,0.025806036,0.010970897,0.01627459,0.007145886,0.008020895,0.34101197,1.4833333333333334
c9138m,6579f8e99e7708001ed620c1,0.72422177,0.58401513,0.120612115,0.25826308,0.32689932,0.4450875,0.63634866,0.024260364,0.001196861,0.012541492,0.010096892,0.013644327,0.006912862,0.008197826,0.34191316,3.2333333333333334
c9138m,6579f96fe40d92001f485d70,0.71636456,0.77341014,0.5801193,0.4973001,0.17845505,0.53126276,0.6713054,0.032863233,0.001096726,0.015254694,0.011882903,0.015147334,0.006861079,0.007902941,0.20312862,5.466666666666667
c9138m,6579f9e2e40d92001f48a5cb,0.52189237,0.53568614,0.18591298,0.44334027,0.34577155,0.61912376,0.5055823,0.018849092,0.000844002,0.006659614,0.009051885,0.013131939,0.006899917,0.006281069,0.22285756,7.383333333333334
c9138m,6579fa649e7708001ed7270e,0.49177095,0.24012628,0.11852835,0.301915,0.113765255,0.4685953,0.35148594,0.048842013,0.001144409,0.012441003,0.022061773,0.015728042,0.006343249,0.005013059,0.25415567,9.533333333333333
6k2vtq,6579f8b6e40d92001f47ba6e,0.64245784,0.3854497,0.4841993,0.13464333,0.17732301,0.14432828,0.748714,0.007288316,0.000858307,0.001868392,0.006610371,0.011902207,0.006446815,0.007667032,0.15040304,2.5166666666666666
6k2vtq,6579f921e40d92001f4820ac,0.31525248,0.21518372,0.18978162,0.08907493,0.092915915,0.2576641,0.35218722,0.02072494,0.001544952,0.00431025,0.008785884,0.014737424,0.009178371,0.010615891,0.42783907,4.283333333333333
ewy29w,6579fb08e40d92001f49396f,0.39695814,0.31678307,0.3493656,0.12199044,0.14851531,0.13029796,0.4570426,0.007602467,0.00079155,0.002275368,0.00654387,0.011680172,0.006666893,0.007460612,0.14184049,1.1166666666666667
ewy29w,6579fb3ae40d92001f494e66,0.36131743,0.28065717,0.30281326,0.20442122,0.22190776,0.15914497,0.33052772,0.04067813,0.00125885,0.004125261,0.014960921,0.018324144,0.007068211,0.006458,0.15719526,1.95
ewy29w,6579fc23e40d92001f49ab34,0.32392803,0.2601326,0.21520184,0.23517443,0.25670323,0.17412075,0.2683853,0.017592486,0.001707077,0.003366805,0.009108886,0.016103793,0.008401625,0.012798046,0.17911755,5.833333333333333
ewy29w,6579fc319e7708001ed7e4a9,0.3130916,0.28065717,0.15164815,0.15872851,0.16944648,0.14432828,0.29498222,0.019100413,0.002117157,0.0034593,0.009336887,0.017094411,0.008336896,0.015216109,0.17328401,6.066666666666666
ewy29w,6579fb1b9e7708001ed775a2,0.2542906,0.12779967,0.08281895,0.08907493,0.07153199,0.08580524,0.14913096,0.08953904,0.002994537,0.007362573,0.016024929,0.014703264,0.032695748,0.00625158,0.2517555,1.4333333333333333
ewy29w,6579fb67e40d92001f49635b,0.24714777,0.2821423,0.2231094,0.1977331,0.21825084,0.17160219,0.26191986,0.023906821,0.00123024,0.003440801,0.0114269,0.015557245,0.007029374,0.007843964,0.2510111,2.7
ewy29w,6579fb8de40d92001f4972d2,0.24714777,0.2821423,0.2231094,0.1977331,0.21825084,0.17160219,0.26191986,0.023906821,0.00123024,0.003440801,0.0114269,0.015557245,0.007029374,0.007843964,0.2510111,3.3333333333333335
ewy29w,6579fcc5e40d92001f49e18a,0.115430765,0.12096021,0.08915572,0.16829737,0.091941215,0.16161843,0.17956558,0.10783285,0.002861023,0.004569235,0.046178754,0.020851927,0.00704232,0.012149297,0.32513127,8.533333333333333
ewy29w,6579fceee40d92001f49efae,0.09820561,0.21791112,0.08016376,0.13464333,0.073305435,0.17664811,0.14397636,0.023671126,0.000782013,0.001405919,0.009982891,0.010894509,0.006420923,0.003479653,0.14829288,9.2
ewy29w,6579fc929e7708001ed80352,0.15839244,0.11026115,0.07410899,0.079847895,0.040187187,0.07287073,0.11129911,0.11429678,0.005340576,0.007991537,0.018129934,0.016889455,0.114629425,0.00687084,0.295402,7.683333333333334
74tggn,6579fb07e40d92001f4938eb,0.37246382,0.295564,0.29063478,0.37748483,0.23049566,0.7200276,0.2976776,0.020607091,0.000844002,0.011099357,0.008253881,0.010228404,0.006440342,0.004924594,0.35703582,8.083333333333334
bhdamn,6579fa099e7708001ed6ee53,0.52911484,0.295564,0.37896258,0.20778568,0.1045852,0.24400055,0.5558723,0.02048268,0.000963211,0.004643231,0.009431887,0.012517073,0.007611934,0.006133626,0.34442404,4.266666666666667
bhdamn,6579f9a99e7708001ed6b7a4,0.42774367,0.3940229,0.13628586,0.30511224,0.093894765,0.45898315,0.3044472,0.036870047,0.001869202,0.002848835,0.009564889,0.012073003,0.016465442,0.005248968,0.23872419,2.6666666666666665
bt9tyu,6579f9719e7708001ed6933d,0.36131743,0.57859075,0.18013267,0.46993598,0.22068773,0.55268854,0.23593342,0.13214645,0.003814697,0.002959829,0.01648093,0.0166845,0.13599728,0.0054259,0.21074356,1.8666666666666667
hu1xxw,6579fb839e7708001ed7a222,0.8314809,0.7876034,0.46644977,0.39554617,0.41084874,0.62378067,0.7551986,0.27975297,0.019998873,0.012240025,0.022964163,0.046171114,0.3993542,0.013505772,0.2974241,2.6333333333333333
hu1xxw,6579fc51e40d92001f49ba53,0.7837147,0.4245341,0.5633242,0.12761015,0.31753412,0.14619578,0.8381339,0.009864358,0.000758171,0.002478856,0.007284875,0.012141321,0.006938754,0.005897717,0.44772187,6.083333333333333
hu1xxw,6579fd3e9e7708001ed83f7b,0.7115956,0.62487966,0.56715447,0.09002491,0.23791625,0.09432412,0.62116104,0.019100413,0.001344681,0.005068706,0.008918885,0.015864678,0.007780228,0.011382594,0.30396244,10.016666666666667
hu1xxw,6579fbf3e40d92001f4999ac,0.66848433,0.2985656,0.13628586,0.11758787,0.21703479,0.3629191,0.5171897,0.036162965,0.00087738,0.00880549,0.017420914,0.011936366,0.00713294,0.005042548,0.40432134,4.516666666666667
1b4bqk,6579f9489e7708001ed6752a,0.29506782,0.24863632,0.109343514,0.1100836,0.12616077,0.09592405,0.28826994,0.01646154,0.001139641,0.003292809,0.008823884,0.014839902,0.007262398,0.008787598,0.23935121,1.6333333333333333
1b4bqk,6579f92e9e7708001ed65f35,0.27588674,0.28065717,0.077544875,0.078952126,0.040915363,0.12934102,0.12726986,0.49139655,0.024678862,0.57150364,0.3388922,0.124631,0.054947287,0.019934284,0.24735352,1.1833333333333333
1b4bqk,6579fa179e7708001ed6f8a2,0.39919263,0.31985405,0.08823851,0.07026008,0.07872421,0.10248133,0.21586141,0.16331999,0.0050354,0.03636306,0.029714199,0.036401358,0.09316374,0.014980201,0.20615764,5.083333333333333
tzvbqx,6579f91c9e7708001ed64fed,0.07635384,0.4245341,0.8103284,0.13133545,0.07872421,0.075639054,0.12240143,0.04834723,0.001344681,0.002090379,0.012718908,0.016342908,0.012699619,0.009200439,0.2110122,0.9333333333333333
tzvbqx,6579f94ee40d92001f484510,0.037467137,0.22339956,0.7200232,0.12310397,0.049958427,0.07355724,0.04766345,0.06263174,0.001077652,0.002182874,0.028281843,0.013576009,0.006116698,0.004659196,0.21987188,1.7666666666666666
tzvbqx,6579faab9e7708001ed74956,0.024868794,0.04760542,0.839811,0.2384713,0.051521268,0.13710694,0.06508322,0.25084448,0.004444122,0.24801466,0.08434689,0.02071529,0.006861079,0.003921982,0.30837816,7.583333333333333
tzvbqx,6579fb079e7708001ed76cad,0.09080389,0.092637524,0.6811418,0.11977882,0.093894765,0.099992886,0.17588417,0.02968135,0.001354218,0.01191331,0.009279887,0.015181494,0.007301235,0.007106749,0.20394531,9.1
tzvbqx,6579fa5be40d92001f48ee6c,0.7993752,0.6017803,0.33383814,0.6859793,0.8862617,0.70234245,0.40977973,0.041915078,0.001163483,0.02721288,0.013820915,0.011048226,0.006213791,0.00395147,0.24158594,6.25
yxm28m,6579fc7b9e7708001ed7fbcc,0.4788228,0.3045994,0.43870386,0.11758787,0.12616077,0.12555276,0.783768,0.006817089,0.00064373,0.001368921,0.00651537,0.010330882,0.006375613,0.004305333,0.26942286,3.3333333333333335
yxm28m,6579fd3ee40d92001f4a0b50,0.22826096,0.2762165,0.132634,0.17151402,0.16721234,0.24125785,0.29632914,0.013634177,0.000758171,0.002367863,0.007778878,0.01174849,0.006744567,0.007018283,0.2180732,6.566666666666666
yxm28m,6579fc5b9e7708001ed7f161,0.09820561,0.5242343,0.12271099,0.6558036,0.113765255,0.6999628,0.19265923,0.037577134,0.001592636,0.001637155,0.009412888,0.010945748,0.021990653,0.00364184,0.23751542,2.8
p6m8vw,6579fa7a9e7708001ed7340a,0.081717156,0.19644909,0.1995043,0.38468158,0.05389532,0.47390658,0.119192705,0.03828422,0.001115799,0.003736784,0.015644927,0.012312118,0.007780228,0.004777151,0.19293897,4.95
239dy4,6579fe509e7708001ed87f8a,0.51366115,0.5189085,0.07928687,0.11758787,0.09685559,0.3163268,0.21586141,0.055521555,0.002059937,0.007214582,0.01465692,0.012722028,0.01940071,0.005013059,0.29010245,7.366666666666666
qmdt4b,657a07c528c71a001f29525a,0.21417195,0.41866332,0.22509329,0.19440953,0.01948884,0.27967444,0.3139914,0.029327808,0.001478195,0.002700844,0.00810188,0.012790347,0.012492486,0.005307945,0.18570714,7.083333333333333
qmdt4b,657a078008d31200209439f0,0.40582877,0.4610424,0.13506666,0.38287976,0.23296322,0.44807062,0.3071667,0.059974585,0.001382828,0.016963007,0.025026767,0.016957775,0.008440462,0.0074901,0.3722258,5.95
kgkpr3,6579fa85e40d92001f4905c1,0.4842099,0.6720945,0.22906929,0.42121267,0.088083394,0.51589495,0.2749724,0.059974585,0.0020504,0.003588792,0.019741343,0.011902207,0.016292779,0.003273233,0.23346266,2.3666666666666667
7au8zc,6579fcfce40d92001f49f4fc,0.7831877,0.46179694,0.4796587,0.08907493,0.29714707,0.12649381,0.7377901,0.01024134,0.000915527,0.002885833,0.006809872,0.012687869,0.007184723,0.007961918,0.2504192,7.45
7au8zc,6579fca29e7708001ed80927,0.70276076,0.49247497,0.46984196,0.113268904,0.2541795,0.1331928,0.7530431,0.01017851,0.001058579,0.003422302,0.007028373,0.013268576,0.007327127,0.009849187,0.16322064,5.933333333333334
p8hgb2,6579fbd99e7708001ed7c33a,0.5834885,0.37964377,0.46306062,0.11220199,0.26685292,0.12555276,0.6996477,0.012063419,0.001001358,0.002515854,0.007607877,0.012722028,0.006990537,0.007254192,0.17744231,2.6
eh6vv6,6579fcca9e7708001ed817d1,0.75907433,0.5441175,0.84468275,0.17474432,0.2932416,0.18684532,0.6730601,0.011686437,0.000753403,0.003385304,0.007588876,0.011902207,0.006938754,0.00604516,0.28740618,6.116666666666666
eh6vv6,6579fd44e40d92001f4a0d14,0.86425537,0.66684467,0.57121694,0.54347795,0.627972,0.57898057,0.8098156,0.054037213,0.001869202,0.03919895,0.014808921,0.017504321,0.007016428,0.009672256,0.33225903,8.15
eh6vv6,6579fc43e40d92001f49b619,0.79497004,0.6239692,0.5157819,0.10590835,0.26812777,0.113679945,0.80054235,0.015267765,0.001316071,0.004846719,0.007892879,0.015625564,0.007676662,0.008669644,0.51671785,3.8666666666666667
eh6vv6,6579fc25e40d92001f49abd8,0.48313004,0.19909015,0.14790365,0.13966006,0.31820145,0.32926556,0.30852884,0.08874765,0.002880096,0.051580742,0.015112923,0.018734055,0.008789998,0.009200439,0.21572234,3.3666666666666667
4xgad4,6579fb2f9e7708001ed77de8,0.54153293,0.33691296,0.8364929,0.09879968,0.06890261,0.12182798,0.67597777,0.010932474,0.00056982,0.002663846,0.007493876,0.010723713,0.006317357,0.004777151,0.17388578,1.9333333333333333
4xgad4,6579fbb79e7708001ed7b5ac,0.5436074,0.78341645,0.3939286,0.38829362,0.34848112,0.43968016,0.20124449,0.27525392,0.006446838,0.2331515,0.15840563,0.027273865,0.008971239,0.007224703,0.25099108,4.2
uged4m,6579fcdde40d92001f49e99d,0.7103591,0.4157393,0.5874523,0.07281757,0.10062749,0.11016245,0.4156998,0.27236435,0.003108978,0.007732552,0.24928534,0.09518933,0.007003482,0.008197826,0.20846093,2.5
uged4m,6579fdd9e40d92001f4a34c3,0.52292305,0.509807,0.31302714,0.29080722,0.23543736,0.3458873,0.26514557,0.09568449,0.002784729,0.005549679,0.018710041,0.017026093,0.038911607,0.004511754,0.18904307,6.7
f2pkpw,6579fc81e40d92001f49c9d6,0.56853205,0.56575704,0.16865413,0.40466312,0.17732301,0.6111136,0.43952644,0.04216247,0.001306534,0.028016793,0.012794908,0.014293353,0.007301235,0.006369534,0.26905575,3.8
f2pkpw,6579fcfb9e7708001ed82915,0.11904381,0.17091095,0.65710026,0.214554,0.09097064,0.13908774,0.08004688,0.37751234,0.018578632,0.44690517,0.24630153,0.11292298,0.009955117,0.013800657,0.21677537,5.85
vy7pwe,6579fd5ae40d92001f4a14a9,0.8677264,0.44081154,0.37458092,0.43048233,0.6096838,0.59765387,0.83055645,0.067380086,0.002298355,0.048995655,0.018581128,0.013678487,0.006530962,0.004629708,0.28691968,1.5666666666666667
9cx681,6579ff1e9e7708001ed899da,0.17055981,0.13473919,0.10536304,0.08532512,0.0373131,0.08808198,0.15435125,0.07291982,0.00087738,0.003126319,0.03511308,0.011833889,0.005977531,0.002860393,0.1720741,6.283333333333333
74rdkb,6579fe16e40d92001f4a4344,0.12726861,0.30763084,0.2330567,0.29713845,0.11992822,0.34232143,0.14057605,0.014450971,0.000948906,0.004384246,0.007493876,0.01265371,0.007417747,0.006752886,0.2168659,1.3833333333333333
74rdkb,6579fe8d9e7708001ed88ac6,0.80809724,0.62806726,0.53994524,0.39010334,0.31753412,0.5073127,0.784164,0.05725329,0.003032684,0.008250522,0.012186904,0.020032106,0.03373172,0.012385205,0.23112187,3.3666666666666667
74rdkb,6579fec79e7708001ed891c9,0.072815776,0.102069505,0.8004445,0.06609225,0.000188695,0.05055534,0.1256395,0.039462693,0.00125885,0.003311308,0.01640493,0.015659723,0.006938754,0.008079873,0.20786774,4.333333333333333
74rdkb,6579ff199e7708001ed89997,0.043945573,0.064135894,0.79763114,0.10903197,0.000188695,0.08282434,0.078549035,0.040925518,0.00169754,0.002441859,0.011236899,0.012073003,0.017328756,0.005278457,0.20808543,5.7
74rdkb,6579ff4ae40d92001f4a69fb,0.36576703,0.31525165,0.39481232,0.20442122,0.23296322,0.16410081,0.32775652,0.009424546,0.000944138,0.001655654,0.007227874,0.014225035,0.006336776,0.011441571,0.14724594,6.516666666666667
74rdkb,6579ff979e7708001ed8a4dd,0.08897218,0.2044055,0.1063522,0.13464333,0.15834752,0.14432828,0.19455506,0.022021262,0.001149178,0.003884775,0.010780896,0.01764096,0.007404801,0.013151909,0.16489056,7.783333333333333
74rdkb,6579fe269e7708001ed8797f,0.41237864,0.30915013,0.38335308,0.17474432,0.20262691,0.15668073,0.39864236,0.007979449,0.000801086,0.002497356,0.006648371,0.011782649,0.006699257,0.006605443,0.14184046,1.65
74rdkb,6579fff0e40d92001f4a791a,0.63084346,0.5672328,0.20145756,0.33434358,0.29584426,0.5424111,0.36627677,0.13214645,0.006484985,0.004846719,0.013744914,0.017299367,0.14169718,0.008610667,0.25026336,9.283333333333333
e8f3x8,6579fff9e40d92001f4a7a61,0.6336862,0.40990886,0.49064076,0.18451619,0.22068773,0.14807095,0.677725,0.007225486,0.000743866,0.002136626,0.006391869,0.0113215,0.006621582,0.006163114,0.15040304,1.4333333333333333
e8f3x8,657a004533c327001f921d49,0.26867455,0.29107937,0.5185036,0.078952126,0.23419909,0.061140914,0.19265923,0.022964042,0.001268387,0.002867334,0.008861885,0.016342908,0.007948523,0.011146685,0.22624753,2.7
e8f3x8,657a00db33c327001f922262,0.29025218,0.15857893,0.10834246,0.099799976,0.45776397,0.12368249,0.23797645,0.09481675,0.003166199,0.004069764,0.02567133,0.026454043,0.008052089,0.020877918,0.5094447,5.2
e8f3x8,657a018d33c327001f922aa8,0.3747018,0.29406664,0.17055956,0.22137496,0.381571,0.17664811,0.31673273,0.01426248,0.001277924,0.003477799,0.007911879,0.014942379,0.007663717,0.014980201,0.17687756,8.166666666666666
8cax8p,657a01ca08d312002094289f,0.6336862,0.40990886,0.49064076,0.18451619,0.22068773,0.14807095,0.677725,0.007225486,0.000743866,0.002136626,0.006391869,0.0113215,0.006621582,0.006163114,0.15040304,5.65
8cax8p,657a00b028c71a001f293391,0.41237864,0.4707672,0.11956828,0.22137496,0.05310001,0.4125808,0.40846625,0.08874765,0.002298355,0.06704199,0.017420914,0.01764096,0.007676662,0.006605443,0.28295866,0.95
gtfwhw,657a065028c71a001f29494b,0.7842415,0.4512681,0.54696196,0.113268904,0.19680415,0.13908774,0.7793703,0.038991302,0.000777245,0.003588792,0.019096779,0.012073003,0.006252628,0.003317466,0.36705697,2.55
gtfwhw,657a061c28c71a001f2946fe,0.35023654,0.5015001,0.17246792,0.078952126,0.064601645,0.13514197,0.27629468,0.02072494,0.001149178,0.002978328,0.00983089,0.01402008,0.008013252,0.008020895,0.2380077,1.6833333333333333
r8xzau,657a0cb6b6d234001fec8da0,0.41895068,0.376459,0.30077735,0.214554,0.28352603,0.14432828,0.34797287,0.015896067,0.001735687,0.004513739,0.008823884,0.017299367,0.008582866,0.014626338,0.17531358,0.36666666666666664
r8xzau,657a0cedb6d234001fec8eb5,0.24714777,0.23450792,0.5361154,0.124222845,0.16944648,0.090393595,0.17772123,0.01005285,0.000739098,0.001738899,0.006914373,0.01261955,0.006563326,0.006900329,0.16621152,1.2833333333333334
r8xzau,657a0d11b6d234001fec8f12,0.31525248,0.28958938,0.4796587,0.18124555,0.18642803,0.12649381,0.30989113,0.014513801,0.001096726,0.002571351,0.007816878,0.014395831,0.007197669,0.009554301,0.16612308,1.8833333333333333
r8xzau,657a0d42bac4780020ede29d,0.09080389,0.07592425,0.46042702,0.082564235,0.08335247,0.06176204,0.09381223,0.22579013,0.005645752,0.02138452,0.1640896,0.06646215,0.007430693,0.011677479,0.21261808,2.7
r8xzau,657a0da6c5765e001fce8443,0.48313004,0.7012487,0.08732515,0.10798564,0.4315712,0.19199699,0.13888659,0.32074678,0.017674843,0.025002124,0.042665333,0.07449899,0.40348873,0.01792906,0.16237217,4.366666666666666
r8xzau,657a0dce36c10c001f919cc7,0.09080389,0.07592425,0.46042702,0.082564235,0.08335247,0.06176204,0.09381223,0.22579013,0.005645752,0.02138452,0.1640896,0.06646215,0.007430693,0.011677479,0.21261808,5.033333333333333
4ye6ty,657a0de3bac4780020ede833,0.79911673,0.6801754,0.4499192,0.09290418,0.17168832,0.40021974,0.8192568,0.010806813,0.000796318,0.00189614,0.007550877,0.011031146,0.00704232,0.006428511,0.1919217,2.6333333333333333
xvv7b7,657a0fb4bac4780020edfec3,0.25667855,0.23450792,0.10437799,0.1329856,0.17845505,0.12090656,0.15260378,0.19124292,0.006027222,0.008768492,0.04090862,0.04642162,0.046218675,0.012385205,0.22799069,3.8833333333333333
xvv7b7,657a0ffbc5765e001fcea0ba,0.42994708,0.665455,0.103396736,0.14134736,0.03946282,0.3163268,0.21094625,0.16043124,0.008239746,0.007140587,0.01625293,0.02023706,0.1733226,0.007313169,0.18257585,5.083333333333333
xvv7b7,657a10dec5765e001fceb4d3,0.037467137,0.062396392,0.7304161,0.11434096,0.04312292,0.08282434,0.056647703,0.10089093,0.003662109,0.009619443,0.014086916,0.017094411,0.114629425,0.006959306,0.23970245,8.85
xvv7b7,657a1123b6d234001feccd5c,0.014234927,0.3748699,0.78528374,0.15556577,0.018879846,0.13416551,0.13888659,0.021785567,0.001111031,0.002663846,0.008272881,0.012585391,0.009799767,0.005337434,0.15459357,10.016666666666667
xvv7b7,657a0f1f36c10c001f91a9fb,0.763632,0.43338785,0.6499242,0.47783998,0.18300076,0.44840088,0.7777517,0.04166769,0.001516342,0.004199257,0.013364912,0.01261955,0.012026439,0.004216868,0.17645071,1.4166666666666667
xvv7b7,657a0f6836c10c001f91ae43,0.81038415,0.62469757,0.58714044,0.16190393,0.10591495,0.3163268,0.8483451,0.012628892,0.000901222,0.002719343,0.008044879,0.013029462,0.006886971,0.007254192,0.30400747,2.6166666666666667
xvv7b7,657a1042b6d234001fecb3bc,0.6673736,0.79920864,0.37633237,0.5576981,0.4264148,0.7281775,0.46286294,0.049089402,0.002374649,0.005512681,0.0113509,0.013131939,0.03373172,0.004541242,0.27071604,6.266666666666667
x8xzca,657a0f0dc5765e001fce91e5,0.36131743,0.3606355,0.2231094,0.16829737,0.25923225,0.13514197,0.23186605,0.07608539,0.003662109,0.014953227,0.017807651,0.03840541,0.009722093,0.056700204,0.76353055,0.6833333333333333
x8xzca,657a0fa6c5765e001fce9c05,0.35023654,0.18863499,0.077544875,0.12874979,0.10591495,0.16784096,0.41767693,0.10870059,0.003833771,0.0775651,0.022061773,0.02344803,0.007547205,0.007608055,0.19682606,3.2333333333333334
xg1y6u,657a10f7bac4780020ee1a77,0.56956154,0.3260242,0.45967516,0.10903197,0.14419319,0.11456946,0.799073,0.009047564,0.000829697,0.002053381,0.006923873,0.011458136,0.006738094,0.005986183,0.29458973,7.7
xg1y6u,657a115ac5765e001fcec3ba,0.115430765,0.18863499,0.7345398,0.13630773,0.113765255,0.08808198,0.21487516,0.009236055,0.000743866,0.00190539,0.006724371,0.012038844,0.006647474,0.007313169,0.17957835,9.35
xg1y6u,657a0fe336c10c001f91b6ae,0.8424654,0.49472728,0.5779344,0.43793672,0.26176634,0.60439146,0.8077189,0.3302291,0.010223389,0.38185352,0.16788013,0.034146797,0.009825659,0.007667032,0.41866395,3.1
xg1y6u,657a10a5bac4780020ee0ffa,0.7887062,0.72041863,0.6493711,0.35274938,0.11581159,0.5243346,0.81119925,0.014890783,0.001034737,0.005142702,0.00813988,0.012824507,0.007844958,0.009731233,0.18390313,6.333333333333333
xg1y6u,657a1039b6d234001fecb2fb,0.031107869,0.08360307,0.7804687,0.17474432,0.046121623,0.1406137,0.105115615,0.06579731,0.001592636,0.05612817,0.015112923,0.012346277,0.006252628,0.004364311,0.21723895,4.533333333333333
k6y96r,657a102936c10c001f91ba0f,0.7988583,0.4157393,0.51754284,0.09097979,0.17732301,0.14619578,0.8386966,0.008482091,0.000739098,0.002210622,0.006667371,0.011406898,0.006582745,0.006192603,0.22954462,1.0666666666666667
k6y96r,657a106cbac4780020ee0a95,0.22124074,0.46404538,0.11338645,0.22137496,0.09685559,0.45501158,0.23593342,0.25462922,0.00617981,0.2331515,0.086852804,0.03915693,0.007430693,0.00979021,0.23803207,2.183333333333333
k6y96r,657a1103c5765e001fceba4d,0.8196856,0.8727298,0.59991086,0.6200443,0.48890385,0.73395616,0.70988655,0.057005897,0.001344681,0.015355183,0.021159383,0.017982552,0.007275343,0.005750274,0.24413921,4.7
k6y96r,657a1170c5765e001fcec66a,0.83677566,0.6385898,0.5883878,0.38648623,0.13563919,0.58102256,0.8658475,0.00823077,0.000536442,0.001618656,0.007028373,0.010040528,0.006388559,0.004098913,0.17903963,6.516666666666667
pcz3e4,657a1097bac4780020ee0e8e,0.07105747,0.15372267,0.1762937,0.18780111,0.117865905,0.37774765,0.13553135,0.023671126,0.000910759,0.003755282,0.011046898,0.014942379,0.006789878,0.008138849,0.20468421,2.033333333333333
pcz3e4,657a10b4bac4780020ee1176,0.43215233,0.23731218,0.18784583,0.13464333,0.19448619,0.24125785,0.25559548,0.27236435,0.004615784,0.08666438,0.19500497,0.07320584,0.007262398,0.007047772,0.33763313,2.5166666666666666
pwghnt,657a1112c5765e001fcebc93,0.25667855,0.2044055,0.123238094,0.18124555,0.18528372,0.14807095,0.27163783,0.027324399,0.001964569,0.003163317,0.011198899,0.022764845,0.007637825,0.025949955,0.21614426,0.6166666666666667
pwghnt,657a115436c10c001f91da6c,0.021793652,0.08458632,0.7116272,0.14928007,0.0671697,0.106708884,0.036864985,0.09655223,0.004577637,0.009619443,0.012110904,0.015625564,0.07323132,0.00604516,0.2629255,1.7166666666666666
pwghnt,657a11b336c10c001f91e549,0.2020805,0.37964377,0.3441924,0.4193646,0.05073776,0.5585045,0.14913096,0.033334624,0.001602173,0.00258985,0.009089886,0.011577694,0.018882722,0.004482265,0.24627942,3.3
pwghnt,657a1247bac4780020ee421b,0.60578907,0.45727557,0.5563853,0.5302898,0.14311765,0.5263125,0.3804406,0.038048524,0.001363754,0.002515854,0.013174911,0.01173141,0.01187109,0.004423288,0.27286607,5.766666666666667
pwghnt,657a132ac5765e001fceff27,0.80886054,0.77182335,0.6482644,0.46993598,0.17845505,0.68765855,0.7915576,0.031213367,0.001440048,0.002034882,0.008861885,0.0113215,0.015256803,0.004688685,0.17443444,9.55
pwghnt,657a128fbac4780020ee4c21,0.6336862,0.40990886,0.49064076,0.18451619,0.22068773,0.14807095,0.677725,0.007225486,0.000743866,0.002136626,0.006391869,0.0113215,0.006621582,0.006163114,0.15040304,6.966666666666667
3g4v9a,657a11b9b6d234001fecdcb8,0.048882913,0.31525165,0.8563105,0.11977882,0.04312292,0.06428147,0.10358816,0.023671126,0.001344681,0.004920715,0.009678889,0.018119188,0.008026198,0.015452018,0.24673288,4.233333333333333
3g4v9a,657a1196c5765e001fcecabb,0.052212548,0.059824497,0.8031979,0.124222845,0.000188695,0.1331928,0.0755991,0.025085296,0.001344681,0.002441859,0.00819688,0.010996987,0.011715741,0.003892493,0.24608508,3.65
nr812a,657a12e536c10c001f920c68,0.5888457,0.41427898,0.42086712,0.11434096,0.2541795,0.14619578,0.6173472,0.011812098,0.001101494,0.003403803,0.007455876,0.014395831,0.007482476,0.009613278,0.13043018,8.683333333333334
nr812a,657a1103bac4780020ee1c37,0.2926585,0.30763084,0.12418452,0.116500415,0.23419909,0.1361225,0.3139914,0.059727192,0.006523132,0.00327431,0.017936565,0.10549548,0.007909686,0.06376713,0.23205014,0.65
nr812a,657a112ac5765e001fcebf8d,0.31093162,0.3045994,0.22112842,0.21795772,0.22068773,0.15422586,0.2990281,0.019351736,0.001187325,0.003181816,0.009108886,0.015625564,0.007029374,0.010497936,0.14037481,1.3
pqvkay,657a12ccb6d234001fecff55,0.2926585,0.2866146,0.15917414,0.12534684,0.19912818,0.13514197,0.30580607,0.010492661,0.000686646,0.001868392,0.007151874,0.011970525,0.006440342,0.007047772,0.21636377,3.0166666666666666
pqvkay,657a12aac5765e001fceee0f,0.6336862,0.40990886,0.49064076,0.18451619,0.22068773,0.14807095,0.677725,0.007225486,0.000743866,0.002136626,0.006391869,0.0113215,0.006621582,0.006163114,0.15040304,2.433333333333333
pqvkay,657a1334c5765e001fcf00a9,0.44988045,0.3622354,0.24675351,0.20442122,0.27452108,0.23036613,0.45670056,0.010806813,0.001440048,0.001914639,0.007987879,0.015113175,0.007003482,0.010262027,0.24980174,4.75
pqvkay,657a129dbac4780020ee4e19,0.46774283,0.42747927,0.38775173,0.70062023,0.07872421,0.7656371,0.32223237,0.055768944,0.002918243,0.003015325,0.010438894,0.011970525,0.048481647,0.00343542,0.35074428,2.2333333333333334
pqvkay,657a12fcc5765e001fcef89a,0.78213274,0.56760174,0.5065937,0.07717534,0.34374136,0.09117182,0.783768,0.015016444,0.001182556,0.004402745,0.008709883,0.01579636,0.008155655,0.013859635,0.34934455,3.8
pqvkay,657a1348c5765e001fcf036b,0.2329597,0.20707954,0.18591298,0.24175529,0.25670323,0.2156048,0.26514557,0.013948329,0.001277924,0.003348306,0.007816878,0.014771583,0.007611934,0.011913388,0.15823184,5.083333333333333
pqvkay,657a137ab6d234001fed1737,0.6750377,0.29406664,0.5242713,0.10903197,0.240402,0.13710694,0.748714,0.014765122,0.001006126,0.001738899,0.009260887,0.014395831,0.006641001,0.0108518,0.3273423,5.916666666666667
4vw7ar,657a1373bac4780020ee6b30,0.7837147,0.44081154,0.63883054,0.13966006,0.08523248,0.34997848,0.86290234,0.025203144,0.00161171,0.001997884,0.00817788,0.010979908,0.012026439,0.004128402,0.38042948,5.166666666666667
4vw7ar,657a1492b6d234001fed3e28,0.5958972,0.6703187,0.23891157,0.6534317,0.39601216,0.8239069,0.53141695,0.013634177,0.000729561,0.001877641,0.007816878,0.009869732,0.007456584,0.003892493,0.28486496,9.933333333333334
u6p46d,657a1398bac4780020ee7095,0.3679965,0.52499634,0.40625387,0.42862403,0.23791625,0.65084904,0.36274412,0.014953613,0.000867844,0.006955597,0.007892879,0.012926984,0.006874025,0.007283681,0.3202361,1.9666666666666666
u6p46d,657a1415bac4780020ee81c4,0.58790606,0.62988895,0.4879873,0.5624557,0.5603215,0.46594214,0.5051237,0.06817148,0.000934601,0.003662788,0.030595649,0.01627459,0.005990476,0.004570731,0.2658502,4.066666666666666
u6p46d,657a13d0c5765e001fcf14ab,0.115430765,0.057295278,0.639943,0.21116324,0.093894765,0.12649381,0.22883303,0.039462693,0.001063347,0.01666154,0.01465692,0.013985921,0.005935457,0.006723397,0.13392448,2.9
u6p46d,657a148536c10c001f9245bf,0.60909146,0.42600605,0.11543151,0.43793672,0.38225707,0.4956951,0.6557929,0.02072494,0.000662804,0.00569767,0.010172892,0.010706633,0.005980767,0.003833516,0.23235184,5.933333333333334
u6p46d,657a14d6c5765e001fcf379c,0.36354095,0.58220637,0.5311932,0.060451824,0.1303544,0.09592405,0.1907705,0.09958932,0.002088547,0.014953227,0.02708937,0.019212283,0.00704232,0.005248968,0.16545704,7.283333333333333
u6p46d,657a1547b6d234001fed50b4,0.3304673,0.376459,0.0837122,0.24175529,0.31553343,0.34793156,0.19455506,0.16678599,0.004653931,0.005253696,0.036809623,0.025907494,0.11922921,0.005720785,0.24639283,9.166666666666666
uv6a1n,657a139536c10c001f92249a,0.17790961,0.2457886,0.18591298,0.12310397,0.00540308,0.11279448,0.074871585,0.4269174,0.011672974,0.013445892,0.47384647,0.10797132,0.100830056,0.011146685,0.28827912,3.316666666666667
uv6a1n,657a13dc36c10c001f922d60,0.4885276,0.22616051,0.08915572,0.17798842,0.18072422,0.1361225,0.2829303,0.09828771,0.004730225,0.006030651,0.012376905,0.019143965,0.042662576,0.0108518,0.21916097,4.5
uv6a1n,657a132d36c10c001f92163a,0.2329597,0.38118678,0.16295655,0.39918593,0.021337438,0.5540577,0.28693247,0.023788974,0.001206398,0.001692652,0.007949878,0.010655395,0.0115345,0.003863005,0.19765216,1.5833333333333333
p4ty9t,657a149136c10c001f92473d,0.6171201,0.2630332,0.13628586,0.099799976,0.18072422,0.14995342,0.60139525,0.015581916,0.000867844,0.003144818,0.00817788,0.013029462,0.006789878,0.006487489,0.22654861,6.65
p4ty9t,657a13cbc5765e001fcf1413,0.73832816,0.6072296,0.14045076,0.68453866,0.6664547,0.6521596,0.21290728,0.056016337,0.001983643,0.014249804,0.019225692,0.011970525,0.011094344,0.004423288,0.2063635,3.35
xgetxk,657a12f4b6d234001fed04ac,0.7348043,0.51814896,0.49215767,0.10283129,0.27965918,0.14432828,0.7857409,0.01024134,0.001039505,0.003977269,0.007189874,0.013985921,0.007547205,0.010497936,0.16322064,1.3666666666666667
xgetxk,657a1313bac4780020ee5dce,0.6336862,0.34161535,0.3623644,0.19109875,0.22926421,0.19458519,0.45601654,0.11419344,0.003852844,0.10221587,0.025026767,0.022969801,0.010239923,0.012031343,0.3620403,1.8833333333333333
xgetxk,657a1343c5765e001fcf02be,0.6109793,0.38829944,0.29265818,0.10694439,0.056305178,0.25357863,0.76539105,0.044636376,0.001792908,0.010507392,0.015720926,0.017504321,0.011120236,0.008787598,0.3616212,2.683333333333333
xgetxk,657a13e1b6d234001fed2493,0.15597202,0.21246682,0.823558,0.12199044,0.08617879,0.082088776,0.24828553,0.009550206,0.000658035,0.001683403,0.006828872,0.010996987,0.006712203,0.005455388,0.174083,5.3
xgetxk,657a142f36c10c001f923969,0.71239156,0.5556525,0.35888863,0.40466312,0.15177679,0.73280346,0.6154381,0.085582085,0.002269745,0.050216515,0.017356457,0.01265371,0.01052473,0.004511754,0.32449475,6.616666666666666
xgetxk,657a14bac5765e001fcf3424,0.01723619,0.0749873,0.8208785,0.09002491,0.011842369,0.063014865,0.12240143,0.013445686,0.000638962,0.001951637,0.007797878,0.011355659,0.007016428,0.00563232,0.17895351,8.933333333333334
xgetxk,657a14e9c5765e001fcf3954,0.0944899,0.19644909,0.8112632,0.09681413,0.07964143,0.10416048,0.2369541,0.011686437,0.000824928,0.003255812,0.007151874,0.012517073,0.007236506,0.008256803,0.313248,9.716666666666667
xgetxk,657a1465bac4780020ee8df2,0.82068044,0.6395923,0.5568153,0.28608742,0.22926421,0.43394566,0.7923217,0.044388983,0.001363754,0.026207991,0.013972916,0.012141321,0.007145886,0.004895105,0.42885712,7.5
xgetxk,657a139b36c10c001f92255f,0.75486207,0.54488504,0.5383047,0.22137496,0.07690128,0.41120413,0.72114706,0.020842785,0.001111031,0.006363631,0.009982891,0.013678487,0.008298059,0.008315781,0.177723,4.15
xgetxk,657a13c8b6d234001fed209c,0.35466036,0.27769426,0.10734529,0.11977882,0.13563919,0.15184323,0.33052772,0.012000589,0.000910759,0.002229121,0.007702877,0.011816809,0.006828715,0.006575955,0.22750725,4.9
xgetxk,657a13fcc5765e001fcf1c47,0.624688,0.41866332,0.16675195,0.116500415,0.13990174,0.28803274,0.70193166,0.011120965,0.000605583,0.004402745,0.006914373,0.011116544,0.00641445,0.005514365,0.2569784,5.766666666666667
2kh6p6,657a1419bac4780020ee8246,0.17055981,0.0350017,0.06499113,0.049835145,0.2074021,0.07016175,0.052357487,0.13041082,0.003795624,0.028016793,0.06512285,0.041661996,0.00899713,0.016513607,0.25108024,2.9
2kh6p6,657a13d7c5765e001fcf1603,0.28066093,0.2985656,0.09286537,0.11758787,0.13883325,0.28943124,0.19836703,0.044388983,0.001535416,0.011321344,0.015112923,0.01442999,0.009825659,0.008905552,0.25784382,1.8166666666666667
2kh6p6,657a1446b6d234001fed3376,0.16811807,0.29406664,0.07410899,0.099799976,0.057932016,0.10585547,0.08777359,0.33338684,0.01573815,0.03919895,0.035774168,0.06546012,0.44942492,0.011205662,0.21318394,3.65
2kh6p6,657a1452bac4780020ee8b22,0.18770115,0.13941906,0.07410899,0.08165393,0.06207031,0.10081833,0.15435125,0.5566829,0.21290472,0.06385879,0.070799805,0.196476,0.6164197,0.02394473,0.24830814,3.85
2kh6p6,657a155f36c10c001f925b7e,0.115430765,0.15857893,0.074962124,0.07454585,0.033806894,0.08505413,0.15086368,0.55739564,0.021419114,0.017063495,0.5739874,0.2761231,0.007728445,0.01769315,0.1971155,8.216666666666667
2kh6p6,657a14f2b6d234001fed4824,0.06410012,0.3780503,0.077544875,0.14928007,0.004449089,0.24262819,0.05116326,0.37576625,0.01935331,0.4482637,0.15485314,0.13168186,0.13815513,0.025949955,0.32591602,6.533333333333333
z23p48,657a1488bac4780020ee9240,0.35023654,0.20976527,0.14977454,0.11220199,0.27196017,0.1331928,0.34867516,0.045873325,0.002202988,0.007214582,0.014162917,0.023584666,0.009566744,0.025714045,0.22791532,3.5166666666666666
z23p48,657a14e4bac4780020ee9bbd,0.36131743,0.27326855,0.0864158,0.09097979,0.18072422,0.1361225,0.09512816,0.067380086,0.001139641,0.011025362,0.025155678,0.0166845,0.006686311,0.006575955,0.15260735,5.05
z23p48,657a151936c10c001f9254e0,0.45210588,0.3622354,0.39835098,0.19440953,0.22312969,0.16161843,0.46978086,0.014513801,0.001277924,0.003755282,0.008595883,0.016137952,0.007611934,0.010969753,0.17962904,5.933333333333334
z23p48,657a153ec5765e001fcf4215,0.45210588,0.3622354,0.39835098,0.19440953,0.22312969,0.16161843,0.46978086,0.014513801,0.001277924,0.003755282,0.008595883,0.016137952,0.007611934,0.010969753,0.17962912,6.55
p1dc86,657a15a3bac4780020eeaf94,0.47774684,0.41136384,0.3939286,0.15556577,0.2630359,0.15668073,0.6173472,0.007225486,0.000858307,0.001794396,0.00650587,0.012004685,0.007119995,0.007136237,0.16918439,7.433333333333334
p1dc86,657a1565c5765e001fcf458f,0.2926585,0.2206499,0.11034848,0.32941553,0.026425704,0.3458873,0.24828553,0.028031485,0.001773834,0.002330865,0.009431887,0.011765569,0.01086132,0.004983571,0.22880463,6.416666666666667
p1dc86,657a15e6c5765e001fcf5263,0.08714753,0.13941906,0.11237009,0.13464333,0.07964143,0.17286047,0.16141449,0.023906821,0.001044273,0.007288578,0.009507888,0.013644327,0.007107049,0.007047772,0.28430912,8.566666666666666
p1dc86,657a14adb6d234001fed410b,0.74114555,0.7039952,0.6245986,0.26744163,0.046880882,0.35476664,0.58985406,0.040925518,0.001745224,0.003903274,0.014276917,0.011628932,0.011922873,0.004423288,0.1723204,3.35
p1dc86,657a141136c10c001f92356e,0.60201764,0.5712946,0.084609546,0.12088228,0.0671697,0.3263803,0.58310336,0.03592727,0.002126694,0.003440801,0.009108886,0.013371054,0.013372798,0.005927206,0.28675756,0.75
mhfrfz,657a1451c5765e001fcf27fa,0.034273073,0.09889726,0.8373276,0.26898047,0.008507891,0.23172058,0.05790559,0.019477395,0.001072884,0.003866276,0.007436876,0.011509376,0.009644418,0.004924594,0.1833624,2.2333333333333334
mhfrfz,657a13f8bac4780020ee7e04,0.047229487,0.052366,0.10437799,0.46993598,0.049183033,0.54926413,0.18141639,0.015770407,0.000891686,0.002719343,0.007208874,0.010160086,0.008582866,0.003464909,0.18857127,0.75
mhfrfz,657a1420bac4780020ee8315,0.35687628,0.25436312,0.09474389,0.17798842,0.21825084,0.28384578,0.09250268,0.16851899,0.003414154,0.023595277,0.07270074,0.020373698,0.018882722,0.006369534,0.36993283,1.4
x8mtp6,657a159d36c10c001f926206,0.7910609,0.5242343,0.5173828,0.10798564,0.25040436,0.1424673,0.8159504,0.01005285,0.001029968,0.003237312,0.006752871,0.012926984,0.007365964,0.008669644,0.16284385,2.3833333333333333
x8mtp6,657a166036c10c001f9278be,0.4621461,0.27033064,0.109343514,0.12874979,0.2997563,0.16410081,0.14740507,0.25462922,0.005264282,0.28034934,0.06564732,0.016616182,0.007404801,0.005307945,0.22852579,5.633333333333334
x8mtp6,657a1721bac4780020eeed32,0.5824548,0.36853585,0.29265818,0.52761376,0.86529225,0.5076044,0.25245318,0.10870059,0.002088547,0.10221587,0.025284592,0.014190876,0.006291465,0.005396411,0.25236326,8.866666666666667
x8mtp6,657a156b36c10c001f925c54,0.29025218,0.34161535,0.7648182,0.2248042,0.10062749,0.2116222,0.20317163,0.030270588,0.001029968,0.012842959,0.009982891,0.012243799,0.006576272,0.004777151,0.2620886,1.5666666666666667
xnfyn9,657a170e36c10c001f929c54,0.06582858,0.17844121,0.28861445,0.44155863,0.19217539,0.5176631,0.09512816,0.007382561,0.000457764,0.003015325,0.006933373,0.009784333,0.005964585,0.003052068,0.17957199,6.416666666666667
xnfyn9,657a17c2c5765e001fcfba95,0.32610464,0.41866332,0.13873237,0.12874979,0.011842369,0.3379565,0.251409,0.019728716,0.000810623,0.003940272,0.010780896,0.010057608,0.006679839,0.003052068,0.16847281,9.416666666666666
xnfyn9,657a166dbac4780020eec755,0.61334044,0.615777,0.2705359,0.5759785,0.19448619,0.8265905,0.5151702,0.13908891,0.002412796,0.10221587,0.045007613,0.013405213,0.006621582,0.003671329,0.4758515,3.7333333333333334
a3c1va,657a17a236c10c001f92c608,0.42334303,0.44230092,0.4027509,0.2450518,0.13246238,0.35545176,0.3613324,0.04240986,0.001430512,0.004994711,0.014428918,0.012482914,0.009256045,0.004393799,0.21661578,9.433333333333334
a3c1va,657a1611bac4780020eeb9da,0.7492397,0.30915013,0.5308805,0.116500415,0.6083685,0.15914497,0.4445148,0.034041706,0.001363754,0.005623675,0.013326911,0.017845914,0.007767282,0.010792822,0.25435027,2.7666666666666666
a3c1va,657a16c5bac4780020eed4af,0.82611483,0.6790711,0.5218672,0.13630773,0.554233,0.27828732,0.502739,0.015330595,0.000624657,0.002460358,0.010210892,0.010740792,0.005958112,0.003007836,0.22205609,5.766666666666667
t2hh6k,657a17e7bac4780020ef2aef,0.6336862,0.33691296,0.39304525,0.116500415,0.15834752,0.13125886,0.7809785,0.01225191,0.001096726,0.00327431,0.007607877,0.01309778,0.007275343,0.007667032,0.19481167,7.583333333333333
t2hh6k,657a17b9c5765e001fcfb728,0.31741676,0.7494094,0.6076327,0.3003203,0.029057574,0.25493836,0.29632914,0.067380086,0.001916885,0.05089863,0.017012933,0.015147334,0.007793174,0.004747662,0.3360547,6.816666666666666
fgvnf8,657a1821b6d234001fede8c9,0.19727191,0.3306766,0.6983575,0.40832412,0.064601645,0.42431307,0.1870134,0.09785384,0.002498627,0.08087392,0.019032324,0.017162729,0.006576272,0.006723397,0.2888496,9.183333333333334
fgvnf8,657a1780c5765e001fcfa523,0.7944499,0.6197814,0.5016511,0.80579466,0.50014293,0.831859,0.6331934,0.16158698,0.005722046,0.11976352,0.061626412,0.022286616,0.008065036,0.010262027,0.411017,6.5
kyn7wt,657a15a636c10c001f92631b,0.24003741,0.19381917,0.25661674,0.19109875,0.18186125,0.16410081,0.28693247,0.018974753,0.001206398,0.004291751,0.008975885,0.016547862,0.007637825,0.011972365,0.15160911,0.9333333333333333
kyn7wt,657a15fe36c10c001f926a8d,0.072815776,0.05646184,0.051843114,0.14615701,0.057932016,0.19199699,0.09911501,0.021549871,0.001058579,0.00379228,0.008462882,0.013336895,0.008505191,0.008610667,0.19946583,2.4166666666666665
kyn7wt,657a15d0b6d234001fed5ea5,0.31093162,0.4512681,0.09193192,0.14304936,0.084290154,0.42777425,0.1964577,0.13388206,0.006484985,0.019173764,0.022899706,0.02522431,0.091630474,0.012857023,0.13272603,1.65
ah13gu,657a16ebb6d234001fed8a1b,0.18529944,0.6206918,0.18013267,0.34099117,0.15396011,0.33941016,0.078549035,0.021667719,0.00079155,0.002340114,0.010362893,0.011902207,0.007055265,0.005160502,0.17988315,4.416666666666667
ah13gu,657a1657bac4780020eec3f6,0.043945573,0.2601326,0.7707295,0.14304936,0.033806894,0.15184323,0.07929607,0.061444655,0.001063347,0.003551794,0.03136692,0.013234417,0.005844837,0.003037324,0.21254243,1.95
tqce9e,657a187736c10c001f930aac,0.7957494,0.5912591,0.24478929,0.46993598,0.7531865,0.65608454,0.5681168,0.15987846,0.00333786,0.10221587,0.059061307,0.033645786,0.008492245,0.010969753,0.35417542,3.9166666666666665
tqce9e,657a18b836c10c001f931dfc,0.6881789,0.4805095,0.46720323,0.16190393,0.28805172,0.14995342,0.70988655,0.011560776,0.001115799,0.003736784,0.007284875,0.013576009,0.007430693,0.009200439,0.16322061,5
tqce9e,657a192d36c10c001f933f07,0.80323815,0.5196685,0.39481232,0.1977331,0.4304286,0.43765524,0.6846896,0.03828422,0.000953674,0.006141644,0.01648093,0.014054239,0.007573096,0.007726009,0.2701054,6.95
hxvqvq,657a1834b6d234001fedef97,0.6619338,0.3748699,0.36933511,0.10694439,0.23667608,0.1331928,0.7605583,0.015330595,0.001296997,0.004365747,0.00817788,0.015967157,0.00789674,0.011677479,0.26497185,6.083333333333333
hxvqvq,657a1738b6d234001fed9ee1,0.23060848,0.19644909,0.11852835,0.13630773,0.26176634,0.14995342,0.20899242,0.07212844,0.004997253,0.007584561,0.022964163,0.059948977,0.011819307,0.05599351,0.354559,1.8666666666666667
hxvqvq,657a17a6bac4780020ef13c2,0.014234927,0.32447803,0.09474389,0.29396752,0.10767364,0.46030796,0.0755991,0.024142517,0.001134872,0.002367863,0.009640889,0.013268576,0.009126588,0.00855169,0.28619757,3.7
hxvqvq,657a176e36c10c001f92b71e,0.31525248,0.21791112,0.10834246,0.07110781,0.06040291,0.090393595,0.1832748,0.059232414,0.00246048,0.00621564,0.013478912,0.018119188,0.020091362,0.008433735,0.32040334,2.783333333333333
hxvqvq,657a188cbac4780020ef5d39,0.1011181,0.08756644,0.62095636,0.07454585,0.13246238,0.056892034,0.04766345,0.03734144,0.001726151,0.008731495,0.015112923,0.022354934,0.007689608,0.012798046,0.2922545,7.55
hxvqvq,657a18dbc5765e001fd01071,0.50647956,0.39833438,0.2231094,0.10283129,0.29910353,0.09835357,0.45191476,0.028031485,0.002384186,0.003921773,0.011654901,0.03339528,0.007547205,0.020052237,0.20195432,8.866666666666667
hxvqvq,657a18b536c10c001f931d04,0.16811807,0.086567976,0.09854957,0.05656016,0.117865905,0.090393595,0.088613324,0.31547862,0.007247925,0.026207991,0.25602314,0.17926037,0.008246276,0.015098156,0.18546356,8.233333333333333
p29wya,657a1779bac4780020ef0672,0.6669295,0.49022526,0.43199885,0.12647597,0.11992822,0.2576641,0.7377901,0.009738698,0.000753403,0.002460358,0.006828872,0.011236101,0.0069517,0.005573343,0.1809437,5.666666666666667
p29wya,657a16dab6d234001fed8551,0.104675725,0.3431874,0.67080927,0.15872851,0.011842369,0.3263803,0.15610619,0.03875561,0.00207901,0.001563159,0.008652883,0.011970525,0.030278467,0.005160502,0.323033,2.9833333333333334
3ny28g,657a165bbac4780020eec485,0.25906992,0.32447803,0.07325996,0.115418,0.06890261,0.15668073,0.23186605,0.17111848,0.009346008,0.009249465,0.015112923,0.027547138,0.16067244,0.012385205,0.23659955,0.55
3ny28g,657a16e336c10c001f928fb8,0.39919263,0.2985656,0.27453586,0.14304936,0.19102257,0.15914497,0.44251856,0.01225191,0.001106262,0.002885833,0.007569877,0.013985921,0.007068211,0.010379982,0.16374736,2.8333333333333335
gn3nv7,657a18d0b6d234001fee1bd6,0.8295379,0.7776331,0.5697326,0.10694439,0.090004176,0.3163268,0.7907909,0.028502874,0.001058579,0.003773782,0.010970897,0.010177165,0.010498839,0.003479653,0.29606888,4.583333333333333
gn3nv7,657a1962bac4780020ef95d6,0.7407935,0.8024541,0.24675351,0.5026383,0.67404157,0.59663814,0.5330689,0.039226998,0.001382828,0.004624732,0.011122898,0.01402008,0.014220826,0.00707726,0.28169182,7.033333333333333
xkxbtx,657a17afbac4780020ef16c3,0.80298144,0.5143532,0.6471572,0.11220199,0.25796708,0.15422586,0.8268947,0.009864358,0.000844002,0.002830336,0.006885872,0.012004685,0.006990537,0.006222091,0.21817945,3.4166666666666665
xkxbtx,657a18a1c5765e001fcfffc3,0.31741676,0.24295193,0.21914949,0.28295305,0.20381775,0.18941686,0.280271,0.014890783,0.00128746,0.004032766,0.008557882,0.015079016,0.007676662,0.011382594,0.20079453,7.45
xkxbtx,657a18f236c10c001f932e91,0.01723619,0.088569954,0.57293576,0.10590835,0.021337438,0.05570942,0.06575776,0.10522962,0.001015663,0.001442917,0.046178754,0.012380436,0.006090806,0.003155279,0.18769725,8.8
xkxbtx,657a191f36c10c001f933bb6,0.19487326,0.15131176,0.08732515,0.1100836,0.103260614,0.08656024,0.15963748,0.46982017,0.020127986,0.043839492,0.46923602,0.17148167,0.012233571,0.012149297,0.17575069,9.55
xkxbtx,657a174a36c10c001f92ac6d,0.35244697,0.37011713,0.10144578,0.17474432,0.08904153,0.30919355,0.17772123,0.04735767,0.001840591,0.003847777,0.011692902,0.011970525,0.01508414,0.005661808,0.26568416,1.75
6cn23v,657a191dc5765e001fd02361,0.80014974,0.45577124,0.6110108,0.12199044,0.28223592,0.16161843,0.80272555,0.007979449,0.000748634,0.002571351,0.00651537,0.011372739,0.006582745,0.006340046,0.19051231,8.3
6cn23v,657a186436c10c001f9304f7,0.045584004,0.18351692,0.53713125,0.29713845,0.051521268,0.21960624,0.03099382,0.07687678,0.002412796,0.005068706,0.018516673,0.011936366,0.02803385,0.003804027,0.30891556,5.2
d6gcbw,657a1a2e36c10c001f937955,0.6365297,0.39115757,0.40012223,0.14615701,0.15724781,0.20634092,0.59113824,0.13908891,0.007286072,0.007214582,0.02012808,0.023311393,0.13650303,0.01439043,0.2516964,9.183333333333334
d6gcbw,657a1902b6d234001fee2a3d,0.41675794,0.24863632,0.2785459,0.13798015,0.4035978,0.122753285,0.32914153,0.019226074,0.001487732,0.00414376,0.008538882,0.017709278,0.008414571,0.016277699,0.41460136,4.183333333333334
d6gcbw,657a1933bac4780020ef8c39,0.08533011,0.093667574,0.49177837,0.08532512,0.0671697,0.051677033,0.0823234,0.25462922,0.005607605,0.007214582,0.16780703,0.035649836,0.008893564,0.010615891,0.30244,5.016666666666667
d6gcbw,657a1994c5765e001fd03e3e,0.15839244,0.13707347,0.7608501,0.1100836,0.14311765,0.06949374,0.24311097,0.11161,0.004882813,0.005512681,0.023608726,0.07514556,0.007741391,0.15967491,0.35434997,6.616666666666666
d6gcbw,657a19d736c10c001f93668e,0.39919263,0.20707954,0.18205647,0.10590835,0.6011129,0.11726139,0.26086196,0.038991302,0.001840591,0.006030651,0.014580919,0.027000591,0.007922632,0.01769315,0.21830687,7.75
d6gcbw,657a18e8b6d234001fee2275,0.5519171,0.35425907,0.39216214,0.13966006,0.19217539,0.16161843,0.6962129,0.009298885,0.000944138,0.002645347,0.007085374,0.012380436,0.006828715,0.006723397,0.133772,3.7666666666666666
d6gcbw,657a196c36c10c001f934c24,0.52395415,0.20707954,0.103396736,0.2813899,0.5871726,0.40433276,0.2683853,0.030034892,0.001153946,0.005660672,0.011160898,0.01309778,0.009100696,0.007401635,0.20845924,5.966666666666667
yku1f1,657a1814c5765e001fcfd601,0.24240397,0.6341715,0.64549536,0.38107905,0.19102257,0.4526962,0.10206828,0.11036996,0.003910065,0.003588792,0.013174911,0.014634945,0.13161413,0.004600219,0.2583751,4.933333333333334
7gabcv,657a1803b6d234001feddebd,0.6242149,0.39545837,0.44542688,0.09681413,0.19333,0.10416048,0.759492,0.009298885,0.000815392,0.001831394,0.007094874,0.010928668,0.006407978,0.005072037,0.1886494,1.5833333333333333
7gabcv,657a1864bac4780020ef516e,0.052212548,0.3606355,0.07928687,0.115418,0.000188695,0.3163268,0.09381223,0.041172907,0.001487732,0.00258985,0.00983089,0.012790347,0.018364733,0.005750274,0.23859704,3.2
dgtmu4,657a191abac4780020ef8623,0.27588674,0.24012628,0.120612115,0.10903197,0.07419816,0.12368249,0.26514557,0.4421347,0.009841919,0.011987305,0.47384647,0.25367188,0.008129764,0.009908165,0.1938121,1.8
dgtmu4,657a1964c5765e001fd032d3,0.28544915,0.69217086,0.13628586,0.28923154,0.057932016,0.3492959,0.1870134,0.08795626,0.00289917,0.003736784,0.017356457,0.012926984,0.044602267,0.004364311,0.20694727,3.033333333333333
dgtmu4,657a19e3bac4780020efb46d,0.060666207,0.048387107,0.1063522,0.04695959,0.059575163,0.043068573,0.023826696,0.2524482,0.002117157,0.001609407,0.19967617,0.016035475,0.006563326,0.003317466,0.28814933,5.15
dgtmu4,657a1a3836c10c001f937b9d,0.15355562,0.0916127,0.0966388,0.08625509,0.18642803,0.08282434,0.09381223,0.24763705,0.00793457,0.011099357,0.16751462,0.12286829,0.008556974,0.03231949,0.27104223,6.566666666666666
dgtmu4,657a1a7436c10c001f938845,0.43215233,0.31219605,0.39746574,0.10694439,0.16721234,0.09592405,0.2683853,0.09611836,0.001630783,0.003755282,0.022577424,0.024131214,0.007430693,0.007961918,0.21447207,7.566666666666666
dgtmu4,657a1ad5bac4780020efe51b,0.10824748,0.04225969,0.14977454,0.09879968,0.06040291,0.0749414,0.05540414,0.20195828,0.002536774,0.008953481,0.09563028,0.023721304,0.007819066,0.008787598,0.32328895,9.183333333333334
dgtmu4,657a1aefbac4780020efeaec,0.24714777,0.1061449,0.09286537,0.099799976,0.27708808,0.115462564,0.35078412,0.029327808,0.001983643,0.008509507,0.012262905,0.022559889,0.007598988,0.012444182,0.5130686,9.616666666666667
xzzehx,657a183736c10c001f92f910,0.7517006,0.39977503,0.5466687,0.13133545,0.07509518,0.3307102,0.78495383,0.008796243,0.000593662,0.002284618,0.006733872,0.01084327,0.006712203,0.005160502,0.18597856,1.2833333333333334
xzzehx,657a18e1b6d234001fee2083,0.33484155,0.38687348,0.23891157,0.4156753,0.088083394,0.36090797,0.14057605,0.03592727,0.001735687,0.002904332,0.010020891,0.012824507,0.014048163,0.005278457,0.32916042,4.116666666666666
a4at6g,657a18d1c5765e001fd00d68,0.6336862,0.40990886,0.49064076,0.18451619,0.22068773,0.14807095,0.677725,0.007225486,0.000743866,0.002136626,0.006391869,0.0113215,0.006621582,0.006163114,0.15040304,1.3166666666666667
a4at6g,657a1901b6d234001fee2a19,0.6557536,0.6700873,0.36759016,0.07281757,0.049958427,0.16659191,0.7923217,0.014890783,0.00125885,0.004217756,0.008006879,0.015386449,0.007870848,0.010379982,0.2305941,2.1333333333333333
a4at6g,657a18b8b6d234001fee1498,0.12267091,0.085574605,0.058662415,0.080748536,0.06040291,0.12461543,0.18888894,0.45921504,0.013285006,0.013144426,0.48627716,0.29209393,0.009178371,0.023826776,0.2855137,0.9
a4at6g,657a193ab6d234001fee393d,0.28544915,0.33535045,0.11135728,0.101815864,0.046880882,0.18941686,0.1631984,0.10956833,0.002765656,0.005734668,0.024640027,0.016752819,0.035803676,0.004511754,0.17501664,3.0833333333333335
ryq2nu,657a1b45b6d234001feeabbd,0.22357696,0.16347843,0.20733587,0.36854327,0.18987136,0.57114327,0.097779684,0.06025757,0.002765656,0.018972786,0.012490907,0.013678487,0.025098583,0.006310557,0.27694598,8.3
xb374t,657a18eeb6d234001fee2405,0.4432165,0.27917442,0.11956828,0.15241629,0.07509518,0.2398889,0.48990497,0.06579731,0.002784729,0.041261412,0.015568925,0.017436003,0.007534259,0.006428511,0.29303017,2.35
qbhpd1,657a18eec5765e001fd01515,0.6336862,0.40990886,0.49064076,0.18451619,0.22068773,0.14807095,0.677725,0.007225486,0.000743866,0.002136626,0.006391869,0.0113215,0.006621582,0.006163114,0.15040304,3.2
qbhpd1,657a1896b6d234001fee0b5f,0.09264324,0.3854497,0.25266296,0.2384713,0.000188695,0.3458873,0.09250268,0.079250954,0.002918243,0.003422302,0.012148905,0.016035475,0.06205949,0.006782374,0.2084728,1.7333333333333334
69qxnx,657a19a9b6d234001fee52b2,0.11904381,0.16347843,0.18398336,0.37032616,0.07781066,0.32062647,0.11129911,0.2028889,0.010452271,0.005734668,0.01890341,0.021125201,0.34552678,0.007726009,0.37362018,1.8333333333333333
69qxnx,657a1a72b6d234001fee7e83,0.23060848,0.15131176,0.10834246,0.214554,0.08523248,0.20109403,0.10974196,0.16245349,0.002803803,0.007140587,0.0806213,0.014156717,0.012699619,0.003730306,0.2980307,5.2
69qxnx,657a1a15c5765e001fd05ad9,0.5798728,0.47376373,0.17821237,0.23170424,0.41976297,0.40433276,0.23288092,0.28857216,0.010528564,0.020078164,0.09270445,0.03715288,0.34804323,0.008315781,0.2620928,3.65
69qxnx,657a1af2bac4780020efeb6b,0.17790961,0.27769426,0.3658467,0.52138036,0.19796546,0.47606575,0.14057605,0.02343543,0.001058579,0.00242336,0.00971689,0.010313802,0.009540852,0.003243744,0.22356874,7.316666666666666
ddegm8,657a1ace36c10c001f93996a,0.7376237,0.80352837,0.20145756,0.66029465,0.30302712,0.71181047,0.40387574,0.10739898,0.00243187,0.012641981,0.046178754,0.015557245,0.01086132,0.004836128,0.16043763,2.2
ddegm8,657a1b9036c10c001f93cc25,0.82414633,0.7707643,0.6153059,0.41383398,0.32488832,0.63571143,0.697359,0.20102765,0.002155304,0.00847251,0.16551061,0.019348921,0.006886971,0.006133626,0.20750964,5.433333333333334
btrq9r,657a19f136c10c001f936c28,0.79859966,0.7488716,0.57356066,0.4360701,0.08335247,0.49203247,0.7809785,0.059974585,0.002241135,0.003551794,0.015340924,0.013610168,0.03304107,0.003980959,0.24436711,1.65
btrq9r,657a1ac0c5765e001fd07d86,0.32175437,0.6855567,0.23106146,0.5561143,0.046880882,0.74084425,0.25036624,0.058490243,0.002765656,0.003126319,0.012718908,0.013063621,0.056240413,0.004275845,0.181037,5.1
gkaz76,657a1bc5b6d234001feed3c1,0.2044906,0.13707347,0.3355601,0.10487753,0.03311699,0.10842784,0.0678044,0.14256015,0.002098084,0.04151922,0.053791173,0.015283971,0.008375733,0.005455388,0.2134188,4.066666666666666
gkaz76,657a1ccac5765e001fd11fc7,0.32392803,0.2017425,0.21717434,0.21116324,0.26430678,0.39270046,0.084635615,0.14256015,0.002222061,0.10757765,0.035553806,0.014395831,0.006220264,0.004334822,0.2313594,8.416666666666666
ad6zgb,657a1b7a36c10c001f93c51c,0.38138592,0.31525165,0.11646001,0.13798015,0.18642803,0.14807095,0.3374794,0.37458646,0.023076924,0.014149316,0.04090862,0.12220735,0.5085751,0.034914486,0.34935752,8.016666666666667
ad6zgb,657a1a1abac4780020efc002,0.446546,0.42159554,0.12271099,0.11434096,0.3282414,0.14619578,0.4701461,0.017341165,0.001564026,0.004680229,0.009184887,0.017094411,0.009023022,0.012267252,0.3612723,2.15
ad6zgb,657a1a40bac4780020efc883,0.30231753,0.28065717,0.132634,0.12534684,0.16832852,0.13710694,0.30580607,0.3666224,0.023076924,0.011839314,0.042665333,0.11601777,0.5085751,0.030668128,0.30520302,2.783333333333333
ad6zgb,657a1a7436c10c001f938849,0.16081753,0.17591934,0.58261657,0.12199044,0.21100153,0.092740074,0.24311097,0.016587202,0.001449585,0.003773782,0.008595883,0.016957775,0.007495422,0.015923835,0.30610365,3.65
ad6zgb,657a1aabbac4780020efdd0f,0.22591716,0.31678307,0.15917414,0.19109875,0.24289377,0.13908774,0.251409,0.016587202,0.002880096,0.001738899,0.008766884,0.040409464,0.0061879,0.027129497,0.20623347,4.566666666666666
ad6zgb,657a1ae4b6d234001fee948c,0.26867455,0.2688658,0.2231094,0.21116324,0.23172872,0.15422586,0.2842627,0.035220183,0.002040863,0.003070822,0.019419061,0.022764845,0.007119995,0.010615891,0.15604442,5.516666666666667
ad6zgb,657a19e0c5765e001fd04fd4,0.33922493,0.40555513,0.103396736,0.115418,0.25796708,0.15914497,0.43155992,0.018974753,0.001745224,0.005253696,0.009564889,0.018119188,0.009359611,0.013918612,0.31645745,1.1833333333333333
ad6zgb,657a19c536c10c001f936261,0.17790961,0.11870198,0.63604707,0.07806128,0.05389532,0.0742475,0.063745245,0.31825066,0.009231567,0.17381613,0.24493282,0.06295506,0.017328756,0.020052237,0.25281048,0.7333333333333333
ad6zgb,657a1a0336c10c001f936fda,0.12267091,0.21518372,0.10241937,0.11868066,0.052308604,0.1406137,0.21094625,0.32557452,0.012768555,0.36702603,0.0810151,0.06145202,0.010395273,0.011323617,0.23752369,1.7666666666666666
xepxfm,657a1bc9b6d234001feed542,0.75802046,0.4026623,0.46193182,0.082564235,0.23049566,0.10081833,0.79535,0.008733413,0.000748634,0.0017204,0.006790872,0.010757872,0.006485652,0.005013059,0.2004165,5.583333333333333
xepxfm,657a1b13b6d234001fee9ef6,0.42554232,0.3106718,0.08732515,0.052037194,0.07509518,0.07990451,0.05116326,0.31825066,0.01393057,0.32768643,0.11797678,0.019622196,0.058503386,0.00687084,0.23791236,2.55
xepxfm,657a1c3cb6d234001feefc9c,0.596838,0.27326855,0.3232997,0.113268904,0.21100153,0.18684532,0.79535,0.010618322,0.000853539,0.002053381,0.007778878,0.01173141,0.006899917,0.007283681,0.20028694,7.5
xepxfm,657a1c82b6d234001fef1475,0.42774367,0.29107937,0.16865413,0.124222845,0.17056693,0.11456946,0.38302928,0.02968135,0.001745224,0.004291751,0.013402912,0.02119352,0.007586042,0.014036566,0.21360302,8.666666666666666
3f86xn,657a1b0cb6d234001fee9d5f,0.58602774,0.36853585,0.4364669,0.2736125,0.11992822,0.3263803,0.544307,0.024260364,0.00128746,0.002164375,0.008025879,0.011167783,0.011094344,0.003863005,0.20934539,2.35
3f86xn,657a1ad7c5765e001fd08288,0.29506782,0.42895418,0.41327515,0.55374026,0.070651315,0.6495375,0.21389045,0.03192045,0.001554489,0.005475683,0.00979289,0.012073003,0.013321015,0.005101525,0.29164758,1.4666666666666666
3xqbyh,657a1ae436c10c001f939e6d,0.83341455,0.54488504,0.55914176,0.10694439,0.2529197,0.21960624,0.82376325,0.0201057,0.000991821,0.010285405,0.007569877,0.011253181,0.006692784,0.006104137,0.21166357,1.2166666666666666
3xqbyh,657a1b4bc5765e001fd09d7a,0.6595559,0.52347285,0.36759016,0.6836911,0.3275703,0.6436252,0.34797287,0.10653123,0.002136231,0.084182754,0.025026767,0.013131939,0.006142589,0.004629708,0.33920908,2.933333333333333
3xqbyh,657a1bbe36c10c001f93dbc4,0.370229,0.40990886,0.5410394,0.52226985,0.68282104,0.5028562,0.11286291,0.01237757,0.000748634,0.003496297,0.007474876,0.013131939,0.006686311,0.006959306,0.23959611,4.85
3xqbyh,657a1c50c5765e001fd0f319,0.40365055,0.43338785,0.6404989,0.42121267,0.18757416,0.405019,0.1456873,0.009236055,0.000498295,0.002155125,0.006923873,0.010296722,0.00641445,0.004570731,0.3392883,7.283333333333333
7bh6r8,657a1c80c5765e001fd104b9,0.56441593,0.5510323,0.12900025,0.52583146,0.19680415,0.74994546,0.50438994,0.024849601,0.000739098,0.009619443,0.010894896,0.011184863,0.006576272,0.004659196,0.3330646,8.033333333333333
7bh6r8,657a1b9bbac4780020f01a01,0.6483907,0.53109944,0.55048174,0.37928078,0.2529197,0.38181353,0.1870134,0.17025198,0.004577637,0.116281845,0.046764325,0.054437835,0.013579931,0.0204061,0.412322,4.216666666666667
7bh6r8,657a1ad9bac4780020efe60d,0.56441593,0.53645176,0.16106391,0.2751628,0.6447332,0.3804578,0.32775652,0.29771072,0.015544481,0.28034934,0.07396803,0.092279755,0.1348172,0.06164705,0.46281263,0.9833333333333333
7bh6r8,657a1b41bac4780020effe2b,0.3836033,0.3495,0.12900025,0.14304936,0.20029284,0.19718185,0.30852884,0.015707577,0.001010895,0.003921773,0.008785884,0.015728042,0.007391856,0.011441571,0.37935555,2.7
7bh6r8,657a1ce5bac4780020f08de1,0.17300557,0.18607083,0.10437799,0.054278523,0.052308604,0.09917126,0.06643618,0.043399423,0.001096726,0.007362573,0.018581128,0.014669105,0.007793174,0.007460612,0.31866148,9.716666666666667
7bh6r8,657a1c23bac4780020f0487a,0.6270548,0.58148307,0.3286836,0.603546,0.27452108,0.6787824,0.26514557,0.03781283,0.000934601,0.010729378,0.01767874,0.012858666,0.006582745,0.004275845,0.31213254,6.483333333333333
fbu6h1,657a1ad7bac4780020efe5a9,0.07813416,0.11870198,0.83311987,0.10903197,0.051521268,0.07355724,0.1964577,0.008984734,0.000777245,0.002293867,0.006562871,0.012482914,0.006828715,0.007726009,0.17529172,1.0166666666666666
fbu6h1,657a1bd736c10c001f93e4cc,0.7667848,0.46255174,0.70421743,0.11758787,0.24289377,0.1881301,0.622431,0.015393426,0.000882149,0.002441859,0.009032886,0.011902207,0.006861079,0.007608055,0.21346459,5.283333333333333
fbu6h1,657a1c6fc5765e001fd0fe7e,0.06582858,0.09889726,0.7345398,0.12310397,0.041647345,0.11279448,0.1456873,0.112850055,0.002994537,0.04925346,0.037395194,0.018597418,0.007275343,0.010144074,0.23078,7.816666666666666
fbu6h1,657a1cb7c5765e001fd1194f,0.13676605,0.17844121,0.7746419,0.12989433,0.08712909,0.07218798,0.20899242,0.013948329,0.000786781,0.002386362,0.007930879,0.013063621,0.006815769,0.006693909,0.14315628,9
fbu6h1,657a1b81c5765e001fd0ad7b,0.44765687,0.59379697,0.2369578,0.29238594,0.10767364,0.40914017,0.273814,0.023553278,0.001130104,0.002682345,0.008614883,0.010996987,0.010214032,0.00333221,0.20719719,3.85
fbu6h1,657a1c99bac4780020f07188,0.5550391,0.16842249,0.074962124,0.08907493,0.47633868,0.122753285,0.23593342,0.1373533,0.003757477,0.019977676,0.06652143,0.02023706,0.008712323,0.00896453,0.2257465,8.516666666666667
fbu6h1,657a1b3236c10c001f93afad,0.6199576,0.43043062,0.8093904,0.3544385,0.5335243,0.48471087,0.30308986,0.08004235,0.001430512,0.040745795,0.019934712,0.012243799,0.006530962,0.003509142,0.22823681,2.533333333333333
fbu6h1,657a1bf5c5765e001fd0d4fa,0.6336862,0.40990886,0.49064076,0.18451619,0.22068773,0.14807095,0.677725,0.007225486,0.000743866,0.002136626,0.006391869,0.0113215,0.006621582,0.006163114,0.15040304,5.766666666666667
2wuae3,657a1b75b6d234001feeba19,0.12267091,0.2017425,0.10734529,0.23170424,0.08617879,0.19070588,0.06308177,0.15158679,0.001459122,0.007029593,0.07491849,0.016752819,0.006284993,0.005072037,0.24104719,2.3666666666666667
2wuae3,657a1ccbc5765e001fd12024,0.67992574,0.70865774,0.28457916,0.82624924,0.36548692,0.86929524,0.39603043,0.10175867,0.003395081,0.020178653,0.030595649,0.027000591,0.023544617,0.02146769,0.40441355,8.05
2wuae3,657a1d33bac4780020f0a84a,0.1320083,0.07037827,0.05333095,0.12761015,0.07241669,0.17160219,0.07780581,0.10696511,0.004730225,0.005401687,0.014808921,0.014054239,0.09776353,0.005691297,0.3524272,9.8
4ectut,657a1dc5bac4780020f0dbf7,0.39695814,0.2925717,0.08192977,0.08439999,0.13670206,0.0896192,0.19836703,0.26859093,0.006866455,0.062039822,0.11978693,0.078378424,0.027688526,0.00896453,0.14798349,4.65
4ectut,657a1eee1ece52001f454adb,0.11904381,0.21246682,0.08192977,0.26284042,0.025777057,0.4057054,0.17040536,0.015707577,0.001144409,0.003200315,0.007037873,0.012038844,0.007961469,0.006104137,0.19889262,9.6
8qwx2d,657a1c7db6d234001fef12c5,0.30877617,0.25724247,0.09474389,0.07454585,0.06040291,0.09673003,0.18888894,0.2854835,0.008888245,0.24150419,0.054376744,0.070942834,0.11769595,0.015216109,0.24601984,5.466666666666667
8qwx2d,657a1cf836c10c001f944bd1,0.15355562,0.102069505,0.12271099,0.2248042,0.18528372,0.19458519,0.13386428,0.31132057,0.011291504,0.2308735,0.083112895,0.07740857,0.03718498,0.017811105,0.15879866,7.516666666666667
8qwx2d,657a1d3fbac4780020f0abae,0.2020805,0.17591934,0.12165971,0.15241629,0.10767364,0.13908774,0.2060747,0.19029272,0.007781982,0.05794714,0.029604018,0.040158957,0.13448004,0.016631562,0.40829703,8.7
f3m7zz,657a1b99bac4780020f0191a,0.07635384,0.28065717,0.10144578,0.27982917,0.10767364,0.340865,0.117599316,0.11398677,0.002479553,0.1064171,0.030154925,0.022286616,0.006492125,0.00563232,0.18813431,1.0666666666666667
f3m7zz,657a1cc9c5765e001fd11f73,0.16081753,0.3045994,0.68870485,0.3596629,0.054694567,0.45038274,0.22984244,0.024849601,0.000815392,0.009989422,0.010932897,0.011253181,0.006382086,0.005042548,0.31267732,6.116666666666666
f3m7zz,657a1becc5765e001fd0d1e3,0.001094593,0.07592425,0.07410899,0.11758787,0.000188695,0.3006852,0.088613324,0.040925518,0.00125885,0.008435511,0.013744914,0.015625564,0.008945347,0.007667032,0.22575742,2.45
f3m7zz,657a1c80c5765e001fd10480,0.7139808,0.49623036,0.5703576,0.2736125,0.040915363,0.3804578,0.6576634,0.08241652,0.001802445,0.009101473,0.028832749,0.019895468,0.009540852,0.009967142,0.3591013,4.916666666666667
xku9wg,657a1caf36c10c001f9430da,0.30231753,0.2601326,0.20537321,0.26131186,0.25040436,0.1881301,0.27163783,0.015393426,0.001440048,0.003348306,0.008709883,0.015318131,0.008052089,0.012326228,0.17768128,5.983333333333333
uzx7zd,657a1cd8c5765e001fd1255a,0.53738797,0.3322319,0.14045076,0.12874979,0.27965918,0.17918386,0.40125707,0.147767,0.008392334,0.010137413,0.014504919,0.025770858,0.13329996,0.018282922,0.19297366,2.066666666666667
fm8whu,657a1dd6c5765e001fd17f23,0.09264324,0.07037827,0.10437799,0.11434096,0.03946282,0.119989015,0.085414186,0.18079062,0.00459671,0.13163337,0.04032305,0.026044132,0.008414571,0.007667032,0.2757949,9.9
fm8whu,657a1c4236c10c001f940943,0.29025218,0.24863632,0.27453586,0.2384713,0.25166142,0.18684532,0.2990281,0.010304171,0.001049042,0.002284618,0.007341875,0.013439372,0.007353018,0.010379982,0.18864852,3.183333333333333
fm8whu,657a1d1ec5765e001fd13d46,0.18283133,0.20707954,0.14603578,0.10487753,0.10969645,0.09835357,0.1722254,0.112333365,0.00333786,0.005919657,0.04852104,0.04592061,0.006738094,0.013446795,0.23541667,6.85
2t1rcw,657a1c1a36c10c001f93fc7c,0.13676605,0.16842249,0.120612115,0.23517443,0.18528372,0.33215606,0.21883002,0.05131592,0.003910065,0.005290694,0.0115029,0.028503597,0.013702838,0.067692645,0.1882929,1.15
2t1rcw,657a1c3ec5765e001fd0ed32,0.22826096,0.17091095,0.09286537,0.12199044,0.057116542,0.090393595,0.06441256,0.050078966,0.00166893,0.005808664,0.01640493,0.012175481,0.010628296,0.00395147,0.22559616,1.7333333333333334
2t1rcw,657a1cffbac4780020f096a3,0.5157165,0.27769426,0.30485183,0.12310397,0.20029284,0.14432828,0.6055525,0.017089844,0.000588894,0.002275368,0.009507888,0.011201942,0.006207318,0.004600219,0.21946996,4.966666666666667
tn7tt7,657a1cb4c5765e001fd1180d,0.5664734,0.38972762,0.3939286,0.17474432,0.068034075,0.19718185,0.38562226,0.1140901,0.005378723,0.005660672,0.015720926,0.017572641,0.13566011,0.007961918,0.1944184,1.8333333333333333
tn7tt7,657a1d7bbac4780020f0c190,0.5571216,0.40700457,0.32525784,0.113268904,0.26176634,0.1361225,0.60651094,0.022139108,0.001935959,0.006659614,0.009393888,0.019280603,0.008789998,0.018400878,0.3648127,5.166666666666667
tn7tt7,657a1d0b36c10c001f945227,0.21890815,0.25149468,0.0837122,0.12761015,0.06040291,0.25493836,0.054174844,0.17111848,0.005340576,0.00880549,0.04969218,0.03389629,0.11002964,0.011795434,0.33115906,3.3
tn7tt7,657a1dafc5765e001fd1722a,0.40365055,0.40555513,0.4649431,0.16829737,0.04461459,0.13416551,0.61416453,0.025792383,0.001659393,0.005031709,0.009868891,0.017436003,0.009981008,0.014626338,0.27037975,6.016666666666667
kdht6u,657a1d6eb6d234001fef6836,0.37694255,0.17091095,0.7283467,0.12989433,0.05310001,0.13710694,0.22681904,0.2854937,0.007820129,0.27682206,0.1087965,0.023789622,0.009411395,0.013859635,0.22006707,4.716666666666667
kdht6u,657a1d1236c10c001f945464,0.3590947,0.4041079,0.14977454,0.20107053,0.040915363,0.5417253,0.30989113,0.032863233,0.00120163,0.017063495,0.010134893,0.011577694,0.007637825,0.004836128,0.2890013,3.183333333333333
rzgdvn,657a1ddfbac4780020f0e46d,0.33484155,0.3510838,0.18591298,0.40283436,0.08712909,0.48254815,0.25769764,0.022021262,0.001077652,0.002793338,0.008842885,0.012824507,0.008841781,0.005337434,0.2798423,8.116666666666667
rzgdvn,657a1cfec5765e001fd132aa,0.43878457,0.4041079,0.43572167,0.23517443,0.16721234,0.32062647,0.22883303,0.4402136,0.023082556,0.031722516,0.3388922,0.11601777,0.44235477,0.021349736,0.17718546,4.35
x3dup3,657a1cefbac4780020f09143,0.780284,0.43043062,0.42605546,0.16509432,0.48107356,0.2769019,0.52267516,0.018095128,0.000991821,0.005401687,0.007778878,0.013473531,0.007819066,0.008669644,0.21348332,2.8
x3dup3,657a1c92c5765e001fd10ad5,0.47989902,0.3622354,0.07928687,0.18124555,0.29064423,0.3415931,0.4686852,0.048099842,0.001583099,0.025404079,0.015036922,0.014669105,0.006343249,0.005455388,0.32843837,1.25
kyzudn,657a1dc636c10c001f94948c,0.1900881,0.24012628,0.10437799,0.1329856,0.103260614,0.1406137,0.25875083,0.013822667,0.001106262,0.003496297,0.00810188,0.014703264,0.007145886,0.010085096,0.21432082,2.3
kyzudn,657a1eaa0bbeef001fb6c476,0.5394599,0.5265206,0.22707964,0.32287985,0.16387439,0.4622958,0.41175127,0.11347008,0.00541687,0.019676208,0.021546122,0.018119188,0.058503386,0.009908165,0.21235676,6.1
3y1wrh,657a1db7c5765e001fd1752e,0.19727191,0.09889726,0.60486573,0.0834797,0.057932016,0.08580524,0.20801824,0.059232414,0.002336502,0.007103588,0.017292,0.015113175,0.01187109,0.006693909,0.20310852,6.566666666666666
3y1wrh,657a1d7f36c10c001f947b42,0.5003387,0.6343536,0.16865413,0.68246204,0.03946282,0.74426836,0.22581445,0.45703048,0.016190045,0.022188433,0.46327567,0.39409557,0.02250864,0.013151909,0.35228455,5.633333333333334
3y1wrh,657a1e01bac4780020f0eff9,0.31093162,0.29706353,0.1995043,0.18451619,0.027734175,0.41326973,0.48148128,0.041172907,0.00202179,0.004883717,0.010058892,0.013712646,0.014393489,0.007372146,0.19844602,7.8
bwkg2z,657a1ec5ba9c03001f0c0a4f,0.45210588,0.30611402,0.3580206,0.11977882,0.20381775,0.12743886,0.5098025,0.008670582,0.000815392,0.002099628,0.006781372,0.01220964,0.006763986,0.007784986,0.15395036,5.416666666666667
wbfxz3,657a1db2bac4780020f0d5a3,0.5095557,0.7245076,0.20930107,0.6220675,0.5137916,0.5514903,0.19836703,0.61223894,0.022710243,0.014450782,0.65865606,0.26600444,0.15434735,0.014626338,0.28112882,5.716666666666667
r6fn1b,657a20510b2dd8001fe2f671,0.18283133,0.72287303,0.09474389,0.2450518,0.059575163,0.42638904,0.17772123,0.23667802,0.005645752,0.21866,0.0808917,0.026044132,0.010887212,0.007224703,0.2906337,4.833333333333333
rbkn2x,657a1cd7b6d234001fef335d,0.32175437,0.2985656,0.24675351,0.20778568,0.23296322,0.16410081,0.2789444,0.02543884,0.001678467,0.005475683,0.011274899,0.017845914,0.007844958,0.012031343,0.15836662,1.9166666666666667
rbkn2x,657a1df8bac4780020f0ecdc,0.004869103,0.046055418,0.1956059,0.3614341,0.11992822,0.5496066,0.10206828,0.09481675,0.003986359,0.003477799,0.01290891,0.016479544,0.04686524,0.00896453,0.31246832,6.733333333333333
rbkn2x,657a1cb4bac4780020f07bbc,0.23060848,0.35903805,0.41239643,0.11114024,0.3423889,0.115462564,0.096450776,0.024142517,0.001130104,0.004328749,0.008405882,0.014054239,0.008090926,0.007401635,0.2337604,1.35
rbkn2x,657a1ce5bac4780020f08dba,0.26146647,0.10410205,0.09193192,0.06527268,0.0637539,0.051677033,0.17040536,0.57271194,0.023645958,0.06658725,0.5739874,0.38413823,0.009230154,0.1209588,0.34139767,2.15
rbkn2x,657a1d1fbac4780020f0a148,0.09264324,0.09059314,0.63437533,0.09097979,0.020717656,0.06556297,0.09512816,0.11181668,0.002593994,0.010063417,0.04149419,0.017845914,0.012699619,0.006074648,0.22733128,3.1166666666666667
rbkn2x,657a1d37c5765e001fd145dc,0.27108505,0.36853585,0.08823851,0.07717534,0.046121623,0.111035876,0.10055544,0.15158679,0.004253388,0.012240025,0.022319598,0.02522431,0.13245705,0.008669644,0.20068125,3.5166666666666666
rbkn2x,657a1d53bac4780020f0b284,0.21657933,0.10410205,0.37020832,0.11758787,0.05549788,0.087319076,0.17956558,0.0926474,0.003795624,0.006696612,0.015112923,0.01887069,0.03787563,0.009731233,0.19404908,3.9833333333333334
rbkn2x,657a1d6636c10c001f9471d9,0.042314984,0.12096021,0.08281895,0.101815864,0.113765255,0.13416551,0.06308177,0.2330714,0.005607605,0.10221587,0.0820023,0.0741757,0.008789998,0.018518832,0.1817302,4.3
rbkn2x,657a1d9bb6d234001fef783a,0.33703154,0.29107937,0.09474389,0.101815864,0.090004176,0.15668073,0.096450776,0.17285149,0.005073547,0.012842959,0.053205602,0.027410502,0.06238277,0.009023507,0.2249636,5.183333333333334
16rhru,657a1d57b6d234001fef5fc6,0.3130916,0.35425907,0.67462575,0.5751816,0.07964143,0.5834035,0.23797645,0.09958932,0.00295639,0.003829278,0.018258847,0.012926984,0.060766358,0.004482265,0.3569049,3.466666666666667
16rhru,657a1dbf36c10c001f949205,0.19487326,0.095743746,0.08732515,0.116500415,0.075996056,0.116359964,0.114434265,0.15269235,0.003929138,0.022992345,0.06354945,0.028503597,0.016638106,0.012562137,0.2136354,5.2
16rhru,657a1dfcbac4780020f0ee68,0.081717156,0.295564,0.61983496,0.22137496,0.000188695,0.2276639,0.097779684,0.034748793,0.001735687,0.002996826,0.008652883,0.013234417,0.013269233,0.004895105,0.23986655,6.216666666666667
16rhru,657a1cdb36c10c001f9440e7,0.2044906,0.19121124,0.5435409,0.18780111,0.6383139,0.18300404,0.2060747,0.027088705,0.001277924,0.003403803,0.008747884,0.021056883,0.009696201,0.009967142,0.19244008,1.4
16rhru,657a1d7cb6d234001fef6d46,0.4080091,0.31985405,0.30893373,0.0834797,0.2529197,0.122753285,0.56416905,0.017089844,0.00128746,0.003070822,0.008595883,0.013985921,0.00951496,0.011323617,0.33416057,4.083333333333333
8pwbfd,657a20180bbeef001fb73671,0.0944899,0.3748699,0.39039746,0.1977331,0.1045852,0.113679945,0.084635615,0.10870059,0.0025177,0.002904332,0.02567133,0.019348921,0.032695748,0.011441571,0.27738953,3.65
8pwbfd,657a20cb1ece52001f45eed0,0.28066093,0.3526706,0.10536304,0.25168148,0.09097064,0.42362174,0.30173418,0.010995304,0.000414848,0.00190539,0.007873878,0.009613537,0.006103752,0.002860393,0.18123822,6.633333333333334
8pwbfd,657a218bba9c03001f0d1c56,0.19487326,0.43783733,0.5478223,0.32450983,0.15724781,0.2344353,0.15260378,0.019980038,0.000576973,0.001766648,0.0115029,0.010587076,0.005925748,0.003671329,0.32011765,9.833333333333334
8pwbfd,657a20811ece52001f45d3a8,0.11904381,0.22339956,0.23106146,0.24175529,0.08335247,0.20240258,0.032902054,0.15600902,0.00295639,0.1035157,0.04852104,0.024062896,0.007353018,0.021821553,0.40408957,5.4
8pwbfd,657a2112e5ea69001f780e60,0.08714753,0.029505296,0.077544875,0.017457543,0.058751587,0.064920515,0.048238236,0.23667802,0.002536774,0.027614836,0.18480228,0.012995303,0.006330303,0.003553374,0.28890988,7.816666666666666
8pwbfd,657a1fc70b2dd8001fe2c26f,0.4080091,0.13010159,0.0910024,0.34099117,0.471113,0.3858881,0.09512816,0.23812068,0.004577637,0.22458547,0.071750276,0.027820412,0.007171778,0.005573343,0.3085638,2.316666666666667
rqxqu2,657a1df9b6d234001fef9882,0.74537,0.68459135,0.31507698,0.6156804,0.42402583,0.7176863,0.4770909,0.33255672,0.015479924,0.3817989,0.16883044,0.0961592,0.015947454,0.02748336,0.38118827,4.883333333333334
rhee8h,657a1f41ba9c03001f0c2a82,0.7928877,0.54718906,0.45967516,0.11220199,0.19448619,0.2922344,0.80911946,0.017089844,0.001130104,0.004476741,0.008519882,0.013302735,0.008052089,0.008669644,0.17386197,7.3
94tyvw,657a1f5a1ece52001f456904,0.09634415,0.16594493,0.09286537,0.09193956,0.026425704,0.16161843,0.0823234,0.069754265,0.002174377,0.006548621,0.022319598,0.015728042,0.019055385,0.006222091,0.2501747,2.2333333333333334
94tyvw,657a202e0b2dd8001fe2e7ed,0.027973387,0.16347843,0.07841389,0.18124555,0.032430932,0.27413666,0.052959703,0.039462693,0.001335144,0.004162259,0.014086916,0.011184863,0.009929225,0.003715562,0.23149054,5.766666666666667
cmpuef,657a1fae1ece52001f4583a3,0.058960643,0.064135894,0.10437799,0.2782709,0.06977485,0.29363838,0.10206828,0.05131592,0.002031326,0.002959829,0.011958904,0.013200258,0.024235269,0.007460612,0.29681948,8.883333333333333
cmpuef,657a1ef2ba9c03001f0c1577,0.6521902,0.7133136,0.19366163,0.5311825,0.27324003,0.7454068,0.37269858,0.033334624,0.001459122,0.003681287,0.011198899,0.012858666,0.011819307,0.005189991,0.17151672,5.75
b4u92q,657a1e18c5765e001fd19506,0.27108505,0.2762165,0.81816846,0.581964,0.057116542,0.45997673,0.49705383,0.18744208,0.008659363,0.006770608,0.016860934,0.03715288,0.2836219,0.015334064,0.28132957,3.5166666666666666
b4u92q,657a1e2eb6d234001fefa684,0.115430765,0.1324148,0.2785459,0.15556577,0.35459033,0.13125886,0.20704561,0.20149297,0.00579834,0.010507392,0.08582769,0.07676199,0.007184723,0.023472913,0.19611503,3.8833333333333333
b4u92q,657a1ed50bbeef001fb6d23c,0.027973387,0.086567976,0.66095084,0.2248042,0.075996056,0.21427503,0.07706639,0.32971194,0.023076924,0.00828752,0.025284592,0.06195303,0.44942492,0.015923835,0.38504618,6.666666666666667
b4u92q,657a1f230b2dd8001fe28dec,0.052212548,0.063263826,0.80203754,0.16509432,0.14527039,0.1690925,0.10974196,0.02308189,0.001192093,0.002996826,0.009678889,0.015659723,0.007236506,0.010615891,0.27463177,7.966666666666667
b4u92q,657a1d6d36c10c001f947482,0.801181,0.35903805,0.44842112,0.18780111,0.81513715,0.27413666,0.6812119,0.016210219,0.000948906,0.004162259,0.008614883,0.015147334,0.006666893,0.010262027,0.15364309,0.6666666666666666
b4u92q,657a1da7bac4780020f0d156,0.7240452,0.603233,0.2987437,0.07806128,0.032430932,0.2769019,0.784164,0.0201057,0.001068115,0.004624732,0.009374888,0.015932998,0.008052089,0.010026119,0.22831132,1.6333333333333333
b4u92q,657a1ef6ba9c03001f0c1673,0.042314984,0.049173627,0.10144578,0.14134736,0.073305435,0.17664811,0.07706639,0.05304765,0.002479553,0.005142702,0.010324894,0.014464149,0.030623792,0.00563232,0.24880344,7.216666666666667
b4u92q,657a1f9cba9c03001f0c464a,0.528082,0.33691296,0.5043121,0.26744163,0.21946844,0.39270046,0.34446642,0.03875561,0.001916885,0.004254754,0.009241886,0.013131939,0.019573374,0.005396411,0.30973443,9.966666666666667
692wd7,657a1dc2c5765e001fd1785f,0.08714753,0.102069505,0.629632,0.16829737,0.070651315,0.11816678,0.14227262,0.26104406,0.015221698,0.007177584,0.030926194,0.05243378,0.34804323,0.021349736,0.41466925,1.1166666666666667
692wd7,657a1f8d1ece52001f457952,0.67226046,0.38402683,0.47436935,0.13133545,0.23791625,0.12649381,0.7476281,0.008105109,0.00079155,0.002219871,0.006676871,0.012107162,0.006563326,0.006399023,0.15898241,8.783333333333333
692wd7,657a1dcfb6d234001fef8a9b,0.6881789,0.4805095,0.46720323,0.16190393,0.28805172,0.14995342,0.70988655,0.011560776,0.001115799,0.003736784,0.007284875,0.013576009,0.007430693,0.009200439,0.16322064,1.3333333333333333
692wd7,657a1eb40bbeef001fb6c806,0.49931642,0.41136384,0.46042702,0.10080544,0.161658,0.11456946,0.6713054,0.01646154,0.001268387,0.004439743,0.008576883,0.015625564,0.007650771,0.010674868,0.46447232,5.166666666666667
692wd7,657a1df3b6d234001fef965b,0.09634415,0.4805095,0.11543151,0.30992806,0.16721234,0.38384953,0.10358816,0.08004235,0.002403259,0.004439743,0.01819439,0.015010698,0.014393489,0.004659196,0.18254626,1.95
692wd7,657a1f1d0bbeef001fb6e43d,0.21890815,0.21518372,0.14977454,0.14928007,0.073305435,0.27413666,0.21487516,0.10045706,0.00377655,0.004957713,0.014124917,0.020783609,0.0475118,0.009436348,0.167034,6.916666666666667
692wd7,657a1f5eba9c03001f0c3348,0.5592057,0.3732835,0.13628586,0.10903197,0.23543736,0.17538343,0.4189959,0.147767,0.009651184,0.012842959,0.012946909,0.026727317,0.13616586,0.017339287,0.22546154,8
ay4v4u,657a1ec31ece52001f453f67,0.5301476,0.43783733,0.14977454,0.43048233,0.1303544,0.6376929,0.4679547,0.034041706,0.001206398,0.018168874,0.011882903,0.010928668,0.006226737,0.004157891,0.33747974,3.7666666666666666
ay4v4u,657a1fd60bbeef001fb71f95,0.7845048,0.80388564,0.11338645,0.6082392,0.27452108,0.7916568,0.47928563,0.11652588,0.003643036,0.08831879,0.032468732,0.012926984,0.014393489,0.003804027,0.5552139,8.333333333333334
ay4v4u,657a20050bbeef001fb72f3d,0.42774367,0.3045994,0.1762937,0.12310397,0.24789588,0.113679945,0.40649763,0.14429577,0.022322904,0.003366805,0.024124376,0.39409557,0.006330303,0.18496928,0.52862555,9.116666666666667
zqkd1e,657a1dcc36c10c001f9496b7,0.11904381,0.0916127,0.12271099,0.12989433,0.09097064,0.21693645,0.07414775,0.19219314,0.00907898,0.058856625,0.02173949,0.024951037,0.20938614,0.009259416,0.24096398,1.4
zqkd1e,657a1dfe36c10c001f94a81f,0.18529944,0.19644909,0.18784583,0.18124555,0.17958881,0.14432828,0.22281083,0.0438942,0.001945496,0.003348306,0.017485369,0.026454043,0.007094103,0.013682704,0.17554013,2.2333333333333334
zqkd1e,657a1f381ece52001f455ed8,0.15839244,0.21518372,0.0837122,0.079847895,0.000748116,0.08356363,0.14740507,0.08083374,0.003547669,0.004014268,0.0114649,0.017367685,0.043309137,0.006811863,0.18907818,7.466666666666667
zqkd1e,657a1eb10b2dd8001fe26f75,0.1320083,0.13473919,0.14045076,0.36320755,0.068034075,0.441031,0.114434265,0.13041082,0.004997253,0.009064475,0.020192537,0.015420608,0.1348172,0.005013059,0.25589794,5.216666666666667
86pv26,657a206b0b2dd8001fe3015c,0.6495779,0.5204291,0.1743793,0.5458423,0.79144174,0.6813543,0.34727085,0.025910228,0.000839233,0.007066591,0.011616902,0.011031146,0.006641001,0.004010447,0.35750568,7.283333333333333
86pv26,657a1f9b0bbeef001fb70b48,0.30231753,0.32757276,0.100476414,0.27206606,0.21220426,0.24812905,0.26086196,0.09741997,0.002346039,0.06658725,0.021610579,0.014634945,0.007754337,0.005573343,0.300433,3.816666666666667
xzy1ck,657a1fd3ba9c03001f0c58f9,0.28066093,0.2601326,0.063385084,0.07110781,0.0373131,0.15668073,0.08156059,0.25462922,0.010681152,0.007584561,0.020450363,0.027820412,0.34804323,0.008846575,0.39015275,2.95
xzy1ck,657a20561ece52001f45c24b,0.13676605,0.62788516,0.6499242,0.4540749,0.038025744,0.3947486,0.08386083,0.11419344,0.004177094,0.005808664,0.017012933,0.015113175,0.13245705,0.004954082,0.19989905,5.133333333333334
nuczur,657a1fd30bbeef001fb71e9c,0.30231753,0.2601326,0.20537321,0.26131186,0.25040436,0.1881301,0.27163783,0.015393426,0.001440048,0.003348306,0.008709883,0.015318131,0.008052089,0.012326228,0.17768128,6.916666666666667
nuczur,657a1f560b2dd8001fe29de9,0.18036744,0.15372267,0.05037038,0.04141183,0.051521268,0.063014865,0.07271138,0.17111848,0.001726151,0.0051797,0.15556364,0.014395831,0.007145886,0.003287977,0.20041555,4.833333333333333
nuczur,657a1f2b0b2dd8001fe28fef,0.47222853,0.54718906,0.16485271,0.45048934,0.15068793,0.5939279,0.19836703,0.038519915,0.001525879,0.00294133,0.013212911,0.013985921,0.011042561,0.004541242,0.22811136,4.116666666666666
nuczur,657a1fc61ece52001f458c15,0.30231753,0.2601326,0.20537321,0.26131186,0.25040436,0.1881301,0.27163783,0.015393426,0.001440048,0.003348306,0.008709883,0.015318131,0.008052089,0.012326228,0.17768128,6.7
4r4ppr,657a20c51ece52001f45ebdb,0.27349865,0.23171476,0.16865413,0.14928007,0.051521268,0.32062647,0.31262326,0.11378009,0.006866455,0.01465176,0.014504919,0.028093686,0.108496375,0.018282922,0.20661546,3.65
vrtqbb,657a205f0b2dd8001fe2fc0e,0.84105146,0.5639132,0.5865167,0.28923154,0.7988622,0.39748225,0.80054235,0.023553278,0.000829697,0.014249804,0.009089886,0.011065305,0.006291465,0.003656585,0.2727715,3.716666666666667
vrtqbb,657a20cf0bbeef001fb77e30,0.24003741,0.24863632,0.12779324,0.36676258,0.056305178,0.6211213,0.37463045,0.015958898,0.000810623,0.008953481,0.008044879,0.00993805,0.006453287,0.004334822,0.37778553,5.6
vrtqbb,657a2107ba9c03001f0cd3d2,0.09264324,0.16842249,0.22707964,0.29238594,0.093894765,0.36829615,0.20899242,0.045625936,0.001325607,0.014048826,0.019870255,0.009818493,0.00641445,0.003376443,0.18890916,6.516666666666667
vrtqbb,657a218cba9c03001f0d1f02,0.22826096,0.13707347,0.16865413,0.37748483,0.14635028,0.32926556,0.085414186,0.113263406,0.003566742,0.08666438,0.030265106,0.02392626,0.012906751,0.012916001,0.36177504,8.75
mv1yt1,657a201aba9c03001f0c715f,0.39919263,0.2985656,0.27453586,0.14304936,0.19102257,0.15914497,0.44251856,0.01225191,0.001106262,0.002885833,0.007569877,0.013985921,0.007068211,0.010379982,0.16374736,5.983333333333333
mv1yt1,657a20be1ece52001f45e839,0.37246382,0.3526706,0.43051165,0.15241629,0.13563919,0.31204242,0.21586141,0.2853768,0.011291504,0.31015682,0.09855611,0.07449899,0.009463178,0.015098156,0.20460665,8.716666666666667
z74qka,657a20440b2dd8001fe2f0db,0.7399132,0.49773452,0.51287323,0.11114024,0.27196017,0.12934102,0.7833714,0.008010864,0.000801086,0.002515854,0.00649637,0.011543535,0.006815769,0.006900329,0.17959608,2.7
z74qka,657a2141e5ea69001f7821cd,0.4885276,0.44081154,0.3580206,0.12647597,0.059575163,0.31061715,0.43288612,0.046368107,0.001459122,0.020279141,0.012718908,0.014737424,0.007301235,0.006281069,0.26726168,6.916666666666667
z74qka,657a20c61ece52001f45ec4c,0.39919263,0.47526395,0.1956059,0.39736483,0.05549788,0.6057378,0.1964577,0.045873325,0.001249313,0.011617327,0.016708933,0.012141321,0.008815889,0.005455388,0.2864552,4.85
wc13d3,657a203e1ece52001f45b849,0.40582877,0.75959176,0.10144578,0.42676747,0.082418695,0.7011533,0.57118237,0.06381883,0.001277924,0.023595277,0.019225692,0.012175481,0.006763986,0.003686073,0.42591998,4.55
wc13d3,657a21341ece52001f462089,0.85082376,0.8771814,0.5752791,0.7819369,0.62537384,0.85394806,0.7865252,0.023199737,0.000896454,0.007510565,0.010666896,0.011116544,0.007094103,0.004423288,0.24680404,8.65
av4n4m,657a20e31ece52001f45fbb5,0.45879477,0.38687348,0.24675351,0.10487753,0.18072422,0.15184323,0.6613204,0.019728716,0.00087738,0.002358613,0.010704896,0.01084327,0.006789878,0.004688685,0.17279173,3
av4n4m,657a2261b1533d001ff23451,0.6550409,0.45276767,0.18978162,0.5592827,0.18186125,0.78747606,0.49632025,0.045625936,0.002069473,0.003588792,0.010020891,0.012961143,0.038911607,0.005868228,0.28608593,9.366666666666667
nckc3z,657a20cdba9c03001f0cb67d,0.68809044,0.43338785,0.37720883,0.11758787,0.31820145,0.3235005,0.75412166,0.009487377,0.000603199,0.00242336,0.007208874,0.010211324,0.00632383,0.004216868,0.221978,6.916666666666667
nckc3z,657a203a1ece52001f45b690,0.18529944,0.4363525,0.22906929,0.54426575,0.27452108,0.6716868,0.1256395,0.24763705,0.008354187,0.005771666,0.046178754,0.029460056,0.34804323,0.005602831,0.16373615,4.466666666666667
k6qfmt,657a205fba9c03001f0c8cb8,0.6621714,0.4917248,0.35455325,0.10283129,0.19564457,0.13416551,0.717782,0.03875561,0.001363754,0.005771666,0.014884921,0.017094411,0.008531082,0.008846575,0.17957835,1.0833333333333333
k6qfmt,657a2202b1533d001ff20565,0.64767843,0.5060264,0.3441924,0.7522073,0.5014449,0.8352995,0.48788983,0.0969861,0.00459671,0.010803374,0.014276917,0.01402008,0.100830056,0.005927206,0.35025468,8.083333333333334
tnx3qf,657a205c0b2dd8001fe2faf7,0.032686662,0.11233474,0.7508351,0.113268904,0.04238304,0.12555276,0.074871585,0.11223003,0.002202988,0.051808115,0.03665562,0.013336895,0.006647474,0.003096301,0.1716215,3.85
tnx3qf,657a1fee0bbeef001fb727b5,0.6336862,0.40990886,0.49064076,0.18451619,0.22068773,0.14807095,0.677725,0.007225486,0.000743866,0.002136626,0.006391869,0.0113215,0.006621582,0.006163114,0.1504031,2.033333333333333
tnx3qf,657a1fa1ba9c03001f0c4803,0.18770115,0.2674034,0.0966388,0.12199044,0.070651315,0.17538343,0.26086196,0.009990019,0.000743866,0.002303117,0.006553371,0.011048226,0.007171778,0.005720785,0.3566865,0.75
d9n383,657a1ff31ece52001f459b5f,0.04069166,0.072207004,0.8049314,0.12989433,0.000188695,0.10842784,0.08698324,0.046368107,0.001916885,0.003773782,0.012528907,0.012312118,0.013010317,0.004983571,0.27615467,2.683333333333333
4423rk,657a205d0b2dd8001fe2fb3b,0.5116077,0.36695787,0.20537321,0.09681413,0.30171713,0.11279448,0.58953285,0.022964042,0.001478195,0.003440801,0.010476895,0.017504321,0.007314181,0.013623727,0.16364177,3.066666666666667
4423rk,657a1fe20b2dd8001fe2cbf3,0.53324854,0.35744265,0.37545645,0.14615701,0.30893698,0.16784096,0.5360511,0.008482091,0.001063347,0.002830336,0.006657871,0.012790347,0.007003482,0.008079873,0.15922982,1.0333333333333334
4423rk,657a2032ba9c03001f0c7a83,0.77044594,0.56170166,0.45066872,0.08165393,0.240402,0.09753984,0.75412166,0.012314741,0.000958443,0.003366805,0.007683877,0.014327513,0.007184723,0.008256803,0.5096416,2.3666666666666667
4423rk,657a20f5ba9c03001f0ccade,0.2044906,0.41427898,0.7231532,0.08718978,0.04461459,0.07704599,0.13386428,0.027206551,0.001554489,0.011617327,0.010020891,0.016001316,0.007961469,0.009259416,0.1785703,5.6
n1ghd7,657a20c6ba9c03001f0cb2c7,0.081717156,0.14414358,0.11852835,0.17798842,0.23419909,0.21827032,0.20899242,0.024731753,0.001392365,0.007288578,0.009089886,0.014361672,0.007819066,0.008669644,0.1610725,4.416666666666667
n1ghd7,657a20e61ece52001f45fd6b,0.047229487,0.095743746,0.081044875,0.17151402,0.088083394,0.23307678,0.14740507,0.036634352,0.002613068,0.006918599,0.010134893,0.017982552,0.010913103,0.012680092,0.30605477,4.95
n1ghd7,657a2207b1533d001ff207b8,0.2044906,0.19909015,0.2231094,0.20778568,0.19912818,0.13029796,0.23491421,0.013634177,0.001139641,0.003163317,0.007645877,0.014805742,0.006990537,0.013092931,0.17544018,9.766666666666667
n1ghd7,657a214a1ece52001f4629ce,0.21417195,0.13010159,0.05110485,0.12310397,0.17168832,0.17034614,0.27055198,0.3234372,0.013607788,0.24150419,0.26957804,0.104876526,0.009566744,0.029960401,0.18398683,6.6
rhh6qg,657a210e0bbeef001fb79e28,0.07813416,0.23731218,0.1063522,0.3163838,0.046121623,0.2576641,0.07414775,0.07687678,0.002479553,0.002386362,0.01617693,0.012756188,0.0347677,0.004128402,0.23678622,4.6
rhh6qg,657a222fb1533d001ff21cdb,0.4711064,0.691069,0.18591298,0.70142055,0.066309564,0.6251096,0.2815996,0.19124292,0.004997253,0.020982565,0.076502606,0.016001316,0.09316374,0.004305333,0.44260928,9.433333333333334
gk713k,657a21221ece52001f4618e0,0.32175437,0.31985405,0.26853967,0.17474432,0.20620574,0.15914497,0.37334225,0.011560776,0.001015663,0.003089321,0.007740878,0.013576009,0.00713294,0.011441571,0.13849184,3.3666666666666667
gk713k,657a20cf0bbeef001fb77ddf,0.6595559,0.64127856,0.24086781,0.28295305,0.57446414,0.30493158,0.35640088,0.38601747,0.008468628,0.09824528,0.4125297,0.110447146,0.008440462,0.01374168,0.35595492,2
4w4zmz,657a2060ba9c03001f0c8d11,0.16324693,0.4026623,0.23891157,0.41751894,0.04764421,0.40364674,0.078549035,0.27047762,0.012833111,0.013144426,0.030926194,0.04667213,0.34839883,0.008315781,0.26669547,1.7166666666666666
4w4zmz,657a20d50bbeef001fb780f8,0.44876832,0.43190852,0.15352494,0.29238594,0.2997563,0.3458873,0.16859275,0.083999306,0.003242493,0.0051797,0.012300906,0.017436003,0.05721026,0.008374758,0.37140965,3.6666666666666665
byxxzp,657a225d3f4c09001ffd31c6,0.07635384,0.07686615,0.839811,0.18780111,0.029057574,0.122753285,0.08698324,0.05799546,0.00243187,0.003237312,0.012604907,0.012312118,0.03304107,0.005189991,0.32616213,7.05
byxxzp,657a21fde5e11a001f43ce70,0.07105747,0.10819801,0.843073,0.29713845,0.038025744,0.20240258,0.0823234,0.15435068,0.005836487,0.029402243,0.021610579,0.016411226,0.13329996,0.005986183,0.284225,5.45
gektkv,657a2189ba9c03001f0d18e4,0.19727191,0.22893222,0.07157431,0.10694439,0.103260614,0.115462564,0.1631984,0.022256956,0.001144409,0.00362579,0.008443882,0.0157622,0.009256045,0.013269863,0.24115287,3.55
gektkv,657a21dd0e8865001f58f576,0.6483907,0.78655815,0.12271099,0.28765815,0.10062749,0.46163297,0.31673273,0.06817148,0.001726151,0.008435511,0.025929155,0.014293353,0.009799767,0.00521948,0.13670553,4.95
8eqa46,657a2115e5ea69001f780fda,0.115430765,0.6330784,0.29265818,0.5815646,0.05073776,0.6632537,0.17588417,0.112850055,0.004787445,0.002867334,0.016708933,0.017367685,0.13464862,0.007195215,0.3455296,3.8333333333333335
ym3t3e,657a2229e5e11a001f43e574,0.6881789,0.4805095,0.46720323,0.16190393,0.28805172,0.14995342,0.70988655,0.011560776,0.001115799,0.003736784,0.007284875,0.013576009,0.007430693,0.009200439,0.16322064,5.216666666666667
ym3t3e,657a21f80e8865001f590182,0.6010755,0.5701861,0.13628586,0.17798842,0.20262691,0.4649473,0.26086196,0.07450261,0.00243187,0.009286462,0.01625293,0.013234417,0.03649433,0.00625158,0.3512318,4.383333333333334
qceeb3,657a2144ba9c03001f0cec68,0.48097566,0.30006987,0.44243634,0.13630773,0.2529197,0.12649381,0.535409,0.011937759,0.000910759,0.002044132,0.007531876,0.012277958,0.006763986,0.007106749,0.2037732,1.9
qceeb3,657a21f00e8865001f58fe2f,0.16811807,0.5425826,0.07410899,0.09290418,0.09685559,0.11907599,0.07271138,0.24603334,0.010452271,0.030175667,0.03768798,0.059948977,0.18913531,0.016277699,0.4464741,4.783333333333333
qceeb3,657a22b6e5e11a001f44241f,0.40365055,0.24012628,0.0855105,0.09582901,0.19680415,0.15914497,0.28826994,0.08083374,0.003528595,0.006659614,0.013212911,0.019280603,0.04167421,0.011854411,0.21403512,8.083333333333334
qceeb3,657a22e5b1533d001ff2672b,0.47335124,0.27033064,0.123238094,0.2450518,0.13990174,0.3379565,0.3071667,0.11378009,0.007858276,0.007140587,0.013744914,0.020510335,0.13700877,0.009849187,0.24981268,8.866666666666667
n89vgv,657a216aba9c03001f0cfb8d,0.5571216,0.2674034,0.42976815,0.47783998,0.32488832,0.4022753,0.34166783,0.029092113,0.001401901,0.006363631,0.010704896,0.013746806,0.009851551,0.008492713,0.2969372,1.6666666666666667
gxgrac,657a22f7b1533d001ff273e5,0.060666207,0.09470313,0.12538517,0.29396752,0.046880882,0.4622958,0.22984244,0.051563308,0.001335144,0.01555616,0.018452216,0.015113175,0.008311004,0.007136237,0.24114433,3.6
gxgrac,657a237bd288e2001f690733,0.02953679,0.25724247,0.04747123,0.12088228,0.03174881,0.11907599,0.052357487,0.09655223,0.00453949,0.00431025,0.012946909,0.013234417,0.085497424,0.003523886,0.21699956,5.783333333333333
6qkccb,657a2215b1533d001ff20e6d,0.50340754,0.55026335,0.20341371,0.18451619,0.08148885,0.41878623,0.5356842,0.1104733,0.002670288,0.08004672,0.022448512,0.020988565,0.007249452,0.00855169,0.29507625,4.183333333333334
2rnv7n,657a237f8f5e4a001ff6811a,0.7091225,0.506782,0.10241937,0.3578942,0.517358,0.51502174,0.4536233,0.034748793,0.001478195,0.003292809,0.010172892,0.011116544,0.013476364,0.003833516,0.4183479,6.083333333333333
vdrpbb,657a2288b1533d001ff2451f,0.60720396,0.752632,0.49253777,0.8232102,0.43802127,0.8361506,0.38627097,0.10913446,0.003471375,0.007843546,0.033570543,0.024541125,0.048158366,0.009259416,0.19505307,5.416666666666667
dn9nft,657a2232b1533d001ff21e8e,0.2020805,0.23450792,0.3798401,0.42121267,0.032430932,0.48970208,0.10819229,0.050821137,0.001139641,0.022590388,0.019161236,0.010023449,0.00627852,0.002418064,0.20022047,4.05
b3qpgw,657a2366a5073e001f312e5d,0.32175437,0.28362978,0.8270832,0.116500415,0.027734175,0.12461543,0.1870134,0.25462922,0.010299683,0.2831485,0.05262003,0.01982715,0.079364374,0.004482265,0.28701994,6.066666666666666
b3qpgw,657a22eeb1533d001ff26920,0.7203377,0.64403623,0.44393137,0.45945197,0.31157106,0.7047167,0.5380694,0.05799546,0.00169754,0.036878675,0.017012933,0.012346277,0.008026198,0.004718174,0.2677584,4.066666666666666
kuwb48,657a2257e5e11a001f43fbb2,0.5798728,0.23450792,0.4327431,0.13798015,0.39807954,0.12368249,0.7121486,0.015267765,0.000705719,0.00242336,0.008918885,0.012756188,0.006336776,0.006133626,0.15517496,1.5333333333333334
kuwb48,657a236ff9ba7b0020f30915,0.41456708,0.22893222,0.37195632,0.13630773,0.29259175,0.24950926,0.4849595,0.017592486,0.000929832,0.003884775,0.008633883,0.014361672,0.00780612,0.009849187,0.18078564,6.2
byw89m,657a2351d288e2001f68ecac,0.44988045,0.79848295,0.24086781,0.2248042,0.09685559,0.4125808,0.17772123,0.0926474,0.002326965,0.053854458,0.018774498,0.012926984,0.010343489,0.004954082,0.37239382,4.433333333333334
r1x7x4,657a22803f4c09001ffd4080,0.54568315,0.2674034,0.11852835,0.15872851,0.25040436,0.3649336,0.46357456,0.06381883,0.0025177,0.049989145,0.014884921,0.01846078,0.007365964,0.007843964,0.1916495,1.1
694y4m,657a2380f9ba7b0020f31134,0.34142166,0.537983,0.061006065,0.075417474,0.05549788,0.16410081,0.32775652,0.03109552,0.001401901,0.009989422,0.011274899,0.013371054,0.008090926,0.006310557,0.17195985,6.166666666666667
694y4m,657a22fab1533d001ff278f3,0.77668965,0.6894159,0.5558378,0.19440953,0.14527039,0.47756103,0.62876874,0.17458448,0.003585815,0.14661247,0.054962315,0.01620627,0.008738215,0.005278457,0.33032885,3.95
mbexte,657a22a5e5e11a001f441cee,0.08533011,0.34161535,0.8089204,0.07454585,0.064601645,0.040050447,0.09119969,0.06500591,0.001735687,0.003033824,0.017292,0.020851927,0.012233571,0.011677479,0.21065815,1.4833333333333334
mbexte,657a234fa5073e001f311d95,0.62752825,0.39977503,0.37108195,0.51515037,0.1841414,0.8012977,0.40977973,0.044388983,0.001296997,0.026408968,0.013478912,0.011799729,0.006738094,0.004039936,0.24470574,4.35
fhm1ar,657a22570e8865001f593175,0.32610464,0.27769426,0.09193192,0.14615701,0.2453918,0.20240258,0.27055198,0.18649188,0.00459671,0.16587129,0.029053112,0.025634222,0.007961469,0.00937737,0.16900681,1.4
cc72np,657a22ba0e8865001f595c14,0.8151817,0.65969205,0.48609284,0.18451619,0.5193021,0.20502599,0.7865252,0.059479803,0.001621246,0.04306607,0.017292,0.012517073,0.006272047,0.004216868,0.20349738,3.3333333333333335
cc72np,657a226bb1533d001ff238e5,0.70841575,0.7563836,0.44094265,0.72331166,0.27324003,0.7544598,0.48239642,0.115658075,0.003833771,0.10221587,0.027476108,0.022559889,0.021990653,0.008079873,0.38060427,2.0166666666666666
x8cudc,657a228f0e8865001f594982,0.28784943,0.102069505,0.054834552,0.124222845,0.13246238,0.27137864,0.28693247,0.038519915,0.001316071,0.022590388,0.010856897,0.013405213,0.006653947,0.006133626,0.24411635,1.7166666666666666
ybect4,657a2349a5073e001f3119cd,0.14633444,0.22339956,0.09854957,0.07367923,0.06977485,0.090393595,0.24414308,0.22445217,0.00453949,0.013847848,0.0638991,0.07514556,0.009385503,0.012208274,0.1863539,3.4833333333333334
ybect4,657a2395a5073e001f314310,0.20690423,0.15372267,0.3459146,0.25168148,0.073305435,0.13125886,0.32085532,0.013697007,0.000600815,0.002386362,0.008576883,0.010979908,0.006123171,0.004334822,0.2544726,4.75
bw1z8x,657a24ca0a9ffd001f393b45,0.4711064,0.6336248,0.1762937,0.32941553,0.5147646,0.36224848,0.09512816,0.24282593,0.007286072,0.06749674,0.100019015,0.02932342,0.0824309,0.011913388,0.31682482,9.35
xknpdn,657a22a73f4c09001ffd506a,0.07105747,0.08262517,0.7020902,0.20107053,0.0366042,0.17412075,0.096450776,0.16158698,0.002975464,0.14019285,0.039151907,0.014225035,0.006576272,0.003184767,0.22241515,1.5333333333333334
xknpdn,657a2361f9ba7b0020f301a4,0.25906992,0.31219605,0.2330567,0.24836068,0.25040436,0.15422586,0.26086196,0.035691574,0.002403259,0.002996826,0.015492925,0.027547138,0.006925808,0.01604179,0.18832815,4.65
xknpdn,657a23a0d288e2001f691635,0.78397816,0.52347285,0.5422899,0.09582901,0.40774035,0.12182798,0.7923217,0.008544922,0.000829697,0.002441859,0.006809872,0.012722028,0.006608637,0.008492713,0.2734263,5.666666666666667
xknpdn,657a22e5b1533d001ff266f5,0.5726517,0.61650485,0.40713036,0.52315956,0.1627653,0.6678007,0.37785575,0.10956833,0.002765656,0.09410924,0.023479814,0.018392462,0.007365964,0.00937737,0.35754046,2.5833333333333335
wy8vc2,657a24bf0a9ffd001f393513,0.50238425,0.67782927,0.12658814,0.5513682,0.3450946,0.70708656,0.28826994,0.03639866,0.001149178,0.019877186,0.012300906,0.010450439,0.006589218,0.003892493,0.29137805,9.966666666666667
nhnk8d,657a25824b0958001f875d2f,0.40365055,0.6965756,0.12165971,0.14134736,0.6357364,0.3307102,0.1722254,0.19986437,0.005760193,0.016058605,0.05027775,0.038906425,0.06820184,0.010910776,0.21199106,8.966666666666667
nhnk8d,657a24c80a9ffd001f393a1a,0.66098315,0.7310342,0.4461753,0.2643714,0.16055275,0.3649336,0.39864236,0.30716252,0.015673593,0.27991617,0.16897665,0.04642162,0.10542984,0.014449406,0.16731547,5.883333333333334
fu8hw2,657a235ca5073e001f312907,0.2020805,0.2688658,0.11237009,0.27982917,0.054694567,0.546009,0.36062703,0.03357032,0.001268387,0.017465452,0.009545889,0.013473531,0.007029374,0.008020895,0.2508242,4.1
f3ehve,657a2351d288e2001f68ed5d,0.767135,0.4393238,0.5302557,0.101815864,0.19912818,0.122753285,0.80416626,0.007288316,0.000691414,0.001757398,0.00653437,0.010689554,0.006427396,0.004983571,0.22331026,4.983333333333333
f3ehve,657a247fc06530001f70847c,0.23531619,0.3306766,0.44094265,0.24175529,0.041647345,0.3899725,0.18141639,0.07450261,0.00284195,0.006400629,0.017614283,0.014634945,0.03856628,0.008728622,0.23344523,10.016666666666667
f3ehve,657a238ef9ba7b0020f3168c,0.41895068,0.376459,0.30077735,0.214554,0.28352603,0.14432828,0.34797287,0.015896067,0.001735687,0.004513739,0.008823884,0.017299367,0.008582866,0.014626338,0.17531358,6
d8yefh,657a24cb0a9ffd001f393c2f,0.6881789,0.4805095,0.46720323,0.16190393,0.28805172,0.14995342,0.70988655,0.011560776,0.001115799,0.003736784,0.007284875,0.013576009,0.007430693,0.009200439,0.16322061,8.966666666666667
d8yefh,657a25020a9ffd001f3951b9,0.64459294,0.528809,0.3424645,0.13798015,0.22435349,0.24950926,0.5519174,0.15158679,0.009002686,0.006474625,0.01313691,0.02433617,0.13815513,0.015216109,0.16674376,9.866666666666667
t3k1rb,657a2363f9ba7b0020f30304,0.38582096,0.35903805,0.18013267,0.38107905,0.016478393,0.51839983,0.2789444,0.038991302,0.002241135,0.002959829,0.008481883,0.013576009,0.026652548,0.007372146,0.21987219,3.2666666666666666
ydewyb,657a2364d288e2001f68fb53,0.53738797,0.5876359,0.33728355,0.11758787,0.23296322,0.1881301,0.68931216,0.08479069,0.003509522,0.010581387,0.024897853,0.025360947,0.008815889,0.019934284,0.46038383,3.9166666666666665
ydewyb,657a23add288e2001f691c88,0.35023654,0.5591221,0.103396736,0.099799976,0.2630359,0.22228386,0.09911501,0.30854854,0.005531311,0.2772088,0.2659317,0.02474608,0.007003482,0.007608055,0.2264189,5.133333333333334
nwq716,657a24df0a9ffd001f39463e,0.2020805,0.17091095,0.21323243,0.2566848,0.13246238,0.28523946,0.26514557,0.034513097,0.001859665,0.005734668,0.01313691,0.02023706,0.008336896,0.020052237,0.14966737,9.65
mzefrr,657a234fa5073e001f311dcf,0.12267091,0.3306766,0.7406886,0.09879968,0.002575775,0.13809541,0.096450776,0.17891699,0.00617981,0.007325576,0.031807642,0.01846078,0.17648515,0.005396411,0.21606207,1.5666666666666667
mzefrr,657a2496c06530001f7094ed,0.1011181,0.21791112,0.18398336,0.3544385,0.05073776,0.49020153,0.22081688,0.026735162,0.001034737,0.003385304,0.010400894,0.011475217,0.008841781,0.003863005,0.21470824,7.016666666666667
ekc8aq,657a25474b0958001f870ca6,0.26146647,0.62925136,0.13384935,0.3561303,0.25670323,0.552175,0.26191986,0.030977672,0.001087189,0.008842488,0.012756908,0.013985921,0.007055265,0.006546466,0.21873294,7.766666666666667
ekc8aq,657a24a60a9ffd001f39274c,0.7348043,0.8006552,0.30485183,0.62173027,0.6162419,0.7700635,0.59691197,0.08716487,0.002336502,0.06385879,0.018838953,0.01402008,0.006802823,0.004570731,0.32718623,5.066666666666666
87xatq,657a25744b0958001f874619,0.8181891,0.5204291,0.50203115,0.18780111,0.37437525,0.377071,0.39016762,0.3047732,0.007286072,0.2964622,0.16846494,0.022628209,0.012440704,0.0074901,0.43430483,8.083333333333334
rnrugx,657a250e0a9ffd001f395474,0.09820561,0.09889726,0.7872002,0.13133545,0.000188695,0.07918409,0.117599316,0.03192045,0.001420975,0.002700844,0.00979289,0.011577694,0.012026439,0.00395147,0.22889839,7.25
rnrugx,657a258f4b0958001f876911,0.67659277,0.765455,0.44467905,0.59957933,0.13883325,0.5636331,0.56532943,0.17285149,0.006027222,0.007510565,0.01890341,0.033645786,0.22514746,0.009731233,0.21264943,9.383333333333333
rnrugx,657a24d5c06530001f70b7e9,0.027973387,0.14414358,0.07410899,0.18780111,0.000188695,0.19718185,0.06046427,0.30502358,0.014898917,0.012943448,0.03070583,0.03915693,0.4352635,0.005927206,0.23420565,6.3
gbezud,657a25024b0958001f86da2b,0.45210588,0.4715158,0.09193192,0.10903197,0.64856875,0.22094403,0.50567406,0.030506283,0.001206398,0.003496297,0.011996903,0.015454767,0.006809296,0.00855169,0.39275324,6.866666666666666
92kpud,657a252d4b0958001f86f1bd,0.4343623,0.41427898,0.2330567,0.31962708,0.08523248,0.5274063,0.38173443,0.058737632,0.003128052,0.004106762,0.010172892,0.014669105,0.049128212,0.007460612,0.365457,6.45
92kpud,657a25a2ff1be6001fa5164b,0.73973715,0.5418156,0.44094265,0.1329856,0.15286757,0.4295062,0.78963566,0.051563308,0.003528595,0.004680229,0.010476895,0.014874061,0.030969119,0.009495324,0.33787584,8.4
ma13ck,657a24a5c06530001f709d42,0.27349865,0.4670292,0.60239846,0.5545314,0.04312292,0.5667072,0.1256395,0.11652588,0.002918243,0.010433395,0.042665333,0.016172111,0.030623792,0.006516977,0.18721515,5.85
m3ytg7,657a24d1c06530001f70b593,0.78818214,0.55026335,0.5228285,0.09290418,0.25040436,0.15668073,0.8186013,0.010492661,0.001077652,0.003311308,0.006838372,0.013131939,0.007456584,0.009436348,0.16284391,6.15
m3ytg7,657a24fa0a9ffd001f395096,0.018748099,0.08756644,0.8270832,0.10903197,0.000188695,0.1016479,0.0823234,0.006628598,0.000700951,0.001294925,0.006220868,0.01086035,0.006304411,0.004482265,0.18749405,6.783333333333333
m3ytg7,657a248d0a9ffd001f3919de,0.09264324,0.39833438,0.06990473,0.17474432,0.020101214,0.19588226,0.20028363,0.06184035,0.001745224,0.003514797,0.015264924,0.015591404,0.014738814,0.005160502,0.16560249,5.033333333333333
m3ytg7,657a24ae382c85001f67ee66,0.079922065,0.15857893,0.09854957,0.39554617,0.023218349,0.48753864,0.08698324,0.023553278,0.001168251,0.003366805,0.007987879,0.01173141,0.010110466,0.004246356,0.24557014,5.583333333333333
2u6xkf,657a24b6c06530001f70a607,0.5705914,0.625062,0.2645553,0.42491317,0.2453918,0.49527892,0.26299334,0.41910073,0.010910034,0.00984143,0.47384647,0.08193458,0.077831104,0.008787598,0.19590418,4.716666666666667
2u6xkf,657a252a0a9ffd001f396806,0.51366115,0.5303358,0.84468275,0.12647597,0.17506383,0.12838791,0.5543792,0.045378547,0.001010895,0.010507392,0.021997316,0.014464149,0.006207318,0.005455388,0.11361991,6.65
c4xtmz,657a24ccc06530001f70b2ba,0.22124074,0.21518372,0.555877,0.32614216,0.26685292,0.53675205,0.37591973,0.009801528,0.000476837,0.001988635,0.007531876,0.010143006,0.006401504,0.00333221,0.26117548,5.916666666666667
c4xtmz,657a2481c06530001f70863d,0.6010755,0.3510838,0.5005111,0.5704037,0.50014293,0.5006081,0.24932499,0.10956833,0.00161171,0.07094744,0.029273475,0.013746806,0.006058442,0.002698205,0.3151179,4.683333333333334
8wwcg7,657a24c0c06530001f70abe4,0.20690423,0.11441821,0.18205647,0.13798015,0.7337886,0.3006852,0.15435125,0.14082454,0.002670288,0.006511623,0.028722567,0.03239325,0.008505191,0.018047014,0.29545486,4.6
mwbgen,657a250f4b0958001f86dc43,0.34582332,0.35425907,0.11440699,0.12647597,0.08148885,0.28943124,0.26191986,0.025320992,0.001497269,0.002811837,0.007778878,0.012277958,0.0115345,0.00563232,0.2182232,2.0166666666666666
cz24vk,657a26982b23e1001fcdc4e7,0.77975535,0.42895418,0.5487609,0.079847895,0.26940405,0.1331928,0.8118866,0.006408691,0.000658035,0.001535411,0.006382369,0.010467518,0.006401504,0.004983571,0.265815,8.85
cz24vk,657a265f2b23e1001fcd841f,0.59730846,0.5912591,0.123238094,0.33932132,0.21582358,0.640991,0.37979394,0.030388435,0.001010895,0.015154205,0.010856897,0.011253181,0.0065698,0.003804027,0.27580917,7.933333333333334
2uucyq,657a24b3c06530001f70a4c8,0.51983213,0.51814896,0.08281895,0.18780111,0.052308604,0.40090486,0.3402706,0.112953395,0.002670288,0.07508347,0.030375287,0.013985921,0.008103873,0.005278457,0.21554996,5.066666666666666
y3y9pq,657a24e34b0958001f86d055,0.35244697,0.2601326,0.3824745,0.116500415,0.22803417,0.11016245,0.6148016,0.008105109,0.000710487,0.001775897,0.006771872,0.011509376,0.00679635,0.00563232,0.20080741,1.4166666666666667
pgwh4x,657a268a2b23e1001fcdac9c,0.33703154,0.30763084,0.2645553,0.20107053,0.2441421,0.16410081,0.30580607,0.019100413,0.001497269,0.0034593,0.009469888,0.016889455,0.007547205,0.012267252,0.21474643,4.45
8ttqyt,657a24d1c06530001f70b53f,0.73797596,0.4157393,0.43423185,0.12989433,0.1841414,0.16784096,0.7720064,0.012817383,0.000648499,0.001886891,0.008234881,0.011509376,0.006453287,0.004659196,0.15867294,0.7333333333333333
8ttqyt,657a25aa6e82ee001f65ba02,0.57574373,0.31985405,0.39746574,0.10283129,0.13670206,0.11907599,0.7615275,0.007790958,0.000729561,0.001692652,0.006743372,0.010604155,0.006530962,0.005248968,0.18606745,4.316666666666666
4zb2bt,657a29943016f0001eaa1282,0.2638654,0.3291235,0.10437799,0.11868066,0.094877556,0.14432828,0.3071667,0.01633588,0.00099659,0.002978328,0.008652883,0.014156717,0.007171778,0.00896453,0.17806365,8.133333333333333
4zb2bt,657a295e3016f0001ea9fc8e,0.07458106,0.085574605,0.77171,0.116500415,0.07781066,0.08884861,0.120793216,0.011309455,0.000686646,0.002626848,0.007189874,0.011475217,0.006757513,0.006634932,0.15146916,7.233333333333333
7de4q6,657a26962b23e1001fcdc033,0.12726861,0.0916127,0.5218672,0.11114024,0.056305178,0.13514197,0.049397923,0.08004235,0.002593994,0.03636306,0.022384055,0.015147334,0.010757755,0.006841352,0.23994683,6.133333333333334
7de4q6,657a256e4b0958001f873cc8,0.8419945,0.604141,0.47625726,0.37928078,0.40083775,0.536409,0.82312846,0.11119666,0.003070831,0.10221587,0.026702631,0.017026093,0.006647474,0.006458,0.22643252,1.2166666666666666
7de4q6,657a25c5a24db8001f7b472c,0.78844416,0.6782435,0.17246792,0.62577844,0.88956684,0.756708,0.65392077,0.07608539,0.001277924,0.039972372,0.020772645,0.012790347,0.007637825,0.004629708,0.42628565,2.683333333333333
qrda43,657a25030a9ffd001f3951f8,0.82513165,0.6634281,0.47739056,0.28923154,0.4366331,0.44840088,0.82934755,0.09394901,0.002307892,0.053854458,0.020063626,0.011441057,0.007223561,0.003656585,0.26891097,1.5166666666666666
m31623,657a2a12c55d9b001f578e0b,0.5322142,0.65650195,0.62375844,0.41199526,0.47184786,0.4553423,0.19265923,0.09394901,0.002326965,0.06613251,0.020901557,0.013336895,0.007650771,0.004275845,0.33717152,9.783333333333333
u12hw2,657a24de4b0958001f86ce1e,0.034273073,0.15857893,0.8279559,0.11114024,0.06291008,0.06751211,0.07706639,0.15711457,0.004310608,0.005290694,0.020772645,0.023721304,0.13127698,0.011913388,0.18185629,1.3833333333333333
u12hw2,657a2594ff1be6001fa50ed0,0.6076757,0.631984,0.5540393,0.7041232,0.41361436,0.64033186,0.28693247,0.06065326,0.001411438,0.050216515,0.016556932,0.011543535,0.006058442,0.003833516,0.33490244,4.416666666666667
u12hw2,657a26e0978144001f4fc48b,0.7077974,0.62287664,0.13020957,0.7117774,0.8392814,0.7611845,0.6582865,0.071337044,0.002412796,0.04796442,0.017743196,0.016616182,0.007145886,0.005897717,0.30306298,9.95
pfnnqu,657a26dd978144001f4fbee0,0.43657246,0.44827244,0.13142079,0.6818687,0.21100153,0.80857784,0.29632914,0.048099842,0.002393723,0.001886891,0.009241886,0.012790347,0.043309137,0.004688685,0.3185473,4.983333333333333
m2ey27,657a256a4b0958001f87364b,0.6881789,0.4805095,0.46720323,0.16190393,0.28805172,0.14995342,0.70988655,0.011560776,0.001115799,0.003736784,0.007284875,0.013576009,0.007430693,0.009200439,0.16322061,4.05
m2ey27,657a25200a9ffd001f395f46,0.2329597,0.28958938,0.103396736,0.20442122,0.066309564,0.39679858,0.1964577,0.049831573,0.001955032,0.007843546,0.0114269,0.014464149,0.020436687,0.007460612,0.21090467,2.816666666666667
m2ey27,657a25a9ff1be6001fa519b9,0.2447739,0.22616051,0.6956838,0.2782709,0.088083394,0.24675097,0.1631984,0.06579731,0.0025177,0.004994711,0.011768902,0.015079016,0.04201601,0.006133626,0.25514528,5.116666666666666
m2ey27,657a26b22b23e1001fcdeec1,0.21417195,0.14891115,0.12538517,0.088129774,0.121998236,0.0896192,0.16859275,0.049336795,0.002746582,0.004513739,0.015948927,0.03715288,0.007793174,0.022647234,0.17850012,9.5
paqbp6,657a2868beacf3001fe8156c,0.11183177,0.13010159,0.1743793,0.13630773,0.064601645,0.28803274,0.09381223,0.23667802,0.003681183,0.18313584,0.113185234,0.023652986,0.006783404,0.006163114,0.2082853,7.5
paqbp6,657a2904c55d9b001f571a36,0.2329597,0.21791112,0.10536304,0.08532512,0.15615022,0.099992886,0.15963748,0.11140333,0.00243187,0.00673361,0.032909457,0.03990845,0.00866054,0.01710338,0.1996868,10.083333333333334
paqbp6,657a2713978144001f501f7b,0.079922065,0.18097372,0.08192977,0.14304936,0.0373131,0.15668073,0.18888894,0.045378547,0.001392365,0.017465452,0.014504919,0.012414595,0.006686311,0.003700818,0.20921342,1.8
paqbp6,657a279226af0e0020c27c48,0.4080091,0.2866146,0.25069022,0.27206606,0.26940405,0.2922344,0.088613324,0.032156147,0.000786781,0.006696612,0.015644927,0.011048226,0.006738094,0.003523886,0.18478522,3.95
paqbp6,657a282726af0e0020c2c240,0.7517006,0.5166301,0.44318357,0.11434096,0.26685292,0.12461543,0.73558867,0.012754552,0.001168251,0.004402745,0.007512876,0.014498309,0.007547205,0.009731233,0.17437267,6.416666666666667
a9xfzr,657a255e4b0958001f87237c,0.20932254,0.28065717,0.07841389,0.14928007,0.09801555,0.30919355,0.14740507,0.47119883,0.023076924,0.5135796,0.40243408,0.1184936,0.035803676,0.027129497,0.23056853,3.8333333333333335
a9xfzr,657a25b14b0958001f877bf1,0.48528853,0.3826059,0.29468432,0.20442122,0.2874042,0.17160219,0.508335,0.026617315,0.000991821,0.005475683,0.010362893,0.015044857,0.006964645,0.006428511,0.15613656,5.2
a9xfzr,657a258f4b0958001f8768c9,0.16811807,0.13473919,0.60640234,0.10798564,0.057932016,0.06685881,0.10206828,0.081625134,0.00164032,0.047706615,0.021159383,0.011628932,0.006174954,0.002477041,0.21931429,4.6
a9xfzr,657a24c9c06530001f70b125,0.104675725,0.17340991,0.22112842,0.14615701,0.08335247,0.14995342,0.17772123,0.016964182,0.001149178,0.003977269,0.007816878,0.014532468,0.007534259,0.010497936,0.15469852,1.3333333333333333
a9xfzr,657a26b82b23e1001fcdf6af,0.38138592,0.3526706,0.3286836,0.2450518,0.23172872,0.20109403,0.34797287,0.007005579,0.001001358,0.001322673,0.00659137,0.013473531,0.006051969,0.009436348,0.15104064,9.566666666666666
a9xfzr,657a24b0c06530001f70a33f,0.28544915,0.2457886,0.12271099,0.11758787,0.10194144,0.13416551,0.32085532,0.012000589,0.000915527,0.00223837,0.007246875,0.011697251,0.007119995,0.005691297,0.30700192,0.9333333333333333
b27k2g,657a259e6e82ee001f65b466,0.4343623,0.49022526,0.11440699,0.32614216,0.092915915,0.7385537,0.39146855,0.013257195,0.000805855,0.002848835,0.006942873,0.01127026,0.008103873,0.006340046,0.3220189,1.8666666666666667
y7nwdp,657a26892b23e1001fcdab82,0.17790961,0.35903805,0.109343514,0.2767157,0.064601645,0.5979923,0.14397636,0.056263726,0.001182556,0.021786476,0.019096779,0.013439372,0.006848133,0.004541242,0.22214076,4.816666666666666
n71ugb,657a2a22c55d9b001f5792f6,0.7952299,0.6256084,0.53939825,0.13630773,0.25796708,0.3629191,0.622431,0.04166769,0.001420975,0.004717227,0.013440913,0.013815125,0.011922873,0.005927206,0.33480996,3.3
n71ugb,657a29d14dad98001f050be0,0.40365055,0.4437917,0.12779324,0.13630773,0.05549788,0.41533712,0.46183544,0.02638162,0.001544952,0.002367863,0.007949878,0.011936366,0.012803185,0.006281069,0.16737221,1.95
yge926,657a279826af0e0020c2801e,0.15597202,0.4497687,0.68924314,0.4743229,0.09685559,0.42431307,0.12890771,0.23812068,0.012054443,0.004513739,0.020450363,0.017777596,0.34804323,0.004128402,0.31455514,8.6
yge926,657a26ba374de1001f1723d7,0.7188369,0.6518188,0.48268524,0.37569132,0.094877556,0.61645836,0.5568686,0.113263406,0.002393723,0.009619443,0.043250903,0.029460056,0.009955117,0.011559526,0.2881293,4.9
zdqx4p,657a279726af0e0020c27f65,0.0693074,0.11026115,0.6669832,0.099799976,0.023852486,0.07083351,0.1256395,0.023199737,0.001316071,0.002848835,0.008272881,0.012175481,0.008919456,0.006015671,0.20624085,8.916666666666666
64rekd,657a26ee978144001f4fdf10,0.22826096,0.5211895,0.0864158,0.080748536,0.093894765,0.08884861,0.21982273,0.035220183,0.001134872,0.004328749,0.014162917,0.013815125,0.006738094,0.006399023,0.18217264,5.75
64rekd,657a26a82b23e1001fcddf12,0.6929735,0.4128206,0.40625387,0.06445757,0.038025744,0.11907599,0.72672856,0.013445686,0.000782013,0.002256869,0.007493876,0.010467518,0.007404801,0.00395147,0.23463167,4.566666666666666
64rekd,657a267b2b23e1001fcd94e4,0.5363527,0.56760174,0.33383814,0.4973001,0.099318996,0.6716868,0.40715358,0.023199737,0.001144409,0.002108878,0.009051885,0.011253181,0.010498839,0.004777151,0.24450952,3.85
7bzpmr,657a270b978144001f501121,0.11183177,0.48200047,0.09759216,0.15241629,0.03519795,0.3811355,0.097779684,0.25462922,0.011291504,0.17303948,0.09270445,0.026590679,0.11309616,0.010379982,0.13624717,2.6333333333333333
x3uvw2,657a25bda24db8001f7b43ca,0.5736822,0.24863632,0.5595326,0.2384713,0.08617879,0.37842464,0.6551691,0.079250954,0.001592636,0.06340405,0.019741343,0.012380436,0.006155535,0.003553374,0.26463374,1.8833333333333333
x3uvw2,657a26852b23e1001fcda639,0.6227956,0.6716312,0.28861445,0.48577714,0.16832852,0.63306653,0.6306659,0.036870047,0.001144409,0.027413858,0.011160898,0.011663092,0.006809296,0.004659196,0.32192254,5.233333333333333
vxbx2h,657a25bda24db8001f7b43b2,0.16324693,0.24863632,0.09568947,0.075417474,0.11992822,0.10248133,0.10665018,0.37340668,0.02296847,0.29798782,0.20668297,0.23857519,0.010343489,0.04238968,0.3773235,1.0333333333333334
vxbx2h,657a26602b23e1001fcd8485,0.1320083,0.123228945,0.3286836,0.10903197,0.42692643,0.14432828,0.17588417,0.02035702,0.001006126,0.002441859,0.00979289,0.01220964,0.008155655,0.006752886,0.25517383,3.7666666666666666
vxbx2h,657a269d2b23e1001fcdcc12,0.59025514,0.3384778,0.11852835,0.48666117,0.6447332,0.4993595,0.36627677,0.11429678,0.00371933,0.084182754,0.031917825,0.028503597,0.009256045,0.020170191,0.30710974,4.766666666666667
43nhb8,657a26db978144001f4fbbd1,0.36354095,0.2601326,0.31918415,0.20778568,0.23667608,0.21960624,0.34166783,0.009173225,0.000863075,0.002367863,0.006990373,0.01220964,0.006731622,0.006959306,0.18825,5.883333333333334
43nhb8,657a26a42b23e1001fcdd849,0.06410012,0.23450792,0.11956828,0.2248042,0.032430932,0.33215606,0.08777359,0.039462693,0.001974106,0.002441859,0.008709883,0.012551232,0.02371728,0.004334822,0.20758905,5.033333333333333
gw7nxq,657a27abe025a6001f32ccc3,0.6450675,0.3495,0.41327515,0.10080544,0.19448619,0.119989015,0.7673136,0.008984734,0.000805855,0.001664904,0.007037873,0.010638315,0.006582745,0.004806639,0.23883083,9.5
gw7nxq,657a25a54b0958001f8774fb,0.11183177,0.12550901,0.11440699,0.06204034,0.056305178,0.053960763,0.097779684,0.2359567,0.003833771,0.004883717,0.10587067,0.1067334,0.007482476,0.011677479,0.15812132,0.8333333333333334
gw7nxq,657a277f26af0e0020c27474,0.25667855,0.56170166,0.07667982,0.09582901,0.06977485,0.116359964,0.20220721,0.063027434,0.002326965,0.013144426,0.022770792,0.019553876,0.010628296,0.007254192,0.19610424,8.783333333333333
gw7nxq,657a26682b23e1001fcd8b01,0.39919263,0.6163228,0.08732515,0.2248042,0.15944919,0.28245366,0.38562226,0.10956833,0.00333786,0.0376521,0.023995465,0.01764096,0.0138755,0.009495324,0.26853222,4.133333333333334
gw7nxq,657a26bc2b23e1001fcdfb19,0.6237417,0.32757276,0.42308924,0.115418,0.15834752,0.12934102,0.73558867,0.018974753,0.00120163,0.003995769,0.009545889,0.015693882,0.007301235,0.009554301,0.2948063,5.533333333333333
m7u916,657a27ef26af0e0020c2aa2d,0.018748099,0.05317537,0.61590594,0.15241629,0.07872421,0.10585547,0.052959703,0.3389984,0.02258113,0.021786476,0.05086332,0.09098661,0.44942492,0.01480327,0.23804249,9.65
m7u916,657a269a2b23e1001fcdc73c,0.16568017,0.38829944,0.5868286,0.09484897,0.046121623,0.11456946,0.074871585,0.057005897,0.002727509,0.003699786,0.013364912,0.012961143,0.033386398,0.00583874,0.263366,3.95
6an2n4,657a26652b23e1001fcd8860,0.6336862,0.40990886,0.49064076,0.18451619,0.22068773,0.14807095,0.677725,0.007225486,0.000743866,0.002136626,0.006391869,0.0113215,0.006621582,0.006163114,0.15040304,3.85
6an2n4,657a25b8ff1be6001fa52193,0.3195837,0.30915013,0.7020902,0.15556577,0.23172872,0.12461543,0.326373,0.028974265,0.001153946,0.015757138,0.008842885,0.012243799,0.006679839,0.006399023,0.20117937,0.95
vu7btk,657a27b326af0e0020c291b8,0.26146647,0.38972762,0.27253446,0.2767157,0.10062749,0.3063505,0.19836703,0.054531995,0.001420975,0.002922831,0.020837102,0.012858666,0.009230154,0.006163114,0.18291557,8.983333333333333
vu7btk,657a26ff978144001f4ffcaa,0.6006044,0.36538187,0.10536304,0.19109875,0.24289377,0.47174817,0.6205258,0.038048524,0.002098084,0.019575719,0.010324894,0.015932998,0.008155655,0.008374758,0.24717446,6
nvtrtw,657a26dc978144001f4fbcc5,0.32392803,0.2601326,0.21520184,0.23517443,0.25670323,0.17412075,0.2683853,0.017592486,0.001707077,0.003366805,0.009108886,0.016103793,0.008401625,0.012798046,0.17911755,5.516666666666667
nvtrtw,657a25baff1be6001fa5225b,0.801181,0.5650194,0.53134936,0.08907493,0.23915827,0.16161843,0.8186013,0.01218908,0.000607967,0.002099628,0.008367881,0.011116544,0.006009895,0.004157891,0.53848106,0.7
nvtrtw,657a269c2b23e1001fcdca9a,0.21174517,0.40555513,0.0864158,0.15241629,0.064601645,0.24812905,0.24517624,0.10870059,0.003051758,0.084182754,0.019419061,0.02126184,0.008440462,0.008433735,0.2827155,4.483333333333333
nvtrtw,657a2702978144001f500125,0.49718535,0.34791833,0.35282215,0.18451619,0.21220426,0.2156048,0.48129812,0.014576632,0.001173019,0.003144818,0.007892879,0.015147334,0.007223561,0.0108518,0.16374736,6.183333333333334
a1n6d8,657a26fc978144001f4ff6d6,0.45210588,0.30611402,0.3580206,0.11977882,0.20381775,0.12743886,0.5098025,0.008670582,0.000815392,0.002099628,0.006781372,0.01220964,0.006763986,0.007784986,0.15395036,1.4666666666666666
a1n6d8,657a27b626af0e0020c29326,0.32392803,0.2206499,0.14790365,0.24175529,0.3036825,0.3947486,0.116013184,0.02402467,0.000944138,0.00621564,0.010970897,0.012312118,0.007029374,0.005661808,0.25565064,4.583333333333333
4ny466,657a2711978144001f501b43,0.747833,0.57388216,0.4732371,0.214554,0.33160096,0.27967444,0.6116155,0.19029272,0.003929138,0.22783615,0.036325075,0.019963788,0.006595691,0.008433735,0.23516542,6.683333333333334
4ny466,657a25b9a24db8001f7b423a,0.8040077,0.56317586,0.5596108,0.101815864,0.28094688,0.12368249,0.8268947,0.009738698,0.000858307,0.003015325,0.006999873,0.01261955,0.006848133,0.006399023,0.5276868,0.9833333333333333
4ny466,657a26882b23e1001fcda9cf,0.32175437,0.21791112,0.042543963,0.18451619,0.26557916,0.46461588,0.40780988,0.23451406,0.008430481,0.25478655,0.08030447,0.02973333,0.007987361,0.012621114,0.21988504,4.416666666666667
gtqpwr,657a29b6c55d9b001f576bd6,0.034273073,0.19121124,0.815429,0.19440953,0.021337438,0.19199699,0.10665018,0.042657252,0.001630783,0.003477799,0.010286893,0.012756188,0.020782012,0.004865617,0.17022611,2.4833333333333334
gtqpwr,657a2a324dad98001f052c91,0.07813416,0.088569954,0.6865486,0.101815864,0.028393986,0.091954015,0.116013184,0.01646154,0.000596046,0.002737841,0.009526889,0.010535837,0.006213791,0.003258489,0.18597288,4.55
gtqpwr,657a29604dad98001f04de3f,0.2638654,0.3732835,0.077544875,0.14928007,0.075996056,0.34450868,0.25559548,0.050078966,0.002374649,0.013144426,0.011008898,0.013746806,0.017846745,0.006104137,0.25306514,1.05
gb44y6,657a272a684ab9001f67ce82,0.3130916,0.37169906,0.123238094,0.12647597,0.20620574,0.24812905,0.23288092,0.30319387,0.011520386,0.36702603,0.08212569,0.05168226,0.011249693,0.01981633,0.18703912,2.5833333333333335
mghq7q,657a266f2b23e1001fcd8dd1,0.31525248,0.13941906,0.10834246,0.13966006,0.30106235,0.16410081,0.05478773,0.25462922,0.006942749,0.27914262,0.08030447,0.031391226,0.006744567,0.010026119,0.42874616,3.5
tv1kbm,657a27fd364dbe001f1cc014,0.46774283,0.6854188,0.40800813,0.18124555,0.3322735,0.27828732,0.3765649,0.025674535,0.001821518,0.005401687,0.008842885,0.019212283,0.011922873,0.01604179,0.1806013,5.633333333333334
tv1kbm,657a2708978144001f500c98,0.51263416,0.24863632,0.5634024,0.17151402,0.5241577,0.3379565,0.5359593,0.026263772,0.001182556,0.003903274,0.011692902,0.01490822,0.006874025,0.012149297,0.39974323,1.5666666666666667
re7u9t,657a26f1978144001f4fe33b,0.30877617,0.092637524,0.100476414,0.16509432,0.113765255,0.40433276,0.43089676,0.05725329,0.001955032,0.03249594,0.015340924,0.014395831,0.006653947,0.006693909,0.2097797,4.933333333333334
v33qqp,657a2719684ab9001f67c08f,0.42334303,0.6703187,0.25859782,0.14134736,0.117865905,0.27275658,0.32775652,0.07687678,0.003833771,0.003940272,0.010020891,0.015283971,0.06205949,0.009082484,0.16335787,2.1666666666666665
p9prh1,657a26e7978144001f4fd148,0.031107869,0.35903805,0.77950126,0.124222845,0.041647345,0.07150899,0.07271138,0.08795626,0.002279282,0.004125261,0.017807651,0.024882717,0.02440793,0.011972365,0.19407144,1.3333333333333333
p9prh1,657a27bce025a6001f32d445,0.53738797,0.5441175,0.54498744,0.6278034,0.091941215,0.64756894,0.097779684,0.12867521,0.002593994,0.043839492,0.06442356,0.017026093,0.007482476,0.007372146,0.45032752,4.916666666666667
ffpnzt,657a284426af0e0020c2ce8c,0.5705914,0.32757276,0.506974,0.40832412,0.095864415,0.32782224,0.54329836,0.07450261,0.001974106,0.05794714,0.020063626,0.013849284,0.006563326,0.004600219,0.30272675,2.6166666666666667
ffpnzt,657a29204dad98001f04c1e7,0.2638654,0.2601326,0.10834246,0.124222845,0.082418695,0.22094403,0.43023404,0.083999306,0.003929138,0.048480038,0.01819439,0.022969801,0.009307829,0.016277699,0.2624192,6.283333333333333
fxpzzg,657a287d364dbe001f1cf56a,0.12267091,0.2866146,0.37283075,0.22137496,0.02707787,0.53795254,0.35078412,0.022256956,0.000743866,0.004162259,0.010058892,0.010689554,0.00661511,0.003450164,0.2662324,8.383333333333333
fxpzzg,657a2830364dbe001f1cd678,0.43657246,0.31372264,0.24872018,0.23517443,0.023852486,0.5340932,0.12401656,0.09611836,0.001811981,0.043581683,0.02567133,0.011970525,0.007508367,0.004069425,0.41684029,7.1
kqfmgr,657a26ed978144001f4fdc70,0.001094593,0.08068535,0.46381328,0.42862403,0.000188695,0.32782224,0.05540414,0.15490346,0.005989075,0.004772724,0.01838776,0.020168742,0.17648515,0.007549078,0.19853319,1.2333333333333334
emmkna,657a2a6bc55d9b001f57a3fc,0.2662679,0.17591934,0.10834246,0.29238594,0.06977485,0.51160425,0.20510538,0.030741978,0.001802445,0.002867334,0.007816878,0.013029462,0.015429466,0.006133626,0.23871866,5.45
n4d8w6,657a26ed978144001f4fdcad,0.39919263,0.3400453,0.09474389,0.09582901,0.07690128,0.20502599,0.33330446,0.06817148,0.004062653,0.006104646,0.009165886,0.014634945,0.054624002,0.007519589,0.23548996,2.2
n4d8w6,657a284e26af0e0020c2d316,0.26146647,0.22339956,0.11338645,0.124222845,0.18872178,0.15184323,0.24208108,0.029563503,0.001382828,0.002136626,0.011806903,0.015147334,0.009204263,0.014744292,0.25701848,8.116666666666667
n4d8w6,657a26f4978144001f4fe9b6,0.79471,0.50451654,0.5757477,0.10080544,0.30171713,0.11907599,0.8268947,0.009236055,0.000844002,0.002830336,0.006866872,0.012346277,0.006899917,0.005986183,0.4095052,2.316666666666667
n4d8w6,657a279d364dbe001f1c95d5,0.6993584,0.8088409,0.2231094,0.45048934,0.21582358,0.6057378,0.39146855,0.04216247,0.00210762,0.002312366,0.009469888,0.012585391,0.03407705,0.004895105,0.19403252,5.15
4yu7x1,657a294c704dda001f4a0520,0.10824748,0.53415614,0.722111,0.099799976,0.091941215,0.07775501,0.08619678,0.19893374,0.006713867,0.004994711,0.01838776,0.050429728,0.2836219,0.022883141,0.2533175,6.716666666666667
4yu7x1,657a28fa4dad98001f04aa2e,0.6700389,0.71796125,0.59072536,0.53386307,0.22557884,0.508271,0.40977973,0.16591948,0.004272461,0.1232452,0.06250052,0.022696527,0.007728445,0.004688685,0.46141514,5.35
hkm2zx,657a2804364dbe001f1cc331,0.81038415,0.36538187,0.4713506,0.32287985,0.89214736,0.4692586,0.72114706,0.021667719,0.000782013,0.009138471,0.009051885,0.011646013,0.005958112,0.003804027,0.1717943,4.7
hkm2zx,657a287d364dbe001f1cf560,0.41237864,0.19121124,0.11543151,0.18124555,0.068034075,0.23036613,0.15435125,0.13214645,0.002994537,0.09080041,0.0350029,0.013063621,0.008492245,0.003686073,0.3520641,6.716666666666667
1z4t36,657a27d6364dbe001f1cb034,0.08533011,0.1061449,0.15917414,0.12088228,0.038742248,0.1331928,0.14913096,0.025910228,0.001087189,0.007584561,0.009241886,0.014293353,0.007158832,0.007254192,0.17548212,5.966666666666667
1z4t36,657a279426af0e0020c27cea,0.27108505,0.18607083,0.36933511,0.63828015,0.057116542,0.66585374,0.15086368,0.048842013,0.002222061,0.009545447,0.011768902,0.01261955,0.03304107,0.005248968,0.31936803,4.9
1z4t36,657a2847beacf3001fe807d2,0.45210588,0.79483134,0.08016376,0.12761015,0.19448619,0.19199699,0.13220452,0.20149297,0.008163452,0.009619443,0.024511116,0.02522431,0.2836219,0.009967142,0.495479,7.883333333333334
1z4t36,657a281cbeacf3001fe7f559,0.27588674,0.16594493,0.037138198,0.071960226,0.17168832,0.08656024,0.08619678,0.32128486,0.015350811,0.16801116,0.08459369,0.06395709,0.2606104,0.012149297,0.2670839,7.15
1z4t36,657a26ef978144001f4fe051,0.5188027,0.44827244,0.11749236,0.38829362,0.18987136,0.402961,0.24932499,0.09112182,0.003452301,0.01087737,0.016556932,0.015318131,0.04201601,0.00625158,0.27808893,2.15
7gpqmk,657a27c8364dbe001f1caac2,0.49068943,0.3510838,0.37195632,0.11434096,0.17056693,0.11191306,0.66014105,0.013508516,0.00123024,0.003773782,0.007740878,0.014498309,0.007456584,0.009554301,0.14782195,0.9
7gpqmk,657a281fbeacf3001fe7f6a1,0.24240397,0.6185075,0.23106146,0.11868066,0.113765255,0.31346914,0.23389664,0.07687678,0.001497269,0.006030651,0.028722567,0.021330157,0.006757513,0.0074901,0.20001706,2.3666666666666667
7gpqmk,657a2881364dbe001f1cf664,0.07105747,0.32293442,0.6669832,0.259786,0.09097064,0.15914497,0.056647703,0.08637348,0.002346039,0.04306607,0.020192537,0.019690514,0.009281937,0.010321004,0.22350095,3.966666666666667
7gpqmk,657a2979704dda001f4a179a,0.51468873,0.3495,0.26058143,0.10694439,0.3235492,0.13125886,0.49705383,0.022846194,0.001487732,0.003477799,0.010058892,0.0166845,0.007521313,0.012208274,0.1848267,8.15
utmznc,657a27cae025a6001f32d95f,0.74149764,0.49022526,0.4986115,0.10487753,0.31354934,0.11816678,0.73558867,0.007979449,0.000782013,0.002441859,0.00649637,0.011458136,0.00679635,0.006693909,0.18581706,5.65
uzxk9y,657a27bf26af0e0020c296c5,0.04069166,0.14652205,0.63270146,0.10283129,0.000188695,0.0742475,0.042100973,0.071337044,0.003051758,0.002719343,0.010134893,0.013200258,0.05397744,0.004777151,0.18371181,2.6333333333333333
uzxk9y,657a2892364dbe001f1cfb5d,0.045584004,0.25436312,0.8117293,0.17474432,0.000188695,0.1406137,0.06849398,0.044636376,0.002212524,0.002774839,0.009526889,0.011201942,0.032695748,0.003980959,0.1967798,6.15
uzxk9y,657a279826af0e0020c2806c,0.02953679,0.15372267,0.8083721,0.10487753,0.034500618,0.09432412,0.23593342,0.023671126,0.000720024,0.002330865,0.011768902,0.012482914,0.006731622,0.005307945,0.16201073,1.9833333333333334
uzxk9y,657a284f364dbe001f1ce303,0.08897218,0.14177594,0.08192977,0.11758787,0.065453626,0.13222396,0.048238236,0.067380086,0.0020504,0.008583503,0.024382202,0.013576009,0.009463178,0.005986183,0.26360694,5.016666666666667
uzxk9y,657a281de025a6001f32fbd9,0.22591716,0.085574605,0.0855105,0.15872851,0.28352603,0.2810631,0.364157,0.030506283,0.001239777,0.003607291,0.013364912,0.016547862,0.007702554,0.012031343,0.34909588,4.183333333333334
uzxk9y,657a294e704dda001f4a05ec,0.12267091,0.097840905,0.3424645,0.10283129,0.12616077,0.113679945,0.38562226,0.04290464,0.001168251,0.00569767,0.017936565,0.015454767,0.007055265,0.009082484,0.3304352,9.283333333333333
cnmd9e,657a29703016f0001eaa03fe,0.54568315,0.611593,0.16295655,0.2751628,0.20029284,0.50460523,0.2976776,0.18459146,0.008659363,0.011247349,0.018258847,0.021330157,0.2172668,0.009554301,0.27185768,5.083333333333333
cnmd9e,657a29cb4dad98001f050992,0.018748099,0.19644909,0.1956059,0.35106236,0.04312292,0.42016712,0.10819229,0.11212669,0.003414154,0.004125261,0.027841117,0.023584666,0.044278983,0.015923835,0.14718689,6.616666666666666
cnmd9e,657a2a253016f0001eaa491f,0.014234927,0.16842249,0.59337276,0.2450518,0.021337438,0.3689695,0.07633074,0.034748793,0.001072884,0.004125261,0.01767874,0.011902207,0.007249452,0.00583874,0.19420996,8.116666666666667
3bg8fb,657a29024dad98001f04acfe,0.09634415,0.21791112,0.09854957,0.2282475,0.10062749,0.35408178,0.15963748,0.032156147,0.001487732,0.004069764,0.011540901,0.014054239,0.012130005,0.009200439,0.2597994,8.183333333333334
3bg8fb,657a2825beacf3001fe7f943,0.72051436,0.5650194,0.7231532,0.5696081,0.28352603,0.57216626,0.51218784,0.11150667,0.003852844,0.004772724,0.016784932,0.014976538,0.114629425,0.005956694,0.30097696,4.483333333333333
3bg8fb,657a27a626af0e0020c28bfe,0.52498543,0.77341014,0.29063478,0.67116594,0.38328686,0.73280346,0.25245318,0.077668175,0.003108978,0.003366805,0.012794908,0.01309778,0.05947323,0.004688685,0.33727333,2.3666666666666667
g4ydg8,657a2ba9704dda001f4ab99c,0.18283133,0.48125488,0.5930615,0.29238594,0.032430932,0.31346914,0.061765738,0.11479026,0.0020504,0.014149316,0.061101943,0.017436003,0.007508367,0.004924594,0.38644454,4.833333333333333
g4ydg8,657a2c093016f0001eaab7e8,0.27827218,0.31831792,0.67734504,0.37569132,0.073305435,0.5188838,0.11286291,0.18269104,0.003128052,0.06567776,0.0820023,0.021876704,0.00713294,0.006900329,0.23285311,6.433333333333334
c8mxp4,657a27c3e025a6001f32d6d2,0.8083518,0.4437917,0.67080927,0.39554617,0.14419319,0.5547421,0.7761228,0.032156147,0.001468658,0.006326634,0.00983089,0.012756188,0.011586283,0.006369534,0.2463222,3.5166666666666666
c8mxp4,657a282926af0e0020c2c2de,0.370229,0.69217086,0.0966388,0.13798015,0.1841414,0.4403556,0.56924605,0.015707577,0.001063347,0.004365747,0.00821588,0.013883443,0.007314181,0.010733845,0.5888984,5.233333333333333
hpbqfy,657a27f3beacf3001fe7e3aa,0.7422016,0.4393238,0.53619355,0.12647597,0.21703479,0.19848377,0.6501702,0.015016444,0.001006126,0.006548621,0.00813988,0.013371054,0.007365964,0.008315781,0.13595504,1.3333333333333333
hpbqfy,657a2810e025a6001f32f638,0.19967446,0.12779967,0.09759216,0.08625509,0.08335247,0.099992886,0.084635615,0.28425202,0.006370544,0.053399716,0.15343215,0.08710717,0.0130621,0.009318393,0.20812847,1.8166666666666667
hpbqfy,657a29a64dad98001f04faad,0.21174517,0.2206499,0.12538517,0.1977331,0.19333,0.1424673,0.25036624,0.013005874,0.00123024,0.003977269,0.007493876,0.014327513,0.007832011,0.011264639,0.1419353,8.6
hpbqfy,657a29124dad98001f04b677,0.6750377,0.4026623,0.10734529,0.20107053,0.47797158,0.3845289,0.45841113,0.18649188,0.00705719,0.015254694,0.0314771,0.030639706,0.13313138,0.012916001,0.26308444,6.133333333333334
hpbqfy,657a29694dad98001f04e215,0.4432165,0.6416888,0.1995043,0.32125223,0.121998236,0.58034205,0.364157,0.0969861,0.004215241,0.003070822,0.010476895,0.015864678,0.13178273,0.008846575,0.23149088,7.583333333333333
8qgy6w,657a29c94dad98001f0508b7,0.34582332,0.47226468,0.132634,0.507099,0.48042056,0.62311614,0.10206828,0.11181668,0.001602173,0.007436569,0.0623257,0.016172111,0.006770459,0.004128402,0.29513854,8.25
8qgy6w,657a294a3016f0001ea9f47f,0.5767759,0.7163216,0.65103006,0.5975735,0.093894765,0.6111136,0.33052772,0.13041082,0.002765656,0.10221587,0.028832749,0.014190876,0.006990537,0.004718174,0.33206293,6.133333333333334
8qgy6w,657a2a2d3016f0001eaa4b4d,0.115430765,0.17844121,0.823558,0.43793672,0.07690128,0.35339698,0.21883002,0.033806015,0.001049042,0.02238941,0.0114649,0.012722028,0.006453287,0.005131014,0.27761376,9.916666666666666
ghcx3u,657a281a364dbe001f1ccd0f,0.06410012,0.59996444,0.08192977,0.14134736,0.14635028,0.27137864,0.119192705,0.03109552,0.001149178,0.003570293,0.010400894,0.016479544,0.008505191,0.014036566,0.45866004,5.133333333333334
ghcx3u,657a286ee025a6001f331f90,0.1011181,0.6197814,0.06990473,0.101815864,0.095864415,0.13514197,0.083090164,0.4014846,0.023364257,0.04306607,0.10148193,0.15019037,0.5195707,0.021821553,0.21874847,6.55
ghcx3u,657a27c2beacf3001fe7d0b8,0.3836033,0.2206499,0.09193192,0.101815864,0.03589914,0.1424673,0.25664577,0.11181668,0.005912781,0.018771807,0.013630914,0.023652986,0.08703069,0.015216109,0.21502134,3.65
ghcx3u,657a27d0364dbe001f1cadc6,0.58602774,0.42600605,0.30689266,0.10903197,0.14204384,0.22496933,0.17956558,0.47173777,0.02444411,0.5502601,0.40243408,0.1854088,0.13815513,0.04238968,0.4400023,3.8666666666666667
ghcx3u,657a283c364dbe001f1cdb82,0.1320083,0.584377,0.5096379,0.10080544,0.02707787,0.10500617,0.10055544,0.06896287,0.001783371,0.008176526,0.017012933,0.021056883,0.010602405,0.007313169,0.23083857,5.716666666666667
ghcx3u,657a2880beacf3001fe81e9a,0.40142974,0.27326855,0.31302714,0.14928007,0.22068773,0.17034614,0.50191367,0.013634177,0.001325607,0.003884775,0.007702877,0.014771583,0.007547205,0.010321004,0.13453285,6.85
ghcx3u,657a27c9beacf3001fe7d35c,0.24240397,0.11441821,0.10734529,0.07806128,0.17168832,0.093530096,0.07780581,0.054284602,0.002069473,0.015857628,0.019676886,0.024131214,0.00823333,0.017575197,0.1741203,3.7666666666666666
yh41cg,657a284326af0e0020c2ce26,0.24003741,0.16594493,0.06661317,0.10798564,0.01588697,0.16161843,0.08777359,0.11305673,0.002765656,0.006141644,0.038566336,0.015010698,0.038220957,0.005455388,0.20184098,2.216666666666667
p2q1x2,657a296b3016f0001eaa0203,0.32392803,0.2601326,0.21520184,0.23517443,0.25670323,0.17412075,0.2683853,0.017592486,0.001707077,0.003366805,0.009108886,0.016103793,0.008401625,0.012798046,0.17911755,7.166666666666667
p2q1x2,657a2807beacf3001fe7ec28,0.70929915,0.53109944,0.48571414,0.10080544,0.3586719,0.10416048,0.72672856,0.013382856,0.001077652,0.002682345,0.007835878,0.012926984,0.006861079,0.007549078,0.24207884,1.25
p2q1x2,657a2846e025a6001f330dfb,0.19247882,0.1324148,0.3424645,0.47608054,0.080563076,0.43089294,0.1870134,0.18554166,0.005950928,0.01465176,0.06722072,0.048425674,0.058826666,0.020759964,0.14936978,2.2666666666666666
umazr8,657a29c5704dda001f4a3696,0.30877617,0.4041079,0.18784583,0.34601632,0.034500618,0.59189343,0.22081688,0.11212669,0.002307892,0.005956655,0.046764325,0.01982715,0.016120117,0.005484877,0.23003979,3.033333333333333
umazr8,657a2961c55d9b001f574961,0.14154164,0.7171417,0.056353915,0.10080544,0.07153199,0.13908774,0.1456873,0.17111848,0.006294251,0.036878675,0.03710241,0.026180768,0.049451493,0.00666442,0.14955425,1.3833333333333333
umazr8,657a2a95704dda001f4a74b8,0.5664734,0.6965756,0.29468432,0.5664272,0.19333,0.77336717,0.38108742,0.050326355,0.001888275,0.004421244,0.019161236,0.011577694,0.017674083,0.00395147,0.27009794,6.5
t9ykwd,657a29f6704dda001f4a49d1,0.18770115,0.5135949,0.74170846,0.45945197,0.21340905,0.48970208,0.085414186,0.022728346,0.000686646,0.005808664,0.011844902,0.010552917,0.006220264,0.003612352,0.16734108,3.066666666666667
t9ykwd,657a2a18704dda001f4a5524,0.043945573,0.13010159,0.11237009,0.259786,0.28417167,0.42638904,0.1964577,0.02543884,0.001177788,0.003681287,0.010552894,0.015488927,0.006899917,0.009613278,0.15025271,3.6333333333333333
zhd4rx,657a2946704dda001f4a025f,0.2926585,0.21791112,0.084609546,0.14304936,0.19217539,0.17160219,0.34867516,0.04216247,0.002632141,0.006363631,0.01465692,0.026590679,0.007754337,0.03750948,0.8971423,6.366666666666666
zhd4rx,657a282126af0e0020c2bf7c,0.25667855,0.21518372,0.11749236,0.17151402,0.29064423,0.26862782,0.35288873,0.021196328,0.001459122,0.003311308,0.008557882,0.013849284,0.008065036,0.008905552,0.41133922,1.5
zhd4rx,657a291ec55d9b001f572bc9,0.46998477,0.38402683,0.35628623,0.10694439,0.22435349,0.13710694,0.758421,0.010681152,0.001177788,0.002978328,0.007379876,0.013815125,0.007857903,0.009495324,0.23311163,5.716666666666667
dtaduc,657a2af64dad98001f056055,0.6893276,0.4497687,0.45967516,0.124222845,0.21825084,0.13222396,0.7399864,0.010555492,0.00099659,0.003348306,0.007113874,0.013234417,0.007158832,0.008374758,0.15502681,7.35
dtaduc,657a2a3b4dad98001f052f09,0.3836033,0.49923953,0.7126807,0.7209172,0.14419319,0.74312913,0.19265923,0.1883923,0.007820129,0.015455672,0.061101943,0.06646215,0.13650303,0.025360184,0.22661397,4.233333333333333
dtaduc,657a2ae1c55d9b001f57c468,0.71327424,0.49698222,0.77561677,0.5379702,0.18186125,0.6678007,0.7454519,0.021432023,0.001068115,0.003237312,0.009488888,0.012585391,0.008945347,0.006458,0.21730493,6.983333333333333
dtaduc,657a2b4c3016f0001eaa9632,0.48313004,0.6061393,0.28861445,0.74359715,0.19796546,0.8037455,0.23900037,0.035691574,0.001392365,0.003237312,0.012984909,0.011833889,0.011275585,0.00364184,0.2130309,8.783333333333333
yd7n7a,657a2a56c55d9b001f579f87,0.56956154,0.5760619,0.8364929,0.15241629,0.12407555,0.10331885,0.43886182,0.041915078,0.001039505,0.004291751,0.018129934,0.015864678,0.006543908,0.005307945,0.3941384,5.316666666666666
yd7n7a,657a2abe4dad98001f0550de,0.41456708,0.49322554,0.21520184,0.15556577,0.19448619,0.23852259,0.40060303,0.008921904,0.000603199,0.001489164,0.006838372,0.009801413,0.006479179,0.003833516,0.21358912,7.05
yd7n7a,657a2a05c55d9b001f578a3d,0.843873,0.47901964,0.26256776,0.40832412,0.48678347,0.68765855,0.7769386,0.09308127,0.002202988,0.058856625,0.020192537,0.010313802,0.007702554,0.002934114,0.29168862,3.9833333333333334
c44zaz,657a29114dad98001f04b5bf,0.14633444,0.4157393,0.5726233,0.5450541,0.043866858,0.47440472,0.07780581,0.39231625,0.022710243,0.48990932,0.20434737,0.04792466,0.060443077,0.016159745,0.37438086,6.316666666666666
c44zaz,657a298f704dda001f4a206a,0.29989743,0.23171476,0.3232997,0.51156837,0.051521268,0.49386376,0.18141639,0.03828422,0.001544952,0.010507392,0.012566907,0.010996987,0.009023022,0.003921982,0.21382247,8.4
avx9qe,657a29ee704dda001f4a46d4,0.047229487,0.14891115,0.8305531,0.103851885,0.07690128,0.082088776,0.13888659,0.008544922,0.000553131,0.001914639,0.006781372,0.011355659,0.006174954,0.005484877,0.16700563,9.133333333333333
avx9qe,657a291fc55d9b001f572c77,0.40582877,0.48498702,0.27453586,0.3163838,0.15068793,0.56773156,0.26191986,0.103928015,0.002012253,0.048995655,0.026702631,0.014874061,0.009048914,0.0054259,0.23587969,5.683333333333334
a3atem,657a2993704dda001f4a223c,0.8181891,0.5387493,0.45066872,0.37928078,0.43957296,0.6599995,0.81119925,0.08320791,0.002183914,0.048737846,0.02425329,0.015249812,0.007650771,0.006841352,0.33347967,8.416666666666666
a3atem,657a29074dad98001f04ae0d,0.32610464,0.35584986,0.18591298,0.49108768,0.057932016,0.60708284,0.14740507,0.048099842,0.001149178,0.021585498,0.017356457,0.012790347,0.006621582,0.004806639,0.33024034,6.083333333333333
2xqzea,657a28fa4dad98001f04aa4a,0.2638654,0.27917442,0.11135728,0.2384713,0.07872421,0.3379565,0.1722254,0.045873325,0.001945496,0.00294133,0.010932897,0.013746806,0.023026628,0.006929818,0.26121742,3.9
enh8yy,657a302cea60e9001f9c075f,0.71309775,0.64788854,0.5559551,0.09484897,0.08617879,0.10081833,0.5223021,0.04067813,0.001554489,0.003255812,0.012186904,0.012312118,0.009981008,0.00333221,0.24327785,2.55
enh8yy,657a30893daf1c001ffa4a77,0.021793652,0.21518372,0.6768016,0.16509432,0.000188695,0.16410081,0.036864985,0.11739369,0.004577637,0.012842959,0.02708937,0.017845914,0.08089764,0.005131014,0.16245608,4.066666666666666
enh8yy,657a312e3daf1c001ffa528f,0.29506782,0.15857893,0.09286537,0.38287976,0.004449089,0.63967234,0.24311097,0.045378547,0.001192093,0.004199257,0.02012808,0.012551232,0.008207439,0.005278457,0.24315856,6.85
enh8yy,657a319b3daf1c001ffa58fe,0.21174517,0.2985656,0.0966388,0.116500415,0.056305178,0.14432828,0.18514048,0.147767,0.0025177,0.014852738,0.07365121,0.027683776,0.007107049,0.017221333,0.16628098,8.666666666666666
tnzc8c,657a2974c55d9b001f5750cc,0.4788228,0.25436312,0.26853967,0.23517443,0.17281176,0.30919355,0.4657642,0.02449606,0.00123024,0.002127377,0.009184887,0.013063621,0.010395273,0.005956694,0.23009625,1.5
tnzc8c,657a29e0c55d9b001f577d08,0.32392803,0.46852314,0.33039993,0.46119466,0.09685559,0.60068893,0.35008085,0.024378212,0.001363754,0.001997884,0.007702877,0.011389818,0.012854968,0.004334822,0.18813524,3.3
ywtgub,657a2b324dad98001f057019,0.7562662,0.4760145,0.46193182,0.09387397,0.18757416,0.12368249,0.79040647,0.006942749,0.000648499,0.00189614,0.006382369,0.010689554,0.006459761,0.005307945,0.19264036,4.7
ywtgub,657a2ae5c55d9b001f57c578,0.22826096,0.75584805,0.11956828,0.12761015,0.03311699,0.4077657,0.24311097,0.06500591,0.002632141,0.003126319,0.010894896,0.014771583,0.048158366,0.00604516,0.18423526,3.4
n3u4wc,657a2b564dad98001f057a21,0.27108505,0.321393,0.077544875,0.11114024,0.121998236,0.33941016,0.38497314,0.037105743,0.001802445,0.021987455,0.011046898,0.017094411,0.008000307,0.017811105,0.2953778,1.6333333333333333
n3u4wc,657a2c934dad98001f05b3cc,0.30662343,0.058976527,0.30689266,0.115418,0.147432,0.13908774,0.24002573,0.2648175,0.013801457,0.007399572,0.047349896,0.03389629,0.34804323,0.025714045,0.36167035,6.9
n3u4wc,657a2c354dad98001f05a112,0.62137616,0.35584986,0.2987437,0.5302898,0.30237192,0.5952832,0.49503717,0.36095104,0.009765625,0.37222284,0.34314156,0.04667213,0.008065036,0.008787598,0.3524752,5.35
rmxzfc,657a2aebc55d9b001f57c74c,0.6915592,0.2851209,0.48874518,0.1100836,0.22557884,0.22631595,0.8542813,0.044636376,0.001459122,0.004624732,0.022770792,0.01805087,0.00756015,0.011441571,0.20003307,4.733333333333333
rmxzfc,657a2b3f4dad98001f05737d,0.44543546,0.27033064,0.33383814,0.28608742,0.17732301,0.35750914,0.33330446,0.024142517,0.001192093,0.004439743,0.009165886,0.01087743,0.008893564,0.004157891,0.287528,6.133333333333334
rmxzfc,657a2b87c55d9b001f57eda7,0.2926585,0.30611402,0.11852835,0.19109875,0.027734175,0.3730156,0.22181296,0.054779384,0.002174377,0.004569235,0.012110904,0.013371054,0.027515862,0.004659196,0.23247445,7.316666666666666
rmxzfc,657a2c1a3016f0001eaaba9e,0.16811807,0.18351692,0.85480547,0.09582901,0.032430932,0.10081833,0.2248115,0.011623607,0.000867844,0.002774839,0.007379876,0.01265371,0.007171778,0.006988795,0.17981616,9.766666666666667
vqwk3m,657a2aeb3016f0001eaa7d81,0.796009,0.7918151,0.6946126,0.48312786,0.3716375,0.62842846,0.6812119,0.10696511,0.001821518,0.083355546,0.02373764,0.011663092,0.006563326,0.003346955,0.42362872,1.9333333333333333
vqwk3m,657a2b0b3016f0001eaa85b9,0.17790961,0.18863499,0.42457205,0.12874979,0.36412275,0.13029796,0.25245318,0.021549871,0.000987053,0.002700844,0.011160898,0.01442999,0.006634528,0.007342658,0.18916479,2.466666666666667
vqwk3m,657a2c744dad98001f05add5,0.42334303,0.39977503,0.44467905,0.2282475,0.1303544,0.18172787,0.44251856,0.015958898,0.00087738,0.002996826,0.008044879,0.013131939,0.006925808,0.008905552,0.20973754,8.483333333333333
vqwk3m,657a2c89704dda001f4ae292,0.18283133,0.52728325,0.11646001,0.14134736,0.11581159,0.29645208,0.24105266,0.025085296,0.00169754,0.005845661,0.009868891,0.021535112,0.008764107,0.01480327,0.1880824,8.833333333333334
vqwk3m,657a2b533016f0001eaa9836,0.65789235,0.6530382,0.12900025,0.35106236,0.34374136,0.5296333,0.49852064,0.059479803,0.002241135,0.04306607,0.014390918,0.016172111,0.007650771,0.006192603,0.30623186,3.6666666666666665
tpzzqa,657a2b553016f0001eaa98a2,0.35244697,0.2851209,0.064186096,0.05888123,0.09685559,0.07218798,0.14227262,0.25462922,0.006484985,0.050216515,0.09270445,0.069969244,0.02440793,0.009082484,0.14798339,0.95
tpzzqa,657a2c8cc55d9b001f581a25,0.28305343,0.49698222,0.10536304,0.15872851,0.056305178,0.35202882,0.3139914,0.019351736,0.0010252,0.004606233,0.008823884,0.013063621,0.008401625,0.007195215,0.21027158,6.133333333333334
tpzzqa,657a2ce63daf1c001ffa049e,0.7488881,0.48723006,0.4936761,0.12647597,0.36344084,0.12368249,0.7809785,0.013445686,0.001215935,0.004809721,0.007778878,0.01620627,0.007495422,0.010262027,0.5457771,7.633333333333334
tpzzqa,657a2d45704dda001f4b00b1,0.70276076,0.49247497,0.46984196,0.113268904,0.2541795,0.1331928,0.7530431,0.01017851,0.001058579,0.003422302,0.007028373,0.013268576,0.007327127,0.009849187,0.16322061,9.216666666666667
gphg8w,657a2d404dad98001f05cf73,0.09820561,0.18351692,0.08823851,0.103851885,0.06291008,0.111035876,0.078549035,0.03545588,0.001158714,0.003829278,0.01306091,0.01354185,0.009799767,0.007136237,0.2720734,4.8
gphg8w,657a2df63daf1c001ffa2871,0.35244697,0.8164451,0.11852835,0.27206606,0.23172872,0.52656496,0.4431837,0.01024134,0.000619888,0.002256869,0.006933373,0.010604155,0.006524489,0.004010447,0.17686637,7.85
kb39hv,657a2cd24dad98001f05c02d,0.78160495,0.6148673,0.57933974,0.73108226,0.605734,0.8500582,0.68642515,0.03192045,0.001783371,0.001442917,0.008234881,0.011253181,0.020954676,0.003980959,0.2269555,6.816666666666666
kb39hv,657a2d12704dda001f4af957,0.6966216,0.5541114,0.28457916,0.13133545,0.16944648,0.2922344,0.44918248,0.043646812,0.001821518,0.005586676,0.010894896,0.012380436,0.019228047,0.005927206,0.3110994,7.883333333333334
kb39hv,657a2c36c55d9b001f58093f,0.61286813,0.732663,0.29265818,0.7418125,0.89404577,0.81566447,0.364157,0.049831573,0.002040863,0.002367863,0.012414906,0.013268576,0.027170537,0.004629708,0.25429085,4.216666666666667
vf336t,657a2c40704dda001f4ad38e,0.7788295,0.6046857,0.47512424,0.19440953,0.240402,0.31061715,0.7880857,0.01005285,0.000858307,0.002811837,0.006961873,0.011389818,0.00704232,0.004865617,0.17553443,2.1666666666666665
vf336t,657a2c1fc55d9b001f580507,0.51263416,0.60268795,0.20145756,0.41199526,0.10591495,0.45236558,0.251409,0.25462922,0.006866455,0.28034934,0.0836065,0.019553876,0.007948523,0.005543854,0.39663756,1.6166666666666667
zwtg94,657a2dd14dad98001f05e171,0.8024676,0.77552307,0.5606272,0.84014916,0.37848535,0.813794,0.37398612,0.12260055,0.0041008,0.010507392,0.04032305,0.032894265,0.043309137,0.01480327,0.24375045,5.8
zwtg94,657a2e433daf1c001ffa2dfa,0.6846447,0.64979357,0.5280688,0.61058754,0.18757416,0.72352874,0.47928563,0.038519915,0.002012253,0.0034593,0.009488888,0.013302735,0.025271246,0.006015671,0.20089857,7.683333333333334
zwtg94,657a2ec3704dda001f4b2358,0.79262704,0.73483247,0.4267973,0.097804256,0.16721234,0.18941686,0.80054235,0.013382856,0.001134872,0.004569235,0.008006879,0.014156717,0.007702554,0.007726009,0.41290313,9.833333333333334
fpqc9n,657a2dc54dad98001f05e042,0.22357696,0.19121124,0.31302714,0.34099117,0.088083394,0.44373468,0.251409,0.042657252,0.001268387,0.025806036,0.011920903,0.012414595,0.006174954,0.00521948,0.29074875,1.2
fpqc9n,657a2ee668f2b5001f47876f,0.35687628,0.72014564,0.25266296,0.3596629,0.034500618,0.57114327,0.20220721,0.038991302,0.001420975,0.022992345,0.012376905,0.013371054,0.008168601,0.004954082,0.25166747,6.016666666666667
z98wzb,657a322831fcf6001f995d7c,0.5342827,0.663337,0.36062565,0.51067364,0.10767364,0.5386386,0.45635858,0.03062413,0.001506805,0.006511623,0.008956885,0.011765569,0.012492486,0.004895105,0.20858335,3.7
z98wzb,657a32fd68f2b5001f47b3d0,0.46326476,0.22893222,0.49329638,0.625441,0.21825084,0.7923495,0.36755887,0.039226998,0.001802445,0.002127377,0.01313691,0.017982552,0.010705971,0.005750274,0.20622505,7.266666666666667
gmtuqx,657a2e843daf1c001ffa3235,0.680372,0.6531748,0.2987437,0.3443384,0.21100153,0.57080233,0.46831998,0.15324512,0.004253388,0.10221587,0.025413504,0.018187506,0.012596053,0.004954082,0.21248363,4.95
mnzznf,657a317a31fcf6001f9954e5,0.34582332,0.23450792,0.08823851,0.10798564,0.103260614,0.13514197,0.15086368,0.046368107,0.001211166,0.007584561,0.018258847,0.010569996,0.008194493,0.00395147,0.2628641,1.8166666666666667
mnzznf,657a3174ea60e9001f9c16e6,0.58790606,0.31831792,0.46644977,0.26131186,0.113765255,0.35339698,0.5381612,0.053295042,0.002422333,0.006437627,0.012148905,0.016957775,0.024062606,0.008197826,0.33057475,1.7166666666666666
mnzznf,657a321031fcf6001f995c6b,0.38582096,0.17091095,0.47361445,0.32450983,0.068034075,0.36426097,0.5250149,0.069754265,0.003833771,0.004920715,0.0114649,0.016137952,0.060766358,0.007313169,0.2117982,4.316666666666666
mnzznf,657a32923daf1c001ffa6233,0.12267091,0.3400453,0.18013267,0.4681843,0.06040291,0.5406965,0.21290728,0.049336795,0.002374649,0.006178642,0.013440913,0.01805087,0.009696201,0.007608055,0.17021921,6.483333333333333
mnzznf,657a332668f2b5001f47b5bb,0.39919263,0.4437917,0.07841389,0.11434096,0.06890261,0.106708884,0.13720547,0.20219094,0.008544922,0.02439919,0.0233509,0.050429728,0.13815513,0.03231949,0.21151322,8.933333333333334
mnzznf,657a32fc3daf1c001ffa64f8,0.40582877,0.22616051,0.11440699,0.097804256,0.00540308,0.075639054,0.097779684,0.15987846,0.002136231,0.008879486,0.0836065,0.022901481,0.009048914,0.00604516,0.2696682,8.25
mnzznf,657a31da31fcf6001f995960,0.50443107,0.8013761,0.26058143,0.41751894,0.09801555,0.3961148,0.30852884,0.10175867,0.002202988,0.006252638,0.034562174,0.013131939,0.011922873,0.003656585,0.3166498,3.4166666666666665
mnzznf,657a32d4ea60e9001f9c244e,0.5539978,0.5441175,0.24872018,0.3649847,0.073305435,0.41189238,0.23797645,0.06421452,0.002002716,0.005734668,0.01961243,0.01627459,0.017846745,0.005602831,0.3723448,7.566666666666666
83htyb,657a383aea60e9001f9c2cf9,0.33265293,0.2925717,0.16675195,0.18124555,0.31553343,0.19199699,0.30308986,0.012817383,0.00166893,0.002830336,0.008348881,0.017094411,0.007404801,0.014449406,0.22345053,1.4
83htyb,657a37fc31fcf6001f996a5d,0.14154164,0.24295193,0.5930615,0.0834797,0.161658,0.057488304,0.12890771,0.025674535,0.001516342,0.003348306,0.009431887,0.019007329,0.008556974,0.012385205,0.24669884,0.38333333333333336
thebf2,657a498068f2b5001f47cbea,0.2329597,0.2601326,0.27653974,0.27206606,0.2706815,0.19588226,0.27629468,0.015896067,0.001783371,0.004532238,0.008709883,0.017982552,0.008686432,0.01439043,0.268365,4.866666666666666
bnzyd7,657a4c5168f2b5001f47d8c2,0.4928531,0.36380813,0.42457205,0.20442122,0.26685292,0.17791487,0.48056626,0.010304171,0.000801086,0.001979385,0.007075874,0.012107162,0.006822242,0.00687084,0.15395036,6.55
bnzyd7,657a4aeb3daf1c001ffa82f8,0.45210588,0.34633917,0.24675351,0.17798842,0.30565006,0.14432828,0.4269237,0.022374803,0.002326965,0.006955597,0.010248893,0.02119352,0.009722093,0.015923835,0.2439753,0.5833333333333334
7rh9ug,657a99f0ea60e9001f9c5547,0.27588674,0.22339956,0.50127107,0.13630773,0.17281176,0.10248133,0.21487516,0.037577134,0.001049042,0.002774839,0.017012933,0.013917602,0.006608637,0.007106749,0.17797455,4.583333333333333
7rh9ug,657a9b243daf1c001ffa994e,0.30231753,0.2601326,0.20537321,0.26131186,0.25040436,0.1881301,0.27163783,0.015393426,0.001440048,0.003348306,0.008709883,0.015318131,0.008052089,0.012326228,0.17768128,9.716666666666667
7rh9ug,657a9a4f68f2b5001f47e58f,0.19487326,0.20976527,0.12418452,0.2384713,0.22435349,0.18941686,0.24517624,0.02107848,0.001983643,0.005142702,0.009868891,0.018529098,0.008971239,0.020288147,0.18835111,6.166666666666667
x9xg9w,657ad9fc68f2b5001f47ecc1,0.20690423,0.24295193,0.09193192,0.09879968,0.045366183,0.16161843,0.26086196,0.06421452,0.002231598,0.016762028,0.015796926,0.020578653,0.010602405,0.013623727,0.38355327,3.566666666666667
x9xg9w,657ad98468f2b5001f47eb22,0.14633444,0.15372267,0.09193192,0.08532512,0.08617879,0.10500617,0.1456873,0.14950264,0.004196167,0.10221587,0.024124376,0.02303812,0.008712323,0.007902941,0.19667251,1.5666666666666667
a9f131,657b116a68f2b5001f47f680,0.62184906,0.53415614,0.23500682,0.09097979,0.32421857,0.11726139,0.5233486,0.13561769,0.005760193,0.010211408,0.029053112,0.0864606,0.020782012,0.055286817,0.37877262,0.48333333333333334
a9f131,657b121131fcf6001f99a58f,0.08897218,0.2601326,0.06179513,0.12310397,0.08617879,0.2922344,0.25769764,0.063423134,0.002269745,0.004883717,0.013402912,0.018119188,0.020091362,0.007843964,0.15057567,3.283333333333333
646typ,657b1828ea60e9001f9c795f,0.61192375,0.2821423,0.46193182,0.124222845,0.09097064,0.1406137,0.73558867,0.01633588,0.001335144,0.004347248,0.00812088,0.015181494,0.008065036,0.00979021,0.25916323,4.116666666666666
646typ,657b18d5ea60e9001f9c7dfe,0.11904381,0.24863632,0.0855105,0.10283129,0.05073776,0.12555276,0.19265923,0.3057765,0.014705247,0.30103904,0.0573046,0.07805514,0.05203775,0.011205662,0.21547371,6.983333333333333
kwuqa9,657b269d2855e7001f5a32fd,0.61145157,0.72940433,0.35282215,0.67731196,0.21461551,0.8090565,0.48880577,0.038991302,0.001659393,0.002534353,0.013326911,0.011868048,0.012233571,0.004098913,0.17095079,4.883333333333334
kwuqa9,657b26352855e7001f5a295b,0.07635384,0.18863499,0.0658001,0.12310397,0.14097191,0.13514197,0.22581445,0.031684756,0.00166893,0.008250522,0.009260887,0.012380436,0.00967031,0.007726009,0.19572565,3.15
un4u2t,657b25e08b12dc001fcbc6a7,0.2044906,0.08262517,0.16106391,0.1329856,0.21582358,0.13416551,0.16859275,0.16245349,0.003662109,0.005512681,0.06354945,0.055940874,0.007029374,0.024534503,0.30681974,1.2
un4u2t,657b26fa2855e7001f5a3c35,0.11183177,0.09678974,0.5939963,0.10903197,0.14204384,0.09673003,0.09512816,0.069754265,0.003147125,0.022791367,0.021546122,0.028776871,0.010783645,0.02205746,0.28636092,5.883333333333334
un4u2t,657b261d8b12dc001fcbcc04,0.10824748,0.2601326,0.2645553,0.14304936,0.25923225,0.10842784,0.13055216,0.26859093,0.011062622,0.010507392,0.107333586,0.10797132,0.008077981,0.06482717,0.33977577,2.216666666666667
un4u2t,657b269d8b12dc001fcbd6a0,0.58090544,0.7962967,0.2785459,0.12088228,0.49493363,0.12743886,0.45499066,0.40060925,0.023076924,0.035074018,0.24424846,0.2761231,0.010084574,0.40438387,0.967854,4.35
un4u2t,657b26c58b12dc001fcbda87,0.53324854,0.43190852,0.3580206,0.097804256,0.18987136,0.10842784,0.6648525,0.010492661,0.001006126,0.002737841,0.007265875,0.01309778,0.006886971,0.008846575,0.14093487,5.016666666666667
un4u2t,657b27138b12dc001fcbe3bb,0.29506782,0.28810173,0.27453586,0.28608742,0.241647,0.19199699,0.30173418,0.1460314,0.007171631,0.010433395,0.0623257,0.09775851,0.008077981,0.03609403,0.21731062,6.3
un4u2t,657b27772855e7001f5a5320,0.8266057,0.5890849,0.5376783,0.36676258,0.8814835,0.3947486,0.76539105,0.033334624,0.001420975,0.020580608,0.0115029,0.014156717,0.006789878,0.007313169,0.20695944,7.983333333333333
un4u2t,657b262e2855e7001f5a2915,0.786608,0.49623036,0.48836628,0.08907493,0.17281176,0.13416551,0.8317538,0.01237757,0.001134872,0.003829278,0.007322875,0.013644327,0.00756015,0.009023507,0.18306142,2.4833333333333334
un4u2t,657b26732855e7001f5a2d33,0.43215233,0.59960157,0.25266296,0.53386307,0.12616077,0.66065085,0.43886182,0.02308189,0.000886917,0.012340514,0.008348881,0.010006369,0.006433869,0.003686073,0.23228714,3.65
un4u2t,657b27c48b12dc001fcc07bf,0.39249563,0.31525165,0.13384935,0.3578942,0.627972,0.497277,0.3346948,0.015644746,0.000724793,0.006252638,0.008557882,0.010347961,0.006453287,0.003007836,0.34006903,9.266666666666667
un4u2t,657b27408b12dc001fcbecb2,0.28305343,0.08360307,0.109343514,0.16509432,0.6077102,0.21294741,0.24517624,0.037577134,0.00210762,0.008694496,0.012072904,0.020783609,0.009851551,0.015805881,0.16260013,7.066666666666666
xvn4we,657b27998b12dc001fcbfe73,0.6336862,0.40990886,0.49064076,0.18451619,0.22068773,0.14807095,0.677725,0.007225486,0.000743866,0.002136626,0.006391869,0.0113215,0.006621582,0.006163114,0.15040304,2.7
xvn4we,657b289a2855e7001f5a7fa8,0.104675725,0.31985405,0.090076774,0.45766747,0.18528372,0.6528143,0.13386428,0.044636376,0.001630783,0.003070822,0.015188923,0.011816809,0.014738814,0.003730306,0.22552493,6.983333333333333
xvn4we,657b28e98b12dc001fcc369c,0.40365055,0.40700457,0.09474389,0.101815864,0.15396011,0.13710694,0.063745245,0.6611249,0.023076924,0.084182754,0.71027446,0.37923992,0.020954676,0.022883141,0.22197601,8.3
zqzve9,657b27908b12dc001fcbfc90,0.35687628,0.16594493,0.0966388,0.11434096,0.10767364,0.106708884,0.12890771,0.024378212,0.000705719,0.006622616,0.012072904,0.01087743,0.006213791,0.002904626,0.17595443,4.983333333333333
zqzve9,657b273b2855e7001f5a4708,0.4885276,0.61177486,0.35628623,0.2659053,0.26430678,0.21294741,0.19836703,0.5024724,0.019095084,0.39773783,0.5130944,0.18663849,0.009256045,0.011559526,0.21454921,3.566666666666667
zqzve9,657b27c18b12dc001fcc0720,0.048882913,0.12096021,0.18205647,0.28451896,0.06977485,0.25630096,0.117599316,0.26293078,0.007820129,0.2823795,0.082372494,0.06596114,0.006938754,0.016985426,0.22991498,5.8
zqzve9,657b28628b12dc001fcc17d1,0.09820561,0.15614524,0.84942883,0.11114024,0.022587769,0.07846774,0.25454623,0.010932474,0.000662804,0.002293867,0.007683877,0.01128734,0.006440342,0.005278457,0.16998497,8.483333333333333
zqzve9,657b28478b12dc001fcc136a,0.65266526,0.64801383,0.3232997,0.5320756,0.55491024,0.48471087,0.26622382,0.15766735,0.002784729,0.11744241,0.037395194,0.020646973,0.007145886,0.005337434,0.2590695,8.033333333333333
zqzve9,657b28788b12dc001fcc1c5e,0.09264324,0.0916127,0.7283467,0.09879968,0.029724833,0.05990946,0.17588417,0.011183795,0.000886917,0.002571351,0.006781372,0.012346277,0.00737891,0.007283681,0.16630466,8.85
bvbmwu,657b27aa2855e7001f5a5d81,0.14633444,0.17844121,0.5754353,0.12088228,0.08148885,0.087319076,0.25245318,0.010743983,0.00079155,0.002007134,0.007493876,0.012073003,0.006679839,0.006752886,0.15889162,2.3833333333333333
bvbmwu,657b29268b12dc001fcc44c0,0.32175437,0.4512681,0.109343514,0.21116324,0.046121623,0.50797933,0.41767693,0.03734144,0.001392365,0.017264472,0.011084898,0.013029462,0.006938754,0.006605443,0.27382296,8.716666666666667
rtzmwc,657b29a12855e7001f5ac604,0.6725938,0.31372264,0.5639495,0.59998083,0.29714707,0.69638366,0.6167111,0.029563503,0.00128746,0.002793338,0.011882903,0.011441057,0.010498839,0.004895105,0.3472897,8.116666666666667
rtzmwc,657b29fb8b12dc001fcc8973,0.009788903,0.06947151,0.8389866,0.17798842,0.06040291,0.10585547,0.043186992,0.07687678,0.002536774,0.004772724,0.018710041,0.01442999,0.026652548,0.004865617,0.20854406,9.6
rtzmwc,657b28f92855e7001f5a9602,0.060666207,0.07781315,0.556483,0.11977882,0.006368987,0.10929321,0.13220452,0.050821137,0.002498627,0.005327691,0.010704896,0.016479544,0.020091362,0.007401635,0.29577166,5.316666666666666
rtzmwc,657b28ab2855e7001f5a83f3,0.46550262,0.12096021,0.11956828,0.7277963,0.13990174,0.7544598,0.2683853,0.1100022,0.003147125,0.006104646,0.035333443,0.029460056,0.017846745,0.008905552,0.25729865,4.016666666666667
rtzmwc,657b292f8b12dc001fcc4764,0.78818214,0.35903805,0.43572167,0.24836068,0.28805172,0.43428272,0.68931216,0.009236055,0.000534058,0.001230179,0.006895372,0.009801413,0.006336776,0.003863005,0.19285196,6.216666666666667
d3xzfn,657b28b92855e7001f5a8831,0.14154164,0.088569954,0.82444423,0.11434096,0.073305435,0.11191306,0.2168494,0.07291982,0.001139641,0.004347248,0.028171662,0.015967157,0.007055265,0.00625158,0.15257053,4.216666666666667
d3xzfn,657b293a2855e7001f5aa61d,0.3590947,0.17591934,0.4986115,0.25826308,0.30171713,0.38929114,0.46183544,0.013885498,0.00043869,0.001923889,0.008956885,0.00995513,0.006019604,0.003096301,0.17531036,6.366666666666666
d3xzfn,657b29a12855e7001f5ac5c9,0.41675794,0.09678974,0.7406886,0.26744163,0.33766228,0.37234062,0.5937057,0.022139108,0.000810623,0.003237312,0.011578901,0.013063621,0.006886971,0.006163114,0.20369619,8.083333333333334
d3xzfn,657b27ea2855e7001f5a69be,0.84293526,0.61450344,0.5473139,0.15556577,0.39807954,0.30493158,0.84363437,0.05354243,0.002479553,0.028628819,0.012642908,0.01354185,0.00675104,0.005956694,0.22709832,0.7666666666666667
d3xzfn,657b28392855e7001f5a6e59,0.65480334,0.4707672,0.06022099,0.39191514,0.36616987,0.7351076,0.66190976,0.048842013,0.001363754,0.024801146,0.014428918,0.013131939,0.006589218,0.004305333,0.34404272,2.0833333333333335
epxa82,657b2a318b12dc001fcc99c0,0.18770115,0.2044055,0.27453586,0.13798015,0.11172729,0.11907599,0.2829303,0.03828422,0.003147125,0.001775897,0.014808921,0.017709278,0.01187109,0.016631562,0.33655983,8.033333333333333
epxa82,657b28df8b12dc001fcc3449,0.8108911,0.7617265,0.6371609,0.5883607,0.42436698,0.63306653,0.7030718,0.20705862,0.006828308,0.014551271,0.03489272,0.023379711,0.23696843,0.004482265,0.23165031,2.3833333333333333
epxa82,657b295c8b12dc001fcc5713,0.8362973,0.8191521,0.6410548,0.46293882,0.36890244,0.6177915,0.74436164,0.025792383,0.000910759,0.006992595,0.012794908,0.013063621,0.006136116,0.005278457,0.1626891,4.483333333333333
epxa82,657b29042855e7001f5a9882,0.042314984,0.07037827,0.77366567,0.09484897,0.05389532,0.13514197,0.052959703,0.37751234,0.009040833,0.054763943,0.40243408,0.07047026,0.007780228,0.012149297,0.2097852,3.0166666666666666
zxyz1h,657b28c18b12dc001fcc2e36,0.7860827,0.54028195,0.4499192,0.10798564,0.3383367,0.1361225,0.78963566,0.015833238,0.001373291,0.004476741,0.008462882,0.016001316,0.007922632,0.011795434,0.19070895,2.1666666666666665
zxyz1h,657b29148b12dc001fcc405a,0.6365297,0.4715158,0.35282215,0.103851885,0.28869942,0.08430689,0.5645006,0.01646154,0.001478195,0.00431025,0.008367881,0.017845914,0.007948523,0.015569973,0.20859697,3.55
zxyz1h,657b29f88b12dc001fcc889e,0.2638654,0.21246682,0.059439782,0.08625509,0.16498521,0.08062888,0.14057605,0.5921536,0.026936848,0.021786476,0.5130944,0.39409557,0.042662576,0.031611763,0.21908303,7.35
zxyz1h,657b2a222855e7001f5af0ed,0.2662679,0.2925717,0.123238094,0.18451619,0.147432,0.13029796,0.23900037,0.07291982,0.004310608,0.010951365,0.015720926,0.022286616,0.040638234,0.015039179,0.38229147,8.05
zxyz1h,657b287d2855e7001f5a797d,0.3747018,0.21246682,0.09854957,0.11977882,0.32020485,0.15422586,0.2789444,0.030270588,0.002002716,0.004920715,0.0114649,0.019963788,0.007961469,0.02146769,0.33381963,1.0333333333333334
zxyz1h,657b28d88b12dc001fcc32f2,0.49718535,0.34791833,0.103396736,0.21795772,0.517358,0.27413666,0.43023404,0.043399423,0.003509522,0.008028535,0.012870909,0.023106437,0.01101667,0.028073132,0.91981745,2.55
zxyz1h,657b29008b12dc001fcc3be2,0.27827218,0.3526706,0.6897812,0.13464333,0.26176634,0.12838791,0.40125707,0.18079062,0.006294251,0.008509507,0.0820023,0.036401358,0.007353018,0.020170191,0.18040833,3.216666666666667
zxyz1h,657b29342855e7001f5aa409,0.06756433,0.16347843,0.07841389,0.07717534,0.15944919,0.08656024,0.16141449,0.2667042,0.013801457,0.028016793,0.11172232,0.16031636,0.009100696,0.067692645,0.36064583,4.083333333333333
zxyz1h,657b29772855e7001f5ab9dd,0.28305343,0.16594493,0.3510931,0.27982917,0.35935265,0.28943124,0.48203042,0.077668175,0.003452301,0.008694496,0.023479814,0.03915693,0.009592636,0.025714045,0.46398807,5.2
zxyz1h,657b29a98b12dc001fcc6d8a,0.1320083,0.2044055,0.12900025,0.17798842,0.04312292,0.2769019,0.37205505,0.03309893,0.001707077,0.005586676,0.012186904,0.022354934,0.008116818,0.012149297,0.21800718,6.033333333333333
zxyz1h,657b29552855e7001f5aafa0,0.40142974,0.3826059,0.10536304,0.19109875,0.6976902,0.30777118,0.39864236,0.37795907,0.023076924,0.026609946,0.06858205,0.3194067,0.02613456,0.41390324,0.91981745,4.633333333333334
zxyz1h,657b29832855e7001f5abd13,0.1320083,0.18863499,0.5035517,0.09681413,0.25923225,0.07150899,0.13220452,0.17891699,0.004711151,0.01139534,0.033019636,0.08549073,0.008129764,0.18179424,0.6926763,5.4
zxyz1h,657b29b98b12dc001fcc727b,0.19967446,0.27033064,0.7052794,0.07717534,0.23915827,0.06751211,0.17040536,0.029917045,0.001468658,0.006178642,0.00971689,0.017094411,0.007689608,0.022529278,0.23070158,6.3
zxyz1h,657b29f02855e7001f5ae09c,0.29506782,0.42306393,0.7427273,0.10798564,0.161658,0.0896192,0.42427874,0.1373533,0.005264282,0.017465452,0.028502205,0.04742365,0.017328756,0.06482717,0.32055542,7.216666666666667
zxyz1h,657b29d08b12dc001fcc7960,0.32828447,0.17340991,0.09193192,0.19109875,0.5461525,0.1331928,0.17588417,0.30502358,0.015157142,0.058401883,0.16824563,0.22673377,0.021990653,0.13809544,0.44254202,6.683333333333334
zxyz1h,657b2a0b8b12dc001fcc8f04,0.09820561,0.21246682,0.11135728,0.07717534,0.22803417,0.08808198,0.14740507,0.30452284,0.016319158,0.049761772,0.06687108,0.22552395,0.016120117,0.34261686,0.4860136,7.65
ubc3dz,657b2ab02855e7001f5b24ef,0.20932254,0.38118678,0.0837122,0.116500415,0.0637539,0.19458519,0.35780817,0.033334624,0.00202179,0.017465452,0.009678889,0.017094411,0.007870848,0.009849187,0.23328885,8.533333333333333
b3q27z,657b2af48b12dc001fcce6c4,0.68689746,0.7171417,0.2785459,0.25826308,0.69152343,0.3063505,0.42890894,0.07608539,0.001783371,0.015154205,0.025413504,0.020988565,0.007534259,0.008374758,0.2573397,8.783333333333333
b3q27z,657b294b8b12dc001fcc5167,0.80143857,0.49848694,0.47285965,0.3493781,0.5562642,0.33505404,0.40977973,0.09915545,0.002441406,0.012842959,0.028612386,0.012824507,0.020264024,0.005160502,0.27535063,1.7
b3q27z,657b297e8b12dc001fcc613e,0.58602774,0.28810173,0.44393137,0.14134736,0.19102257,0.13908774,0.73558867,0.01218908,0.000915527,0.001942388,0.007550877,0.011868048,0.006861079,0.006841352,0.26676342,2.533333333333333
b3q27z,657b2a498b12dc001fcca158,0.41895068,0.37964377,0.21126576,0.18780111,0.23296322,0.14807095,0.39864236,0.002450382,0.000565052,0.000467098,0.005389613,0.00950252,0.005445136,0.004334822,0.24437408,5.933333333333334
b3q27z,657b2a708b12dc001fccb0ee,0.6336862,0.46255174,0.44168928,0.09681413,0.2554408,0.09753984,0.7497984,0.011497946,0.000977516,0.002441859,0.007645877,0.011868048,0.006602164,0.005396411,0.2182754,6.583333333333333
f7guu6,657b29668b12dc001fcc5a58,0.7941898,0.50527126,0.5517696,0.09097979,0.2758032,0.11816678,0.82565093,0.010806813,0.000886917,0.002978328,0.007379876,0.012551232,0.006822242,0.006015671,0.24776824,1.4
f7guu6,657b2a308b12dc001fcc9984,0.548799,0.34476215,0.6543436,0.29555178,0.71231836,0.46793196,0.42890894,0.01646154,0.000667572,0.002811837,0.009412888,0.011833889,0.006530962,0.005868228,0.18606167,4.766666666666667
t7tvt4,657b2bd42855e7001f5ba18d,0.813167,0.6781055,0.62123674,0.30831957,0.38706517,0.41189238,0.85331887,0.014953613,0.000610352,0.002608349,0.008994885,0.012687869,0.006336776,0.005927206,0.3500353,6.85
t7tvt4,657b2af48b12dc001fcce6d3,0.749943,0.6568212,0.12900025,0.77667016,0.80435234,0.813794,0.59145945,0.049584184,0.001430512,0.03919895,0.015492925,0.013131939,0.0069517,0.004541242,0.37028688,3.1166666666666667
drxx2m,657b2adc8b12dc001fccdbb2,0.07105747,0.10004715,0.08016376,0.124222845,0.020101214,0.17412075,0.13720547,0.030741978,0.000858307,0.007584561,0.012680908,0.011082385,0.006712203,0.002845648,0.2185733,4.583333333333333
drxx2m,657b2a872855e7001f5b1315,0.25667855,0.30308694,0.3407359,0.71522486,0.147432,0.7951102,0.18141639,0.19789438,0.007553101,0.004162259,0.0233509,0.017299367,0.28031203,0.003833516,0.29059377,3.15
drxx2m,657b2b388b12dc001fcd01ae,0.6161749,0.5564232,0.873944,0.39372954,0.13670206,0.5067297,0.6794696,0.008921904,0.000486374,0.00172965,0.007227874,0.009451281,0.006382086,0.003081557,0.33318546,6.116666666666666
drxx2m,657b2b9f2855e7001f5b87a7,0.8196856,0.7056416,0.56832623,0.19440953,0.14419319,0.41533712,0.80842054,0.019854378,0.001373291,0.006067649,0.009431887,0.017231047,0.009256045,0.015098156,0.22457948,7.833333333333333
484d6r,657b2a118b12dc001fcc916e,0.7238687,0.46330014,0.45742086,0.09582901,0.19796546,0.115462564,0.7711438,0.009675868,0.000991821,0.003089321,0.006904873,0.012824507,0.007107049,0.00855169,0.16515146,1.2166666666666666
484d6r,657b2a038b12dc001fcc8c34,0.35687628,0.30611402,0.090076774,0.26131186,0.5377918,0.3988507,0.13386428,0.032627538,0.000967979,0.009989422,0.012110904,0.012482914,0.006712203,0.005101525,0.2234834,0.9833333333333333
484d6r,657b2a868b12dc001fccb7df,0.4885276,0.62178403,0.8373276,0.4469108,0.15177679,0.405019,0.40584186,0.05280026,0.001516342,0.003829278,0.016024929,0.013473531,0.0130621,0.005956694,0.21134754,3.1666666666666665
g3w232,657b2bce8b12dc001fcd4337,0.34802857,0.3291235,0.21914949,0.14304936,0.22557884,0.1881301,0.39472577,0.011246625,0.001449585,0.001979385,0.00808288,0.014805742,0.0069517,0.010497936,0.33308262,6.616666666666666
g3w232,657b2a9f8b12dc001fccc25d,0.83002466,0.74456316,0.6164676,0.45587033,0.22312969,0.48088542,0.79535,0.035220183,0.001945496,0.003662788,0.009222887,0.012107162,0.017328756,0.005484877,0.20206459,1.55
g3w232,657b2b822855e7001f5b7a8b,0.780284,0.52728325,0.3424645,0.40649256,0.40187255,0.5439539,0.5001713,0.026145924,0.001306534,0.004273253,0.009602889,0.013610168,0.009903334,0.00666442,0.16756202,5.35
g3w232,657b2c688b12dc001fcd96e3,0.58602774,0.38402683,0.47248238,0.10283129,0.31288958,0.18300404,0.6904651,0.013885498,0.000686646,0.003292809,0.00810188,0.012312118,0.006789878,0.008079873,0.33772117,9.166666666666666
vnphmu,657b29fd2855e7001f5ae533,0.2662679,0.5510323,0.11852835,0.32287985,0.038742248,0.405019,0.25664577,0.20335422,0.007858276,0.005327691,0.02283525,0.020442016,0.3203622,0.002860393,0.1758283,1.8333333333333333
vnphmu,657b2a362855e7001f5af5ea,0.41019276,0.4245341,0.23500682,0.124222845,0.28223592,0.14432828,0.35429266,0.036162965,0.001935959,0.003163317,0.012832909,0.021056883,0.008220384,0.022883141,0.27796596,2.783333333333333
vnphmu,657b2b668b12dc001fcd1416,0.28784943,0.22893222,0.20930107,0.19440953,0.28417167,0.14619578,0.2815996,0.011623607,0.00108242,0.00379228,0.007284875,0.013371054,0.007404801,0.009082484,0.1665951,7.85
vnphmu,657b2a7b8b12dc001fccb48b,0.71442235,0.48723006,0.5181834,0.08625509,0.15834752,0.18045488,0.8275123,0.007445391,0.000762939,0.002164375,0.00649637,0.011031146,0.006757513,0.005691297,0.25497428,3.933333333333333
9ct1zb,657b2aef8b12dc001fcce4e5,0.20690423,0.35903805,0.11956828,0.5124633,0.22926421,0.56192416,0.22681904,0.07054565,0.001373291,0.051353373,0.0233509,0.013883443,0.006084333,0.003863005,0.29902548,1.7333333333333334
9ct1zb,657b2c3e2855e7001f5bda03,0.53118056,0.72205526,0.10834246,0.19440953,0.27708808,0.33505404,0.5134725,0.016587202,0.001158714,0.0051797,0.008291881,0.013234417,0.007236506,0.006634932,0.22718494,7.316666666666666
kb3mrr,657b2ae82855e7001f5b3c9c,0.0693074,0.04452344,0.26853967,0.3035124,0.07690128,0.43731788,0.117599316,0.015581916,0.0005579,0.002737841,0.009127886,0.010091767,0.006349722,0.003391187,0.18846379,2.05
kb3mrr,657b2b3e2855e7001f5b5f52,0.020267207,0.085574605,0.084609546,0.124222845,0.028393986,0.1406137,0.0291328,0.19893374,0.005836487,0.008250522,0.06494803,0.020988565,0.08856395,0.007549078,0.33887264,3.4833333333333334
kb3mrr,657b2b7d8b12dc001fcd1cb7,0.047229487,0.13010159,0.48079333,0.11114024,0.06207031,0.09753984,0.059819363,0.19314334,0.006904602,0.005327691,0.03312982,0.023243073,0.13815513,0.008374758,0.34258315,4.533333333333333
kb3mrr,657b2c2b8b12dc001fcd7352,0.03907572,0.08458632,0.25069022,0.43048233,0.007422925,0.57898057,0.07199883,0.040430736,0.001745224,0.002256869,0.010058892,0.012141321,0.0287245,0.004600219,0.22954082,7.433333333333334
kb3mrr,657b2cc38b12dc001fcdcb07,0.08714753,0.16347843,0.38335308,0.42121267,0.049183033,0.51242715,0.15610619,0.03592727,0.001220703,0.0051797,0.012262905,0.011458136,0.009981008,0.004629708,0.24575202,9.966666666666667
3n9yrk,657b2af68b12dc001fcce798,0.07458106,0.16594493,0.0855105,0.1100836,0.046880882,0.27137864,0.15086368,0.010555492,0.000414848,0.001609407,0.00806388,0.009681856,0.005873965,0.003258489,0.16833541,1.3166666666666667
3n9yrk,657b2b832855e7001f5b7ab9,0.2974811,0.35584986,0.11440699,0.40649256,0.20381775,0.39133596,0.08990326,0.11450345,0.006217957,0.012061302,0.020321451,0.030389199,0.12382901,0.020877918,0.3689501,3.65
3n9yrk,657b2c292855e7001f5bcebb,0.7113307,0.44827244,0.48836628,0.68925905,0.715936,0.6736257,0.48953858,0.049089402,0.001955032,0.00310782,0.014086916,0.013234417,0.021990653,0.004482265,0.20378545,6.416666666666667
zr6r2r,657b2b7b8b12dc001fcd1bf2,0.6341602,0.71468127,0.11338645,0.2736125,0.47331765,0.45799002,0.52414864,0.034277402,0.001955032,0.023595277,0.010742896,0.01846078,0.007650771,0.00979021,0.29539928,1.1
zr6r2r,657b2bf68b12dc001fcd569f,0.6881789,0.4805095,0.46720323,0.16190393,0.28805172,0.14995342,0.70988655,0.011560776,0.001115799,0.003736784,0.007284875,0.013576009,0.007430693,0.009200439,0.16322061,3.15
vp3c1w,657b2ba58b12dc001fcd2ea7,0.079922065,0.17844121,0.72731036,0.214554,0.058751587,0.16161843,0.116013184,0.030388435,0.001449585,0.002682345,0.008652883,0.011833889,0.011819307,0.004246356,0.20674406,2.0833333333333335
vp3c1w,657b2c692855e7001f5bf380,0.5819384,0.4393238,0.61871296,0.42676747,0.07690128,0.3899725,0.5558723,0.03109552,0.001363754,0.002367863,0.00971689,0.011458136,0.012492486,0.003759795,0.17754444,5.35
vp3c1w,657b2bbb2855e7001f5b9467,0.34582332,0.31525165,0.0966388,0.12647597,0.15944919,0.41326973,0.40322062,0.026263772,0.001726151,0.003403803,0.008348881,0.013610168,0.010680079,0.007726009,0.18702488,2.45
mat7ua,657b2c4e8b12dc001fcd864a,0.6123959,0.11870198,0.18591298,0.04141183,0.090004176,0.06556297,0.292292,0.038048524,0.001296997,0.007991537,0.01640493,0.011680172,0.007340072,0.004482265,0.24273999,2.6666666666666665
mat7ua,657b2c0d8b12dc001fcd61fd,0.32828447,0.2688658,0.120612115,0.15241629,0.50859773,0.27551848,0.4137243,0.022728346,0.001206398,0.004476741,0.00983089,0.014327513,0.006912862,0.011441571,0.37956843,1.6
mat7ua,657b2c6e2855e7001f5bf6eb,0.2662679,0.17091095,0.10734529,0.15872851,0.37882805,0.2344353,0.26191986,0.022728346,0.001554489,0.004402745,0.009526889,0.016035475,0.008285114,0.015569973,0.24505147,3.216666666666667
mat7ua,657b2d142855e7001f5c4fc4,0.18036744,0.13473919,0.035823733,0.08718978,0.06291008,0.10500617,0.096450776,0.07371122,0.002288818,0.010951365,0.014428918,0.015625564,0.015256803,0.00666442,0.26522878,5.966666666666667
mat7ua,657b2d918b12dc001fce2a13,0.63084346,0.20707954,0.42457205,0.16829737,0.14097191,0.27413666,0.60203516,0.1269396,0.005874634,0.005771666,0.018129934,0.026044132,0.12536226,0.009849187,0.3046225,8.05
mat7ua,657b2dce2855e7001f5ca46b,0.79756457,0.6412329,0.46268427,0.10590835,0.11172729,0.31204242,0.8335283,0.005843218,0.000495911,0.001785147,0.006182868,0.009835573,0.006524489,0.004511754,0.27686152,9.066666666666666
ag4trd,657b2b882855e7001f5b7ced,0.6881789,0.4805095,0.46720323,0.16190393,0.28805172,0.14995342,0.70988655,0.011560776,0.001115799,0.003736784,0.007284875,0.013576009,0.007430693,0.009200439,0.16322064,1.8166666666666667
ag4trd,657b2ce52855e7001f5c3999,0.8216734,0.6641411,0.54639494,0.28295305,0.304994,0.38249207,0.58310336,0.3561489,0.013285006,0.105836816,0.35333878,0.069969244,0.05947323,0.01374168,0.17074093,7.633333333333334
ag4trd,657b2b4a2855e7001f5b6420,0.24714777,0.13010159,0.09854957,0.11434096,0.08617879,0.15914497,0.13720547,0.09525062,0.003108978,0.009693438,0.014580919,0.022013342,0.03235042,0.008905552,0.15032868,0.7833333333333333
kyrhdk,657b2de88b12dc001fce5505,0.19967446,0.20707954,0.63270146,0.12647597,0.13883325,0.095122136,0.22181296,0.00706841,0.000600815,0.001507663,0.006325369,0.01086035,0.006291465,0.006133626,0.1668777,7.883333333333334
kyrhdk,657b2da28b12dc001fce3272,0.67070556,0.6381343,0.28659645,0.74716365,0.68282104,0.7522059,0.37334225,0.11109332,0.003662109,0.051808115,0.03423163,0.052183274,0.007870848,0.016513607,0.35955384,6.716666666666667
zk98uz,657b2d0b8b12dc001fcdefa0,0.4788228,0.34791833,0.120612115,0.20107053,0.5280367,0.18045488,0.32085532,0.02638162,0.001831055,0.00725158,0.010248893,0.021056883,0.008608758,0.017811105,0.31916875,4.766666666666667
zk98uz,657b2d8f2855e7001f5c8570,0.12726861,0.086567976,0.11440699,0.21795772,0.07509518,0.3365044,0.31536126,0.0438942,0.002613068,0.015455672,0.015492925,0.025907494,0.012337137,0.023590868,0.27944884,6.95
zk98uz,657b2c802855e7001f5c012b,0.15597202,0.36380813,0.60053295,0.2659053,0.10062749,0.2116222,0.13220452,0.018095128,0.000624657,0.001877641,0.010210892,0.011167783,0.006071387,0.004010447,0.22292893,2.433333333333333
zk98uz,657b2ccb2855e7001f5c2b97,0.058960643,0.25724247,0.50127107,0.07717534,0.04764421,0.06238674,0.085414186,0.030977672,0.001106262,0.003718285,0.012490907,0.015283971,0.007210615,0.011913388,0.24469562,3.683333333333333
zk98uz,657b2da98b12dc001fce3614,0.28784943,0.21518372,0.21914949,0.10903197,0.08335247,0.14807095,0.3044472,0.016587202,0.001134872,0.00294133,0.008614883,0.014771583,0.007262398,0.008610667,0.21925633,7.4
nywfp3,657b2ce22855e7001f5c378e,0.001094593,0.06856995,0.11440699,0.2450518,0.028393986,0.22631595,0.0678044,0.040183347,0.00202179,0.002700844,0.009032886,0.01174849,0.024753258,0.003346955,0.25071964,2.933333333333333
nywfp3,657b2d8a8b12dc001fce2767,0.5105813,0.7321203,0.52523273,0.5395426,0.78009796,0.4802204,0.13055216,0.17285149,0.008468628,0.007214582,0.018065477,0.020783609,0.20178549,0.007961918,0.26903528,5.75
w7zkv2,657b2cde2855e7001f5c356a,0.52601725,0.65663886,0.5103988,0.68925905,0.16832852,0.695175,0.39537796,0.058737632,0.002307892,0.002552852,0.012604907,0.013883443,0.035113025,0.004806639,0.2180454,3.933333333333333
w7zkv2,657b2dc78b12dc001fce4563,0.41237864,0.5425826,0.39658093,0.8051702,0.08148885,0.73395616,0.17588417,0.11140333,0.003166199,0.007917541,0.037395194,0.018529098,0.03787563,0.007843964,0.27458593,7.816666666666666
gcn73h,657b2dba8b12dc001fce3e76,0.7270456,0.6435803,0.8322678,0.7498352,0.093894765,0.69016874,0.6325618,0.030270588,0.001621246,0.001683403,0.008633883,0.011406898,0.014738814,0.003892493,0.32557324,6.066666666666666
zy6tqc,657b2ca72855e7001f5c16b6,0.60154647,0.31985405,0.45366803,0.1100836,0.1841414,0.12838791,0.7880857,0.008670582,0.000824928,0.001775897,0.006999873,0.010638315,0.006498598,0.004836128,0.17574218,1.4
zy6tqc,657b2cde8b12dc001fcdd96c,0.8386822,0.68996686,0.51230204,0.16509432,0.26812777,0.35819554,0.85086584,0.016964182,0.000810623,0.00242336,0.010210892,0.012038844,0.006647474,0.004895105,0.75662696,2.316666666666667
zy6tqc,657b2d038b12dc001fcdec20,0.30877617,0.5082938,0.08192977,0.2282475,0.17506383,0.48504344,0.46978086,0.06025757,0.001649857,0.035589635,0.014580919,0.013985921,0.006874025,0.005160502,0.31989044,2.933333333333333
zy6tqc,657b2d732855e7001f5c7a42,0.71998465,0.38687348,0.5791836,0.12647597,0.21461551,0.13809541,0.799073,0.005623313,0.000619888,0.001045189,0.006268369,0.009852652,0.006097279,0.004364311,0.18687455,4.783333333333333
zy6tqc,657b2d588b12dc001fce1095,0.6555161,0.8063738,0.17055956,0.4342057,0.1627653,0.6495375,0.6996477,0.04785245,0.001754761,0.03223813,0.012338906,0.013780965,0.007961469,0.005278457,0.31794104,4.35
zy6tqc,657b2d898b12dc001fce26de,0.6862349,0.33691296,0.45892307,0.10080544,0.13776682,0.10331885,0.79684764,0.009173225,0.000805855,0.00207188,0.006999873,0.011219022,0.006770459,0.006074648,0.2092922,5.166666666666667
zy6tqc,657b2e112855e7001f5cc77b,0.4565632,0.70262134,0.18205647,0.17151402,0.08148885,0.31775847,0.45533252,0.2412222,0.003147125,0.11860296,0.1469393,0.03464781,0.006647474,0.007047772,0.23043811,7.416666666666667
zy6tqc,657b2e648b12dc001fce95ec,0.33265293,0.40700457,0.09951106,0.115418,0.17506383,0.13710694,0.36691782,0.08241652,0.003108978,0.009767435,0.017292,0.02474608,0.009204263,0.042036336,0.7103575,8.816666666666666
zy6tqc,657b2eab2855e7001f5d16b6,0.33703154,0.22616051,0.14417121,0.14304936,0.16055275,0.23307678,0.2829303,0.044883765,0.001688004,0.016058605,0.011312899,0.015967157,0.00915248,0.009318393,0.17888086,10
zy6tqc,657b2e9a2855e7001f5d0e56,0.17790961,0.40121728,0.636604,0.2450518,0.15615022,0.25086454,0.38821805,0.034041706,0.0010252,0.014953227,0.013440913,0.012687869,0.006401504,0.005013059,0.26861963,9.716666666666667
fbbbya,657b2d8f8b12dc001fce2939,0.6893717,0.733748,0.51230204,0.6467416,0.35731056,0.64625543,0.25769764,0.15213956,0.003986359,0.06613251,0.047935467,0.02932342,0.009955117,0.01480327,0.41013134,3.716666666666667
fbbbya,657b2eea2855e7001f5d357e,0.75099754,0.5919841,0.31507698,0.603546,0.59116805,0.54669464,0.55720055,0.05378982,0.001554489,0.007177584,0.024640027,0.017914234,0.007197669,0.010733845,0.36708763,9.5
y24buu,657b2f008b12dc001fcee394,0.0944899,0.22893222,0.4993711,0.42676747,0.24289377,0.5564527,0.16859275,0.013068704,0.000491142,0.001627906,0.009051885,0.010074687,0.005984004,0.003346955,0.15812875,9.383333333333333
y24buu,657b2d318b12dc001fcdfeac,0.64672905,0.33691296,0.42976815,0.10903197,0.21461551,0.18941686,0.77489424,0.011812098,0.000758171,0.00224762,0.007702877,0.012312118,0.006725149,0.006605443,0.21349715,1.65
y24buu,657b2cf92855e7001f5c436b,0.50443107,0.2601326,0.11749236,0.10903197,0.51703393,0.13416551,0.452598,0.024613906,0.002136231,0.009212466,0.011084898,0.021808386,0.010913103,0.019108603,0.2200018,0.7333333333333333
89hvnc,657b2ebc2855e7001f5d1ead,0.38804337,0.3940229,0.123238094,0.13133545,0.099318996,0.2603964,0.4358726,0.05750068,0.002222061,0.034816213,0.011578901,0.014976538,0.008155655,0.008669644,0.19861117,4.85
ru3q4r,657b2da88b12dc001fce3529,0.78844416,0.70673853,0.43572167,0.17151402,0.43189785,0.2922344,0.6495443,0.017089844,0.000596046,0.002497356,0.008367881,0.011116544,0.006453287,0.004747662,0.18090868,2.75
ru3q4r,657b2e748b12dc001fce9e8f,0.38804337,0.43043062,0.056353915,0.18780111,0.16498521,0.44741023,0.53751904,0.031213367,0.001487732,0.015254694,0.009222887,0.012756188,0.00666042,0.005337434,0.243471,6.15
d794da,657b2dd92855e7001f5ca9e7,0.8517388,0.66124135,0.51268274,0.15241629,0.2758032,0.40639198,0.866667,0.03545588,0.001764298,0.018671319,0.010096892,0.014600786,0.007016428,0.006959306,0.25506106,0.7666666666666667
d794da,657b2ec62855e7001f5d23dd,0.29025218,0.21791112,0.41855526,0.29238594,0.09685559,0.35271278,0.2855966,0.050078966,0.001468658,0.033527173,0.014960921,0.011560614,0.006220264,0.00374505,0.30101308,4.716666666666667
xanmux,657b2dbd8b12dc001fce402d,0.39472556,0.37011713,0.12165971,0.13464333,0.12616077,0.23307678,0.44085595,0.085582085,0.005302429,0.008139528,0.011084898,0.02030538,0.04718852,0.015452018,0.24572854,1.8833333333333333
h2m8xp,657b2ede2855e7001f5d2f29,0.05388788,0.22339956,0.73144895,0.2282475,0.020101214,0.13416551,0.117599316,0.013068704,0.000610352,0.001988635,0.00808288,0.010604155,0.006602164,0.004482265,0.175231,3.466666666666667
h2m8xp,657b2fb98b12dc001fcf2241,0.62137616,0.62487966,0.36759016,0.6125453,0.17281176,0.6573906,0.4701461,0.049831573,0.002002716,0.002404861,0.011198899,0.012517073,0.026652548,0.003921982,0.3114674,7.116666666666666
2baa2x,657b2ed82855e7001f5d2ca6,0.77252865,0.4497687,0.46381328,0.13798015,0.080563076,0.3716658,0.8192568,0.007759543,0.000584126,0.002229121,0.006667371,0.010091767,0.006543908,0.004364311,0.1973788,3.85
2baa2x,657b2e942855e7001f5d0b59,0.6881789,0.4805095,0.46720323,0.16190393,0.28805172,0.14995342,0.70988655,0.011560776,0.001115799,0.003736784,0.007284875,0.013576009,0.007430693,0.009200439,0.16322064,2.716666666666667
2baa2x,657b30192855e7001f5da3c2,0.69806594,0.3925892,0.7568599,0.5320756,0.37095368,0.6999628,0.5301318,0.013634177,0.00082016,0.001785147,0.007550877,0.010160086,0.00823333,0.003730306,0.18502526,9.2
kdua3w,657b39068b12dc001fd4eeec,0.44876832,0.46404538,0.12538517,0.31153792,0.03311699,0.5532021,0.30852884,0.044636376,0.001239777,0.02721288,0.011692902,0.01265371,0.0069517,0.004275845,0.26992467,9.25
9tvm4w,657b2eb78b12dc001fcec155,0.3679965,0.2601326,0.1762937,0.17151402,0.23667608,0.13125886,0.31536126,0.019728716,0.00128746,0.003403803,0.009469888,0.014737424,0.007495422,0.009141461,0.15535171,1.9
9tvm4w,657b2fd68b12dc001fcf2de4,0.5996623,0.8084897,0.20733587,0.51782584,0.14204384,0.4913665,0.15260378,0.14429577,0.002002716,0.012340514,0.07428485,0.012380436,0.00737891,0.003391187,0.27167323,6.7
9tvm4w,657b306d8b12dc001fcf6f22,0.15355562,0.6028695,0.10834246,0.38468158,0.018879846,0.4916994,0.12240143,0.07054565,0.001573563,0.003163317,0.023995465,0.014600786,0.010654188,0.006133626,0.19425455,9.216666666666667
wtmhvk,657b2eb78b12dc001fcec15e,0.70660466,0.711945,0.85175425,0.3326982,0.27708808,0.39338306,0.43155992,0.104795754,0.003070831,0.039714564,0.035333443,0.012790347,0.010835429,0.004600219,0.30382547,1.7833333333333334
wtmhvk,657b2f148b12dc001fceebb7,0.31741676,0.49097496,0.5376001,0.19109875,0.058751587,0.3365044,0.5615153,0.013697007,0.000844002,0.00294133,0.007569877,0.011219022,0.00737891,0.005455388,0.26730576,3.35
wtmhvk,657b2f4e2855e7001f5d5a66,0.24714777,0.36695787,0.09474389,0.11434096,0.32020485,0.119989015,0.1256395,0.3266089,0.004234314,0.004883717,0.33964422,0.07611542,0.007573096,0.006487489,0.27172217,4.316666666666666
eb4rnw,657b30a58b12dc001fcf8d2f,0.39695814,0.23731218,0.18978162,0.46643472,0.20029284,0.6117847,0.39733586,0.165053,0.005111694,0.17459276,0.036214896,0.027683776,0.008323951,0.031611763,0.27014187,8.516666666666667
eb4rnw,657b2f8b2855e7001f5d6ff0,0.6403236,0.86312914,0.6181518,0.67499125,0.56571984,0.67749506,0.37012586,0.11181668,0.003509522,0.04951127,0.036214896,0.023652986,0.013528148,0.010438959,0.25313613,3.816666666666667
d4nrr3,657b30ad8b12dc001fcf91b2,0.5675027,0.23731218,0.4088853,0.7678615,0.23172872,0.79833215,0.292292,0.044388983,0.00169754,0.025002124,0.0115029,0.012517073,0.011327368,0.004895105,0.37040818,6.183333333333334
gdfk7y,657b2e8c8b12dc001fceac7d,0.7293378,0.61268437,0.46833396,0.29713845,0.173937,0.35545176,0.53192157,0.11419344,0.005683899,0.005327691,0.013554913,0.017845914,0.13414288,0.007283681,0.20847677,0.95
gdfk7y,657b2ef68b12dc001fcedf67,0.05388788,0.13707347,0.13628586,0.22137496,0.061234605,0.20371327,0.0808017,0.04785245,0.002498627,0.002904332,0.009906891,0.01354185,0.022853967,0.005307945,0.2037257,2.716666666666667
gdfk7y,657b2f5e2855e7001f5d6182,0.35466036,0.38972762,0.8103284,0.48489356,0.099318996,0.36090797,0.31262326,0.019226074,0.001087189,0.002007134,0.008234881,0.011970525,0.009359611,0.004629708,0.25807825,4.45
gdfk7y,657b2ead2855e7001f5d179a,0.18283133,0.39545837,0.6537917,0.2767157,0.012980986,0.2769019,0.12890771,0.15987846,0.00617981,0.003440801,0.014580919,0.015864678,0.19229786,0.004541242,0.3041126,1.5
gdfk7y,657b2f8b2855e7001f5d702b,0.5425701,0.49547872,0.4216076,0.32614216,0.26176634,0.35408178,0.63823974,0.05205809,0.001974106,0.006881601,0.017292,0.017845914,0.013321015,0.012444182,0.19783412,5.2
gdfk7y,657b2fb88b12dc001fcf21fa,0.0835197,0.19121124,0.09193192,0.11868066,0.023852486,0.36090797,0.13888659,0.051810697,0.001897812,0.008176526,0.020256994,0.022423252,0.008246276,0.014744292,0.36694685,5.95
gdfk7y,657b305d8b12dc001fcf66b0,0.71910167,0.56170166,0.52539295,0.29396752,0.15724781,0.38792914,0.70193166,0.010806813,0.000662804,0.00258985,0.007227874,0.011236101,0.006874025,0.006929818,0.28111506,8.7
z8ryk8,657b2f6e2855e7001f5d66d6,0.07635384,0.19121124,0.82969064,0.24175529,0.032430932,0.106708884,0.116013184,0.18554166,0.004062653,0.16159154,0.06354945,0.022901481,0.006738094,0.008433735,0.18777542,1
z8ryk8,657b2fa38b12dc001fcf1a86,0.36354095,0.2601326,0.31918415,0.20778568,0.23667608,0.21960624,0.34166783,0.009173225,0.000863075,0.002367863,0.006990373,0.01220964,0.006731622,0.006959306,0.18825,1.8833333333333333
z8ryk8,657b2fe42855e7001f5d909d,0.20932254,0.23731218,0.60916847,0.07367923,0.0366042,0.06364646,0.12401656,0.015581916,0.000715256,0.003144818,0.00806388,0.010040528,0.007262398,0.002904626,0.16201833,2.966666666666667
z8ryk8,657b312d2855e7001f5e1fab,0.09820561,0.21518372,0.12658814,0.24836068,0.021337438,0.402961,0.13055216,0.04711028,0.001487732,0.00223837,0.015112923,0.012722028,0.011379151,0.005072037,0.29232663,8.466666666666667
z8ryk8,657b31792855e7001f5e3cc2,0.31741676,0.31525165,0.13384935,0.23170424,0.08335247,0.23579577,0.083090164,0.18364124,0.003051758,0.11047905,0.06477321,0.014703264,0.006291465,0.002875137,0.24243867,9.733333333333333
z8ryk8,657b302c8b12dc001fcf4f57,0.6237417,0.79519826,0.5835528,0.64555675,0.2074021,0.6813543,0.30173418,0.045625936,0.00105381,0.028016793,0.015720926,0.011065305,0.006207318,0.003479653,0.36141646,4.183333333333334
z8ryk8,657b306d2855e7001f5dc97c,0.37694255,0.3384778,0.11237009,0.18451619,0.06977485,0.29363838,0.3694838,0.01633588,0.00084877,0.003533295,0.008367881,0.014293353,0.006453287,0.005484877,0.18007395,5.266666666666667
8q7w8v,657b30478b12dc001fcf5bca,0.7429055,0.53262734,0.3798401,0.12534684,0.121998236,0.2922344,0.8020007,0.01024134,0.000486374,0.001405919,0.007455876,0.00997221,0.006725149,0.004157891,0.28398287,3.1666666666666665
8q7w8v,657b31362855e7001f5e232b,0.49718535,0.23171476,0.10536304,0.30992806,0.31753412,0.56021464,0.4701461,0.041172907,0.001678467,0.02048012,0.010324894,0.014361672,0.008336896,0.008610667,0.20802179,7.15
8q7w8v,657b31768b12dc001fcfe147,0.7941898,0.5672328,0.52791256,0.10590835,0.26557916,0.12461543,0.80842054,0.029327808,0.001440048,0.005586676,0.013668913,0.019690514,0.007288289,0.010910776,0.39607155,8.216666666666667
3aagtz,657b30b88b12dc001fcf96d9,0.6581299,0.79483134,0.23500682,0.7212166,0.24789588,0.74654365,0.4196557,0.05750068,0.001764298,0.002867334,0.023995465,0.012004685,0.011094344,0.003376443,0.2836558,3.966666666666667
3aagtz,657b31858b12dc001fcfe609,0.33922493,0.3606355,0.23106146,0.6156804,0.26557916,0.60708284,0.3139914,0.008607753,0.000452995,0.001248678,0.007531876,0.009493981,0.006000186,0.003052068,0.17974555,7.383333333333334
3aagtz,657b31e18b12dc001fd01133,0.24003741,0.10819801,0.74881554,0.124222845,0.04461459,0.13222396,0.27761862,0.015142105,0.000705719,0.002229121,0.009032886,0.011799729,0.006861079,0.005897717,0.21653764,8.916666666666666
3aagtz,657b313c8b12dc001fcfcb83,0.22591716,0.5609646,0.2231094,0.5955687,0.040187187,0.74084425,0.326373,0.03015274,0.00123024,0.001748149,0.009982891,0.011048226,0.011819307,0.003464909,0.28815356,6.166666666666667
d89v9a,657b306a8b12dc001fcf6db0,0.5855559,0.37011713,0.5330682,0.11977882,0.1841414,0.13222396,0.70988655,0.008607753,0.000653267,0.001248678,0.006762371,0.010518758,0.006401504,0.004659196,0.21754788,3.216666666666667
d89v9a,657b305a8b12dc001fcf64cc,0.70541173,0.72668463,0.29468432,0.5320756,0.2554408,0.7176863,0.56698674,0.16765249,0.004043579,0.12208464,0.043250903,0.017162729,0.009256045,0.005897717,0.342955,2.95
wpq1q8,657b31082855e7001f5e0fbe,0.6289491,0.27326855,0.5356466,0.5775728,0.3168669,0.6184577,0.5513673,0.035220183,0.001134872,0.024600167,0.011730902,0.012243799,0.006595691,0.005337434,0.32384157,2.95
wpq1q8,657b32812855e7001f5ed0cb,0.3195837,0.48573428,0.21914949,0.4540749,0.26812777,0.49311456,0.12401656,0.03734144,0.001029968,0.023595277,0.011730902,0.013644327,0.00603255,0.004423288,0.26124153,9.233333333333333
wpq1q8,657b31b92855e7001f5e5754,0.50340754,0.8154216,0.20341371,0.33105546,0.13776682,0.50194025,0.4322229,0.091913216,0.001573563,0.05089863,0.020321451,0.011680172,0.007987361,0.004777151,0.33573973,5.9
4gg8u9,657b312b2855e7001f5e1e2f,0.24952528,0.26594394,0.33039993,0.20442122,0.2098003,0.1424673,0.2749724,0.012880214,0.001316071,0.002053381,0.008291881,0.015898837,0.006518017,0.011618502,0.16192976,3.9833333333333334
4gg8u9,657b30868b12dc001fcf7b81,0.27827218,0.61286616,0.12418452,0.13464333,0.059575163,0.3750422,0.28960893,0.067380086,0.001983643,0.049989145,0.014960921,0.015044857,0.007068211,0.004806639,0.19580832,1.2333333333333334
3pcp2u,657b30ab2855e7001f5de9f6,0.8121567,0.72831696,0.5088759,0.2248042,0.19564457,0.35134485,0.6482916,0.09611836,0.002918243,0.014249804,0.017807651,0.015830519,0.04524883,0.007313169,0.24443196,1.55
3pcp2u,657b31062855e7001f5e0ed1,0.39249563,0.7012487,0.6598515,0.5883607,0.18072422,0.65608454,0.1907705,0.07687678,0.002365112,0.003311308,0.022384055,0.012585391,0.029587816,0.004541242,0.24199471,3.066666666666667
3t63w9,657b33502855e7001f5f5b9f,0.07635384,0.3045994,0.16485271,0.39372954,0.03174881,0.47639805,0.120793216,0.11150667,0.004501343,0.060220852,0.01929015,0.024814399,0.04233929,0.01332884,0.2787974,9.983333333333333
3t63w9,657b31298b12dc001fcfc2a3,0.05726224,0.34791833,0.6625984,0.09681413,0.043866858,0.10500617,0.031942002,0.27975297,0.01393057,0.007954539,0.029053112,0.03489832,0.34804323,0.013210886,0.17981611,0.7833333333333333
3t63w9,657b31a62855e7001f5e4db2,0.21417195,0.31985405,0.09193192,0.12199044,0.0671697,0.19329,0.05478773,0.29953843,0.012207031,0.060675595,0.17734702,0.10116278,0.034422375,0.026303818,0.42914286,2.8666666666666667
3t63w9,657b32582855e7001f5eb5d0,0.66336024,0.6858326,0.22112842,0.65453297,0.19912818,0.7047167,0.19265923,0.054037213,0.002183914,0.003699786,0.015188923,0.012790347,0.029415153,0.004836128,0.24049504,5.833333333333333
yfrqpz,657b326c8b12dc001fd0683b,0.75310606,0.5265206,0.49405548,0.09097979,0.26685292,0.13125886,0.7900214,0.00816794,0.000839233,0.002645347,0.006600871,0.011782649,0.006789878,0.007342658,0.17959604,7.5
yfrqpz,657b30e82855e7001f5e03f2,0.14633444,0.27326855,0.0837122,0.12088228,0.051521268,0.2769019,0.19836703,0.059232414,0.003051758,0.004236255,0.009906891,0.016137952,0.032005094,0.009318393,0.25076652,1.05
yfrqpz,657b31938b12dc001fcfeb33,0.7810768,0.75584805,0.57871515,0.5169379,0.19333,0.6939254,0.6771428,0.11739369,0.003890991,0.014450782,0.032248367,0.01941724,0.06238277,0.009023507,0.15871955,3.9
k4de4e,657b31d48b12dc001fd0099f,0.0944899,0.21791112,0.25266296,0.30992806,0.103260614,0.5320347,0.21586141,0.051563308,0.001325607,0.022791367,0.017356457,0.01309778,0.007301235,0.005927206,0.23818402,4.516666666666667
k4de4e,657b31288b12dc001fcfc279,0.49177095,0.44230092,0.11543151,0.45766747,0.349159,0.68891424,0.5415557,0.027324399,0.001716614,0.014953227,0.008747884,0.0157622,0.007547205,0.010438959,0.26091066,1.6666666666666667
efwpke,657b35b88b12dc001fd2a950,0.22591716,0.4917248,0.20341371,0.080748536,0.05389532,0.17034614,0.52121764,0.014827953,0.001192093,0.004550736,0.00817788,0.01490822,0.007844958,0.010674868,0.16950786,6.733333333333333
4493vx,657b32842855e7001f5ed240,0.83002466,0.79143405,0.48760834,0.7684499,0.8505931,0.6999628,0.625602,0.013697007,0.000696182,0.00414376,0.008500882,0.012243799,0.006543908,0.005602831,0.23570289,4.566666666666666
4493vx,657b32ec2855e7001f5f1532,0.78923,0.70262134,0.41855526,0.6306741,0.37369055,0.75333357,0.44218594,0.069754265,0.001554489,0.037909906,0.018774498,0.012107162,0.008077981,0.005042548,0.3153687,6.316666666666666
4493vx,657b33758b12dc001fd11a7a,0.83915734,0.8140503,0.5830847,0.5379702,0.6383139,0.5578207,0.7869163,0.013948329,0.000653267,0.00379228,0.007759878,0.011697251,0.006407978,0.005042548,0.28308606,8.6
9pcxtv,657b31bb8b12dc001fcffddf,0.22591716,0.47526395,0.16485271,0.48489356,0.2630359,0.65346885,0.1832748,0.020231359,0.000753403,0.009027477,0.009982891,0.011594773,0.006427396,0.005543854,0.21819249,2.2
9pcxtv,657b32482855e7001f5eabcf,0.81417537,0.82249063,0.68438864,0.70847696,0.6511376,0.8012977,0.42890894,0.04760506,0.001525879,0.036878675,0.015492925,0.010740792,0.006692784,0.003081557,0.36656284,4.55
pmqr26,657b31718b12dc001fcfdf33,0.104675725,0.2866146,0.09854957,0.14615701,0.014714233,0.27413666,0.12401656,0.032391842,0.001316071,0.002201373,0.00971689,0.012004685,0.011793415,0.004570731,0.20095623,1.25
gmxvu3,657b31a98b12dc001fcff568,0.32392803,0.2688658,0.23500682,0.24175529,0.23791625,0.2116222,0.31536126,0.02402467,0.002040863,0.004957713,0.010324894,0.01846078,0.008155655,0.018518832,0.8319804,2.55
gmxvu3,657b312a8b12dc001fcfc334,0.14633444,0.21791112,0.72523415,0.12088228,0.10062749,0.08505413,0.12401656,0.026617315,0.001707077,0.007362573,0.010552894,0.019485557,0.008686432,0.013859635,0.25701737,0.43333333333333335
gmxvu3,657b332c8b12dc001fd0e791,0.44876832,0.11870198,0.15917414,0.13133545,0.20381775,0.113679945,0.26622382,0.200795,0.011291504,0.009434453,0.020385906,0.02392626,0.24484909,0.01020305,0.31114537,9
gmxvu3,657b318f8b12dc001fcfea22,0.09080389,0.13707347,0.64327615,0.078952126,0.010717618,0.08062888,0.07706639,0.018849092,0.000724793,0.002830336,0.009469888,0.011868048,0.006738094,0.004659196,0.16750607,2.1166666666666667
gmxvu3,657b31de2855e7001f5e69af,0.52395415,0.6061393,0.40537766,0.214554,0.07153199,0.29363838,0.38951737,0.012817383,0.000724793,0.002922831,0.007892879,0.011765569,0.00675104,0.006310557,0.18149112,3.433333333333333
gmxvu3,657b320c2855e7001f5e858a,0.2447739,0.20707954,0.05788904,0.0834797,0.16387439,0.07775501,0.10974196,0.6588125,0.06225512,0.0376521,0.5678696,0.42019588,0.039256934,0.03609403,0.20001048,4.2
gmxvu3,657b32568b12dc001fd059dd,0.12267091,0.23450792,0.67135507,0.2248042,0.2441421,0.17538343,0.078549035,0.22445217,0.00907898,0.008139528,0.02373764,0.022286616,0.2836219,0.013033954,0.28675154,5.433333333333334
gmxvu3,657b31458b12dc001fcfcfa2,0.46550262,0.23450792,0.26853967,0.10283129,0.4543781,0.17286047,0.49962115,0.016210219,0.001726151,0.004957713,0.008671884,0.017436003,0.008738215,0.01604179,0.5464104,0.8833333333333333
gmxvu3,657b333e2855e7001f5f4eb3,0.2662679,0.19644909,0.11543151,0.099799976,0.19680415,0.099992886,0.1722254,0.032156147,0.001206398,0.002682345,0.012414906,0.016411226,0.007275343,0.008905552,0.2546103,9.3
gdm7bm,657b32992855e7001f5ee11a,0.8096229,0.8084897,0.5782467,0.610979,0.2758032,0.79304135,0.77530444,0.08083374,0.00202179,0.013546381,0.026444806,0.013849284,0.012803185,0.004305333,0.15520416,3.85
61h2fg,657b32fc2855e7001f5f205c,0.5208621,0.56833977,0.14790365,0.40466312,0.36821914,0.5494355,0.17956558,0.11202335,0.002441406,0.052944973,0.02373764,0.013166099,0.011223801,0.00353863,0.30447945,4.85
tqt1zb,657b333c2855e7001f5f4dbc,0.77183485,0.5075377,0.57871515,0.23170424,0.15834752,0.44708014,0.58567715,0.22579013,0.005455017,0.21075934,0.06267534,0.018734055,0.010472948,0.007224703,0.2932494,4.1
tqt1zb,657b33c42855e7001f5fad74,0.51366115,0.58003664,0.10834246,0.2384713,0.54682016,0.44339657,0.10055544,0.16765249,0.003623962,0.13163337,0.057890166,0.016411226,0.0100069,0.005750274,0.39623222,6.366666666666666
emtw8n,657b32bf2855e7001f5efb2e,0.83915734,0.65022355,0.5404923,0.39010334,0.6004521,0.47722873,0.7801757,0.11057663,0.002651215,0.06385879,0.024511116,0.012687869,0.00780612,0.004659196,0.24102095,3.6666666666666665
emtw8n,657b32878b12dc001fd079c1,0.6370039,0.7039952,0.24872018,0.62409145,0.30565006,0.66195285,0.41767693,0.09351514,0.001802445,0.054763943,0.023608726,0.01128734,0.007003482,0.003863005,0.3133668,2.7333333333333334
dp3v4v,657b338e8b12dc001fd12cc9,0.062378917,0.085574605,0.4721051,0.2282475,0.000188695,0.26862782,0.12240143,0.08874765,0.003662109,0.00569767,0.013554913,0.016172111,0.05203775,0.009672256,0.21993,7.983333333333333
dp3v4v,657b33ef2855e7001f5fcb63,0.64245784,0.3854497,0.4841993,0.13464333,0.17732301,0.14432828,0.748714,0.007288316,0.000858307,0.001868392,0.006610371,0.011902207,0.006446815,0.007667032,0.15040304,9.6
dp3v4v,657b31e62855e7001f5e6e57,0.40582877,0.25724247,0.30689266,0.11220199,0.094877556,0.119989015,0.6783069,0.002811656,0.000317097,0.000404664,0.006163868,0.0085973,0.005438663,0.002536018,0.16738026,0.9166666666666666
dp3v4v,657b320f2855e7001f5e8775,0.27827218,0.26594394,0.09568947,0.18451619,0.051521268,0.32493976,0.1456873,0.050326355,0.00246048,0.002645347,0.008918885,0.013234417,0.044278983,0.005366922,0.1875763,1.6
dp3v4v,657b32492855e7001f5eac47,0.65242773,0.3526706,0.50203115,0.11758787,0.16498521,0.106708884,0.80272555,0.006942749,0.000662804,0.001840643,0.006334869,0.010569996,0.0065698,0.004895105,0.19949283,2.566666666666667
nwnng8,657b32fc2855e7001f5f2034,0.38804337,0.26594394,0.10437799,0.2248042,0.08712909,0.4460901,0.4844102,0.09525062,0.002098084,0.059311368,0.01929015,0.01309778,0.007288289,0.004570731,0.34556866,2.1166666666666667
fk83ey,657b32962855e7001f5edefa,0.47447416,0.5694475,0.21520184,0.32614216,0.090004176,0.4863742,0.6507959,0.026735162,0.001602173,0.00569767,0.008785884,0.015864678,0.008466354,0.009141461,0.16644955,2.466666666666667
fk83ey,657b331a8b12dc001fd0da6c,0.24952528,0.32293442,0.19172014,0.45945197,0.018274283,0.6547773,0.32085532,0.024613906,0.001459122,0.003015325,0.007892879,0.012243799,0.012130005,0.005189991,0.22706108,4.666666666666667
t4e41u,657b32ae2855e7001f5eef1f,0.7910609,0.5242343,0.5173828,0.10798564,0.25040436,0.1424673,0.8159504,0.01005285,0.001029968,0.003237312,0.006752871,0.012926984,0.007365964,0.008669644,0.16284385,3.45
t4e41u,657b33228b12dc001fd0e04f,0.23767464,0.30763084,0.06179513,0.20442122,0.080563076,0.37774765,0.31536126,0.03545588,0.001497269,0.018168874,0.010248893,0.012790347,0.006505071,0.004718174,0.31406647,5.383333333333334
t4e41u,657b329e2855e7001f5ee3ee,0.13676605,0.097840905,0.090076774,0.20442122,0.1045852,0.22094403,0.24208108,0.08953904,0.002689362,0.050443888,0.016860934,0.015693882,0.006899917,0.006074648,0.23986019,3.183333333333333
bkbmbu,657b329f2855e7001f5ee4be,0.62232214,0.7083837,0.23500682,0.63912594,0.1303544,0.8090565,0.44952407,0.119997114,0.002651215,0.10221587,0.036104713,0.012004685,0.007094103,0.003184767,0.326354,3.183333333333333
bkbmbu,657b33e38b12dc001fd169c7,0.5270495,0.509807,0.11440699,0.4156753,0.10062749,0.6800689,0.48203042,0.009110395,0.000522137,0.002404861,0.007208874,0.010467518,0.006265574,0.004452776,0.16690949,8.583333333333334
gcvctx,657b337d2855e7001f5f7b48,0.28305343,0.6965756,0.27653974,0.6690672,0.28546375,0.80276877,0.16859275,0.11057663,0.003643036,0.011099357,0.034341812,0.025497584,0.04363242,0.010379982,0.1725907,4.05
gcvctx,657b34628b12dc001fd1bd37,0.4874476,0.7515587,0.29063478,0.41383398,0.4098125,0.661302,0.24002573,0.045625936,0.001478195,0.006289636,0.01640493,0.011816809,0.012285355,0.003921982,0.22689356,7.866666666666666
vd7r6g,657b32ae2855e7001f5eef75,0.8562733,0.49322554,0.5868286,0.52850527,0.82218134,0.60068893,0.8179429,0.006722843,0.000457764,0.001248678,0.00653437,0.009716015,0.006009895,0.003582863,0.18150859,0.9833333333333333
vd7r6g,657b34ca8b12dc001fd20238,0.0835197,0.30611402,0.7697476,0.17151402,0.0373131,0.11191306,0.084635615,0.023671126,0.00087738,0.006696612,0.009222887,0.010945748,0.00704232,0.004069425,0.18342136,9.966666666666667
vd7r6g,657b330a8b12dc001fd0ce5e,0.072815776,0.086567976,0.12538517,0.4010091,0.16609791,0.54412395,0.10206828,0.11150667,0.002288818,0.10221587,0.024124376,0.013917602,0.006304411,0.003686073,0.2603507,2.5166666666666666
vd7r6g,657b332d2855e7001f5f4373,0.6336862,0.40990886,0.49064076,0.18451619,0.22068773,0.14807095,0.677725,0.007225486,0.000743866,0.002136626,0.006391869,0.0113215,0.006621582,0.006163114,0.15040307,3.1
vd7r6g,657b349e2855e7001f603d2a,0.6039029,0.5196685,0.41591358,0.103851885,0.22926421,0.1424673,0.7551986,0.007916619,0.000762939,0.001803646,0.006828872,0.012073003,0.006835188,0.005484877,0.20871972,9.25
k4m4a1,657b32e88b12dc001fd0b7fa,0.780284,0.46404538,0.5628552,0.10080544,0.30893698,0.11816678,0.798334,0.007571052,0.000758171,0.002099628,0.00642987,0.011133623,0.006634528,0.005927206,0.195526,1.7833333333333334
k4m4a1,657b32ce8b12dc001fd0a8f9,0.23060848,0.22339956,0.09854957,0.24175529,0.10969645,0.38520834,0.17956558,0.10913446,0.005187988,0.005438685,0.012718908,0.02208166,0.06863153,0.01209032,0.18588072,1.3666666666666667
kvub4w,657b33728b12dc001fd1181d,0.8106377,0.7402454,0.49064076,0.12534684,0.36616987,0.37571815,0.6135277,0.07608539,0.002260208,0.014048826,0.015948927,0.024267852,0.018710058,0.014980201,0.22257596,2.716666666666667
kvub4w,657b33b38b12dc001fd1473c,0.40142974,0.3400453,0.2369578,0.12989433,0.3275703,0.20634092,0.4546488,0.012063419,0.001277924,0.002303117,0.00817788,0.015215653,0.006776932,0.011795434,0.16934523,3.8
phh6xv,657b33622855e7001f5f6853,0.7944499,0.56575704,0.51978487,0.09193956,0.24789588,0.1331928,0.8179429,0.014765122,0.001306534,0.004735726,0.007778878,0.01490822,0.00780612,0.0108518,0.19127138,3.3666666666666667
phh6xv,657b33452855e7001f5f5373,0.4343623,0.44081154,0.6768016,0.35106236,0.2453918,0.46196443,0.14227262,0.0969861,0.003623962,0.0103594,0.017549826,0.014532468,0.05688698,0.005484877,0.35794875,2.8666666666666667
pv2bfr,657b32b62855e7001f5ef50a,0.14633444,0.19121124,0.0855105,0.13798015,0.01529889,0.22228386,0.12726986,0.03875561,0.002002716,0.003533295,0.008500882,0.011663092,0.024580594,0.004688685,0.29667306,1.25
pv2bfr,657b32fa2855e7001f5f1f14,0.548799,0.31219605,0.3597569,0.2736125,0.13670206,0.32493976,0.5206898,0.04166769,0.001888275,0.002811837,0.00971689,0.012175481,0.022681303,0.004777151,0.2629787,2.3833333333333333
pv2bfr,657b33362855e7001f5f49b4,0.35466036,0.5712946,0.08192977,0.19440953,0.14851531,0.46527895,0.23797645,0.11336674,0.00453949,0.0051797,0.01767874,0.014259194,0.13178273,0.004600219,0.2644739,3.3833333333333333
pv2bfr,657b33868b12dc001fd1268f,0.30877617,0.38687348,0.17821237,0.3721121,0.17506383,0.5095833,0.38367695,0.010115679,0.000658035,0.002173624,0.007066373,0.0113215,0.006725149,0.005927206,0.29670566,4.716666666666667
pv2bfr,657b33fe8b12dc001fd17ac9,0.6450675,0.5387493,0.6039433,0.62375396,0.19564457,0.756708,0.459781,0.0665887,0.001974106,0.003644289,0.02122384,0.013131939,0.018192071,0.004452776,0.17734644,6.7
pv2bfr,657b346a8b12dc001fd1c28d,0.49393547,0.2851209,0.40537766,0.42491317,0.090004176,0.38792914,0.4891722,0.019854378,0.001001358,0.002534353,0.008272881,0.011543535,0.008971239,0.004983571,0.2225732,8.5
pv2bfr,657b348f8b12dc001fd1db6d,0.27349865,0.123228945,0.056353915,0.088129774,0.14960077,0.082088776,0.105115615,0.07371122,0.00210762,0.026207991,0.022061773,0.019622196,0.007107049,0.008020895,0.2267516,9.133333333333333
m6ztam,657b34952855e7001f6037a7,0.33922493,0.6691607,0.39216214,0.67038155,0.18642803,0.73164964,0.1907705,0.1641865,0.00459671,0.11512129,0.031917825,0.019895468,0.042662576,0.003980959,0.27751952,5.183333333333334
m6ztam,657b35622855e7001f60c3ca,0.5798728,0.5609646,0.13142079,0.56483793,0.30237192,0.79579765,0.3804406,0.021314176,0.000710487,0.007880543,0.009431887,0.009604998,0.006699257,0.002624484,0.29850182,8.583333333333334
u4qcy9,657b33e32855e7001f5fc3a6,0.51468873,0.3510838,0.35455325,0.12874979,0.19102257,0.13809541,0.63571805,0.010115679,0.00099659,0.00275634,0.007208874,0.012687869,0.007016428,0.007667032,0.18110718,3.3833333333333333
4z66bu,657b34a12855e7001f603f1c,0.59730846,0.7193268,0.39127967,0.37032616,0.16387439,0.58374363,0.5924222,0.008607753,0.000700951,0.002321616,0.00650587,0.01087743,0.007197669,0.005484877,0.17077778,7.183333333333334
4z66bu,657b34322855e7001f5ff591,0.67992574,0.48872703,0.3407359,0.17798842,0.13990174,0.19458519,0.8048825,0.008010864,0.000469685,0.00155391,0.006743372,0.009784333,0.006155535,0.004364311,0.17023736,5.35
4z66bu,657b34628b12dc001fd1bd48,0.50647956,0.4393238,0.11237009,0.24175529,0.1303544,0.5324636,0.40715358,0.017718147,0.001182556,0.00224762,0.007170874,0.01133858,0.00933372,0.005278457,0.18789992,6.15
4z66bu,657b34b58b12dc001fd1f49b,0.596838,0.38118678,0.41938704,0.16190393,0.2758032,0.18941686,0.64891815,0.011435116,0.000929832,0.00189614,0.007341875,0.011936366,0.006757513,0.006487489,0.24742869,7.516666666666667
4z66bu,657b33308b12dc001fd0ea18,0.5592057,0.2821423,0.35282215,0.13798015,0.082418695,0.19070588,0.5230424,0.058490243,0.002918243,0.007362573,0.010704896,0.017094411,0.03407705,0.008079873,0.19614859,1.05
4z66bu,657b340c8b12dc001fd18410,0.41237864,0.70179784,0.13384935,0.75783134,0.31886896,0.8395177,0.28693247,0.077668175,0.002403259,0.006696612,0.025929155,0.01309778,0.021127338,0.004334822,0.19136325,4.716666666666667
8va9qm,657b33968b12dc001fd13252,0.7418496,0.5591221,0.50507265,0.41015846,0.17281176,0.5071462,0.71890485,0.055026773,0.00243187,0.002608349,0.010172892,0.013746806,0.042662576,0.005720785,0.15034115,1.6
8va9qm,657b34fb2855e7001f607c2f,0.33922493,0.2630332,0.3171293,0.214554,0.23419909,0.15668073,0.30038044,0.014136819,0.001249313,0.003533295,0.007759878,0.014498309,0.007430693,0.010615891,0.17721924,7.55
8va9qm,657b34068b12dc001fd18040,0.5425701,0.60432255,0.51882386,0.6999521,0.65242153,0.8090565,0.4398588,0.081625134,0.00377655,0.0034593,0.010058892,0.015215653,0.064969026,0.006605443,0.29257953,3.466666666666667
4udp8y,657b34dd8b12dc001fd20f03,0.36354095,0.2601326,0.31918415,0.20778568,0.23667608,0.21960624,0.34166783,0.009173225,0.000863075,0.002367863,0.006990373,0.01220964,0.006731622,0.006959306,0.18824996,3.933333333333333
4udp8y,657b347c2855e7001f602701,0.42554232,0.7321203,0.081044875,0.11220199,0.04461459,0.32926556,0.2789444,0.26293078,0.009841919,0.005512681,0.027218282,0.027273865,0.34804323,0.005573343,0.21831074,2.3333333333333335
a3ffad,657b34f62855e7001f607800,0.4788228,0.3045994,0.43870386,0.11758787,0.12616077,0.12555276,0.783768,0.006817089,0.00064373,0.001368921,0.00651537,0.010330882,0.006375613,0.004305333,0.26942286,6.816666666666666
a3ffad,657b34738b12dc001fd1c922,0.07635384,0.097840905,0.6128522,0.08532512,0.04764421,0.058692012,0.078549035,0.053295042,0.001602173,0.040745795,0.014314918,0.015147334,0.006621582,0.005543854,0.19333215,4.65
a3ffad,657b343e8b12dc001fd1a4c5,0.35466036,0.21246682,0.5311932,0.301915,0.091941215,0.39338306,0.36755887,0.012314741,0.000691414,0.002386362,0.007104374,0.010604155,0.007197669,0.004600219,0.24897829,3.7666666666666666
a3ffad,657b356f8b12dc001fd2768b,0.34142166,0.30763084,0.22112842,0.2566848,0.28223592,0.23307678,0.32499117,0.024260364,0.002098084,0.004069764,0.0113889,0.022149978,0.008065036,0.016513607,0.15893656,8.833333333333334
af6wg4,657b33f28b12dc001fd17365,0.8685868,0.6630636,0.65323967,0.46293882,0.30106235,0.7176863,0.8268947,0.103060275,0.002136231,0.08004672,0.021868404,0.013439372,0.006712203,0.004688685,0.3734547,2.4833333333333334
af6wg4,657b348c8b12dc001fd1d910,0.74396193,0.5782295,0.28457916,0.6156804,0.31091207,0.84445965,0.5698913,0.05205809,0.001602173,0.033269364,0.016024929,0.014395831,0.00737891,0.007254192,0.34900445,5.05
uw6aqr,657b34348b12dc001fd19e66,0.07635384,0.065012954,0.7833618,0.15872851,0.040187187,0.1424673,0.13888659,0.013885498,0.000729561,0.003070822,0.007512876,0.010057608,0.006899917,0.003774539,0.18415159,0.75
uw6aqr,657b347f8b12dc001fd1d0df,0.14154164,0.09059314,0.39923647,0.2248042,0.040187187,0.31775847,0.26622382,0.01847211,0.001182556,0.004643231,0.007892879,0.014498309,0.007236506,0.008374758,0.12703086,2
uw6aqr,657b35502855e7001f60b7b9,0.39919263,0.2985656,0.27453586,0.14304936,0.19102257,0.15914497,0.44251856,0.01225191,0.001106262,0.002885833,0.007569877,0.013985921,0.007068211,0.010379982,0.16374736,5.483333333333333
uw6aqr,657b34c12855e7001f605446,0.78687084,0.62287664,0.45516863,0.6278034,0.22190776,0.7881755,0.53632635,0.022846194,0.000925064,0.011691323,0.009868891,0.0113215,0.006485652,0.005278457,0.31966305,3.1
qgc13g,657b35958b12dc001fd29110,0.8106377,0.693548,0.54696196,0.15872851,0.29779902,0.32926556,0.8034474,0.028149333,0.001192093,0.01191331,0.009298887,0.012346277,0.006530962,0.005042548,0.20202851,2.6166666666666667
qgc13g,657b35cf8b12dc001fd2b9e7,0.7681851,0.6987757,0.16865413,0.51515037,0.20262691,0.74654365,0.5792417,0.11398677,0.002861023,0.10221587,0.024640027,0.014771583,0.007832011,0.004836128,0.3407734,3.6
qgc13g,657b36462855e7001f6163fd,0.71327424,0.52347285,0.467957,0.12199044,0.07153199,0.24950926,0.79535,0.014765122,0.001268387,0.004328749,0.007398875,0.013644327,0.008103873,0.01020305,0.18569557,5.583333333333333
qgc13g,657b36cf2855e7001f61c35d,0.77206624,0.41427898,0.5205856,0.10487753,0.31354934,0.10331885,0.77018833,0.009424546,0.000815392,0.001951637,0.007009373,0.011201942,0.006602164,0.005278457,0.23837425,7.85
qgc13g,657b36732855e7001f6183af,0.763632,0.38687348,0.4879873,0.09484897,0.28611034,0.111035876,0.7892491,0.015707577,0.000767708,0.001701901,0.009146886,0.012038844,0.006628056,0.005927206,0.27113566,6.316666666666666
7hgbdf,657b33c52855e7001f5fae9f,0.67370445,0.36380813,0.46908796,0.101815864,0.16832852,0.11907599,0.72672856,0.009675868,0.000891686,0.001692652,0.007493876,0.013371054,0.006505071,0.008079873,0.16455272,0.8166666666666667
7hgbdf,657b34422855e7001f600038,0.21174517,0.25149468,0.18205647,0.49374798,0.0373131,0.6716868,0.17040536,0.034984488,0.001535416,0.001988635,0.009982891,0.012517073,0.01238892,0.005514365,0.22184145,2.9
d6ub1r,657b35432855e7001f60ae67,0.32392803,0.09470313,0.12165971,0.18451619,0.08523248,0.25493836,0.16859275,0.034513097,0.001382828,0.005401687,0.010210892,0.011014067,0.010938995,0.004039936,0.3363346,6.316666666666666
d6ub1r,657b35a78b12dc001fd29db0,0.001094593,0.043764595,0.15728761,0.39918593,0.0637539,0.57795936,0.054174844,0.019351736,0.001111031,0.001442917,0.007398875,0.010792031,0.010291707,0.003892493,0.17884128,8
d6ub1r,657b34a08b12dc001fd1e65a,0.11183177,0.30611402,0.11749236,0.63219434,0.080563076,0.7419874,0.13888659,0.10089093,0.003604889,0.00588266,0.017614283,0.013815125,0.06820184,0.005366922,0.3891821,3.6166666666666667
ufk8m6,657b34612855e7001f6014f1,0.71239156,0.57461745,0.5737169,0.5450541,0.27452108,0.54857886,0.46758962,0.04067813,0.000944138,0.024600167,0.013364912,0.012004685,0.006174954,0.005573343,0.3820753,1.9
ufk8m6,657b34ab8b12dc001fd1eda4,0.034273073,0.08262517,0.66150016,0.3326982,0.000188695,0.3307102,0.120793216,0.05799546,0.000982285,0.003218814,0.02618698,0.016069634,0.006310884,0.005543854,0.20642625,3.1333333333333333
ufk8m6,657b352f8b12dc001fd249e8,0.43657246,0.4348694,0.09759216,0.30992806,0.20145898,0.5585045,0.5545453,0.091913216,0.002202988,0.07177465,0.019934712,0.015386449,0.007184723,0.005602831,0.32748958,5.35
z4b9cp,657b342f2855e7001f5ff341,0.77044594,0.649379,0.45516863,0.080748536,0.18987136,0.10331885,0.72114706,0.033334624,0.000948906,0.002978328,0.013288911,0.015898837,0.007068211,0.008197826,0.23827568,1.75
z4b9cp,657b34188b12dc001fd18ba6,0.5529573,0.5639132,0.10144578,0.44512463,0.057932016,0.6586956,0.33330446,0.039226998,0.001764298,0.011247349,0.010970897,0.012277958,0.009023022,0.005189991,0.2785345,1.3833333333333333
z4b9cp,657b344b2855e7001f600678,0.68437964,0.35903805,0.42605546,0.14928007,0.32622877,0.13222396,0.68931216,0.013634177,0.001015663,0.002275368,0.007854878,0.013131939,0.006899917,0.007460612,0.26380104,2.2333333333333334
y4wkxf,657b34262855e7001f5fedc4,0.71998465,0.38687348,0.5791836,0.12647597,0.21461551,0.13809541,0.799073,0.005623313,0.000619888,0.001045189,0.006268369,0.009852652,0.006097279,0.004364311,0.18687455,0.9666666666666667
y4wkxf,657b344e8b12dc001fd1afd5,0.40142974,0.5082938,0.11543151,0.19109875,0.06207031,0.2576641,0.1649894,0.39987978,0.006752014,0.006400629,0.4718924,0.06295506,0.012078222,0.005484877,0.2647651,1.6333333333333333
xrkgn9,657b34b32855e7001f604ac6,0.7049701,0.40990886,0.5027914,0.10283129,0.16498521,0.14432828,0.7900214,0.005152085,0.000638962,0.001257927,0.006059367,0.010125926,0.006097279,0.005307945,0.17882897,1.7333333333333334
xrkgn9,657b35258b12dc001fd24298,0.048882913,0.09678974,0.07157431,0.11434096,0.014132977,0.12555276,0.056647703,0.049336795,0.002241135,0.003237312,0.010818896,0.014054239,0.025098583,0.005543854,0.17667814,3.65
xrkgn9,657b35732855e7001f60d02e,0.0157319,0.10004715,0.7608501,0.17798842,0.01588697,0.09917126,0.04539834,0.10956833,0.003299713,0.004569235,0.014732921,0.013746806,0.08396416,0.003568119,0.36542132,4.95
rhp2te,657b35222855e7001f60981b,0.35466036,0.62806726,0.43423185,0.52939725,0.17619257,0.74312913,0.1870134,0.07450261,0.002336502,0.007214582,0.022319598,0.013336895,0.022163315,0.007608055,0.26285386,2.2666666666666666
rhp2te,657b35888b12dc001fd287d5,0.16324693,0.19381917,0.11543151,0.14134736,0.045366183,0.27967444,0.06046427,0.30464804,0.016641939,0.010803374,0.031256735,0.024404489,0.4352635,0.008433735,0.28000063,3.933333333333333
rhp2te,657b35e72855e7001f6120db,0.12726861,0.092637524,0.7406886,0.12761015,0.094877556,0.0896192,0.1722254,0.012691722,0.000863075,0.003089321,0.007588876,0.013371054,0.007029374,0.007431123,0.17130251,5.516666666666667
ex14px,657b35be2855e7001f6102ea,0.5675027,0.8091912,0.11440699,0.26898047,0.1335193,0.6710398,0.30173418,0.11347008,0.0050354,0.005586676,0.015188923,0.017914234,0.13599728,0.007549078,0.20750764,7.25
ex14px,657b36352855e7001f6157e7,0.0693074,0.23731218,0.81358576,0.41751894,0.000188695,0.36560544,0.0755991,0.041172907,0.00166893,0.002118127,0.010552894,0.011133623,0.020609349,0.004039936,0.18513335,9.233333333333333
dyy4qa,657b355e8b12dc001fd26a05,0.42114583,0.5441175,0.60053295,0.72181547,0.161658,0.79579765,0.29363582,0.11192002,0.002288818,0.11047905,0.024897853,0.015113175,0.006479179,0.004128402,0.34615397,2.9166666666666665
dyy4qa,657b35e38b12dc001fd2c8d1,0.744314,0.54488504,0.48685062,0.47168955,0.2554408,0.49236545,0.49357057,0.17718399,0.003566742,0.19495805,0.045007613,0.021466793,0.007249452,0.005691297,0.22090498,5.133333333333334
dyy4qa,657b36ca2855e7001f61bfe9,0.6704831,0.54718906,0.24675351,0.64962053,0.8505931,0.6716868,0.3875686,0.32289913,0.008506775,0.29035977,0.25404143,0.16403814,0.007909686,0.020524055,0.47185934,8.983333333333333
mkdaq1,657b36268b12dc001fd2f94a,0.67525977,0.41866332,0.524752,0.13133545,0.2554408,0.13125886,0.727841,0.009801528,0.000753403,0.001470665,0.007132874,0.010962827,0.006498598,0.004688685,0.2528123,6.75
mkdaq1,657b35362855e7001f60a613,0.22591716,0.17091095,0.13384935,0.15241629,0.22435349,0.3063505,0.0808017,0.45751464,0.023076924,0.5498214,0.3416952,0.15985115,0.012596053,0.028662905,0.29055062,2.75
b6mhvg,657b353e8b12dc001fd253df,0.39919263,0.6258814,0.6427211,0.2248042,0.173937,0.46594214,0.13553135,0.10609736,0.003185272,0.016360072,0.019483518,0.016752819,0.05203775,0.006752886,0.2559614,2.3833333333333333
b6mhvg,657b36ee8b12dc001fd383ef,0.46326476,0.81370634,0.20930107,0.42121267,0.05389532,0.58102256,0.23389664,0.16245349,0.005455017,0.008065533,0.02708937,0.022218296,0.14802226,0.007165726,0.17948286,9.6
wkwpp2,657b36d78b12dc001fd373f2,0.46550262,0.2017425,0.49709225,0.12310397,0.038742248,0.1997879,0.74436164,0.010681152,0.000560284,0.001257927,0.007607877,0.009784333,0.006815769,0.00291937,0.20717232,7.6
wkwpp2,657b368a2855e7001f619447,0.38138592,0.7638581,0.26256776,0.63760364,0.093894765,0.7200276,0.13386428,0.09958932,0.002355576,0.008028535,0.031146556,0.017572641,0.013702838,0.005543854,0.13896516,6.316666666666666
6y2bm9,657b35428b12dc001fd2571a,0.28544915,0.102069505,0.06258811,0.09193956,0.19680415,0.12461543,0.13720547,0.20126031,0.00371933,0.06704199,0.05203446,0.03690237,0.011922873,0.009495324,0.36289167,2.1333333333333333
6y2bm9,657b358d8b12dc001fd28b73,0.09080389,0.33535045,0.28055468,0.101815864,0.2706815,0.14619578,0.17040536,0.17891699,0.008773804,0.015958117,0.07270074,0.03339528,0.05171447,0.02854495,0.3323909,3.3833333333333333
cmdpep,657b370d8b12dc001fd39990,0.47989902,0.3510838,0.3232997,0.48489356,0.17619257,0.41671616,0.3071667,0.14256015,0.004196167,0.004273253,0.030485468,0.015318131,0.1115629,0.004777151,0.2617688,6.716666666666667
cmdpep,657b36488b12dc001fd311f3,0.4863679,0.2747411,0.40362632,0.10903197,0.2541795,0.12743886,0.6783069,0.025203144,0.000967979,0.002626848,0.013706914,0.012448754,0.006789878,0.005750274,0.33907187,3.466666666666667
cmdpep,657b37532855e7001f621ef9,0.072815776,0.21791112,0.19172014,0.12874979,0.02707787,0.12649381,0.12240143,0.043646812,0.001459122,0.002497356,0.012718908,0.012517073,0.012130005,0.003568119,0.2814657,7.916666666666667
zrxk68,657b37768b12dc001fd3e261,0.05557129,0.10004715,0.6416103,0.078952126,0.046121623,0.0662091,0.114434265,0.013005874,0.00084877,0.002266119,0.007009373,0.012585391,0.007624879,0.007460612,0.19576043,8.016666666666667
zrxk68,657b37118b12dc001fd39cd7,0.74396193,0.7504845,0.10834246,0.4743229,0.28094688,0.7842717,0.56648964,0.08795626,0.001811981,0.05612817,0.02012808,0.012482914,0.007935578,0.003980959,0.46325245,6.366666666666666
c71e9k,657b38648b12dc001fd482d9,0.08533011,0.30915013,0.77950126,0.4397787,0.049183033,0.42777425,0.08386083,0.2330714,0.00667572,0.00932346,0.11797678,0.027273865,0.08856395,0.015334064,0.23045608,4.716666666666667
myt842,657b37622855e7001f62297f,0.23767464,0.19644909,0.16675195,0.24175529,0.25923225,0.20897695,0.26086196,0.013634177,0.001182556,0.003144818,0.007816878,0.014395831,0.007430693,0.011146685,0.2448721,8.3
myt842,657b36a12855e7001f61a48a,0.6067322,0.41136384,0.38511166,0.2384713,0.5027464,0.23036613,0.35780817,0.05280026,0.000929832,0.030175667,0.015036922,0.012687869,0.006142589,0.004275845,0.29571074,5.083333333333333
myt842,657b37212855e7001f61fc90,0.50443107,0.44230092,0.11956828,0.42676747,0.87652624,0.38181353,0.34727085,0.015393426,0.001001358,0.005142702,0.00810188,0.013883443,0.006789878,0.007961918,0.20172167,7.233333333333333
myt842,657b379d8b12dc001fd3fc9b,0.39249563,0.63335186,0.08016376,0.4156753,0.7723966,0.46527895,0.23085345,0.08320791,0.002222061,0.037394293,0.019032324,0.021330157,0.011560392,0.00855169,0.22272949,9.266666666666667
myt842,657b361c8b12dc001fd2f199,0.18770115,0.16842249,0.20733587,0.10487753,0.05389532,0.17664811,0.16141449,0.02308189,0.000934601,0.004014268,0.010400894,0.01309778,0.006841661,0.008138849,0.17370681,2.8666666666666667
myt842,657b36598b12dc001fd31dcc,0.44099933,0.3260242,0.48874518,0.3596629,0.038025744,0.36090797,0.68931216,0.027088705,0.000863075,0.0103594,0.010248893,0.011167783,0.006407978,0.004747662,0.23654224,3.9
myt842,657b35dd2855e7001f61196a,0.6673736,0.49848694,0.28055468,0.12088228,0.33160096,0.26862782,0.27272516,0.26859093,0.007095337,0.28034934,0.083359696,0.017299367,0.013217449,0.004836128,0.34103358,1.8166666666666667
nxq1c1,657b36302855e7001f615468,0.006804531,0.019299405,0.64327615,0.2659053,0.012980986,0.13710694,0.07929607,0.038991302,0.002231598,0.003237312,0.008576883,0.011663092,0.02371728,0.004865617,0.18715607,3.3
nxq1c1,657b36d08b12dc001fd36ef5,0.05388788,0.06067711,0.08915572,0.4946355,0.0637539,0.54892164,0.063745245,0.37751234,0.007667542,0.015455672,0.42367843,0.096805766,0.025789235,0.007667032,0.3738578,5.966666666666667
nxq1c1,657b377d8b12dc001fd3e749,0.46550262,0.45727557,0.49823165,0.55690616,0.14960077,0.46328995,0.14057605,0.030034892,0.000925064,0.002441859,0.013554913,0.01087743,0.007922632,0.00333221,0.1958961,8.833333333333334
4r7yup,657b36ab2855e7001f61aa92,0.07813416,0.28810173,0.11852835,0.27052203,0.06977485,0.31489727,0.2238104,0.040183347,0.001897812,0.021786476,0.010134893,0.015728042,0.007586042,0.009849187,0.20457849,6.766666666666667
4r7yup,657b36872855e7001f61922a,0.591195,0.38118678,0.22112842,0.64115596,0.173937,0.7258558,0.24932499,0.2854903,0.007133484,0.28034934,0.17237684,0.020988565,0.008789998,0.006310557,0.23715882,6.183333333333334
2rz33d,657b37ac2855e7001f625a75,0.64245784,0.3854497,0.4841993,0.13464333,0.17732301,0.14432828,0.748714,0.007288316,0.000858307,0.001868392,0.006610371,0.011902207,0.006446815,0.007667032,0.1504031,4
2rz33d,657b37252855e7001f61ff29,0.25667855,0.18607083,0.12538517,0.22137496,0.13990174,0.13908774,0.24105266,0.012880214,0.001149178,0.003607291,0.007740878,0.014600786,0.007547205,0.011323617,0.18662468,1.7666666666666666
v22wt6,657b35888b12dc001fd287c9,0.001094593,0.05156109,0.08192977,0.38107905,0.03589914,0.48720595,0.04766345,0.112333365,0.004367828,0.00588266,0.02567133,0.017299367,0.060119797,0.005013059,0.24502826,1.4166666666666667
uq34q4,657b36392855e7001f615a80,0.36576703,0.2688658,0.10734529,0.13464333,0.22068773,0.13416551,0.32223237,0.031684756,0.002326965,0.007399572,0.011692902,0.021945024,0.009281937,0.016395653,0.24566886,3.75
uq34q4,657b35c38b12dc001fd2b12e,0.16568017,0.059824497,0.0658001,0.052037194,0.08904153,0.075639054,0.039968032,0.47900817,0.023076924,0.43256098,0.46327567,0.2258264,0.011172019,0.029016767,0.18034226,1.7833333333333334
uq34q4,657b35fb8b12dc001fd2da1f,0.13676605,0.074055426,0.0758189,0.08907493,0.059575163,0.075639054,0.08698324,0.15545623,0.003089905,0.008102531,0.046764325,0.025634222,0.012906751,0.013387818,0.28101522,2.716666666666667
uq34q4,657b357f8b12dc001fd28116,0.072815776,0.3780503,0.07241507,0.12310397,0.038025744,0.31061715,0.18141639,0.029445656,0.001163483,0.001868392,0.008823884,0.011868048,0.013113883,0.004069425,0.20375183,0.65
uq34q4,657b35d72855e7001f611563,0.30447376,0.24295193,0.09474389,0.11220199,0.26812777,0.113679945,0.21783899,0.09741997,0.002613068,0.005290694,0.018838953,0.04592061,0.007573096,0.014626338,0.17590067,2.1166666666666667
uq34q4,657b36682855e7001f617bd3,0.28066093,0.25149468,0.06990473,0.06774491,0.31420925,0.07704599,0.097779684,0.30527395,0.007400513,0.014350293,0.14150882,0.07999486,0.024062606,0.013210886,0.45610416,4.516666666666667
uq34q4,657b36d18b12dc001fd36fab,0.57574373,0.27769426,0.5065937,0.13798015,0.26685292,0.12182798,0.41767693,0.051563308,0.000872612,0.002303117,0.02425329,0.012448754,0.006511543,0.004511754,0.42753908,6.3
uq34q4,657b370c8b12dc001fd398e0,0.30662343,0.18863499,0.084609546,0.12534684,0.26812777,0.12182798,0.13720547,0.036162965,0.001659393,0.005364689,0.015492925,0.019348921,0.007119995,0.017457243,0.31026062,7.266666666666667
uq34q4,657b375a2855e7001f62238a,0.25190613,0.11441821,0.69300437,0.09290418,0.18757416,0.08430689,0.2168494,0.046120718,0.002279282,0.009212466,0.014010916,0.023721304,0.008945347,0.020170191,0.42997077,8.55
ttwnvq,657b362c8b12dc001fd2fd43,0.72757494,0.63298756,0.6110108,0.63168776,0.094877556,0.57591593,0.72002685,0.23523538,0.003662109,0.007362573,0.17858955,0.018187506,0.025443908,0.005396411,0.37042436,2.2666666666666666
ttwnvq,657b36992855e7001f619e5f,0.71998465,0.54642093,0.6134658,0.12647597,0.2554408,0.18300404,0.8077189,0.059479803,0.002880096,0.005327691,0.022512967,0.023311393,0.009929225,0.02205746,0.47013065,4.083333333333333
ttwnvq,657b377d2855e7001f623c34,0.81417537,0.79666203,0.13506666,0.5576981,0.68531597,0.7522059,0.7938411,0.027560094,0.001449585,0.008953481,0.013478912,0.018529098,0.008427517,0.010321004,0.38280702,7.9
mcfex2,657b36372855e7001f615947,0.18283133,0.15857893,0.0837122,0.26131186,0.09801555,0.4417066,0.12890771,0.20102765,0.006942749,0.013847848,0.030816011,0.040910475,0.13815513,0.015098156,0.31730127,3.95
mcfex2,657b35a72855e7001f60f394,0.53324854,0.604141,0.18978162,0.27982917,0.34374136,0.513821,0.30989113,0.25915736,0.011978149,0.13805299,0.11464815,0.06195303,0.100830056,0.017811105,0.14397301,1.5666666666666667
3r2mqf,657b37888b12dc001fd3ef12,0.76398236,0.5510323,0.58480096,0.30992806,0.35527012,0.5636331,0.6507959,0.36043653,0.016512826,0.40158966,0.1711343,0.070942834,0.02492592,0.016513607,0.3530559,9.466666666666667
3r2mqf,657b35952855e7001f60e752,0.48960838,0.21791112,0.76283723,0.18124555,0.13776682,0.111035876,0.43852952,0.06025757,0.003185272,0.003884775,0.009431887,0.013166099,0.054947287,0.004511754,0.2334083,1.1833333333333333
3r2mqf,657b35ed2855e7001f612504,0.49393547,0.61032015,0.5835528,0.6491125,0.15724781,0.5796615,0.27761862,0.20705862,0.00743866,0.006067649,0.028612386,0.02126184,0.32665333,0.004010447,0.1332872,2.6333333333333333
3r2mqf,657b36682855e7001f617c93,0.8348585,0.78498834,0.6421657,0.3443384,0.22068773,0.43259746,0.7562747,0.11119666,0.003757477,0.005586676,0.023221988,0.017026093,0.085497424,0.007136237,0.1862125,4.7
tvua78,657b36148b12dc001fd2ec1a,0.52189237,0.30763084,0.30485183,0.09484897,0.16387439,0.13908774,0.6695481,0.017341165,0.001745224,0.004920715,0.008348881,0.017845914,0.008738215,0.015569973,0.25641617,1.8166666666666667
tvua78,657b36838b12dc001fd33bcc,0.78844416,0.41427898,0.54240733,0.08439999,0.20145898,0.14995342,0.8212058,0.014073989,0.001096726,0.004014268,0.008025879,0.014259194,0.007663717,0.010497936,0.31662825,3.683333333333333
tvua78,657b373c2855e7001f620f18,0.7014352,0.49547872,0.38775173,0.07717534,0.28611034,0.09917126,0.6338248,0.012566062,0.000720024,0.001886891,0.008291881,0.010245483,0.006103752,0.004393799,0.33161867,6.766666666666667
tvua78,657b36d98b12dc001fd374d7,0.6034316,0.5883604,0.56230813,0.5133586,0.33698773,0.71416485,0.566324,0.03639866,0.001268387,0.023997234,0.011198899,0.013063621,0.006841661,0.00604516,0.2868096,5.1
yx6dhe,657b36e08b12dc001fd37a34,0.5394599,0.3291235,0.5318181,0.5529493,0.28934738,0.5663657,0.40125707,0.031449065,0.001497269,0.010581387,0.010628895,0.012961143,0.009437286,0.006900329,0.28638265,3.1333333333333333
yx6dhe,657b384f2855e7001f62c644,0.6673736,0.58618766,0.41063997,0.7548724,0.37197965,0.7881755,0.38627097,0.03109552,0.001449585,0.007658557,0.011312899,0.012141321,0.012078222,0.004688685,0.3628427,9.233333333333333
7npkek,657b37ce8b12dc001fd41d39,0.81718874,0.6859704,0.6234784,0.3163838,0.20501089,0.5228196,0.7042106,0.08795626,0.001678467,0.05612817,0.018258847,0.012551232,0.006861079,0.004069425,0.24871446,3.183333333333333
7npkek,657b38008b12dc001fd43dae,0.53324854,0.43190852,0.3580206,0.097804256,0.18987136,0.10842784,0.6648525,0.010492661,0.001006126,0.002737841,0.007265875,0.01309778,0.006886971,0.008846575,0.14093487,4
7npkek,657b377b2855e7001f623ac6,0.46998477,0.82116127,0.6122386,0.39372954,0.22068773,0.38861004,0.23288092,0.11119666,0.003261566,0.08087392,0.024640027,0.012926984,0.010628296,0.003921982,0.37935185,1.8333333333333333
7npkek,657b38582855e7001f62cc46,0.31093162,0.37169906,0.13142079,0.18780111,0.4702151,0.14995342,0.03892087,0.03357032,0.000944138,0.00984143,0.012110904,0.011543535,0.006511543,0.004541242,0.23191579,5.483333333333333
7npkek,657b38662855e7001f62d658,0.29025218,0.24012628,0.16865413,0.2248042,0.2604987,0.15914497,0.27629468,0.063423134,0.003929138,0.003810779,0.018452216,0.054437835,0.010395273,0.03373494,0.2903742,5.716666666666667
7npkek,657b38b28b12dc001fd4b799,0.40365055,0.15131176,0.30077735,0.12310397,0.09801555,0.09753984,0.3374794,0.015456256,0.000977516,0.003348306,0.008044879,0.013166099,0.0069517,0.005897717,0.22276977,7
719bu9,657b37978b12dc001fd3f899,0.548799,0.42159554,0.17055956,0.5576981,0.85593736,0.62178636,0.452598,0.03828422,0.001120567,0.029144434,0.012984909,0.012926984,0.006349722,0.005101525,0.24243292,7.45
719bu9,657b36fb8b12dc001fd38d24,0.30231753,0.6314375,0.13142079,0.5411163,0.10767364,0.62245136,0.38951737,0.043399423,0.001196861,0.035331827,0.012604907,0.011492296,0.006058442,0.002521274,0.2620164,4.883333333333334
719bu9,657b38078b12dc001fd44286,0.5177736,0.5712946,0.13873237,0.12199044,0.073305435,0.1881301,0.10665018,0.37073207,0.021806452,0.37152436,0.13969865,0.060951006,0.34804323,0.007902941,0.19971555,9.316666666666666
xb64ew,657b39a28b12dc001fd579a7,0.19247882,0.17591934,0.18784583,0.39010334,0.24664316,0.4022753,0.14057605,0.27750343,0.023076924,0.10815793,0.24928534,0.19155724,0.015947454,0.068883225,0.47091076,9.5
xb64ew,657b37d88b12dc001fd423d8,0.09634415,0.11026115,0.25661674,0.47344455,0.07509518,0.5959609,0.14057605,0.037577134,0.000863075,0.012541492,0.014732921,0.010962827,0.00632383,0.004010447,0.2381425,1.85
xb64ew,657b38862855e7001f62eb7c,0.42554232,0.29706353,0.1743793,0.214554,0.05310001,0.46262714,0.28693247,0.23523538,0.003929138,0.14875233,0.11464815,0.01941724,0.006938754,0.004246356,0.21162091,4.766666666666667
xb64ew,657b38cb8b12dc001fd4c99d,0.41019276,0.3322319,0.1995043,0.16190393,0.2630359,0.20371327,0.44085595,0.010555492,0.001001358,0.00275634,0.007265875,0.013371054,0.006990537,0.009967142,0.16667692,5.933333333333334
tx4v1z,657b38952855e7001f62f585,0.16568017,0.123228945,0.06179513,0.07629398,0.046880882,0.07287073,0.0712903,0.21642438,0.007400513,0.039456755,0.08484049,0.049177196,0.038220957,0.012739069,0.1565582,9.733333333333333
tx4v1z,657b37712855e7001f6233d3,0.037467137,0.1061449,0.10144578,0.30831957,0.034500618,0.53512233,0.0823234,0.16851899,0.007820129,0.013847848,0.021288296,0.03239325,0.13815513,0.018636785,0.24329199,4.9
rydt9k,657b36918b12dc001fd34576,0.6879137,0.4745136,0.5380701,0.41751894,0.19102257,0.5053549,0.60619146,0.0438942,0.002126694,0.002358613,0.009127886,0.012824507,0.035458352,0.005101525,0.31319654,2.4833333333333334
rydt9k,657b383b2855e7001f62b98b,0.71998465,0.38687348,0.5791836,0.12647597,0.21461551,0.13809541,0.799073,0.005623313,0.000619888,0.001045189,0.006268369,0.009852652,0.006097279,0.004364311,0.18687455,9.566666666666666
rydt9k,657b37738b12dc001fd3e032,0.43657246,0.3622354,0.32696992,0.33434358,0.12825382,0.55542654,0.35218722,0.023317585,0.001306534,0.002164375,0.007797878,0.011936366,0.011456826,0.005455388,0.23323165,6.233333333333333
7ubxyv,657b37118b12dc001fd39cd5,0.47559634,0.7515587,0.32525784,0.4973001,0.8793808,0.49586165,0.253499,0.23523538,0.01159668,0.007658557,0.020450363,0.027273865,0.34804323,0.009908165,0.26661146,3.183333333333333
b3drf6,657b38812855e7001f62e80e,0.1011181,0.081652805,0.09951106,0.15872851,0.029724833,0.24125785,0.09119969,0.25462922,0.003223419,0.005290694,0.2469859,0.03489832,0.007624879,0.004275845,0.24791893,8.1
hy2kmm,657b37892855e7001f624405,0.7362141,0.4610424,0.48685062,0.29238594,0.241647,0.18172787,0.7155325,0.05799546,0.003490448,0.007991537,0.0113509,0.017026093,0.02924249,0.010733845,0.21351355,4.733333333333333
hy2kmm,657b37ba8b12dc001fd40f33,0.5177736,0.3431874,0.43721238,0.11868066,0.3168669,0.13514197,0.600755,0.007508222,0.00061512,0.001322673,0.006657871,0.010006369,0.006207318,0.003980959,0.2742517,5.533333333333333
hy2kmm,657b37e92855e7001f6282b9,0.29025218,0.34161535,0.18591298,0.20442122,0.13990174,0.18941686,0.32223237,0.014765122,0.001420975,0.004014268,0.007797878,0.015249812,0.00823333,0.011559526,0.1930215,6.333333333333333
hy2kmm,657b38b42855e7001f630bc2,0.41019276,0.54872596,0.10536304,0.39010334,0.15834752,0.609099,0.41175127,0.023199737,0.001239777,0.002053381,0.00813988,0.012312118,0.010783645,0.005396411,0.21165848,9.716666666666667
4f7bmb,657b37138b12dc001fd39dcc,0.09634415,0.11026115,0.28457916,0.3493781,0.0671697,0.24400055,0.2060747,0.013571346,0.000748634,0.00294133,0.007284875,0.010689554,0.007391856,0.004747662,0.16306324,1.3333333333333333
4f7bmb,657b379c8b12dc001fd3fc31,0.05726224,0.018094797,0.11135728,0.12761015,0.0671697,0.2344353,0.1832748,0.038519915,0.0020504,0.010581387,0.012794908,0.020100424,0.010809537,0.013682704,0.22854562,3.6333333333333333
4f7bmb,657b39042855e7001f6341ea,0.39695814,0.16102377,0.36323434,0.46119466,0.06977485,0.46892694,0.2829303,0.034277402,0.001125336,0.004550736,0.012642908,0.011611853,0.009126588,0.004954082,0.21037681,9.616666666666667
4f7bmb,657b373f8b12dc001fd3bccd,0.21174517,0.09470313,0.063385084,0.052037194,0.07419816,0.16161843,0.12401656,0.04067813,0.001087189,0.005401687,0.018065477,0.012790347,0.007650771,0.005248968,0.23722142,2.0833333333333335
dtnm39,657b37dd8b12dc001fd426fe,0.49068943,0.6269744,0.07325996,0.17474432,0.22435349,0.33215606,0.41635856,0.022256956,0.000753403,0.003015325,0.009678889,0.010996987,0.007909686,0.003612352,0.1890834,2.85
dtnm39,657b385e8b12dc001fd47e2a,0.1900881,0.23171476,0.18013267,0.17151402,0.19333,0.12838791,0.26191986,0.028502874,0.002193451,0.00932346,0.012034904,0.023721304,0.009955117,0.022175416,0.19775102,5
dtnm39,657b39448b12dc001fd51a0d,0.3130916,0.36538187,0.13873237,0.2566848,0.068034075,0.36224848,0.26299334,0.030977672,0.001468658,0.002219871,0.008652883,0.012277958,0.01238892,0.006458,0.2915643,8.833333333333334
hy7mhc,657b38202855e7001f62a6b2,0.7918444,0.48498702,0.5008911,0.22137496,0.4747874,0.27828732,0.6823719,0.069754265,0.001478195,0.036878675,0.021159383,0.018529098,0.006861079,0.010262027,0.22273819,5.416666666666667
hy7mhc,657b38c88b12dc001fd4c7a1,0.77322286,0.7681125,0.39127967,0.3596629,0.5441482,0.57932097,0.48093218,0.11161,0.003356934,0.10221587,0.02264188,0.016547862,0.010628296,0.007519589,0.31615618,8.233333333333333
n4ymrx,657b378f8b12dc001fd3f42a,0.048882913,0.5075377,0.13750808,0.36676258,0.031070596,0.6137894,0.1870134,0.1587729,0.001440048,0.004809721,0.10440776,0.014874061,0.006479179,0.004718174,0.1574965,4.583333333333333
n4ymrx,657b37532855e7001f621ea1,0.5208621,0.4467775,0.21520184,0.4752015,0.19912818,0.6064106,0.37850162,0.028620722,0.001316071,0.002441859,0.009032886,0.012414595,0.011922873,0.004364311,0.17573763,3.6
t7mn3b,657b37bd8b12dc001fd4114d,0.83820635,0.55873626,0.48722953,0.15556577,0.4327141,0.3191916,0.80630666,0.165053,0.008049011,0.0775651,0.021159383,0.020783609,0.06432246,0.009967142,0.23549739,4.15
t7mn3b,657b382c8b12dc001fd45bc1,0.14154164,0.13941906,0.7775619,0.11114024,0.066309564,0.11016245,0.24105266,0.015267765,0.000987053,0.003921773,0.007816878,0.013576009,0.007249452,0.008079873,0.2926135,6.033333333333333
xpunmt,657b37718b12dc001fd3df08,0.370229,0.42306393,0.34763828,0.101815864,0.18987136,0.13809541,0.6514213,0.007319731,0.000886917,0.002155125,0.006667371,0.012243799,0.007029374,0.007667032,0.17529841,4.516666666666667
xpunmt,657b36d88b12dc001fd3747d,0.6704831,0.43783733,0.51610214,0.10080544,0.15944919,0.14619578,0.7923217,0.006974164,0.000681877,0.001711151,0.006420369,0.010621235,0.006446815,0.005868228,0.18867216,2
xpunmt,657b381f2855e7001f62a62d,0.2638654,0.27033064,0.79574835,0.12088228,0.12616077,0.095122136,0.2789444,0.023317585,0.001239777,0.016259583,0.009678889,0.013746806,0.006608637,0.008020895,0.16762842,7.45
xpunmt,657b38808b12dc001fd494b1,0.83099616,0.6770006,0.5688733,0.09879968,0.4488862,0.3458873,0.8698482,0.0072569,0.000505447,0.001267177,0.006857372,0.009801413,0.006071387,0.00374505,0.12549588,9.033333333333333
g1yg6t,657b36e38b12dc001fd37ca6,0.7762278,0.5510323,0.53728753,0.103851885,0.25670323,0.13029796,0.81460756,0.009236055,0.000839233,0.003033824,0.006828872,0.012551232,0.007029374,0.006428511,0.36845672,1.1333333333333333
g1yg6t,657b37688b12dc001fd3d962,0.77137196,0.77129394,0.3939286,0.6859793,0.4597969,0.6736257,0.3804406,0.049584184,0.001440048,0.033527173,0.016556932,0.014703264,0.006699257,0.007726009,0.2428513,3.3333333333333335
g1yg6t,657b38258b12dc001fd4569f,0.75977564,0.53339165,0.46268427,0.11220199,0.26176634,0.12743886,0.8098156,0.014890783,0.001363754,0.005142702,0.007968879,0.015693882,0.007832011,0.009554301,0.55705905,6.45
uwkhnx,657b384d8b12dc001fd472c0,0.85582304,0.6960254,0.30281326,0.6164646,0.5102212,0.8090565,0.8179429,0.034277402,0.00128746,0.022791367,0.0113509,0.013644327,0.008077981,0.007843964,0.32409486,6.266666666666667
ph9yc9,657b37022855e7001f61e701,0.70276076,0.49247497,0.46984196,0.113268904,0.2541795,0.1331928,0.7530431,0.01017851,0.001058579,0.003422302,0.007028373,0.013268576,0.007327127,0.009849187,0.16322064,1.6166666666666667
ph9yc9,657b36d12855e7001f61c510,0.82709587,0.70975393,0.40450186,0.32125223,0.30040914,0.6117847,0.79535,0.044636376,0.00210762,0.018369852,0.011084898,0.011441057,0.009747985,0.004098913,0.20575652,0.8
akyu3d,657b37f92855e7001f628d0b,0.49610168,0.66124135,0.468711,0.6477577,0.080563076,0.756708,0.38691962,0.25462922,0.01121521,0.008694496,0.029053112,0.036401358,0.3490162,0.007372146,0.21792762,4.55
akyu3d,657b38748b12dc001fd48d93,0.80503285,0.68403965,0.60578775,0.60980463,0.2874042,0.6317424,0.7793703,0.009550206,0.000567436,0.002016383,0.007303875,0.010125926,0.006757513,0.003509142,0.20619129,6.6
akyu3d,657b390b2855e7001f63466b,0.31525248,0.43783733,0.22707964,0.67945254,0.16944648,0.81659454,0.26191986,0.13388206,0.006790161,0.01139534,0.019419061,0.026044132,0.13815513,0.01374168,0.38619447,9.133333333333333
dh46t4,657b38482855e7001f62c1c9,0.80040777,0.584377,0.6020876,0.12761015,0.13883325,0.59697676,0.8386966,0.015519086,0.000810623,0.001849893,0.008728883,0.011799729,0.007974415,0.006399023,0.267045,1.9666666666666666
dh46t4,657b38a22855e7001f62ff02,0.39919263,0.57277304,0.090076774,0.14304936,0.117865905,0.4250046,0.19455506,0.1100022,0.00328064,0.04538634,0.028502205,0.014805742,0.017846745,0.006399023,0.27964428,3.4833333333333334
x4a3p3,657b37ad8b12dc001fd40742,0.5003387,0.35903805,0.132634,0.20778568,0.08712909,0.27551848,0.42824703,0.07608539,0.003185272,0.009767435,0.014428918,0.01893901,0.03407705,0.008846575,0.17688556,1.75
x4a3p3,657b38892855e7001f62ecf5,0.22124074,0.24295193,0.0864158,0.14928007,0.01707348,0.4417066,0.2815996,0.15545623,0.0050354,0.012340514,0.03522326,0.020578653,0.08396416,0.007224703,0.25361666,5.4
x4a3p3,657b39228b12dc001fd502ed,0.6881789,0.4805095,0.46720323,0.16190393,0.28805172,0.14995342,0.70988655,0.011560776,0.001115799,0.003736784,0.007284875,0.013576009,0.007430693,0.009200439,0.16322064,7.95
x4a3p3,657b377a2855e7001f623a41,0.3590947,0.3045994,0.15540445,0.14304936,0.241647,0.18172787,0.4478455,0.019854378,0.001964569,0.005956655,0.009146886,0.01893901,0.009178371,0.01769315,0.439115,0.9333333333333333
x4a3p3,657b39548b12dc001fd5244a,0.5105813,0.31219605,0.20930107,0.14928007,0.43320388,0.15668073,0.4150409,0.024142517,0.002498627,0.006252638,0.009564889,0.020646973,0.009048914,0.026303818,0.6748344,8.716666666666667
x4a3p3,657b393d2855e7001f636943,0.41675794,0.30763084,0.2987437,0.12761015,0.113765255,0.13710694,0.6823719,0.022256956,0.001678467,0.0051797,0.009906891,0.018734055,0.008738215,0.017339287,0.55474275,8.433333333333334
9cxpzh,657b37772855e7001f62380d,0.41675794,0.3291235,0.2705359,0.12310397,0.11581159,0.12461543,0.53660166,0.015958898,0.000929832,0.002386362,0.008329881,0.01261955,0.006925808,0.006428511,0.21315853,2.05
9cxpzh,657b37f22855e7001f62884b,0.54153293,0.54795736,0.5886995,0.33434358,0.3082793,0.25086454,0.088613324,0.42985553,0.014188796,0.32184324,0.4810288,0.096805766,0.008531082,0.009967142,0.35886014,4.1
9cxpzh,657b38d12855e7001f63203a,0.42114583,0.27033064,0.11034848,0.27206606,0.26430678,0.27828732,0.33052772,0.04216247,0.001354218,0.024198212,0.011844902,0.012175481,0.006789878,0.004895105,0.25027898,7.766666666666667
9cxpzh,657b394f2855e7001f637569,0.22591716,0.29107937,0.11135728,0.12874979,0.10767364,0.2102981,0.17588417,0.057005897,0.001716614,0.011321344,0.019741343,0.021330157,0.008712323,0.012857023,0.36681804,9.916666666666666
uq68rk,657b39028b12dc001fd4ec9e,0.39695814,0.39833438,0.20930107,0.13966006,0.25923225,0.16410081,0.40125707,0.019477395,0.001754761,0.004772724,0.009298887,0.018529098,0.00789674,0.018164968,0.17600483,7.766666666666667
uq68rk,657b394f8b12dc001fd52127,0.69310606,0.43783733,0.52298874,0.101815864,0.2074021,0.12934102,0.78495383,0.006471522,0.000767708,0.00172965,0.00654387,0.01220964,0.006304411,0.007313169,0.1538659,9.016666666666667
uq68rk,657b37838b12dc001fd3eb08,0.2638654,0.25149468,0.31507698,0.20107053,0.20381775,0.16410081,0.2815996,0.01237757,0.001115799,0.003200315,0.007645877,0.013644327,0.007391856,0.00855169,0.14991485,1.3666666666666667
uq68rk,657b37d98b12dc001fd424c2,0.4863679,0.47226468,0.132634,0.21116324,0.2554408,0.23307678,0.39081794,0.08716487,0.003395081,0.047190998,0.016784932,0.021466793,0.008349842,0.010674868,0.24286412,2.816666666666667
uq68rk,657b382c8b12dc001fd45bf1,0.17055981,0.14414358,0.09568947,0.12647597,0.07872421,0.1406137,0.20220721,0.059479803,0.001497269,0.008620501,0.020901557,0.02392626,0.007016428,0.010321004,0.13919878,4.2
m1frqt,657b39332855e7001f636276,0.09264324,0.28065717,0.6404989,0.08718978,0.09097064,0.05055534,0.069187365,0.030506283,0.000934601,0.003366805,0.011654901,0.01805087,0.006925808,0.007726009,0.20934871,9.6
en7ux4,657b393e2855e7001f6369e6,0.07458106,0.050760724,0.30077735,0.12989433,0.0366042,0.10081833,0.09911501,0.03545588,0.000748634,0.006622616,0.017485369,0.010655395,0.006155535,0.003096301,0.23412783,9.333333333333334
en7ux4,657b37a98b12dc001fd40478,0.33484155,0.7231455,0.28457916,0.33434358,0.045366183,0.49086726,0.35569787,0.034984488,0.00125885,0.002830336,0.010742896,0.013336895,0.012337137,0.007431123,0.17978169,2.55
en7ux4,657b38068b12dc001fd441e9,0.08897218,0.123228945,0.26853967,0.12534684,0.15944919,0.09835357,0.1907705,0.022256956,0.000658035,0.001794396,0.010970897,0.011816809,0.006090806,0.003980959,0.15032797,4.1
en7ux4,657b38972855e7001f62f74e,0.14154164,0.2017425,0.13750808,0.21116324,0.06207031,0.18684532,0.37979394,0.016587202,0.000915527,0.003607291,0.009412888,0.013302735,0.007003482,0.007726009,0.18673702,6.533333333333333
en7ux4,657b386e8b12dc001fd489da,0.32175437,0.7844646,0.11646001,0.37569132,0.06890261,0.6016993,0.22281083,0.045873325,0.002288818,0.005401687,0.010210892,0.012448754,0.028206514,0.005514365,0.20575972,5.866666666666666
7fvzma,657b380f2855e7001f629b6e,0.09634415,0.23171476,0.43795803,0.23170424,0.32154247,0.2617657,0.21883002,0.012817383,0.000581741,0.002340114,0.008006879,0.010330882,0.006265574,0.004098913,0.18471609,2.8833333333333333
7fvzma,657b38612855e7001f62d2d5,0.7103591,0.7288609,0.33039993,0.20107053,0.3235492,0.36762297,0.51159143,0.017592486,0.001058579,0.005623675,0.009469888,0.014395831,0.0077155,0.009613278,0.18300468,4.25
vakm6x,657b38598b12dc001fd47ac3,0.19487326,0.08068535,0.09286537,0.11977882,0.10767364,0.1424673,0.17956558,0.06421452,0.002250671,0.010803374,0.014200917,0.016137952,0.011922873,0.007608055,0.17525749,4.616666666666666
1uph1f,657b398f2855e7001f63b25c,0.42114583,0.2821423,0.43870386,0.097804256,0.073305435,0.16161843,0.7605583,0.010429831,0.001015663,0.002922831,0.007094874,0.013336895,0.007197669,0.00855169,0.17770086,5.85
1uph1f,657b39392855e7001f6366ba,0.32392803,0.46777606,0.19172014,0.3721121,0.44096267,0.3858881,0.07780581,0.37458646,0.019224197,0.46028158,0.18355975,0.15635987,0.030969119,0.04062295,0.47039527,4.416666666666667
kxhueq,657b387f2855e7001f62e6d8,0.79210544,0.528046,0.5631679,0.15241629,0.37882805,0.17664811,0.801273,0.013382856,0.001158714,0.004236255,0.007759878,0.014976538,0.007430693,0.008433735,0.3197791,4.05
kxhueq,657b38638b12dc001fd48233,0.7685352,0.5494945,0.555877,0.6156804,0.5092472,0.67749506,0.7042106,0.029092113,0.001659393,0.00189614,0.007873878,0.011714331,0.018537397,0.004452776,0.2851145,3.6166666666666667
bga8b7,657b38a58b12dc001fd4ae70,0.03907572,0.09470313,0.8791338,0.18780111,0.00540308,0.09917126,0.070585586,0.08953904,0.001573563,0.06658725,0.01890341,0.01220964,0.006149062,0.003199511,0.19511712,2.65
bga8b7,657b39eb2855e7001f642f97,0.6954209,0.4610424,0.5830847,0.2782709,0.33160096,0.4270814,0.49760383,0.27236435,0.006141663,0.28883415,0.11978693,0.024951037,0.007586042,0.007667032,0.26713112,8.083333333333334
bga8b7,657b399e8b12dc001fd5754f,0.7810768,0.7617265,0.13142079,0.6632603,0.71713895,0.67749506,0.47233805,0.09481675,0.001926422,0.06658725,0.025542418,0.011697251,0.006297939,0.003066813,0.29015908,6.816666666666666
npm9bk,657b39ad2855e7001f63db27,0.34802857,0.23450792,0.37195632,0.11434096,0.27452108,0.12555276,0.46080792,0.017089844,0.001120567,0.004384246,0.008766884,0.015693882,0.007547205,0.0108518,0.13545781,8.533333333333333
npm9bk,657b39882855e7001f63a866,0.46102837,0.50527126,0.11440699,0.12534684,0.3349665,0.26862782,0.4478455,0.09033044,0.004215241,0.010655383,0.021481665,0.06345607,0.011586283,0.045393124,0.3704461,7.916666666666667
npm9bk,657b39902855e7001f63b3eb,0.28066093,0.31219605,0.26256776,0.26284042,0.24664316,0.1881301,0.2842627,0.013697007,0.001158714,0.003884775,0.00812088,0.014942379,0.006874025,0.014744292,0.20659164,8.05
npm9bk,657b388c8b12dc001fd49d53,0.36354095,0.2601326,0.31918415,0.20778568,0.23667608,0.21960624,0.34166783,0.009173225,0.000863075,0.002367863,0.006990373,0.01220964,0.006731622,0.006959306,0.18824996,3.7
npm9bk,657b38078b12dc001fd44283,0.4080091,0.3732835,0.29671258,0.088129774,0.28869942,0.10416048,0.5888903,0.015707577,0.001106262,0.004088263,0.008367881,0.015044857,0.007624879,0.010674868,0.2438486,1.4666666666666666
npm9bk,657b38bb2855e7001f6310ed,0.6562289,0.44081154,0.5016511,0.15241629,0.113765255,0.18172787,0.7573486,0.010743983,0.001015663,0.003773782,0.007284875,0.012517073,0.0069517,0.006192603,0.22086215,4.466666666666667
7718ft,657b3b0f2855e7001f65b754,0.35244697,0.3322319,0.1956059,0.11220199,0.293892,0.24125785,0.14057605,0.36095104,0.015479924,0.44690517,0.16124763,0.04867618,0.011638066,0.009731233,0.2704297,8.266666666666667
7718ft,657b39cf2855e7001f64090c,0.5157165,0.5854634,0.2785459,0.51515037,0.40118277,0.60775506,0.44918248,0.1373533,0.002422333,0.116281845,0.03158728,0.013063621,0.006194372,0.004157891,0.39908355,2.95
7718ft,657b3a422855e7001f64a36e,0.31525248,0.097840905,0.13142079,0.116500415,0.09685559,0.111035876,0.20996813,0.055768944,0.001554489,0.030949092,0.017292,0.01805087,0.007702554,0.010026119,0.31599167,4.85
7xhp7w,657b37ce2855e7001f627137,0.6237417,0.2821423,0.35888863,0.11114024,0.095864415,0.12649381,0.783768,0.013382856,0.001006126,0.002626848,0.007968879,0.013063621,0.007184723,0.007549078,0.1732668,0.8
7xhp7w,657b37f08b12dc001fd4334d,0.35466036,0.13010159,0.11338645,0.116500415,0.08904153,0.10248133,0.0712903,0.3974717,0.011520386,0.05612817,0.4196762,0.11230402,0.025098583,0.013859635,0.26584992,1.35
7xhp7w,657b390f8b12dc001fd4f463,0.18283133,0.4393238,0.0966388,0.16190393,0.049958427,0.15184323,0.13888659,0.15656179,0.004730225,0.017264472,0.02122384,0.019758832,0.13815513,0.007047772,0.32611528,6.116666666666666
7xhp7w,657b39e58b12dc001fd5d51f,0.48960838,0.34476215,0.32525784,0.18780111,0.17958881,0.15914497,0.50457335,0.015896067,0.001187325,0.004273253,0.008481883,0.015557245,0.007158832,0.013033954,0.17900866,9.716666666666667
q6b763,657b39d58b12dc001fd5bef9,0.41675794,0.42306393,0.2705359,0.13966006,0.19217539,0.18172787,0.551184,0.009361716,0.001077652,0.00258985,0.007246875,0.013268576,0.007417747,0.009613278,0.14968291,5.816666666666666
q6b763,657b39632855e7001f6383cc,0.31741676,0.23450792,0.06661317,0.13630773,0.18757416,0.20240258,0.36691782,0.028974265,0.001945496,0.011025362,0.0113509,0.019553876,0.00746953,0.014449406,0.23305072,3.9
q6b763,657b3a0e8b12dc001fd60cb6,0.5105813,0.24863632,0.43795803,0.14615701,0.11992822,0.122753285,0.7166579,0.012628892,0.000991821,0.003866276,0.007797878,0.015215653,0.00713294,0.009259416,0.41495505,6.75
q6b763,657b38ed8b12dc001fd4df78,0.370229,0.23171476,0.33728355,0.44155863,0.23791625,0.6251096,0.2990281,0.075294,0.002212524,0.058856625,0.017549826,0.013302735,0.006349722,0.006015671,0.31511316,1.9166666666666667
q6b763,657b39962855e7001f63bb97,0.5824548,0.31219605,0.46833396,0.124222845,0.19912818,0.10500617,0.6950658,0.015456256,0.001392365,0.004439743,0.00819688,0.015591404,0.007909686,0.010674868,0.48907128,4.75
vfeuuc,657b39e28b12dc001fd5cff4,0.11904381,0.56022775,0.11956828,0.37928078,0.08712909,0.4420447,0.053565264,0.4269174,0.020902663,0.15303208,0.47273466,0.2395431,0.01750142,0.0429197,0.17960194,8.316666666666666
2uz7xb,657b37ec8b12dc001fd43119,0.09080389,0.19381917,0.103396736,0.097804256,0.07241669,0.10585547,0.09250268,0.41690505,0.023364257,0.025605056,0.06023245,0.1612468,0.52547425,0.020995872,0.23408794,1.15
2uz7xb,657b37cf2855e7001f6271cc,0.0835197,0.16842249,0.09474389,0.042773757,0.31157106,0.091954015,0.12401656,0.30319387,0.011291504,0.19100772,0.1823172,0.08193458,0.011068452,0.045569796,0.30528325,0.6833333333333333
yddg93,657b39792855e7001f6393ae,0.8126621,0.41866332,0.5657481,0.5053138,0.25040436,0.7963386,0.8598343,0.01834645,0.000863075,0.009545447,0.00806388,0.010228404,0.0061879,0.003833516,0.36793047,5.933333333333334
yddg93,657b38b78b12dc001fd4bb94,0.45544812,0.41427898,0.5606272,0.33765376,0.22435349,0.5636331,0.59274316,0.018723432,0.001049042,0.010063417,0.007873878,0.012107162,0.006763986,0.006369534,0.3390782,2.7
xk2fyw,657b39312855e7001f6360bc,0.76998276,0.58654964,0.14790365,0.68665725,0.48449963,0.80227935,0.6160746,0.08795626,0.00210762,0.058856625,0.021417208,0.01982715,0.007819066,0.008846575,0.34810266,3.9833333333333334
zwcmc7,657b38d32855e7001f63216d,0.70276076,0.49247497,0.46984196,0.113268904,0.2541795,0.1331928,0.7530431,0.01017851,0.001058579,0.003422302,0.007028373,0.013268576,0.007327127,0.009849187,0.16322064,1.6333333333333333
zwcmc7,657b38fa8b12dc001fd4e748,0.35244697,0.2630332,0.0837122,0.14928007,0.22190776,0.13908774,0.23288092,0.07845957,0.002098084,0.010951365,0.022706337,0.024951037,0.00838868,0.014980201,0.21010923,2.316666666666667
gapduq,657b3bcd2855e7001f66baed,0.06582858,0.10410205,0.70951694,0.18124555,0.07509518,0.18556258,0.052959703,0.013382856,0.000581741,0.003718285,0.007949878,0.009733095,0.006077861,0.003111046,0.20365387,4.333333333333333
gapduq,657b3c1f8b12dc001fd8d896,0.27349865,0.24863632,0.18784583,0.07454585,0.31025347,0.091954015,0.03892087,0.2412222,0.006523132,0.18705739,0.082372494,0.041160982,0.008608758,0.014213498,0.30626622,5.7
gapduq,657b3cbd8b12dc001fd9a2f9,0.062378917,0.13010159,0.636604,0.11977882,0.07690128,0.07990451,0.08990326,0.01834645,0.000967979,0.003144818,0.009032886,0.013439372,0.007171778,0.008374758,0.36475566,8.316666666666666
nrvbkf,657b392f2855e7001f635fd0,0.05054392,0.45577124,0.10241937,0.54741997,0.031070596,0.6684491,0.06308177,0.2412222,0.009651184,0.006807606,0.028171662,0.025360947,0.34804323,0.006104137,0.19041495,4.466666666666667
nrvbkf,657b39f22855e7001f643945,0.39026847,0.42306393,0.519945,0.51425433,0.05389532,0.5986667,0.49137145,0.039462693,0.001440048,0.003588792,0.011844902,0.011560614,0.013010317,0.003450164,0.20704399,7.716666666666667
6d4mma,657b398d2855e7001f63aecb,0.06756433,0.09470313,0.8462788,0.09484897,0.052308604,0.0483515,0.13386428,0.017843807,0.000739098,0.002626848,0.009678889,0.012482914,0.006459761,0.005131014,0.18472005,3.1166666666666667
6d4mma,657b3abc2855e7001f6547c5,0.7944499,0.58220637,0.46720323,0.72420913,0.30959514,0.7611845,0.6875807,0.112540044,0.003585815,0.10221587,0.032028005,0.027137227,0.008259222,0.013505772,0.33262795,8.166666666666666
8fexvx,657b396e8b12dc001fd5375a,0.8068225,0.5211895,0.55789053,0.1977331,0.35935265,0.35750914,0.73227715,0.1373533,0.002307892,0.11860296,0.030816011,0.012756188,0.005967822,0.003774539,0.23896857,4.266666666666667
8fexvx,657b3a8b2855e7001f6506a3,0.7362141,0.37964377,0.5496897,0.10283129,0.20029284,0.1361225,0.801273,0.005089255,0.000593662,0.001183931,0.006021367,0.00998929,0.006090806,0.005248968,0.18687455,9.066666666666666
8fexvx,657b390a2855e7001f6345ec,0.38138592,0.3431874,0.1995043,0.20778568,0.25040436,0.27137864,0.17040536,0.33338684,0.009536743,0.38208112,0.16839184,0.02973333,0.00823333,0.008669644,0.17794275,2.65
3aec1e,657b38998b12dc001fd4a5ef,0.7993752,0.6698556,0.30077735,0.39736483,0.3336196,0.6645543,0.57311803,0.0438942,0.001420975,0.028628819,0.012186904,0.010347961,0.007197669,0.004128402,0.23609143,1.5833333333333333
3aec1e,657b39268b12dc001fd5059e,0.84759873,0.77973944,0.5876084,0.5975735,0.5871726,0.6157913,0.68931216,0.04216247,0.001115799,0.018470341,0.016100928,0.012277958,0.006556854,0.004187379,0.23471156,3.8666666666666667
3aec1e,657b39f58b12dc001fd5eb6e,0.1320083,0.19909015,0.8373276,0.09484897,0.07872421,0.053384893,0.21192604,0.010806813,0.000653267,0.001960886,0.007303875,0.01128734,0.006427396,0.004600219,0.201134,7.383333333333334
3aec1e,657b3a452855e7001f64a7a6,0.07105747,0.2044055,0.84387964,0.1100836,0.045366183,0.075639054,0.17956558,0.017089844,0.000739098,0.002108878,0.009336887,0.013131939,0.006265574,0.008492713,0.17055318,8.716666666666667
3aec1e,657b3a7f2855e7001f64f5c5,0.37917098,0.5628072,0.0966388,0.32287985,0.4835218,0.39679858,0.16678733,0.012063419,0.000500679,0.002266119,0.007531876,0.010655395,0.00603255,0.004187379,0.16827309,9.683333333333334
3aec1e,657b39a92855e7001f63d523,0.24952528,0.08957884,0.29468432,0.20442122,0.10194144,0.27967444,0.3493778,0.029327808,0.000910759,0.01374736,0.011920903,0.012141321,0.00636914,0.005543854,0.18527435,6.116666666666666
3aec1e,657b39848b12dc001fd55087,0.822169,0.7643907,0.5393202,0.259786,0.17168832,0.54412395,0.79759216,0.032156147,0.001120567,0.01656105,0.009431887,0.010928668,0.007158832,0.004010447,0.21357794,5.5
3aec1e,657b38db2855e7001f632720,0.6280018,0.7315773,0.2369578,0.17474432,0.07781066,0.45799002,0.33887354,0.09958932,0.002241135,0.055218685,0.020450363,0.011236101,0.007521313,0.004482265,0.23607424,2.683333333333333
3aec1e,657b39db2855e7001f641977,0.52498543,0.6146854,0.197553,0.19109875,0.19680415,0.28245366,0.36884195,0.019351736,0.000782013,0.003755282,0.010134893,0.012448754,0.006718676,0.005986183,0.18243454,6.95
3aec1e,657b3a308b12dc001fd63a42,0.80323815,0.47976455,0.5414302,0.24175529,0.32689932,0.40707883,0.7300615,0.104361884,0.003242493,0.007399572,0.033019636,0.043165036,0.009359611,0.025832001,0.46504605,8.383333333333333
ddqryb,657b397b8b12dc001fd54342,0.7823966,0.83807844,0.5411175,0.49818915,0.29649553,0.698771,0.73558867,0.017843807,0.000634193,0.005216698,0.00983089,0.009442741,0.006343249,0.002963603,0.27174246,3.7666666666666666
ddqryb,657b3a662855e7001f64d456,0.41456708,0.7590576,0.26256776,0.7474607,0.18528372,0.6914219,0.12890771,0.11202335,0.003509522,0.07591068,0.033790905,0.027000591,0.011974656,0.015805881,0.43080077,7.7
v3d8c7,657b39c38b12dc001fd5a5b5,0.7043515,0.67755306,0.25859782,0.6197072,0.3915358,0.74312913,0.50906885,0.034277402,0.001440048,0.023193322,0.010400894,0.013063621,0.006874025,0.006605443,0.27673292,3.5166666666666666
v3d8c7,657b3a582855e7001f64c18d,0.77299154,0.62360495,0.43051165,0.30671462,0.25670323,0.37842464,0.80911946,0.021196328,0.000977516,0.010655383,0.008006879,0.01130442,0.0065698,0.005366922,0.16914171,6
v3d8c7,657b3ad72855e7001f656cde,0.8540149,0.85476875,0.6865486,0.5827628,0.4706232,0.74881315,0.77530444,0.07291982,0.00164032,0.050671257,0.020192537,0.012346277,0.007081157,0.004895105,0.35505626,8.116666666666667
wkcc9h,657b3ba82855e7001f6688bc,0.5157165,0.074055426,0.07241507,0.12534684,0.6976902,0.14619578,0.07706639,0.30993456,0.013478675,0.21075934,0.16839184,0.08775374,0.032005094,0.01686747,0.2744889,8.233333333333333
wkcc9h,657b3bf12855e7001f66e9c8,0.08714753,0.06856995,0.6471572,0.101815864,0.064601645,0.11016245,0.048238236,0.32397532,0.015415368,0.27875587,0.18480228,0.06495911,0.061736204,0.012739069,0.22213688,9.433333333333334
wkcc9h,657b3b112855e7001f65bad6,0.7295142,0.80601966,0.47512424,0.82624924,0.471113,0.8867396,0.5776312,0.05824285,0.002593994,0.005734668,0.019419061,0.0166845,0.021472665,0.007608055,0.29571888,5.716666666666667
bt6gqc,657b39d38b12dc001fd5bc44,0.41019276,0.35425907,0.25859782,0.19440953,0.27837306,0.16784096,0.3346948,0.014513801,0.001525879,0.002478856,0.008462882,0.017777596,0.006964645,0.016395653,0.24958418,5.716666666666667
bt6gqc,657b39e82855e7001f642b6a,0.71583486,0.4497687,0.48836628,0.116500415,0.21703479,0.12090656,0.748714,0.009675868,0.000953674,0.00310782,0.006828872,0.012858666,0.00704232,0.007608055,0.16515143,6.066666666666666
bt6gqc,657b3a928b12dc001fd6c027,0.4928531,0.36380813,0.42457205,0.20442122,0.26685292,0.17791487,0.48056626,0.010304171,0.000801086,0.001979385,0.007075874,0.012107162,0.006822242,0.00687084,0.15395038,8.883333333333333
bt6gqc,657b3aa02855e7001f652287,0.32828447,0.2821423,0.20733587,0.21795772,0.28094688,0.19718185,0.32223237,0.021549871,0.002336502,0.003773782,0.010058892,0.021125201,0.00838868,0.016277699,0.17019588,9.133333333333333
bt6gqc,657b3a272855e7001f647f1b,0.35023654,0.3337895,0.2546384,0.12989433,0.22680563,0.13514197,0.27272516,0.050573748,0.002918243,0.005364689,0.016860934,0.039657943,0.007624879,0.021349736,0.17553945,7.116666666666666
bt6gqc,657b391b2855e7001f6351e4,0.50340754,0.41720122,0.09854957,0.301915,0.06977485,0.4517044,0.1631984,0.032156147,0.001335144,0.003607291,0.010856897,0.011065305,0.011172019,0.003214256,0.2592014,2.65
uy8wm1,657b3b992855e7001f6674ef,0.23060848,0.29706353,0.12538517,0.2736125,0.241647,0.4460901,0.31947964,0.028031485,0.001029968,0.004532238,0.012756908,0.016479544,0.006647474,0.007313169,0.28113163,9.516666666666667
uy8wm1,657b39f08b12dc001fd5e3c2,0.3130916,0.1061449,0.10241937,0.29555178,0.26685292,0.40639198,0.45601654,0.055521555,0.001831055,0.03919895,0.014428918,0.015386449,0.006168481,0.008079873,0.40123826,2.4166666666666665
uy8wm1,657b3ad48b12dc001fd71a51,0.5633769,0.49322554,0.2231094,0.45587033,0.113765255,0.72701746,0.5140231,0.026617315,0.001130104,0.016159095,0.009507888,0.012038844,0.006537435,0.004600219,0.3406877,6.233333333333333
dva27g,657b39878b12dc001fd554df,0.8075877,0.70673853,0.4974719,0.214554,0.16498521,0.4022753,0.79759216,0.027088705,0.000982285,0.006585619,0.00971689,0.013131939,0.008065036,0.008433735,0.26061678,3.283333333333333
dva27g,657b3a938b12dc001fd6c2d9,0.03907572,0.097840905,0.06179513,0.214554,0.08712909,0.26450998,0.0823234,0.28312725,0.011291504,0.008694496,0.06564732,0.2847897,0.043309137,0.026185863,0.33406773,7.75
dva27g,657b39a82855e7001f63d49c,0.17790961,0.28810173,0.07241507,0.13966006,0.095864415,0.16410081,0.2815996,0.07845957,0.004386902,0.023193322,0.012376905,0.026454043,0.018364733,0.015334064,0.21102993,3.8333333333333335
dva27g,657b39cf8b12dc001fd5b6a3,0.6336862,0.40990886,0.49064076,0.18451619,0.22068773,0.14807095,0.677725,0.007225486,0.000743866,0.002136626,0.006391869,0.0113215,0.006621582,0.006163114,0.1504031,4.483333333333333
dva27g,657b3b002855e7001f65a3c8,0.7399132,0.49773452,0.51287323,0.11114024,0.27196017,0.12934102,0.7833714,0.008010864,0.000801086,0.002515854,0.00649637,0.011543535,0.006815769,0.006900329,0.17959608,9.55
dva27g,657b3ae58b12dc001fd7324e,0.18770115,0.3291235,0.064186096,0.12647597,0.084290154,0.20634092,0.19836703,0.11336674,0.002241135,0.004328749,0.05086332,0.015659723,0.009696201,0.004423288,0.21667506,9.116666666666667
dva27g,657b39032855e7001f6340ec,0.53118056,0.22616051,0.46644977,0.113268904,0.11581159,0.099992886,0.666615,0.012691722,0.000929832,0.003255812,0.00810188,0.013302735,0.007055265,0.007401635,0.29358628,1.05
dva27g,657b39428b12dc001fd5188b,0.1320083,0.20707954,0.07410899,0.10903197,0.093894765,0.15422586,0.0808017,0.045378547,0.002155304,0.002145876,0.009393888,0.012926984,0.0287245,0.005278457,0.24090058,2.1
dva27g,657b3a372855e7001f64950d,0.7524034,0.39545837,0.39481232,0.5640437,0.8359204,0.5197467,0.59274316,0.09655223,0.004310608,0.003126319,0.013592913,0.01490822,0.07246469,0.005779763,0.31798133,6.216666666666667
dva27g,657b3b192855e7001f65c494,0.4080091,0.13010159,0.5442054,0.07110781,0.113765255,0.055123147,0.2248115,0.19504376,0.01121521,0.007399572,0.017549826,0.025634222,0.2606104,0.010556913,0.16767055,9.966666666666667
2kngz9,657b3a7f2855e7001f64f613,0.46662265,0.26594394,0.5024112,0.8242254,0.070651315,0.7888739,0.2248115,0.02402467,0.001120567,0.003718285,0.009526889,0.010911589,0.009773877,0.00395147,0.20695305,6.4
krv4a7,657b39752855e7001f639003,0.72157365,0.53262734,0.49064076,0.12989433,0.27324003,0.11816678,0.75088155,0.013320025,0.000829697,0.002626848,0.008310881,0.013200258,0.006925808,0.006163114,0.271773,2.6166666666666667
krv4a7,657b39312855e7001f63615f,0.52189237,0.60832024,0.18591298,0.16190393,0.08523248,0.3163268,0.49540368,0.063027434,0.002298355,0.00362579,0.012224905,0.013063621,0.01940071,0.005072037,0.26195437,1.5
3vt3ac,657b39752855e7001f639034,0.6709276,0.37011713,0.5167424,0.13464333,0.21703479,0.27551848,0.8398136,0.011749268,0.000934601,0.002534353,0.007797878,0.01309778,0.00713294,0.007608055,0.18739033,4.5
3vt3ac,657b38b18b12dc001fd4b710,0.36576703,0.13941906,0.12165971,0.16190393,0.6815711,0.23036613,0.31947964,0.13041082,0.005989075,0.006696612,0.018645585,0.043165036,0.077831104,0.023119051,0.2653203,1.25
3vt3ac,657b39152855e7001f634d7d,0.8019533,0.56797075,0.46419,0.103851885,0.25923225,0.3006852,0.846279,0.010115679,0.000548363,0.00138742,0.007588876,0.009451281,0.006485652,0.003111046,0.23377307,2.9166666666666665
q9qwcd,657b3af22855e7001f659132,0.48313004,0.37169906,0.49177837,0.30671462,0.38328686,0.32062647,0.24621093,0.049089402,0.000982285,0.005253696,0.02618698,0.013063621,0.006084333,0.003700818,0.26251915,9.083333333333334
q9qwcd,657b39c28b12dc001fd5a46a,0.53324854,0.72994775,0.40537766,0.5751816,0.13457838,0.74426836,0.33330446,0.02543884,0.001325607,0.00190539,0.008671884,0.01086035,0.01187109,0.003523886,0.2295819,4.016666666666667
gt7ary,657b39e88b12dc001fd5d951,0.27108505,0.17844121,0.0966388,0.17151402,0.23915827,0.1690925,0.08698324,0.2854869,0.008010864,0.039456755,0.1378885,0.04792466,0.060119797,0.019934284,0.3320231,3.7666666666666666
gt7ary,657b3b272855e7001f65d7fd,0.7099175,0.3384778,0.46908796,0.301915,0.19102257,0.3588821,0.5359593,0.121732734,0.003585815,0.10221587,0.029383656,0.018597418,0.00713294,0.007961918,0.2426949,9.083333333333334
gt7ary,657b39ab8b12dc001fd585eb,0.41237864,0.68307376,0.21914949,0.27982917,0.304994,0.45600423,0.34867516,0.043646812,0.001134872,0.020078164,0.013554913,0.010433359,0.006582745,0.002963603,0.3435141,2.75
gt7ary,657b3a7b8b12dc001fd6a1ce,0.2974811,0.3045994,0.120612115,0.18451619,0.26557916,0.23307678,0.10819229,0.057748068,0.001440048,0.020781586,0.020321451,0.014464149,0.006886971,0.005131014,0.26955333,6.216666666666667
gt7ary,657b3b578b12dc001fd7cc7c,0.7562662,0.5151119,0.57145125,0.11434096,0.26557916,0.09917126,0.801273,0.015519086,0.001120567,0.004236255,0.00810188,0.016069634,0.007288289,0.010910776,0.19725378,9.866666666666667
42kyah,657b3aad2855e7001f653319,0.08714753,0.44081154,0.16675195,0.38829362,0.21946844,0.4768965,0.116013184,0.30319387,0.006828308,0.316,0.16766082,0.025087673,0.008893564,0.005661808,0.36926767,4.95
42kyah,657b3b492855e7001f6606e1,0.1011181,0.20707954,0.11956828,0.13133545,0.14311765,0.17791487,0.06441256,0.36095104,0.008773804,0.28034934,0.2735258,0.03990845,0.007081157,0.009082484,0.2279669,7.566666666666666
42kyah,657b3bc52855e7001f66b080,0.42994708,0.095743746,0.25069022,0.14615701,0.21100153,0.3235005,0.17405254,0.014827953,0.000691414,0.007066591,0.00815888,0.009903891,0.006479179,0.003804027,0.2812016,9.633333333333333
2bd7kq,657b3a362855e7001f64937a,0.747833,0.4467775,0.89937305,0.15241629,0.1303544,0.28803274,0.7155325,0.025085296,0.000753403,0.01191331,0.009393888,0.00993805,0.006168481,0.003317466,0.20340289,5.716666666666667
2bd7kq,657b39c82855e7001f63fe5c,0.756968,0.6532433,0.49405548,0.6445411,0.7615842,0.7129883,0.46612936,0.049584184,0.001678467,0.029402243,0.014504919,0.013063621,0.007508367,0.006516977,0.31754822,3.8666666666666667
2bd7kq,657b3ac52855e7001f655408,0.74537,0.64864933,0.62319833,0.3544385,0.20029284,0.41671616,0.6268691,0.011120965,0.00061512,0.001701901,0.007569877,0.011475217,0.006168481,0.004806639,0.24016538,8.083333333333334
2bd7kq,657b3b2d8b12dc001fd793bd,0.77437913,0.7456412,0.5774659,0.32614216,0.37574476,0.5297189,0.7573486,0.01608456,0.000939369,0.004217756,0.009336887,0.015215653,0.007417747,0.010321004,0.47392568,9.833333333333334
ah2y2m,657b3af28b12dc001fd742f3,0.749943,0.4041079,0.56863874,0.09879968,0.14419319,0.12934102,0.8192568,0.00713124,0.000658035,0.001711151,0.006410869,0.010655395,0.006401504,0.004954082,0.23537853,3.9833333333333334
ah2y2m,657b3a6d2855e7001f64dd6b,0.6536154,0.7643907,0.13384935,0.2767157,0.3275703,0.3750422,0.2815996,0.32128486,0.012897668,0.3758158,0.13064787,0.022423252,0.010188141,0.007313169,0.34484082,1.7833333333333334
ah2y2m,657b3ba08b12dc001fd830cf,0.5850388,0.16594493,0.2369578,0.060451824,0.088083394,0.092740074,0.33052772,0.43720075,0.023076924,0.5135796,0.21135417,0.07255927,0.13751452,0.014213498,0.27074352,6.866666666666666
ah2y2m,657b3be02855e7001f66d342,0.115430765,0.09678974,0.61438614,0.09097979,0.021337438,0.068169184,0.07199883,0.01834645,0.000863075,0.006363631,0.007797878,0.012448754,0.007171778,0.005248968,0.20450267,7.95
ah2y2m,657b3c368b12dc001fd8f5a7,0.71442235,0.54872596,0.28457916,0.09387397,0.08712909,0.13416551,0.48605832,0.37458646,0.015609037,0.44690517,0.14512913,0.03615085,0.01101667,0.008669644,0.20659202,9.383333333333333
cynhqt,657b39562855e7001f637a74,0.7399132,0.6463042,0.5103988,0.46643472,0.62537384,0.52817386,0.46612936,0.011372286,0.000503063,0.001396669,0.008690883,0.00997221,0.005767162,0.002771927,0.19514531,1.6833333333333333
cynhqt,657b39f72855e7001f643ffb,0.49718535,0.49322554,0.4327431,0.39554617,0.07690128,0.39338306,0.3236107,0.045625936,0.00123024,0.031722516,0.015492925,0.012073003,0.006110225,0.003553374,0.18702072,4.366666666666666
cynhqt,657b39af8b12dc001fd58bc4,0.42554232,0.6664586,0.123238094,0.21116324,0.37232184,0.27413666,0.08156059,0.40336934,0.023129508,0.44690517,0.27969417,0.17864552,0.12536226,0.065887205,0.6758275,3.1666666666666665
u9akxh,657b3baf8b12dc001fd8458a,0.2447739,0.3291235,0.08915572,0.11868066,0.27452108,0.22228386,0.15260378,0.06025757,0.001373291,0.006511623,0.018581128,0.015659723,0.008505191,0.006399023,0.20219114,9.916666666666666
u9akxh,657b39f78b12dc001fd5ed7f,0.48528853,0.18097372,0.0864158,0.32125223,0.591833,0.42362174,0.3346948,0.09915545,0.004749298,0.004328749,0.015720926,0.014395831,0.059796512,0.006399023,0.305236,2.6
u9akxh,657b3a5d2855e7001f64c773,0.65931827,0.48648208,0.5272877,0.4397787,0.49916637,0.53477925,0.6800507,0.1013248,0.003471375,0.00776955,0.013402912,0.022969801,0.05688698,0.013033954,0.28269327,4.3
eaguck,657b3a602855e7001f64cc52,0.6336862,0.40990886,0.49064076,0.18451619,0.22068773,0.14807095,0.677725,0.007225486,0.000743866,0.002136626,0.006391869,0.0113215,0.006621582,0.006163114,0.15040304,4.8
eaguck,657b39f42855e7001f643b99,0.33922493,0.31525165,0.15540445,0.12647597,0.16387439,0.3191916,0.23389664,0.085582085,0.002803803,0.007103588,0.01465692,0.021398475,0.03373172,0.011559526,0.3239696,3
wdbprm,657b3c6b8b12dc001fd93940,0.18283133,0.21518372,0.14045076,0.17798842,0.16721234,0.12182798,0.23085345,0.011560776,0.000991821,0.00275634,0.007303875,0.013029462,0.007055265,0.007961918,0.13428181,4.016666666666667
wdbprm,657b3bed8b12dc001fd89716,0.34362122,0.4348694,0.23891157,0.088129774,0.084290154,0.099992886,0.49063784,0.014953613,0.001277924,0.003514797,0.007873878,0.01627459,0.007430693,0.01332884,0.4071924,1.95
wdbprm,657b3d0b2855e7001f685641,0.34362122,0.4348694,0.0658001,0.079847895,0.47813487,0.15668073,0.25980574,0.015456256,0.000584126,0.001748149,0.009013886,0.010911589,0.006505071,0.003863005,0.24051893,6.733333333333333
ze1u4n,657b39b28b12dc001fd58fb8,0.83051074,0.5749787,0.63046956,0.31476614,0.39980328,0.5086667,0.86028016,0.028974265,0.001335144,0.017163984,0.009678889,0.013029462,0.006343249,0.006281069,0.23131214,2.25
ze1u4n,657b397a8b12dc001fd542a3,0.15839244,0.17091095,0.11338645,0.11977882,0.051521268,0.16410081,0.17040536,0.049336795,0.001554489,0.033011556,0.01306091,0.012756188,0.006886971,0.005366922,0.1883653,1.3166666666666667
xbgwtn,657b3ab02855e7001f6537dd,0.801181,0.6792092,0.5804315,0.5727919,0.35459033,0.6690971,0.7300615,0.05255287,0.002937317,0.003292809,0.0113509,0.013200258,0.036839653,0.005337434,0.23397715,6.333333333333333
xbgwtn,657b3a138b12dc001fd613d3,0.39919263,0.54488504,0.123238094,0.41751894,0.01948884,0.68765855,0.21883002,0.022846194,0.000920296,0.002497356,0.010058892,0.00993805,0.009773877,0.003627096,0.26889116,3.716666666666667
187g2t,657b3bc38b12dc001fd86014,0.6800368,0.2457886,0.8470716,0.09681413,0.061234605,0.18556258,0.78297436,0.007319731,0.000464916,0.001294925,0.006600871,0.009425662,0.006207318,0.003391187,0.18889958,7.3
1pb6wg,657b3bbe8b12dc001fd858e2,0.14633444,0.15131176,0.059439782,0.12534684,0.04764421,0.11907599,0.083090164,0.030506283,0.001296997,0.003403803,0.0114649,0.010433359,0.010447056,0.004128402,0.30562213,7.1
1pb6wg,657b3c642855e7001f677e1e,0.115430765,0.07592425,0.03387914,0.08718978,0.054694567,0.05808853,0.027318586,0.17805049,0.004386902,0.009767435,0.06634661,0.022628209,0.0347677,0.008905552,0.32764083,9.9
ptawbk,657b3a722855e7001f64e4cd,0.7471292,0.53568614,0.36933511,0.07629398,0.10194144,0.20371327,0.7938411,0.010115679,0.000920296,0.002386362,0.006980873,0.010979908,0.007495422,0.006428511,0.2105237,2.783333333333333
ptawbk,657b3a448b12dc001fd6558d,0.596838,0.61450344,0.0910024,0.17151402,0.72431743,0.36829615,0.18514048,0.19409354,0.003852844,0.1769227,0.037395194,0.014190876,0.007883795,0.004393799,0.2701791,2.0166666666666666
ptawbk,657b3acb2855e7001f655d4b,0.4643835,0.51814896,0.22112842,0.19109875,0.47846138,0.18684532,0.36627677,0.058490243,0.001945496,0.007029593,0.01929015,0.02208166,0.008052089,0.011559526,0.33032894,4.266666666666667
1az2re,657b3c348b12dc001fd8f299,0.72069085,0.5257583,0.3868714,0.5943664,0.24914877,0.600352,0.49650365,0.23162876,0.007858276,0.23998553,0.061276767,0.031391226,0.00967031,0.015216109,0.38066018,8.483333333333333
1az2re,657b3c8b8b12dc001fd96169,0.6892834,0.3106718,0.53103673,0.10590835,0.23049566,0.09917126,0.7919399,0.012503231,0.000977516,0.003089321,0.007873878,0.012824507,0.00704232,0.006811863,0.39305398,9.916666666666666
fqgr7e,657b3bf38b12dc001fd89f6b,0.09264324,0.06947151,0.12900025,0.07717534,0.000188695,0.13222396,0.12401656,0.33504707,0.009498596,0.3043136,0.24928534,0.032894265,0.009799767,0.007843964,0.34877244,7.966666666666667
fqgr7e,657b3b5c2855e7001f6621a2,0.6555161,0.71604836,0.123238094,0.3003203,0.5978054,0.4270814,0.27761862,0.3722269,0.023076924,0.36702603,0.25007802,0.06546012,0.34804323,0.020877918,0.37115085,5.466666666666667
vpv1c7,657b3b628b12dc001fd7dab5,0.7993752,0.6419167,0.4841993,0.18780111,0.20145898,0.44741023,0.80911946,0.028502874,0.001149178,0.015154205,0.008899884,0.01220964,0.00670573,0.005337434,0.21117489,8.083333333333334
vpv1c7,657b39c62855e7001f63fc6d,0.28544915,0.3106718,0.064186096,0.20442122,0.03946282,0.5302336,0.54632425,0.029563503,0.001220703,0.014048826,0.009317887,0.011970525,0.006699257,0.005042548,0.27244738,1.2333333333333334
vpv1c7,657b3b328b12dc001fd79a0f,0.38582096,0.23171476,0.07410899,0.07629398,0.05389532,0.16410081,0.280271,0.15822013,0.003910065,0.13163337,0.030265106,0.017982552,0.008945347,0.005366922,0.21826719,7.283333333333333
86g48t,657b3ac78b12dc001fd7087e,0.62232214,0.61377573,0.22906929,0.42491317,0.22557884,0.65346885,0.44152093,0.17111848,0.002689362,0.14233272,0.053791173,0.014190876,0.006679839,0.004216868,0.34510946,2.683333333333333
86g48t,657b3b648b12dc001fd7ddb3,0.71230334,0.58112127,0.20733587,0.52405065,0.43287736,0.7281775,0.5449488,0.25084448,0.004844666,0.15517195,0.16795322,0.019143965,0.008311004,0.006959306,0.3010852,5.3
86g48t,657b3bcf8b12dc001fd87025,0.780284,0.5628072,0.4653197,0.2659053,0.18757416,0.5169475,0.83699954,0.024378212,0.001430512,0.012139536,0.009431887,0.015932998,0.00713294,0.01020305,0.30654028,7.066666666666666
zwnc1r,657b3a3f8b12dc001fd64e2d,0.5705914,0.3780503,0.58776426,0.33599108,0.23172872,0.48504344,0.34586805,0.14082454,0.005340576,0.007621558,0.020192537,0.023106437,0.13633445,0.008905552,0.39394072,1.85
zwnc1r,657b3ad72855e7001f656c24,0.6194844,0.65433705,0.48836628,0.3578942,0.5697605,0.50235665,0.20899242,0.20009702,0.009918213,0.008768492,0.020901557,0.03715288,0.2836219,0.010792822,0.33673444,4.366666666666666
9yuv9f,657b3a2f2855e7001f648904,0.2542906,0.43338785,0.103396736,0.071960226,0.041647345,0.1424673,0.23491421,0.010618322,0.000629425,0.002534353,0.006752871,0.011048226,0.007404801,0.006163114,0.1696962,1.4
r83gzp,657b3b5c8b12dc001fd7d37a,0.60861945,0.67178553,0.34763828,0.54032934,0.36480474,0.640991,0.24311097,0.33421695,0.017674843,0.048480038,0.24424846,0.25184435,0.24090876,0.047689874,0.31005585,6.433333333333334
r83gzp,657b3af28b12dc001fd74421,0.7905382,0.6284317,0.30281326,0.071960226,0.28611034,0.1075664,0.7030718,0.01847211,0.001459122,0.004772724,0.008842885,0.015010698,0.008090926,0.011323617,0.3345329,4.683333333333334
r83gzp,657b3a178b12dc001fd61892,0.8136714,0.7407856,0.49671254,0.17474432,0.28094688,0.48953563,0.78137904,0.034513097,0.001602173,0.004291751,0.011122898,0.012517073,0.011819307,0.004393799,0.20427403,1.0166666666666666
r83gzp,657b3ab72855e7001f654108,0.82463926,0.68362564,0.60916847,0.27052203,0.41533247,0.54669464,0.8020007,0.031684756,0.001139641,0.012842959,0.014884921,0.011560614,0.007055265,0.005042548,0.37995043,3.683333333333333
r83gzp,657b3a6d8b12dc001fd68dfd,0.6638211,0.5701861,0.27453586,0.44334027,0.3627592,0.6586956,0.4196557,0.06579731,0.002803803,0.005438685,0.012262905,0.014498309,0.053330876,0.006310557,0.3719435,2.45
nvvq1t,657b3ae98b12dc001fd737ce,0.86815697,0.86708194,0.5096379,0.43234292,0.8376044,0.56534135,0.6724759,0.04166769,0.001707077,0.004236255,0.010780896,0.011816809,0.013579931,0.004718174,0.18296549,4.5
nvvq1t,657b3aa32855e7001f652657,0.39919263,0.49773452,0.36933511,0.5759785,0.16055275,0.66195285,0.23085345,0.056758508,0.002593994,0.003292809,0.010894896,0.012585391,0.048158366,0.004157891,0.37376314,3.3333333333333335
b76we3,657b3b208b12dc001fd781b7,0.70377713,0.77341014,0.16675195,0.34769598,0.47535902,0.4057054,0.7761228,0.03639866,0.001764298,0.014551271,0.011882903,0.023516348,0.007353018,0.012739069,0.6777765,3.9
b76we3,657b3ba02855e7001f667e6a,0.80143857,0.7075614,0.37020832,0.11868066,0.2529197,0.2769019,0.81661737,0.017089844,0.001211166,0.003329807,0.008652883,0.01309778,0.007547205,0.008787598,0.55487484,6.033333333333333
4fdwkr,657b3bf18b12dc001fd89c1d,0.3195837,0.53109944,0.046755966,0.11977882,0.0637539,0.20371327,0.11129911,0.11398677,0.002212524,0.009360458,0.0573046,0.015693882,0.011663958,0.004895105,0.25189963,6.383333333333334
8q31ee,657b3bf32855e7001f66ecd7,0.7727603,0.47826806,0.4789025,0.09582901,0.22926421,0.12090656,0.80272555,0.011812098,0.001106262,0.003422302,0.007151874,0.013576009,0.00737891,0.008374758,0.20395546,3.5833333333333335
8q31ee,657b3d268b12dc001fda2d02,0.54983795,0.41136384,0.40625387,0.09582901,0.21825084,0.13029796,0.7519632,0.01438814,0.001325607,0.004069764,0.007835878,0.015113175,0.007534259,0.011205662,0.14131002,8.683333333333334
2brvqu,657b3a1c8b12dc001fd61f03,0.370229,0.2821423,0.090076774,0.15872851,0.76261383,0.1406137,0.13220452,0.038991302,0.001173019,0.003588792,0.015340924,0.019895468,0.006861079,0.009200439,0.25230485,1
2brvqu,657b3b102855e7001f65b9a3,0.370229,0.11651174,0.6299112,0.28765815,0.173937,0.24537462,0.17405254,0.200795,0.004367828,0.12440576,0.07428485,0.027000591,0.007184723,0.007401635,0.36252153,5.066666666666666
tkczgt,657b3bec2855e7001f66e39e,0.0835197,0.22893222,0.0855105,0.4230628,0.30106235,0.4250046,0.06508322,0.10913446,0.002441406,0.005068706,0.034011267,0.013336895,0.011793415,0.004570731,0.2713725,7.2
tkczgt,657b3b0b2855e7001f65b29b,0.37917098,0.65540814,0.109343514,0.47696012,0.11992822,0.5871418,0.20801824,0.05280026,0.002183914,0.009545447,0.012832909,0.011441057,0.021472665,0.004157891,0.4814626,3.466666666666667
ymw39p,657b3c042855e7001f670375,0.20932254,0.39689544,0.47852454,0.18451619,0.020717656,0.16161843,0.06508322,0.121732734,0.002918243,0.044870727,0.030265106,0.020578653,0.008427517,0.006399023,0.17715177,6.8
ymw39p,657b3c7b2855e7001f679a13,0.15355562,0.08262517,0.09951106,0.21116324,0.15944919,0.28245366,0.1907705,0.30136615,0.009613037,0.36273825,0.09563028,0.0569429,0.010084574,0.01958042,0.35790685,8.783333333333333
ymw39p,657b3b0f2855e7001f65b837,0.28066093,0.2206499,0.10536304,0.12310397,0.352552,0.12461543,0.20317163,0.119997114,0.00295639,0.07177465,0.027218282,0.02119352,0.007819066,0.007313169,0.23953454,2.716666666666667
nparmr,657b3ba08b12dc001fd83199,0.81718874,0.63690424,0.5666075,0.25826308,0.31753412,0.3831706,0.63949937,0.03062413,0.001139641,0.01274247,0.011844902,0.01127026,0.006835188,0.004423288,0.19988358,5.583333333333333
nparmr,657b3c5c8b12dc001fd92683,0.7928877,0.43338785,0.6421657,0.38829362,0.59050286,0.49311456,0.622431,0.02343543,0.001087189,0.006659614,0.010590895,0.014259194,0.007223561,0.006693909,0.24780037,8.7
nparmr,657b3b5a2855e7001f661f02,0.77761304,0.57240325,0.4777687,0.3561303,0.19448619,0.5170948,0.7007903,0.104361884,0.003032684,0.06340405,0.02122384,0.014122557,0.008272167,0.007224703,0.34424388,4.433333333333334
nparmr,657b3b098b12dc001fd7626b,0.75310606,0.49097496,0.24086781,0.5497882,0.45127693,0.7711665,0.5044817,0.24763705,0.008506775,0.25140062,0.0811385,0.01893901,0.011715741,0.011559526,0.26529637,3.0833333333333335
t6yfvn,657b3d932855e7001f6908bf,0.5633769,0.36538187,0.39481232,0.088129774,0.10969645,0.10842784,0.677725,0.018849092,0.001430512,0.004236255,0.008633883,0.016137952,0.007663717,0.009849187,0.17283833,7.616666666666666
t6yfvn,657b3d252855e7001f687955,0.47447416,0.5908967,0.11749236,0.31962708,0.093894765,0.5190311,0.62750304,0.04067813,0.001392365,0.025203101,0.011844902,0.012482914,0.006886971,0.004482265,0.4238286,5.8
kfeg41,657b3af82855e7001f6598fa,0.09264324,0.2674034,0.055592272,0.16829737,0.06977485,0.12838791,0.033874314,0.17718399,0.005950928,0.011617327,0.030154925,0.03765389,0.10389658,0.014213498,0.26624635,1.5166666666666666
mawyn7,657b3c562855e7001f676bd7,0.4863679,0.38687348,0.25266296,0.21116324,0.22068773,0.29504436,0.084635615,0.20572066,0.003566742,0.10221587,0.089778624,0.021945024,0.007197669,0.008728622,0.24411482,7.833333333333333
mawyn7,657b3b292855e7001f65db02,0.48313004,0.77129394,0.524752,0.32287985,0.25040436,0.4215485,0.16859275,0.22579013,0.004768372,0.058856625,0.1378885,0.027820412,0.010887212,0.023708822,0.45947218,2.816666666666667
gqnf99,657b3ae98b12dc001fd737f3,0.0157319,0.06767356,0.62851447,0.12647597,0.009606131,0.0896192,0.030057438,0.17891699,0.006752014,0.003847777,0.017356457,0.018665737,0.22908778,0.006281069,0.30366576,1.4333333333333333
gqnf99,657b3c158b12dc001fd8cc6d,0.007779534,0.086567976,0.7746419,0.214554,0.038025744,0.15668073,0.11286291,0.11652588,0.003890991,0.005216698,0.023866551,0.023174755,0.108496375,0.014213498,0.3141315,6.416666666666667
gqnf99,657b3b642855e7001f662c76,0.12726861,0.18607083,0.68438864,0.26284042,0.002575775,0.37910187,0.059819363,0.015707577,0.000600815,0.002303117,0.009564889,0.010262563,0.006666893,0.00353863,0.23005535,3.4833333333333334
c3cxk1,657b3b632855e7001f662b33,0.32828447,0.34161535,0.11852835,0.12310397,0.21461551,0.12182798,0.33191547,0.018974753,0.001335144,0.003847777,0.008652883,0.014976538,0.007650771,0.009436348,0.28403172,3.216666666666667
c3cxk1,657b3b492855e7001f6605f7,0.65480334,0.54104877,0.4027509,0.36854327,0.20145898,0.48837078,0.46046555,0.036870047,0.001773834,0.003847777,0.009564889,0.013336895,0.01750142,0.007047772,0.21004558,2.7666666666666666
qqdq8r,657b3b552855e7001f6617a8,0.28784943,0.22339956,0.6122386,0.11868066,0.173937,0.11907599,0.42493972,0.015016444,0.001139641,0.003940272,0.008424882,0.015420608,0.007443639,0.011500548,0.277139,4.016666666666667
qqdq8r,657b3c342855e7001f67405c,0.07635384,0.15614524,0.7578596,0.13464333,0.06291008,0.0896192,0.15435125,0.012566062,0.000786781,0.002608349,0.007531876,0.013029462,0.006621582,0.006369534,0.29992336,7.716666666666667
qqdq8r,657b3cb92855e7001f67eaa4,0.15114407,0.21518372,0.24086781,0.3561303,0.21825084,0.34861356,0.12726986,0.10175867,0.00453949,0.002996826,0.009982891,0.017026093,0.13127698,0.007018283,0.16820587,9.933333333333334
qqdq8r,657b3a968b12dc001fd6c68e,0.12726861,0.12779967,0.54930836,0.17798842,0.21461551,0.12555276,0.15435125,0.11739369,0.003242493,0.004994711,0.031917825,0.025907494,0.00951496,0.015216109,0.23003568,0.8333333333333334
24zevg,657b3c8b8b12dc001fd961d7,0.35687628,0.5120788,0.29468432,0.44155863,0.31157106,0.57795936,0.33191547,0.06025757,0.00295639,0.03919895,0.016632931,0.02973333,0.011922873,0.029488584,0.31065187,5.016666666666667
24zevg,657b3c3d2855e7001f674b5d,0.7252808,0.8302892,0.18013267,0.5379702,0.25796708,0.78318846,0.4866077,0.017592486,0.000767708,0.006992595,0.008861885,0.01086035,0.006543908,0.004157891,0.27942574,3.75
mkd1pw,657b3b068b12dc001fd75e9b,0.5612909,0.3322319,0.31302714,0.113268904,0.20381775,0.1406137,0.6039543,0.011435116,0.001149178,0.002358613,0.007759878,0.015557245,0.006628056,0.011205662,0.18351263,1.6166666666666667
mkd1pw,657b3baa8b12dc001fd83ec5,0.3590947,0.2017425,0.17246792,0.06774491,0.094877556,0.082088776,0.34797287,0.017969469,0.000724793,0.002515854,0.009678889,0.011560614,0.00670573,0.004393799,0.17170425,4.35
mkd1pw,657b3cb92855e7001f67e9b7,0.8319656,0.63781524,0.5207458,0.17474432,0.34712598,0.23036613,0.82565093,0.09785384,0.002412796,0.06431354,0.021159383,0.014566627,0.006789878,0.004718174,0.22697338,8.866666666666667
hh47xt,657b3cec2855e7001f682d21,0.70276076,0.49247497,0.46984196,0.113268904,0.2541795,0.1331928,0.7530431,0.01017851,0.001058579,0.003422302,0.007028373,0.013268576,0.007327127,0.009849187,0.16322064,8.35
hh47xt,657b3b5a2855e7001f661e2f,0.6881789,0.4805095,0.46720323,0.16190393,0.28805172,0.14995342,0.70988655,0.011560776,0.001115799,0.003736784,0.007284875,0.013576009,0.007430693,0.009200439,0.16322064,1.65
hh47xt,657b3c0b8b12dc001fd8bde2,0.6100353,0.4587811,0.35455325,0.101815864,0.27837306,0.11016245,0.6369793,0.014953613,0.001335144,0.003921773,0.008006879,0.015386449,0.00756015,0.009908165,0.15129305,4.566666666666666
hh47xt,657b3bbb8b12dc001fd85564,0.7238687,0.46330014,0.45742086,0.09582901,0.19796546,0.115462564,0.7711438,0.009675868,0.000991821,0.003089321,0.006904873,0.012824507,0.007107049,0.00855169,0.1651516,3.25
hh47xt,657b3b728b12dc001fd7f123,0.41675794,0.2821423,0.120612115,0.18124555,0.36207753,0.20109403,0.4398588,0.049584184,0.003089905,0.00725158,0.013972916,0.026454043,0.011068452,0.03208358,0.31958863,2.033333333333333
hh47xt,657b3cd08b12dc001fd9bc18,0.29989743,0.1324148,0.11646001,0.14304936,0.44921312,0.19070588,0.2815996,0.055768944,0.002384186,0.005142702,0.019483518,0.02249157,0.008298059,0.014980201,0.26241246,7.866666666666666
x297py,657b3b602855e7001f662727,0.14633444,0.43190852,0.10144578,0.19109875,0.10767364,0.31346914,0.22681904,0.115658075,0.003414154,0.010951365,0.02567133,0.028093686,0.03649433,0.00979021,0.12235263,2.316666666666667
2pq7vu,657b3b412855e7001f65fbd8,0.6171201,0.25724247,0.5740293,0.13798015,0.13990174,0.16161843,0.6482916,0.011812098,0.000605583,0.00208113,0.007702877,0.010587076,0.006699257,0.004983571,0.19475758,2.05
2pq7vu,657b3cde8b12dc001fd9ce31,0.42554232,0.5015001,0.15917414,0.13798015,0.35935265,0.3492959,0.105115615,0.14950264,0.005493164,0.006326634,0.01640493,0.016752819,0.13815513,0.005986183,0.34936294,8.916666666666666
umwrra,657b3b252855e7001f65d430,0.6469664,0.8164451,0.37195632,0.45945197,0.6024346,0.5178315,0.25036624,0.13041082,0.003356934,0.10757765,0.027347196,0.013131939,0.007650771,0.004865617,0.48548913,2.3
umwrra,657b3b9c2855e7001f6678b2,0.66448694,0.7206915,0.53963274,0.39372954,0.07964143,0.58000183,0.6045937,0.07845957,0.002241135,0.06158508,0.017807651,0.011577694,0.007728445,0.004334822,0.31432202,4.3
umwrra,657b3cab8b12dc001fd98a67,0.77044594,0.48274636,0.5716857,0.41199526,0.12825382,0.57864016,0.5547113,0.071337044,0.002164841,0.029402243,0.017872108,0.013712646,0.010265815,0.006900329,0.26792136,8.783333333333333
3y3qkb,657b3c152855e7001f671a1e,0.8042642,0.76864326,0.6404989,0.31800422,0.10194144,0.60708284,0.7938411,0.02308189,0.001296997,0.004014268,0.007835878,0.011868048,0.010731863,0.006428511,0.218697,4.533333333333333
3y3qkb,657b3cee8b12dc001fd9e2a4,0.35023654,0.7977558,0.22509329,0.46643472,0.016478393,0.7129883,0.326373,0.034748793,0.001497269,0.002737841,0.011008898,0.011099464,0.012958534,0.004393799,0.2334643,8.133333333333333
vf7r7n,657b3bc42855e7001f66af3e,0.5085306,0.30157706,0.18784583,0.069417,0.35391074,0.10331885,0.17405254,0.30514878,0.010070801,0.36702603,0.089778624,0.026727317,0.009204263,0.009318393,0.31572157,3.283333333333333
8qupfc,657b3b3b2855e7001f65f2b3,0.21890815,0.14891115,0.18978162,0.14134736,0.103260614,0.1881301,0.20801824,0.10609736,0.002574921,0.03223813,0.027730936,0.024541125,0.009955117,0.017339287,0.3305229,2.2333333333333334
8qupfc,657b3c472855e7001f67582f,0.34362122,0.44230092,0.21323243,0.32614216,0.07419816,0.3452064,0.37914768,0.02543884,0.000834465,0.00431025,0.012376905,0.012243799,0.006744567,0.004541242,0.258942,6.7
8qupfc,657b3ca52855e7001f67cfdf,0.02953679,0.09678974,0.10437799,0.12761015,0.06890261,0.2700028,0.1649894,0.008544922,0.000607967,0.001498413,0.006752871,0.01087743,0.006382086,0.006399023,0.1975143,8.283333333333333
2q6gzn,657b3d038b12dc001fd9ff70,0.77183485,0.6548385,0.43497673,0.29872808,0.18186125,0.5871418,0.6148016,0.04067813,0.001144409,0.023193322,0.011046898,0.012346277,0.006977591,0.004806639,0.26909462,8.433333333333334
2q6gzn,657b3c0f8b12dc001fd8c3ae,0.7970464,0.49322554,0.467957,0.11758787,0.28223592,0.25086454,0.8020007,0.050078966,0.001964569,0.02721288,0.011692902,0.012961143,0.007210615,0.006015671,0.22831672,4.35
2q6gzn,657b3b928b12dc001fd81cf1,0.67181623,0.54642093,0.32696992,0.29872808,0.35731056,0.56841415,0.4705115,0.075294,0.002288818,0.058856625,0.015416925,0.013371054,0.008492245,0.005927206,0.25983363,2.283333333333333
uemquc,657b3db78b12dc001fdaea5a,0.66026896,0.49773452,0.11440699,0.6881718,0.30433813,0.8428269,0.6875807,0.014073989,0.00067234,0.008176526,0.007379876,0.010143006,0.006440342,0.004570731,0.37096336,7.316666666666666
cb88fn,657b3c5e8b12dc001fd9293c,0.41237864,0.30157706,0.11135728,0.12199044,0.3036825,0.2398889,0.15086368,0.26104406,0.013478675,0.06249457,0.033019636,0.027000591,0.33923563,0.00937737,0.29005527,3.8
cb88fn,657b3d912855e7001f6906bc,0.39695814,0.321393,0.21520184,0.18451619,0.23791625,0.32493976,0.1649894,0.10913446,0.002613068,0.007917541,0.033239998,0.016342908,0.013269233,0.0054259,0.34493527,8.966666666666667
paa3zh,657b3cad2855e7001f67d9f1,0.81165075,0.6141396,0.6537917,0.6855556,0.80435234,0.7106314,0.7736603,0.05131592,0.001158714,0.03894114,0.017485369,0.011116544,0.006064915,0.003700818,0.3189832,4.2
paa3zh,657b3d9c2855e7001f6914a4,0.43657246,0.20976527,0.05711943,0.4902017,0.23791625,0.640991,0.57730895,0.20172562,0.005226135,0.17847598,0.06722072,0.022628209,0.006576272,0.008138849,0.3606298,8.183333333333334
n1mevb,657b3bb12855e7001f669501,0.42334303,0.27033064,0.3780855,0.13133545,0.103260614,0.122753285,0.7300615,0.003408544,0.000360012,0.000515658,0.006078368,0.008776636,0.005631232,0.002580251,0.18908504,3.3833333333333333
n1mevb,657b3b432855e7001f65fdda,0.6265815,0.8277236,0.10241937,0.12088228,0.49020812,0.3452064,0.5282734,0.017089844,0.00079155,0.008102531,0.007721877,0.011389818,0.006770459,0.004806639,0.22839653,1.55
7un2gt,657b3bce2855e7001f66bb98,0.73286504,0.72831696,0.42234823,0.24836068,0.10194144,0.38792914,0.6875807,0.0414203,0.002012253,0.001979385,0.009678889,0.011816809,0.023371955,0.004187379,0.22947413,3.183333333333333
7un2gt,657b3d078b12dc001fda0439,0.7303963,0.8143938,0.20733587,0.46293882,0.88759446,0.51377106,0.17956558,0.18174082,0.005569458,0.015757138,0.045593183,0.021535112,0.13414288,0.005661808,0.377713,8.416666666666666
7un2gt,657b3d482855e7001f68a5ed,0.3590947,0.39689544,0.39481232,0.09193956,0.19564457,0.122753285,0.6582865,0.0072569,0.000882149,0.002210622,0.00658187,0.012346277,0.007029374,0.007961918,0.2184031,9.5
6mqenz,657b3c802855e7001f679fb2,0.12726861,0.16347843,0.24282813,0.19440953,0.040915363,0.3006852,0.105115615,0.08953904,0.001678467,0.058401883,0.020643732,0.012414595,0.006990537,0.00364184,0.21942253,4.466666666666667
6mqenz,657b3c238b12dc001fd8dd23,0.29506782,0.3732835,0.22509329,0.39736483,0.33698773,0.5573077,0.28693247,0.06421452,0.001382828,0.039972372,0.018001022,0.011697251,0.006284993,0.003892493,0.3491429,2.95
e9khm2,657b3d742855e7001f68df9f,0.18283133,0.19381917,0.36410484,0.53386307,0.07419816,0.60068893,0.13220452,0.03592727,0.00161171,0.003329807,0.012452906,0.012722028,0.010705971,0.004570731,0.18805248,6.766666666666667
7w3qug,657b3c352855e7001f674122,0.71998465,0.38687348,0.5791836,0.12647597,0.21461551,0.13809541,0.799073,0.005623313,0.000619888,0.001045189,0.006268369,0.009852652,0.006097279,0.004364311,0.18687455,5.05
7w3qug,657b3cf12855e7001f6834a9,0.44543546,0.5113213,0.24282813,0.42676747,0.04764421,0.61312175,0.37334225,0.06421452,0.001907349,0.057037655,0.015340924,0.012277958,0.007055265,0.004541242,0.30156988,8.2
1y61a1,657b3b228b12dc001fd78328,0.74853635,0.56760174,0.5432281,0.30831957,0.08335247,0.6455982,0.7900214,0.017466826,0.000858307,0.002497356,0.007930879,0.009920971,0.008556974,0.004187379,0.20247772,1.4666666666666666
1y61a1,657b3b7a8b12dc001fd7fbc8,0.618539,0.80459875,0.08823851,0.2782709,0.19564457,0.52012557,0.5892115,0.045378547,0.001564026,0.025002124,0.013744914,0.015591404,0.007974415,0.007784986,0.18204524,2.95
1xwhmk,657b3c0b8b12dc001fd8bf29,0.20932254,0.3337895,0.09474389,0.17151402,0.061234605,0.25630096,0.31125638,0.13388206,0.005149841,0.005438685,0.019419061,0.021945024,0.1284288,0.018047014,0.37188104,4.166666666666667
1xwhmk,657b3c518b12dc001fd9180a,0.24952528,0.23171476,0.6438311,0.2643714,0.06291008,0.2590294,0.23593342,0.011058134,0.000598431,0.003496297,0.006762371,0.009818493,0.006407978,0.004098913,0.17162752,5.316666666666666
1xwhmk,657b3cb02855e7001f67dda1,0.12726861,0.12096021,0.7775619,0.103851885,0.018274283,0.11191306,0.12401656,0.03309893,0.001144409,0.004550736,0.012490907,0.014464149,0.008867673,0.008256803,0.18602218,6.916666666666667
1xwhmk,657b3ba98b12dc001fd83d14,0.2974811,0.5494945,0.05258516,0.07629398,0.07781066,0.12368249,0.15086368,0.32557452,0.016771052,0.035074018,0.06372428,0.1110661,0.34804323,0.01439043,0.18756004,2.533333333333333
1xwhmk,657b3c228b12dc001fd8dbf7,0.11183177,0.063263826,0.42605546,0.082564235,0.07241669,0.068169184,0.1256395,0.028974265,0.001602173,0.002774839,0.00815888,0.01128734,0.011974656,0.004629708,0.21986033,4.533333333333333
1xwhmk,657b3c6e2855e7001f678a0e,0.079922065,0.095743746,0.09380275,0.11977882,0.05389532,0.12182798,0.083090164,0.04240986,0.001745224,0.004550736,0.010096892,0.014293353,0.012440704,0.008492713,0.20866126,5.833333333333333
1xwhmk,657b3cd42855e7001f680e3b,0.16081753,0.11441821,0.11338645,0.116500415,0.06040291,0.11726139,0.10974196,0.06817148,0.002670288,0.008139528,0.012718908,0.021876704,0.016465442,0.014980201,0.19350332,7.516666666666667
1xwhmk,657b3cdf8b12dc001fd9cf75,0.1011181,0.093667574,0.585269,0.08625509,0.032430932,0.07775501,0.05116326,0.11479026,0.00453949,0.005512681,0.01640493,0.017026093,0.11769595,0.005956694,0.2860129,7.7
1xwhmk,657b3d272855e7001f687b25,0.07105747,0.088569954,0.8026182,0.12534684,0.003506723,0.08580524,0.10206828,0.020842785,0.00082016,0.002552852,0.010134893,0.011441057,0.00704232,0.003494397,0.19129787,8.9
1xwhmk,657b3d4a8b12dc001fda5bb2,0.3590947,0.2457886,0.070737444,0.14134736,0.17619257,0.12649381,0.09512816,0.22043827,0.010223389,0.008028535,0.019999169,0.023789622,0.2836219,0.007843964,0.23910396,9.483333333333333
1xwhmk,657b3b372855e7001f65edad,0.048882913,0.14891115,0.063385084,0.06609225,0.05073776,0.091954015,0.10819229,0.50503236,0.09912638,0.037909906,0.082619295,0.19278693,0.53875744,0.021231782,0.2858217,0.65
1xwhmk,657b3bd48b12dc001fd8766d,0.23767464,0.4512681,0.10734529,0.12647597,0.10194144,0.14807095,0.32499117,0.026735162,0.001029968,0.006141644,0.012148905,0.013302735,0.006284993,0.006988795,0.14536291,3.2333333333333334
8wtx76,657b3c9b2855e7001f67c176,0.24003741,0.47751665,0.28659645,0.47168955,0.049183033,0.41395864,0.12240143,0.17371799,0.004692078,0.004994711,0.056719027,0.021466793,0.04201601,0.00707726,0.2372296,7.783333333333333
8wtx76,657b3b172855e7001f65c257,0.2662679,0.2985656,0.41767442,0.7935807,0.05073776,0.8042326,0.19265923,0.041915078,0.001754761,0.002497356,0.012604907,0.011543535,0.01750142,0.004010447,0.22788194,1.3333333333333333
8wtx76,657b3b5f2855e7001f662564,0.6502902,0.57931376,0.48722953,0.43048233,0.07241669,0.49186608,0.5869626,0.044883765,0.001811981,0.002173624,0.011616902,0.012107162,0.021300001,0.004334822,0.21060044,2.533333333333333
8wtx76,657b3bc78b12dc001fd865c4,0.79989165,0.3854497,0.46984196,0.29396752,0.17506383,0.30777118,0.40060303,0.05255287,0.002031326,0.004328749,0.012680908,0.013507691,0.026997874,0.006575955,0.20300783,4.25
8wtx76,657b3c2e8b12dc001fd8eb49,0.8353387,0.63289493,0.44692367,0.10487753,0.27965918,0.26862782,0.78137904,0.014702292,0.000691414,0.002404861,0.008956885,0.010655395,0.006783404,0.004246356,0.19777565,5.966666666666667
8wtx76,657b3ccb8b12dc001fd9b594,0.6123959,0.629798,0.11852835,0.103851885,0.061234605,0.29645208,0.64452857,0.083999306,0.002031326,0.003662788,0.022964163,0.015318131,0.020264024,0.005573343,0.2486286,8.583333333333334
vzarn6,657b3d7f2855e7001f68ee2a,0.33265293,0.28958938,0.30689266,0.16190393,0.18072422,0.17412075,0.4926544,0.011686437,0.001020432,0.003533295,0.007721877,0.013336895,0.007184723,0.010144074,0.2210285,9.75
vzarn6,657b3baa2855e7001f668ace,0.018748099,0.11233474,0.81312287,0.27052203,0.080563076,0.2076579,0.06575776,0.04240986,0.001363754,0.018972786,0.015036922,0.012073003,0.006349722,0.005750274,0.23603791,1.9333333333333333
vzarn6,657b3c0a8b12dc001fd8bdc1,0.29506782,0.088569954,0.3824745,0.33105546,0.57043326,0.3845289,0.15610619,0.04067813,0.00125885,0.014551271,0.014580919,0.016411226,0.006925808,0.008315781,0.28041837,3.5166666666666666
wma962,657b3c4d2855e7001f67603d,0.24714777,0.4157393,0.100476414,0.507099,0.066309564,0.5114167,0.096450776,0.37751234,0.008468628,0.046159767,0.42167732,0.057443913,0.050098058,0.007902941,0.26244527,5.583333333333333
wma962,657b3d252855e7001f687926,0.047229487,0.15372267,0.11852835,0.21795772,0.121998236,0.30919355,0.10055544,0.025203144,0.001277924,0.005475683,0.011046898,0.016752819,0.00670573,0.012798046,0.16355167,9.183333333333334
wwaqt9,657b3d912855e7001f69073e,0.072815776,0.03360209,0.8570574,0.46643472,0.038742248,0.54806507,0.1256395,0.02308189,0.001168251,0.002201373,0.00806388,0.010467518,0.01119791,0.003759795,0.2589065,5.65
wwaqt9,657b3e1f2855e7001f69bd2e,0.01723619,0.09059314,0.11852835,0.09387397,0.075996056,0.13809541,0.116013184,0.012817383,0.000748634,0.002848835,0.007303875,0.010211324,0.007288289,0.004482265,0.23218626,8
zrv83n,657b3b968b12dc001fd82382,0.6687063,0.43190852,0.3493656,0.09879968,0.23296322,0.116359964,0.6482916,0.016021729,0.001163483,0.003181816,0.008690883,0.014600786,0.007029374,0.00855169,0.19217274,0.8166666666666667
zrv83n,657b3c982855e7001f67bded,0.0693074,0.11651174,0.13628586,0.4342057,0.11992822,0.6251096,0.19265923,0.123468354,0.003299713,0.11512129,0.031917825,0.027273865,0.010265815,0.014154521,0.50116444,5.133333333333334
y6bad9,657b3c9e8b12dc001fd9792b,0.66848433,0.44827244,0.46117917,0.3443384,0.06890261,0.5925716,0.80911946,0.01633588,0.001091957,0.001405919,0.007246875,0.009801413,0.010162249,0.003730306,0.18699056,4.85
y6bad9,657b3bad8b12dc001fd842b0,0.018748099,0.0749873,0.6067095,0.08165393,0.011842369,0.064920515,0.037886627,0.45751464,0.023076924,0.04796442,0.28586254,0.42185885,0.009618527,0.029134722,0.21565433,0.8333333333333334
y6bad9,657b3c4c8b12dc001fd9122e,0.17790961,0.29706353,0.11338645,0.59356517,0.05389532,0.64296705,0.17040536,0.030034892,0.001459122,0.003533295,0.009089886,0.01130442,0.012181788,0.004482265,0.21483387,3.5
y6bad9,657b3d222855e7001f68743a,0.07458106,0.11233474,0.37720883,0.1329856,0.070651315,0.20634092,0.21192604,0.01646154,0.000739098,0.003144818,0.008614883,0.012346277,0.007094103,0.00707726,0.26674604,7.066666666666666
y6bad9,657b3ce18b12dc001fd9d1ef,0.2926585,0.45276767,0.26853967,0.4743229,0.049183033,0.5501204,0.25769764,0.05205809,0.002136231,0.006992595,0.010704896,0.012995303,0.030623792,0.005307945,0.33829594,5.983333333333333
y6bad9,657b3dbb2855e7001f693e41,0.08533011,0.22339956,0.42234823,0.71672344,0.0637539,0.76452625,0.13553135,0.023906821,0.00123024,0.001683403,0.008557882,0.010706633,0.011405042,0.003317466,0.2820219,9.616666666666667
vk8ryc,657b3c538b12dc001fd91a57,0.23767464,0.25149468,0.10536304,0.39191514,0.05310001,0.44136882,0.20510538,0.051810697,0.002012253,0.008694496,0.015872927,0.015898837,0.012026439,0.009082484,0.3576516,2.8666666666666667
vk8ryc,657b3d712855e7001f68db51,0.48528853,0.7141343,0.25661674,0.5775728,0.16832852,0.73049295,0.4322229,0.09308127,0.002613068,0.010063417,0.020192537,0.013951761,0.032695748,0.005396411,0.21301875,7.666666666666667
3dcug2,657b3dd72855e7001f6961de,0.67214954,0.46255174,0.44393137,0.29555178,0.43981794,0.22901386,0.65392077,0.112746716,0.00125885,0.003422302,0.062150877,0.015932998,0.006492125,0.004806639,0.19379413,8.016666666666667
3dcug2,657b3c868b12dc001fd95bc9,0.31093162,0.25149468,0.09193192,0.21116324,0.35119396,0.25357863,0.38367695,0.010869644,0.001001358,0.002210622,0.007113874,0.012482914,0.006925808,0.008138849,0.24478468,2.4
3dcug2,657b3ce28b12dc001fd9d400,0.14154164,0.14414358,0.42308924,0.24175529,0.2604987,0.31204242,0.15435125,0.2854971,0.008468628,0.36702603,0.12159709,0.020988565,0.007948523,0.006281069,0.18685286,3.95
a1m43w,657b3d502855e7001f68b06d,0.05388788,0.15372267,0.81997865,0.32614216,0.040915363,0.31489727,0.06242194,0.12260055,0.005340576,0.008139528,0.015188923,0.015864678,0.13751452,0.00521948,0.28968003,6.033333333333333
a1m43w,657b3c7c2855e7001f679b03,0.76398236,0.669624,0.595865,0.7212166,0.34103718,0.82480496,0.5357759,0.037577134,0.001726151,0.002663846,0.010210892,0.012414595,0.018537397,0.004836128,0.22423823,2.5
a1m43w,657b3cbf8b12dc001fd9a5f0,0.1900881,0.49022526,0.10144578,0.25168148,0.011842369,0.39270046,0.10974196,0.37340668,0.023076924,0.04641757,0.097093195,0.119731516,0.49142194,0.07007381,0.19039774,3.6166666666666667
a1m43w,657b3d8d2855e7001f69018b,0.41895068,0.35584986,0.3424645,0.30992806,0.054694567,0.39270046,0.39342216,0.02449606,0.001296997,0.002515854,0.007816878,0.012346277,0.012078222,0.006133626,0.1675289,7.05
a1m43w,657b3e058b12dc001fdb5017,0.08897218,0.46404538,0.1956059,0.37569132,0.04238304,0.5009413,0.13720547,0.11739369,0.004844666,0.003496297,0.014390918,0.019895468,0.1575099,0.008197826,0.2866025,9.016666666666667
dh2utf,657b3d098b12dc001fda0646,0.19727191,0.25436312,0.18784583,0.11114024,0.26940405,0.12182798,0.2168494,0.032156147,0.003051758,0.003755282,0.013592913,0.035148825,0.007961469,0.023472913,0.35160953,6.033333333333333
dh2utf,657b3dd28b12dc001fdb0e80,0.0693074,0.08068535,0.76283723,0.08907493,0.000188695,0.07990451,0.078549035,0.015958898,0.000555515,0.00223837,0.007987879,0.010279642,0.006731622,0.003464909,0.32433942,9.383333333333333
dh2utf,657b3d378b12dc001fda436e,0.08533011,0.07312866,0.7179311,0.14134736,0.07509518,0.095122136,0.12726986,0.1373533,0.007705689,0.00414376,0.012756908,0.017504321,0.13815513,0.006988795,0.35631907,6.8
dh2utf,657b3c528b12dc001fd91990,0.57574373,0.4026623,0.46117917,0.2659053,0.0671697,0.2398889,0.6501702,0.026499467,0.000739098,0.002552852,0.014276917,0.013029462,0.006543908,0.004777151,0.32336017,2.9833333333333334
dh2utf,657b3bf98b12dc001fd8a7a8,0.47335124,0.47301415,0.21914949,0.17151402,0.23667608,0.32062647,0.15610619,0.3389984,0.01121521,0.042292643,0.33998606,0.14049543,0.114629425,0.019698374,0.15820973,1.5333333333333334
dh2utf,657b3cae2855e7001f67dae6,0.39249563,0.2044055,0.09568947,0.16509432,0.20145898,0.24125785,0.069187365,0.3127066,0.010299683,0.06476828,0.25404143,0.12991914,0.12382901,0.029960401,0.2851746,4.533333333333333
w64kcn,657b3bb58b12dc001fd84d77,0.7150402,0.6017803,0.53103673,0.12647597,0.23667608,0.13029796,0.7961003,0.012314741,0.000839233,0.002552852,0.007740878,0.012517073,0.007003482,0.006428511,0.18363886,0.8166666666666667
w64kcn,657b3bc12855e7001f66aa11,0.7871333,0.50451654,0.5319744,0.088129774,0.3036825,0.12461543,0.8077189,0.007571052,0.000801086,0.002330865,0.00643937,0.011509376,0.006692784,0.006929818,0.195526,1.0166666666666666
w64kcn,657b3c618b12dc001fd92cc4,0.69490165,0.75852317,0.41591358,0.69811463,0.29064423,0.7129883,0.48935536,0.091913216,0.002365112,0.005808664,0.026444806,0.015420608,0.025443908,0.004128402,0.22153151,3.683333333333333
w64kcn,657b3d448b12dc001fda53a9,0.5003387,0.7504845,0.6321437,0.6148967,0.05389532,0.6832538,0.5792417,0.1460314,0.003433228,0.06658725,0.061276767,0.01764096,0.021472665,0.007902941,0.13573533,7.45
w64kcn,657b3dad2855e7001f692adc,0.80528885,0.72041863,0.40537766,0.19440953,0.35527012,0.22094403,0.7497984,0.11739369,0.006332398,0.004125261,0.012794908,0.017436003,0.13532294,0.006929818,0.20878434,9.216666666666667
nbkkfz,657b3c792855e7001f67976d,0.78581995,0.36853585,0.5630898,0.2248042,0.11992822,0.3063505,0.81528044,0.023671126,0.000801086,0.004772724,0.01290891,0.010945748,0.006259101,0.00395147,0.20309122,1.7166666666666666
nbkkfz,657b3ceb2855e7001f682c0e,0.6498154,0.30611402,0.15917414,0.39554617,0.352552,0.55559754,0.559856,0.1013248,0.002803803,0.058856625,0.02122384,0.018802373,0.007081157,0.010674868,0.2812198,3.6166666666666667
q2n23g,657b3cc48b12dc001fd9acd1,0.77368534,0.5387493,0.44168928,0.19440953,0.36344084,0.23715812,0.78495383,0.11450345,0.00289917,0.10221587,0.02657372,0.014156717,0.005964585,0.005455388,0.17975046,1.4833333333333334
q2n23g,657b3d362855e7001f688f10,0.27827218,0.17091095,0.040488824,0.24836068,0.10969645,0.54515225,0.4435163,0.16331999,0.004444122,0.10221587,0.053205602,0.022286616,0.006485652,0.00896453,0.24467441,3.4
hvar4d,657b3dba2855e7001f693c23,0.30662343,0.24012628,0.25661674,0.24836068,0.28481755,0.43428272,0.063745245,0.36095104,0.01159668,0.3825363,0.24928534,0.11230402,0.014393489,0.021585643,0.34038553,7
hvar4d,657b3cfe2855e7001f6844f0,0.75310606,0.48648208,0.18784583,0.59196323,0.45668632,0.78101707,0.6230654,0.059727192,0.001859665,0.043839492,0.017872108,0.012790347,0.006886971,0.00521948,0.3232793,3.9
vqgk3h,657b3bcf8b12dc001fd8709e,0.71998465,0.38687348,0.5791836,0.12647597,0.21461551,0.13809541,0.799073,0.005623313,0.000619888,0.001045189,0.006268369,0.009852652,0.006097279,0.004364311,0.18687455,0.6666666666666666
m71u1z,657b3bfa8b12dc001fd8a89d,0.780284,0.46404538,0.5628552,0.10080544,0.30893698,0.11816678,0.798334,0.007571052,0.000758171,0.002099628,0.00642987,0.011133623,0.006634528,0.005927206,0.195526,0.7833333333333333
m71u1z,657b3beb2855e7001f66e243,0.40582877,0.36853585,0.25859782,0.116500415,0.3275703,0.13908774,0.52404547,0.014890783,0.001296997,0.002922831,0.008234881,0.014839902,0.00746953,0.010085096,0.41392738,0.55
ph9v6n,657b3dfd8b12dc001fdb4577,0.51366115,0.71468127,0.5512273,0.4010091,0.0637539,0.3452064,0.5519174,0.19219314,0.010604858,0.013345404,0.026444806,0.08225787,0.13815513,0.053343415,0.37688023,5.983333333333333
xzmv14,657b3c4b2855e7001f675d9c,0.020267207,0.04452344,0.0910024,0.39554617,0.06291008,0.47656414,0.09381223,0.07212844,0.004119873,0.010803374,0.012262905,0.021125201,0.0347677,0.010497936,0.37255982,2.6666666666666665
xzmv14,657b3d118b12dc001fda11f0,0.5157165,0.6086839,0.16675195,0.21795772,0.25796708,0.3804578,0.22181296,0.09525062,0.003566742,0.00588266,0.01819439,0.016411226,0.043955702,0.006222091,0.29665604,5.983333333333333
vg2uqd,657b3c732855e7001f678fd2,0.34142166,0.31985405,0.25266296,0.26131186,0.2758032,0.20502599,0.2976776,0.022964042,0.001859665,0.002700844,0.010970897,0.026317406,0.007301235,0.016749516,0.16275805,1.8
8g3ncw,657b3e532855e7001f69fed4,0.7291614,0.5151119,0.3798401,0.082564235,0.22312969,0.12461543,0.75412166,0.016838523,0.00169754,0.005512681,0.008557882,0.016547862,0.008246276,0.013151909,0.44025066,4.1
8g3ncw,657b3da82855e7001f69255f,0.47335124,0.5425826,0.10437799,0.2248042,0.1303544,0.4768965,0.39668298,0.036634352,0.002126694,0.004957713,0.008994885,0.012995303,0.018019408,0.007165726,0.20882328,1.2666666666666666
8g3ncw,657b3e092855e7001f69a1e4,0.30662343,0.2601326,0.3171293,0.20778568,0.1841414,0.14432828,0.31536126,0.011309455,0.001049042,0.002737841,0.007341875,0.013712646,0.007119995,0.010733845,0.1600719,2.8666666666666667
8g3ncw,657b3df02855e7001f698196,0.6555161,0.2821423,0.17821237,0.097804256,0.15834752,0.12838791,0.5605198,0.029917045,0.001907349,0.006437627,0.010818896,0.018802373,0.008789998,0.018518832,0.20494004,2.466666666666667
8g3ncw,657b3f272855e7001f6b0b5a,0.70276076,0.49247497,0.46984196,0.113268904,0.2541795,0.1331928,0.7530431,0.01017851,0.001058579,0.003422302,0.007028373,0.013268576,0.007327127,0.009849187,0.16322061,7.65
pwcy1k,657b3d3b8b12dc001fda489f,0.5085306,0.3322319,0.5343182,0.15872851,0.048411634,0.39133596,0.7930827,0.009236055,0.000529289,0.001812895,0.007265875,0.010057608,0.006653947,0.003774539,0.18540762,4
pwcy1k,657b3dce8b12dc001fdb08ef,0.22826096,0.14177594,0.10241937,0.3443384,0.065453626,0.47091848,0.1907705,0.031684756,0.00128746,0.002552852,0.009982891,0.010484599,0.012492486,0.003479653,0.31129402,6.483333333333333
ummgxq,657b3cfa2855e7001f683f3d,0.0944899,0.30157706,0.8389866,0.124222845,0.1303544,0.07218798,0.116013184,0.015707577,0.00064373,0.001868392,0.008329881,0.012038844,0.006712203,0.004659196,0.19556712,3.0166666666666666
ummgxq,657b3d3e2855e7001f689970,0.1320083,0.06947151,0.80377644,0.101815864,0.06207031,0.08282434,0.13055216,0.022139108,0.000901222,0.01139534,0.009412888,0.011509376,0.006382086,0.004954082,0.1936877,4.166666666666667
ummgxq,657b3de68b12dc001fdb275e,0.07813416,0.07876553,0.7775619,0.10080544,0.032430932,0.08356363,0.20801824,0.014513801,0.00099659,0.004458242,0.007930879,0.014156717,0.007145886,0.009436348,0.25789797,6.933333333333334
ummgxq,657b3c9e2855e7001f67c5c9,0.6100353,0.2925717,0.5694982,0.55690616,0.36207753,0.43394566,0.4150409,0.06817148,0.001487732,0.03919895,0.017485369,0.012175481,0.006265574,0.003140534,0.34470165,1.5
w7fhy8,657b3cd28b12dc001fd9bf2e,0.84293526,0.5624387,0.5039318,0.38287976,0.46964234,0.6363723,0.8352769,0.021314176,0.001091957,0.013445892,0.008747884,0.012722028,0.006556854,0.007961918,0.21683179,2.683333333333333
w7fhy8,657b3d832855e7001f68f2e5,0.7931483,0.7223278,0.26654595,0.56722206,0.27324003,0.81190914,0.72114706,0.017466826,0.000634193,0.007954539,0.008253881,0.010125926,0.006162008,0.004010447,0.38209397,5.65
w7fhy8,657b3e638b12dc001fdbc826,0.17300557,0.46628278,0.1995043,0.14615701,0.043866858,0.31775847,0.34306628,0.025203144,0.000734329,0.004569235,0.012338906,0.012107162,0.005971058,0.006310557,0.13742962,9.366666666666667
q3wtmh,657b3c518b12dc001fd9180d,0.42554232,0.36853585,0.27253446,0.113268904,0.23419909,0.18556258,0.65392077,0.023553278,0.002098084,0.006511623,0.010628895,0.021056883,0.009385503,0.01958042,0.56066173,0.8833333333333333
q3wtmh,657b3cb28b12dc001fd99419,0.53531736,0.4834925,0.46117917,0.50442195,0.09097064,0.5823835,0.26514557,0.12867521,0.003356934,0.10221587,0.024511116,0.018802373,0.009023022,0.006841352,0.33786306,2.533333333333333
4xa4ea,657b3d542855e7001f68b590,0.4874476,0.4363525,0.28457916,0.1329856,0.1627653,0.22631595,0.6338248,0.016712861,0.001659393,0.005586676,0.008348881,0.016889455,0.008893564,0.014921224,0.2501551,3.9
4xa4ea,657b3de42855e7001f6972f4,0.6486282,0.5782295,0.32696992,0.6660574,0.15834752,0.7722675,0.3707682,0.038519915,0.001268387,0.003403803,0.015036922,0.011475217,0.012233571,0.003376443,0.15752396,6.3
92dcvc,657b3e338b12dc001fdb89fc,0.24952528,0.43338785,0.109343514,0.49286088,0.113765255,0.59562206,0.37591973,0.16331999,0.008468628,0.01857083,0.029714199,0.018187506,0.13815513,0.004806639,0.34886408,7.983333333333333
y2kdry,657b3c988b12dc001fd97223,0.38138592,0.3526706,0.3286836,0.2450518,0.23172872,0.20109403,0.34797287,0.007005579,0.001001358,0.001322673,0.00659137,0.013473531,0.006051969,0.009436348,0.15104076,1.7333333333333334
y2kdry,657b3c838b12dc001fd957ef,0.22826096,0.17340991,0.103396736,0.097804256,0.04764421,0.16410081,0.16859275,0.05304765,0.00328064,0.006622616,0.009146886,0.017777596,0.028379176,0.011382594,0.18988706,1.3833333333333333
y2kdry,657b3dc62855e7001f694c3b,0.28784943,0.2747411,0.24872018,0.214554,0.2453918,0.17286047,0.2683853,0.015016444,0.001592636,0.003052323,0.008386881,0.0166845,0.007586042,0.012974978,0.13458171,6.783333333333333
kfdmcb,657b3cec2855e7001f682dc7,0.7376237,0.48947597,0.5165823,0.08439999,0.147432,0.14432828,0.77530444,0.00816794,0.000548363,0.001507663,0.007094874,0.009886812,0.006058442,0.003921982,0.22804359,3.45
kfdmcb,657b3c858b12dc001fd959c5,0.7934089,0.5120788,0.5454175,0.09193956,0.30171713,0.113679945,0.7930827,0.009047564,0.00084877,0.002460358,0.006714871,0.011936366,0.006789878,0.006516977,0.24197653,1.7
kfdmcb,657b3c6a8b12dc001fd93831,0.7786972,0.6649134,0.12538517,0.51067364,0.795166,0.7258558,0.81728154,0.015456256,0.000896454,0.00899048,0.008006879,0.011970525,0.006485652,0.005042548,0.23261507,1.2833333333333334
mnun1x,657b3cfd8b12dc001fd9f64b,0.76258075,0.68321174,0.65213513,0.54032934,0.088083394,0.6137894,0.7042106,0.03828422,0.001573563,0.002192123,0.011084898,0.01174849,0.014048163,0.003553374,0.21899205,1.9333333333333333
mnun1x,657b3d868b12dc001fdaaade,0.61475754,0.72940433,0.23106146,0.6899275,0.18300076,0.6787824,0.21290728,0.11398677,0.004291534,0.009545447,0.02618698,0.018734055,0.1284288,0.00563232,0.22209246,4.25
mnun1x,657b3e5e8b12dc001fdbc13b,0.4928531,0.7127663,0.5467078,0.7406221,0.3805419,0.66585374,0.34446642,0.07450261,0.001325607,0.011469335,0.033019636,0.014156717,0.006420923,0.00395147,0.14430314,7.816666666666666
mnun1x,657b3eab8b12dc001fdc20a4,0.6955315,0.6697783,0.69942516,0.34769598,0.08904153,0.4250046,0.47910255,0.15213956,0.003089905,0.026609946,0.07903719,0.017162729,0.009592636,0.00687084,0.24486524,9.116666666666667
nwzq4e,657b3de08b12dc001fdb1f65,0.42114583,0.3384778,0.49064076,0.26131186,0.0366042,0.28803274,0.096450776,0.08716487,0.001592636,0.007917541,0.032248367,0.015283971,0.008971239,0.005573343,0.2061238,2.7333333333333334
e68mrf,657b3d7f8b12dc001fdaa036,0.5363527,0.40990886,0.65323967,0.12310397,0.10969645,0.3063505,0.81460756,0.011497946,0.000982285,0.003570293,0.007949878,0.013371054,0.007922632,0.00937737,0.2704676,4.283333333333333
e68mrf,657b3d4e8b12dc001fda6084,0.25906992,0.17340991,0.26654595,0.49907818,0.061234605,0.66974515,0.23900037,0.011686437,0.000686646,0.002682345,0.007569877,0.011441057,0.006874025,0.003980959,0.18282562,3.4833333333333334
uyuqk7,657b3cd68b12dc001fd9c3b4,0.03907572,0.07037827,0.24478929,0.12310397,0.001656271,0.16659191,0.11286291,0.022256956,0.000925064,0.003311308,0.00979289,0.0103992,0.006835188,0.003450164,0.19198881,0.8666666666666667
uyuqk7,657b3d392855e7001f689378,0.5874363,0.5120788,0.13142079,0.23517443,0.16721234,0.60304576,0.55045056,0.11336674,0.003585815,0.0775651,0.021094928,0.015113175,0.021300001,0.006516977,0.367942,2.55
f2cr6k,657b3d4a8b12dc001fda5af6,0.48528853,0.5265206,0.1063522,0.10798564,0.22557884,0.119989015,0.44484767,0.020607091,0.001335144,0.005142702,0.009602889,0.016957775,0.007624879,0.010026119,0.24088565,2.033333333333333
f2cr6k,657b3da88b12dc001fdad6cb,0.047229487,0.093667574,0.6865486,0.12647597,0.000188695,0.11016245,0.16859275,0.024142517,0.000677109,0.002478856,0.010856897,0.012551232,0.006168481,0.00364184,0.18141904,3.6166666666666667
f2cr6k,657b3e058b12dc001fdb50d2,0.74149764,0.48797828,0.39746574,0.1100836,0.21703479,0.12090656,0.76827323,0.015456256,0.001335144,0.004162259,0.007949878,0.015113175,0.007870848,0.009613278,0.28037885,5.183333333333334
f2cr6k,657b3e3c2855e7001f69e237,0.35023654,0.24012628,0.332118,0.2248042,0.20620574,0.16410081,0.40584186,0.014011159,0.001296997,0.003348306,0.007759878,0.015386449,0.007508367,0.012974978,0.15493077,6.1
f2cr6k,657b3ee28b12dc001fdc65c4,0.5177736,0.3431874,0.43721238,0.11868066,0.3168669,0.13514197,0.600755,0.007508222,0.00061512,0.001322673,0.006657871,0.010006369,0.006207318,0.003980959,0.2742517,8.833333333333334
f2cr6k,657b3d302855e7001f68878e,0.002002581,0.25724247,0.8078011,0.12088228,0.000748116,0.116359964,0.036864985,0.036870047,0.001335144,0.003311308,0.012490907,0.016411226,0.010887212,0.009200439,0.19462524,1.65
f2cr6k,657b3d7f2855e7001f68ed7b,0.6105072,0.54488504,0.37545645,0.16509432,0.23419909,0.16410081,0.6713054,0.016964182,0.001277924,0.004643231,0.008538882,0.014532468,0.007883795,0.011795434,0.15256654,2.95
f2cr6k,657b3d0c2855e7001f6856a6,0.48205262,0.56059617,0.56942,0.07454585,0.4084309,0.10500617,0.20801824,0.03357032,0.001149178,0.004365747,0.013934915,0.01627459,0.007728445,0.008669644,0.2355596,1.0333333333333334
f2cr6k,657b3dd28b12dc001fdb0db7,0.8042642,0.42600605,0.5554859,0.21116324,0.4823794,0.2276639,0.81728154,0.012063419,0.001015663,0.003570293,0.007493876,0.013439372,0.007055265,0.010733845,0.26784238,4.316666666666666
23q9cx,657b3ed78b12dc001fdc5780,0.5726517,0.38972762,0.3355601,0.54899836,0.3235492,0.7968383,0.33191547,0.031213367,0.001649857,0.003977269,0.009165886,0.011628932,0.016638106,0.004187379,0.2627201,7.7
39xpwd,657b3e058b12dc001fdb5011,0.5105813,0.6010543,0.26256776,0.27206606,0.22680563,0.41464776,0.32085532,0.16098402,0.003662109,0.17459276,0.034011267,0.022149978,0.007456584,0.008433735,0.31070688,1.4333333333333333
39xpwd,657b3e818b12dc001fdbec53,0.7939295,0.54335004,0.53283376,0.32941553,0.16609791,0.4802204,0.7562747,0.10045706,0.002994537,0.08749158,0.019096779,0.01805087,0.008168601,0.006988795,0.30688506,3.5
39xpwd,657b3e3d2855e7001f69e458,0.6873393,0.34476215,0.52218765,0.25168148,0.095864415,0.22228386,0.56002194,0.10566349,0.002183914,0.09080041,0.020772645,0.013815125,0.006783404,0.004924594,0.22406924,2.4166666666666665
39xpwd,657b3f3b2855e7001f6b23dd,0.45544812,0.40121728,0.09568947,0.32287985,0.092915915,0.5990039,0.33887354,0.09308127,0.002784729,0.06294931,0.018516673,0.01627459,0.007586042,0.005602831,0.2824473,6.633333333333334
2c7q18,657b3d162855e7001f686491,0.75310606,0.45276767,0.5186637,0.09484897,0.12407555,0.20240258,0.8317538,0.011812098,0.001187325,0.003089321,0.007341875,0.013849284,0.007534259,0.009731233,0.18151435,2.1666666666666665
2c7q18,657b3ebb2855e7001f6a8233,0.7934089,0.5120788,0.5454175,0.09193956,0.30171713,0.113679945,0.7930827,0.009047564,0.00084877,0.002460358,0.006714871,0.011936366,0.006789878,0.006516977,0.24197653,9.183333333333334
2c7q18,657b3ed78b12dc001fdc572c,0.62752825,0.41136384,0.499751,0.12647597,0.20620574,0.17034614,0.7245,0.011120965,0.000858307,0.001840643,0.007246875,0.012141321,0.006582745,0.006487489,0.20250961,9.616666666666667
2c7q18,657b3dc48b12dc001fdafc28,0.708504,0.732663,0.10734529,0.16509432,0.2630359,0.36964315,0.38173443,0.09033044,0.003089905,0.022590388,0.02122384,0.014737424,0.030969119,0.0074901,0.39711282,5.066666666666666
bvqcev,657b3d838b12dc001fdaa5c0,0.82463926,0.5151119,0.55162203,0.09582901,0.30696452,0.13125886,0.83055645,0.011812098,0.001125336,0.003181816,0.007132874,0.013166099,0.007210615,0.008197826,0.22410259,1.7833333333333334
bvqcev,657b3da72855e7001f69236a,0.05054392,0.10004715,0.09759216,0.28608742,0.064601645,0.3954315,0.088613324,0.102192536,0.004062653,0.009434453,0.014390918,0.021330157,0.05430072,0.013564749,0.2258766,2.4
xmarrm,657b3eb72855e7001f6a7d2c,0.35244697,0.17340991,0.11034848,0.15556577,0.080563076,0.2617657,0.0808017,0.08241652,0.002117157,0.006622616,0.025155678,0.013302735,0.018192071,0.004157891,0.32522973,4.15
xmarrm,657b3e282855e7001f69c8a1,0.6805941,0.21246682,0.53900784,0.36676258,0.16387439,0.53006184,0.8212058,0.014576632,0.000460148,0.002210622,0.00975489,0.010228404,0.005971058,0.003892493,0.1948242,1.7666666666666666
xmarrm,657b3f5d2855e7001f6b4d70,0.4711064,0.41720122,0.12779324,0.5704037,0.19564457,0.7454068,0.26514557,0.23451406,0.008773804,0.011321344,0.056719027,0.018597418,0.2836219,0.004806639,0.3066649,6.883333333333334
xmarrm,657b3fd28b12dc001fdd8f60,0.7022748,0.82116127,0.5389295,0.5727919,0.16721234,0.75333357,0.68584675,0.15711457,0.003318787,0.017766917,0.06529768,0.016479544,0.021472665,0.006458,0.13635251,8.833333333333334
ecc6kr,657b3d7e2855e7001f68ed19,0.68508637,0.5494945,0.44243634,0.11977882,0.21100153,0.19329,0.74327064,0.012126249,0.001120567,0.003699786,0.007360875,0.014737424,0.007314181,0.011264639,0.15715715,2.25
ecc6kr,657b3d5f8b12dc001fda77ae,0.4343623,0.42159554,0.084609546,0.10487753,0.17619257,0.2603964,0.1832748,0.056016337,0.002317429,0.004069764,0.0114269,0.015557245,0.025443908,0.007902941,0.17754468,1.7166666666666666
fr11z4,657b3cfb2855e7001f68413a,0.7495915,0.47001863,0.52202743,0.11114024,0.17506383,0.1331928,0.80911946,0.007571052,0.000705719,0.001785147,0.00653437,0.010723713,0.006446815,0.005160502,0.22064626,1
fr11z4,657b3f0d2855e7001f6ae945,0.664265,0.6179613,0.49595335,0.4902017,0.82566,0.5320347,0.14227262,0.048594624,0.001363754,0.022791367,0.01632893,0.012312118,0.007275343,0.009141461,0.3775584,9.833333333333334
vzupkq,657b3d538b12dc001fda66d8,0.047229487,0.23731218,0.09854957,0.2248042,0.046880882,0.39065418,0.08990326,0.32971194,0.022064678,0.031464707,0.06794841,0.087430455,0.44942492,0.02146769,0.19496837,1.3
vzupkq,657b3dde2855e7001f696b87,0.30877617,0.2674034,0.11338645,0.113268904,0.094877556,0.19070588,0.40584186,0.020231359,0.001239777,0.00414376,0.009146886,0.016342908,0.008026198,0.012562137,0.27707538,3.65
vzupkq,657b3e152855e7001f69b0e5,0.07635384,0.06678165,0.3649756,0.05888123,0.000188695,0.056299057,0.042100973,0.76197964,0.023076924,0.013144426,0.78882504,0.29209393,0.009903334,0.013682704,0.21811976,4.55
vzupkq,657b3d958b12dc001fdabd93,0.38804337,0.31831792,0.12271099,0.27982917,0.06040291,0.3191916,0.30852884,0.0438942,0.001783371,0.002996826,0.011692902,0.011936366,0.017328756,0.004246356,0.18464616,2.3833333333333333
uuf41e,657b3dfa8b12dc001fdb419d,0.6913161,0.6267011,0.60640234,0.5497882,0.23667608,0.6495375,0.51645535,0.08004235,0.003032684,0.005660672,0.012452906,0.01579636,0.058180105,0.006369534,0.21147868,3.183333333333333
uuf41e,657b3e878b12dc001fdbf3c8,0.6533779,0.6148673,0.32696992,0.3544385,0.31420925,0.523493,0.34446642,0.028031485,0.001401901,0.00362579,0.008785884,0.014054239,0.0115345,0.006900329,0.26522753,5.566666666666666
g2tqk8,657b3e648b12dc001fdbc8ff,0.7356855,0.8362406,0.4027509,0.5026383,0.5115195,0.60842717,0.3071667,0.17371799,0.00371933,0.13163337,0.053791173,0.014088398,0.007262398,0.00563232,0.29747525,4.616666666666666
g2tqk8,657b3eba2855e7001f6a80bd,0.52498543,0.6155951,0.3171293,0.2659053,0.27708808,0.41395864,0.42890894,0.102192536,0.001955032,0.0103594,0.029934563,0.021535112,0.008971239,0.008197826,0.26639736,6.066666666666666
g2tqk8,657b3f172855e7001f6af614,0.80323815,0.839292,0.54844797,0.5311825,0.70014495,0.60708284,0.48239642,0.15269235,0.002765656,0.109318495,0.036214896,0.012517073,0.0069517,0.005573343,0.25960267,7.6
3mfva2,657b42812855e7001f6f27e4,0.39249563,0.4157393,0.26654595,0.124222845,0.1841414,0.15668073,0.58985406,0.008921904,0.00108242,0.002682345,0.007151874,0.013200258,0.007288289,0.009731233,0.17721629,9.383333333333333
3mfva2,657b41a22855e7001f6e04fc,0.7587219,0.5541114,0.7687644,0.52405065,0.17168832,0.49020153,0.7530431,0.050573748,0.001382828,0.026810925,0.016784932,0.011799729,0.006162008,0.004806639,0.21762197,5.666666666666667
3mfva2,657b41092855e7001f6d54aa,0.36131743,0.34791833,0.10437799,0.40283436,0.19217539,0.5193678,0.35992172,0.09438288,0.002393723,0.06249457,0.022770792,0.014088398,0.006738094,0.004423288,0.33163464,3.1166666666666667
8k8bk4,657b3e722855e7001f6a2611,0.697232,0.36538187,0.46268427,0.10590835,0.16498521,0.13222396,0.7692316,0.009550206,0.000772476,0.001590908,0.006847872,0.011116544,0.006886971,0.005868228,0.16122033,3
8k8bk4,657b3ef32855e7001f6ac8ef,0.722633,0.5556525,0.60886145,0.5363987,0.12825382,0.45699683,0.5192781,0.05824285,0.001716614,0.004032766,0.019419061,0.013678487,0.016120117,0.005366922,0.23436622,5.166666666666667
8k8bk4,657b3f4b8b12dc001fdce9d2,0.032686662,0.040773112,0.77658993,0.069417,0.03946282,0.06364646,0.0755991,0.02343543,0.001196861,0.002358613,0.009184887,0.013746806,0.008556974,0.00896453,0.3832499,6.583333333333333
8k8bk4,657b40042855e7001f6c1826,0.12267091,0.27769426,0.100476414,0.3326982,0.01529889,0.32206288,0.061113272,0.20172562,0.007743835,0.007806548,0.030926194,0.025360947,0.18597278,0.009613278,0.30518612,9.683333333333334
fy7bcd,657b3d628b12dc001fda7b76,0.37917098,0.39545837,0.35888863,0.09681413,0.2874042,0.13416551,0.6052331,0.024378212,0.001783371,0.005253696,0.009488888,0.019963788,0.009307829,0.021703599,0.33560452,2.466666666666667
fy7bcd,657b3d9f8b12dc001fdacb0a,0.3130916,0.46628278,0.23891157,0.26131186,0.0637539,0.3716658,0.2248115,0.032863233,0.00169754,0.002626848,0.00821588,0.012961143,0.018192071,0.005927206,0.19272326,3.4833333333333334
fct81p,657b3f5e8b12dc001fdd00f4,0.04069166,0.093667574,0.09286537,0.07454585,0.046121623,0.09592405,0.04766345,0.36043653,0.009498596,0.023997234,0.27969417,0.07643871,0.01750142,0.022883141,0.1526552,8.2
fct81p,657b3e682855e7001f6a19e3,0.56441593,0.7606595,0.24478929,0.34099117,0.21220426,0.4403556,0.22681904,0.3561489,0.015092585,0.41975367,0.17610447,0.07514556,0.075531214,0.030196311,0.35877195,4.15
fy9k9x,657b3eb22855e7001f6a760a,0.75380856,0.6030511,0.48874518,0.24836068,0.23667608,0.38656828,0.6765604,0.059727192,0.002593994,0.002682345,0.0113889,0.013576009,0.04029291,0.004482265,0.25787964,7.933333333333334
fy9k9x,657b3eec2855e7001f6ac00d,0.85940504,0.8241404,0.5936848,0.17151402,0.24914877,0.45302674,0.81050885,0.008607753,0.000576973,0.001970136,0.006914373,0.010518758,0.006938754,0.004482265,0.2025396,8.916666666666666
fy9k9x,657b3f278b12dc001fdcbd5a,0.8196856,0.82512397,0.37720883,0.09002491,0.1627653,0.32926556,0.82873875,0.00816794,0.000729561,0.002182874,0.00648687,0.010774951,0.007249452,0.005278457,0.1776282,9.883333333333333
fy9k9x,657b3d472855e7001f68a4a2,0.7167179,0.765455,0.4721051,0.6156804,0.240402,0.52210414,0.4170175,0.050573748,0.001449585,0.004680229,0.020385906,0.012380436,0.010990778,0.003921982,0.25348687,1.9
fy9k9x,657b3dd02855e7001f69594d,0.06410012,0.5571942,0.6778882,0.4230628,0.04312292,0.44939154,0.07929607,0.067380086,0.001955032,0.00242336,0.017012933,0.011526455,0.035458352,0.003568119,0.2569397,4.183333333333334
fy9k9x,657b3d8a8b12dc001fdaafb7,0.6360558,0.5705557,0.24872018,0.5895612,0.22680563,0.7082693,0.36203802,0.075294,0.002555847,0.004643231,0.01890341,0.013405213,0.03718498,0.004216868,0.21114647,3
fy9k9x,657b3e168b12dc001fdb646e,0.54776,0.647102,0.2645553,0.38829362,0.161658,0.48920274,0.38562226,0.20265625,0.005111694,0.014752249,0.08508729,0.027137227,0.058180105,0.006192603,0.27714485,5.283333333333333
fy9k9x,657b3e7f2855e7001f6a35e4,0.81038415,0.56207013,0.5810558,0.14928007,0.2074021,0.2344353,0.8658475,0.009990019,0.000710487,0.002182874,0.007436876,0.011816809,0.006679839,0.005956694,0.42956904,7.1
gn4hcw,657b3f498b12dc001fdce84e,0.12267091,0.16347843,0.31507698,0.18780111,0.021337438,0.17791487,0.33330446,0.06104896,0.002937317,0.004088263,0.010058892,0.017162729,0.04132889,0.008079873,0.22295767,8.05
gn4hcw,657b3ec52855e7001f6a8e73,0.69559777,0.39977503,0.48609284,0.25826308,0.08712909,0.37978005,0.6800507,0.032391842,0.001754761,0.002774839,0.008500882,0.012585391,0.015947454,0.005956694,0.19099812,5.866666666666666
gn4hcw,657b3e4c8b12dc001fdbaa49,0.42334303,0.32293442,0.15352494,0.43234292,0.08335247,0.6151242,0.19265923,0.029092113,0.001583099,0.003921773,0.008747884,0.012585391,0.011612174,0.005720785,0.18164732,3.85
t6ghz4,657b3f462855e7001f6b317d,0.08533011,0.2630332,0.72523415,0.14304936,0.05073776,0.20371327,0.053565264,0.15932569,0.006217957,0.008657498,0.018323302,0.017094411,0.1401159,0.006811863,0.23935929,5.916666666666667
f4cu49,657b3e0d2855e7001f69a820,0.85851383,0.79666203,0.44842112,0.603546,0.5818325,0.83011705,0.8528337,0.06065326,0.001897812,0.033269364,0.02283525,0.014498309,0.006686311,0.006487489,0.36185503,3.5166666666666666
f4cu49,657b3ed38b12dc001fdc5331,0.79989165,0.74132556,0.2546384,0.6453875,0.416525,0.81285334,0.7817789,0.06500591,0.002136231,0.039714564,0.016632931,0.014464149,0.007236506,0.006723397,0.37226045,6.816666666666666
npdf4k,657b3ef58b12dc001fdc7d11,0.08533011,0.11233474,0.1743793,0.21795772,0.056305178,0.18300404,0.26086196,0.017341165,0.000758171,0.002441859,0.009678889,0.012073003,0.006815769,0.006634932,0.25082445,1.5333333333333334
npdf4k,657b3f7e8b12dc001fdd2925,0.79548967,0.5510323,0.5730919,0.4156753,0.47944105,0.53083384,0.7042106,0.014450971,0.000677109,0.004421244,0.008842885,0.010894509,0.006272047,0.004305333,0.19042286,3.8333333333333335
7nt29u,657b3dc78b12dc001fdafef6,0.09820561,0.2457886,0.843073,0.20442122,0.014714233,0.1331928,0.12240143,0.0414203,0.001945496,0.003070822,0.0113889,0.011509376,0.016638106,0.003700818,0.20883498,2.216666666666667
7nt29u,657b3ec42855e7001f6a8d2f,0.5747129,0.7239629,0.26853967,0.47168955,0.6434523,0.46130162,0.084635615,0.1460314,0.00492096,0.031206898,0.036809623,0.022628209,0.056240413,0.007608055,0.15831074,6.466666666666667
c9zbpr,657b3d348b12dc001fda3fe6,0.6741488,0.56870914,0.5185036,0.13630773,0.0671697,0.3472498,0.7692316,0.015204934,0.000829697,0.002700844,0.007227874,0.01128734,0.008181547,0.006693909,0.18832938,1.2666666666666666
c9zbpr,657b3df32855e7001f698638,0.6265815,0.5771456,0.36671826,0.6868267,0.5758057,0.79733706,0.4156998,0.021667719,0.001316071,0.003810779,0.007835878,0.01265371,0.010913103,0.006281069,0.33269712,4.466666666666667
d269x2,657b3f3f2855e7001f6b2927,0.09080389,0.15131176,0.54897594,0.19440953,0.08335247,0.24812905,0.074871585,0.10739898,0.003318787,0.004217756,0.018129934,0.01354185,0.060766358,0.004246356,0.2532142,8.983333333333333
d269x2,657b3eac2855e7001f6a6e4d,0.83915734,0.6741015,0.44542688,0.19109875,0.19680415,0.5473798,0.84470063,0.027913637,0.001459122,0.010137413,0.010590895,0.013917602,0.008285114,0.009613278,0.34897417,6.55
d269x2,657b3e2f8b12dc001fdb8417,0.51366115,0.7749949,0.23500682,0.54899836,0.35527012,0.66065085,0.22081688,0.39441586,0.023076924,0.25817248,0.40243408,0.09292633,0.2606104,0.020288147,0.28086278,4.45
xrbqcb,657b3f468b12dc001fdce462,0.81190383,0.6884515,0.38951546,0.6596171,0.44733357,0.7281775,0.6689618,0.22712809,0.004863739,0.23467018,0.07998765,0.017572641,0.00838868,0.004983571,0.4122955,6
nffzzu,657b3ed02855e7001f6a9cd7,0.7219268,0.41136384,0.57246685,0.11434096,0.31486937,0.17160219,0.748714,0.013822667,0.001134872,0.005364689,0.007930879,0.015523086,0.007922632,0.011146685,0.14979027,2.8666666666666667
4pmx9t,657b3ef58b12dc001fdc7cc2,0.8161863,0.46852314,0.43051165,0.11977882,0.47846138,0.23172058,0.47306892,0.3057765,0.007400513,0.3072352,0.15698463,0.023243073,0.007611934,0.005278457,0.31576556,3.6
4pmx9t,657b3f268b12dc001fdcbba9,0.7996335,0.57461745,0.56762314,0.124222845,0.32287985,0.1361225,0.8352769,0.012754552,0.001001358,0.003514797,0.007550877,0.01265371,0.006912862,0.006487489,0.37697604,4.433333333333334
4pmx9t,657b3ec12855e7001f6a8924,0.4432165,0.59996444,0.19366163,0.41751894,0.2074021,0.56055653,0.15786818,0.23415339,0.006446838,0.25986546,0.056719027,0.014874061,0.007832011,0.004895105,0.25393814,2.783333333333333
4fx7a3,657b3dca2855e7001f6951ce,0.70276076,0.49247497,0.46984196,0.113268904,0.2541795,0.1331928,0.7530431,0.01017851,0.001058579,0.003422302,0.007028373,0.013268576,0.007327127,0.009849187,0.16322061,2.466666666666667
4fx7a3,657b3e652855e7001f6a1644,0.45210588,0.30611402,0.3580206,0.11977882,0.20381775,0.12743886,0.5098025,0.008670582,0.000815392,0.002099628,0.006781372,0.01220964,0.006763986,0.007784986,0.15395038,5.05
4fx7a3,657b3d868b12dc001fdaaa25,0.15839244,0.40555513,0.0966388,0.21795772,0.000188695,0.4215485,0.18888894,0.103060275,0.003185272,0.003477799,0.014390918,0.012790347,0.09009721,0.003243744,0.19038494,1.3333333333333333
4fx7a3,657b3ecd8b12dc001fdc4ba0,0.23767464,0.38972762,0.09193192,0.13133545,0.02707787,0.31204242,0.23389664,0.040925518,0.002202988,0.003496297,0.008386881,0.01309778,0.02250864,0.005986183,0.16059156,6.783333333333333
4fx7a3,657b3f218b12dc001fdcb555,0.34582332,0.3045994,0.3614949,0.2384713,0.19796546,0.17412075,0.30989113,0.013508516,0.001239777,0.003477799,0.007702877,0.014703264,0.007495422,0.010969753,0.1600719,8.15
4ktbcz,657b3f1f2855e7001f6b0064,0.47774684,0.22616051,0.28055468,0.2782709,0.5494895,0.28803274,0.21783899,0.085582085,0.001506805,0.052490227,0.02122384,0.012312118,0.006356194,0.004128402,0.23208298,1.7333333333333334
4ktbcz,657b3f512855e7001f6b3fdf,0.7685352,0.46553662,0.55074084,0.09002491,0.26940405,0.12934102,0.80272555,0.006314446,0.000686646,0.001590908,0.006372869,0.010587076,0.006407978,0.005366922,0.32533118,2.566666666666667
4ktbcz,657b401c2855e7001f6c35b7,0.61145157,0.7369995,0.26654595,0.39736483,0.47584882,0.54618037,0.39668298,0.085582085,0.002059937,0.033527173,0.022319598,0.020510335,0.00737891,0.0108518,0.32239008,5.966666666666667
pebzxy,657b3d792855e7001f68e60b,0.79989165,0.5425826,0.46268427,0.07806128,0.16387439,0.14995342,0.83055645,0.008859074,0.000839233,0.002737841,0.006686371,0.012073003,0.007003482,0.0074901,0.18578354,0.95
pebzxy,657b3dea8b12dc001fdb2c09,0.39026847,0.48125488,0.26058143,0.42676747,0.08617879,0.66260326,0.35710433,0.04240986,0.001859665,0.003033824,0.013706914,0.013234417,0.013113883,0.005927206,0.34376168,2.816666666666667
pebzxy,657b3e4d8b12dc001fdbabba,0.7296905,0.4437917,0.31302714,0.29555178,0.29519308,0.27137864,0.6262356,0.038991302,0.001525879,0.001960886,0.011730902,0.013063621,0.01254427,0.005927206,0.3538347,4.45
x29pp4,657b3db28b12dc001fdae3da,0.11183177,0.14177594,0.08281895,0.25168148,0.20620574,0.3263803,0.25980574,0.3389984,0.01935331,0.105256535,0.30797598,0.22321637,0.008738215,0.055286817,0.34395286,1.5
x29pp4,657b3de12855e7001f696fb4,0.37246382,0.45426854,0.081044875,0.12647597,0.16055275,0.15184323,0.3765649,0.08004235,0.004348755,0.011025362,0.014884921,0.03990845,0.011327368,0.06306043,0.71615124,2.316666666666667
x29pp4,657b3e362855e7001f69da8d,0.51983213,0.1324148,0.09854957,0.20778568,0.26812777,0.12838791,0.23186605,0.26859093,0.009384155,0.027614836,0.06319981,0.09292633,0.1329628,0.016159745,0.39585346,3.7333333333333334
x29pp4,657b3e9a8b12dc001fdc0b8f,0.75942504,0.42159554,0.40537766,0.15241629,0.3613961,0.2700028,0.72114706,0.09785384,0.003376007,0.004587734,0.019096779,0.02249157,0.055270568,0.018518832,0.2765464,5.366666666666666
x29pp4,657b3ee42855e7001f6ab4f6,0.09820561,0.2044055,0.5754353,0.19109875,0.25166142,0.093530096,0.08990326,0.51980776,0.1465323,0.013043936,0.1640896,0.10363861,0.5940531,0.018282922,0.24001765,6.616666666666666
x29pp4,657b3f278b12dc001fdcbd4a,0.30447376,0.24863632,0.15164815,0.11868066,0.46555805,0.10929321,0.26514557,0.014702292,0.000886917,0.002626848,0.007702877,0.013029462,0.006964645,0.008374758,0.18986586,7.716666666666667
x29pp4,657b3f528b12dc001fdcf2da,0.18036744,0.10004715,0.100476414,0.124222845,0.52868277,0.15184323,0.20801824,0.002183353,0.000225306,0.000219675,0.005541614,0.008716858,0.005338334,0.004187379,0.2440002,8.433333333333334
x29pp4,657b3fa02855e7001f6ba27e,0.39249563,0.5854634,0.0758189,0.15241629,0.117865905,0.12368249,0.15086368,0.1893425,0.002145767,0.00932346,0.107333586,0.055940874,0.006641001,0.006634932,0.17699644,9.75
7ea97r,657b3f8d2855e7001f6b8c39,0.42994708,0.15131176,0.21126576,0.20107053,0.43091828,0.16410081,0.34727085,0.017466826,0.000925064,0.00431025,0.009165886,0.012892825,0.00704232,0.006104137,0.20165464,2.7666666666666666
7ea97r,657b3fdf2855e7001f6beb1f,0.7270456,0.41427898,0.3171293,0.115418,0.14960077,0.22094403,0.6557929,0.10739898,0.005989075,0.007732552,0.011730902,0.020646973,0.085497424,0.012857023,0.19443694,4.133333333333334
7ea97r,657b40492855e7001f6c6cf6,0.15114407,0.15857893,0.11956828,0.09387397,0.03519795,0.13125886,0.06242194,0.17891699,0.007133484,0.004532238,0.01929015,0.01887069,0.22514746,0.006988795,0.37883866,5.916666666666667
7ea97r,657b41288b12dc001fdf2a57,0.28784943,0.18863499,0.7568599,0.19440953,0.17732301,0.19329,0.0808017,0.18459146,0.007553101,0.009693438,0.024640027,0.031641733,0.13650303,0.012385205,0.2582344,9.6
9q1qta,657b3d902855e7001f69057c,0.6925757,0.528809,0.56692,0.26284042,0.075996056,0.4022753,0.7644271,0.014890783,0.000844002,0.005068706,0.007968879,0.01309778,0.007430693,0.007136237,0.14521258,1.2
9q1qta,657b3df62855e7001f6989bd,0.15114407,0.54718906,0.14603578,0.16509432,0.016478393,0.35545176,0.10819229,0.23451406,0.01121521,0.008731495,0.020450363,0.03690237,0.34804323,0.017575197,0.19745104,2.9
9q1qta,657b3ed22855e7001f6a9e89,0.02953679,0.18607083,0.132634,0.14304936,0.000188695,0.19329,0.10819229,0.4394682,0.023599008,0.026408968,0.0654725,0.10920923,0.54744303,0.014213498,0.28335428,6.55
9q1qta,657b3ea88b12dc001fdc1cbc,0.7450179,0.36538187,0.51802325,0.14928007,0.2098003,0.2576641,0.67597777,0.1373533,0.006065369,0.004920715,0.015036922,0.019690514,0.13815513,0.007106749,0.20872398,5.833333333333333
9q1qta,657b3e508b12dc001fdbaf15,0.23767464,0.11441821,0.063385084,0.07717534,0.061234605,0.11456946,0.08004688,0.27412915,0.014576134,0.017063495,0.029604018,0.04266402,0.34804323,0.010674868,0.3135486,4.383333333333334
9q1qta,657b3f7a2855e7001f6b7382,0.34362122,0.048387107,0.10734529,0.075417474,0.19680415,0.07846774,0.13888659,0.16098402,0.002384186,0.0103594,0.07270074,0.03690237,0.007780228,0.015923835,0.38217705,9.366666666666667
vy863g,657b3e558b12dc001fdbb504,0.28544915,0.3780503,0.08016376,0.07367923,0.058751587,0.1361225,0.12401656,0.021196328,0.000953674,0.002996826,0.009241886,0.013644327,0.008103873,0.00896453,0.20593502,4.15
vy863g,657b3e812855e7001f6a3873,0.6662634,0.41136384,0.25069022,0.12310397,0.2706815,0.17791487,0.5423811,0.022728346,0.002183914,0.006585619,0.008766884,0.017914234,0.009048914,0.013800657,0.16409329,4.966666666666667
vy863g,657b3ec28b12dc001fdc3d9f,0.47989902,0.30308694,0.3232997,0.12989433,0.14097191,0.1361225,0.6325618,0.011623607,0.000925064,0.00258985,0.007569877,0.013268576,0.006964645,0.008256803,0.20791477,6.016666666666667
vy863g,657b3df08b12dc001fdb33ed,0.6006044,0.7245076,0.2369578,0.4397787,0.29910353,0.5649995,0.44986546,0.026263772,0.001215935,0.00190539,0.008652883,0.012790347,0.01119791,0.005013059,0.16373393,2.533333333333333
thzxn2,657b3e288b12dc001fdb7c67,0.15114407,0.7165949,0.14230952,0.22137496,0.06040291,0.41602656,0.083090164,0.36095104,0.010147095,0.012139536,0.36537176,0.059948977,0.085497424,0.008197826,0.38322526,2.75
thzxn2,657b3ed68b12dc001fdc56ae,0.7894918,0.68058956,0.3649756,0.49641156,0.3478035,0.6729796,0.6881582,0.020231359,0.001130104,0.002571351,0.008253881,0.012995303,0.008789998,0.005543854,0.25057217,5.65
thzxn2,657b3f498b12dc001fdce86e,0.8124094,0.6523772,0.63326,0.59516764,0.16498521,0.6684491,0.7724208,0.046368107,0.001325607,0.012061302,0.019741343,0.011031146,0.007145886,0.004806639,0.3153049,7.566666666666666
thzxn2,657b3e912855e7001f6a4b40,0.5208621,0.8214944,0.1063522,0.5320756,0.2453918,0.72701746,0.20704561,0.054037213,0.002403259,0.003422302,0.014390918,0.01265371,0.031314444,0.004482265,0.32051095,4.516666666666667
thzxn2,657b3f032855e7001f6adcb4,0.5675027,0.3337895,0.86074054,0.2282475,0.08335247,0.13222396,0.7030718,0.09655223,0.001401901,0.002996826,0.03665562,0.012687869,0.006317357,0.004482265,0.19100088,6.416666666666667
thzxn2,657b3f942855e7001f6b941f,0.6351079,0.4497687,0.85854113,0.32450983,0.021337438,0.33505404,0.6325618,0.05230548,0.001487732,0.004643231,0.019934712,0.014566627,0.007961469,0.004954082,0.18040715,8.816666666666666
114n66,657b3ea62855e7001f6a676c,0.001094593,0.040773112,0.10437799,0.41751894,0.068034075,0.5145586,0.08777359,0.011435116,0.000653267,0.002145876,0.007341875,0.011014067,0.006763986,0.004806639,0.18068878,4.333333333333333
114n66,657b3ed68b12dc001fdc564f,0.09264324,0.097840905,0.09286537,0.12534684,0.01948884,0.23307678,0.1722254,0.01859777,0.001344681,0.002515854,0.007588876,0.010655395,0.009126588,0.004334822,0.325541,5.1
114n66,657b3dfd2855e7001f6993ab,0.14154164,0.2747411,0.14230952,0.38107905,0.06040291,0.48887,0.16859275,0.0438942,0.001049042,0.024600167,0.015036922,0.010194245,0.006013132,0.002521274,0.21428336,1.5166666666666666
114n66,657b3e5e8b12dc001fdbc1c0,0.769056,0.3337895,0.5157819,0.10487753,0.20029284,0.16161843,0.8375681,0.007099825,0.000629425,0.00189614,0.006420369,0.010638315,0.00661511,0.004747662,0.19395496,3.1166666666666667
114n66,657b3f092855e7001f6ae45e,0.13676605,0.11870198,0.23891157,0.23170424,0.021337438,0.34450868,0.2749724,0.04834723,0.001153946,0.024801146,0.014732921,0.011492296,0.006090806,0.003391187,0.26507145,5.966666666666667
114n66,657b3f688b12dc001fdd0e03,0.08714753,0.18863499,0.20930107,0.327778,0.001656271,0.42223948,0.21094625,0.08716487,0.001449585,0.04667538,0.023221988,0.011099464,0.006550381,0.003686073,0.37903088,7.55
114n66,657b3fa72855e7001f6baafb,0.44543546,0.3045994,0.32124072,0.52226985,0.15834752,0.50597984,0.2472474,0.0926474,0.001554489,0.027815815,0.027841117,0.014190876,0.006485652,0.004570731,0.2434822,8.6
114n66,657b3fe72855e7001f6bf3c1,0.045584004,0.07312866,0.08192977,0.20107053,0.025777057,0.30493158,0.14057605,0.04735767,0.001564026,0.00414376,0.012414906,0.017914234,0.009722093,0.019462466,0.24741335,9.65
114n66,657b3e422855e7001f69ea36,0.57574373,0.3322319,0.31302714,0.29080722,0.10194144,0.50639635,0.4262623,0.07845957,0.001726151,0.043839492,0.019354604,0.010894509,0.00679635,0.003405932,0.32830554,2.6666666666666665
mnhexr,657b3e9e2855e7001f6a5c0f,0.11183177,0.22339956,0.2705359,0.66207373,0.06040291,0.6137894,0.0755991,0.112850055,0.003414154,0.009915425,0.034562174,0.016411226,0.034422375,0.007224703,0.29752675,2.4833333333333334
mnhexr,657b3f282855e7001f6b0bb8,0.34142166,0.24295193,0.41503382,0.43234292,0.23296322,0.5052717,0.29363582,0.026145924,0.001111031,0.005623675,0.009108886,0.011936366,0.0100069,0.006192603,0.1673877,4.766666666666667
mnhexr,657b3f9d2855e7001f6b9f2c,0.28784943,0.16842249,0.3493656,0.14928007,0.23667608,0.16161843,0.37334225,0.018723432,0.00123024,0.005660672,0.008481883,0.015591404,0.007689608,0.011677479,0.22266182,6.716666666666667
mnhexr,657b3fda8b12dc001fdd9908,0.17790961,0.15857893,0.10734529,0.11434096,0.31420925,0.28663585,0.19836703,0.049336795,0.001678467,0.003181816,0.014732921,0.025497584,0.00737891,0.03373494,0.49462008,7.733333333333333
mnhexr,657b401f8b12dc001fddecd3,0.15597202,0.21246682,0.07241507,0.061243776,0.06977485,0.08356363,0.14397636,0.123468354,0.003242493,0.019274252,0.056719027,0.023311393,0.007547205,0.010556913,0.2110061,8.883333333333333
mnhexr,657b3ef82855e7001f6acecb,0.698353,0.52728325,0.332118,0.54269063,0.77433246,0.564658,0.38108742,0.03309893,0.001459122,0.004254754,0.009906891,0.011646013,0.012647836,0.004688685,0.21142091,3.9833333333333334
8pq818,657b3eb42855e7001f6a794b,0.44099933,0.528809,0.3510931,0.09484897,0.41891065,0.2102981,0.5744081,0.02249265,0.001983643,0.007103588,0.010286893,0.019963788,0.010162249,0.01958042,0.61567634,1.8666666666666667
8pq818,657b3f452855e7001f6b3077,0.4599112,0.50527126,0.33383814,0.10590835,0.17168832,0.14995342,0.67597777,0.008796243,0.000863075,0.002062631,0.006904873,0.012380436,0.007107049,0.006723397,0.28157967,4.25
8pq818,657b405a8b12dc001fde340a,0.40365055,0.31525165,0.10734529,0.2282475,0.094877556,0.23307678,0.22281083,0.4014846,0.011062622,0.009064475,0.4339631,0.11601777,0.05236103,0.009318393,0.40757293,8.883333333333333
nvek9k,657b3fca2855e7001f6bd2be,0.6773704,0.40845597,0.38423225,0.097804256,0.34103718,0.113679945,0.5972324,0.010367001,0.000967979,0.002848835,0.007104374,0.013644327,0.007184723,0.009023507,0.15240553,6.1
nvek9k,657b40648b12dc001fde3f69,0.6564665,0.5456529,0.4364669,0.259786,0.26557916,0.3629191,0.6103405,0.026145924,0.001392365,0.010729378,0.010742896,0.012073003,0.007068211,0.007106749,0.21751246,8.666666666666666
abdhqb,657b45362855e7001f734290,0.079922065,0.14652205,0.090076774,0.08439999,0.057932016,0.12461543,0.11286291,0.06025757,0.001497269,0.004291751,0.02373764,0.013439372,0.007676662,0.011854411,0.15899964,3.65
abdhqb,657b45a58b12dc001fe5a606,0.15355562,0.37011713,0.046755966,0.12088228,0.029057574,0.24537462,0.20510538,0.051810697,0.003242493,0.00294133,0.009507888,0.011816809,0.04098356,0.005160502,0.33289155,5.5
abdhqb,657b465d2855e7001f751420,0.28544915,0.3291235,0.13750808,0.40466312,0.08523248,0.44807062,0.34446642,0.02035702,0.000634193,0.001886891,0.011274899,0.010518758,0.006310884,0.003081557,0.39098722,8.566666666666666
8abn8q,657b410a2855e7001f6d56c2,0.7021863,0.71358716,0.30077735,0.13464333,0.10591495,0.31061715,0.75088155,0.013382856,0.000734329,0.001970136,0.00808288,0.010177165,0.006699257,0.004010447,0.14951447,9.366666666666667
8abn8q,657b40d88b12dc001fdeca55,0.75380856,0.5876359,0.5695762,0.8165584,0.349159,0.8211918,0.6128897,0.09872158,0.003147125,0.015355183,0.029493837,0.024062896,0.032005094,0.014862247,0.30342236,8.5
8abn8q,657b411d8b12dc001fdf1e36,0.37694255,0.35744265,0.39658093,0.11758787,0.20381775,0.13416551,0.6033148,0.007005579,0.00084877,0.001951637,0.00659137,0.012004685,0.007003482,0.007106749,0.21840304,9.633333333333333
qe13yf,657b3e5c2855e7001f6a0af5,0.42114583,0.3940229,0.2705359,0.24175529,0.31288958,0.27413666,0.14397636,0.29771072,0.008049011,0.27798235,0.16480011,0.13432594,0.0100069,0.018990649,0.3320532,2.25
qe13yf,657b3ed32855e7001f6aa088,0.39472556,0.19909015,0.65489525,0.16190393,0.45191035,0.20109403,0.06242194,0.64447093,0.16960317,0.3802808,0.5130944,0.57236236,0.048481647,0.34039482,0.4613433,4.25
9uvdbv,657b41318b12dc001fdf35f3,0.20690423,0.5219503,0.18013267,0.4342057,0.093894765,0.56773156,0.117599316,0.17371799,0.003452301,0.018269362,0.081508696,0.022218296,0.017846745,0.007313169,0.21239139,9.05
bmaddb,657b3e9e2855e7001f6a5b83,0.54568315,0.6608768,0.10144578,0.5664272,0.2074021,0.6363723,0.32914153,0.049089402,0.002059937,0.010063417,0.013288911,0.011868048,0.018019408,0.004423288,0.29110253,2.45
bmaddb,657b3f078b12dc001fdc93f4,0.19487326,0.3431874,0.3459146,0.50442195,0.16498521,0.49652767,0.13220452,0.085582085,0.00328064,0.004347248,0.012110904,0.015488927,0.060766358,0.00563232,0.1954039,4.166666666666667
bmaddb,657b3ffb8b12dc001fddc105,0.009788903,0.30006987,0.07241507,0.24836068,0.046880882,0.37978005,0.08156059,0.24924077,0.011901856,0.06795148,0.06407392,0.06495911,0.13815513,0.016395653,0.27790287,8.283333333333333
bmaddb,657b40422855e7001f6c63f8,0.032686662,0.28362978,0.09193192,0.37928078,0.080563076,0.4077657,0.09250268,0.19314334,0.008277893,0.034042787,0.02373764,0.03239325,0.2566701,0.015452018,0.2554052,9.466666666666667
yx1yve,657b410b2855e7001f6d573f,0.33922493,0.07037827,0.43348736,0.2782709,0.091941215,0.18941686,0.26946795,0.044141594,0.002012253,0.005105704,0.013896915,0.014498309,0.012906751,0.007784986,0.26158586,4.5
yx1yve,657b41df8b12dc001fe00081,0.07458106,0.17844121,0.2231094,0.34099117,0.03589914,0.3472498,0.117599316,0.112643376,0.004425049,0.003995769,0.014428918,0.017436003,0.09929679,0.007195215,0.18404153,8
yx1yve,657b421d2855e7001f6e92a6,0.09634415,0.097840905,0.1063522,0.17474432,0.049183033,0.26725474,0.1832748,0.09308127,0.003623962,0.005808664,0.011654901,0.020168742,0.06690872,0.009849187,0.21257646,9.066666666666666
yx1yve,657b40ee8b12dc001fdee49c,0.07458106,0.16347843,0.11440699,0.13798015,0.070651315,0.18045488,0.2168494,0.024260364,0.001449585,0.002099628,0.008975885,0.013610168,0.010239923,0.009141461,0.18245915,3.9833333333333334
z7cvc9,657b3e628b12dc001fdbc6bd,0.34802857,0.5219503,0.8288251,0.47872025,0.065453626,0.28245366,0.35078412,0.24442963,0.005264282,0.06795148,0.16809943,0.037403382,0.011741633,0.008315781,0.12337677,1.0333333333333334
z7cvc9,657b3e6c8b12dc001fdbd391,0.09634415,0.13941906,0.40537766,0.14304936,0.10194144,0.113679945,0.18514048,0.054037213,0.003757477,0.003736784,0.010324894,0.021535112,0.039602257,0.01686747,0.18459432,1.2166666666666666
z7cvc9,657b3e878b12dc001fdbf40d,0.11183177,0.15372267,0.0966388,0.16509432,0.048411634,0.22496933,0.20801824,0.08241652,0.004425049,0.006622616,0.011578901,0.019485557,0.03787563,0.012208274,0.14772646,1.65
z7cvc9,657b402f8b12dc001fddffed,0.71998465,0.38687348,0.5791836,0.12647597,0.21461551,0.13809541,0.799073,0.005623313,0.000619888,0.001045189,0.006268369,0.009852652,0.006097279,0.004364311,0.18687455,8.7
z7cvc9,657b3f038b12dc001fdc8ecf,0.74096966,0.76225966,0.09854957,0.6387875,0.7876889,0.6939254,0.3402706,0.10913446,0.003681183,0.020078164,0.026444806,0.01941724,0.042985857,0.007136237,0.19818354,3.7333333333333334
qee86g,657b3def2855e7001f69805d,0.1011181,0.17340991,0.074962124,0.16509432,0.040187187,0.4366432,0.273814,0.069754265,0.002059937,0.033527173,0.015036922,0.013985921,0.007521313,0.006988795,0.21093424,1.7
p4pewk,657b3fe58b12dc001fdda665,0.11904381,0.14414358,0.68816614,0.3649847,0.02196079,0.42846695,0.114434265,0.10089093,0.003089905,0.04925346,0.019741343,0.012346277,0.01508414,0.003730306,0.33610836,6.966666666666667
p4pewk,657b3ec18b12dc001fdc3c71,0.41019276,0.42159554,0.2987437,0.12310397,0.14527039,0.340865,0.14913096,0.13388206,0.003032684,0.10699738,0.03257891,0.015488927,0.0084793,0.005366922,0.31384173,2.1166666666666667
p4pewk,657b3f7f2855e7001f6b79bb,0.11183177,0.16102377,0.09380275,0.2248042,0.082418695,0.29504436,0.12240143,0.038991302,0.001459122,0.003551794,0.016936934,0.016889455,0.009281937,0.012974978,0.20021704,5.283333333333333
94pfv9,657b3e788b12dc001fdbe1c7,0.23531619,0.27179828,0.48950338,0.12088228,0.17506383,0.15914497,0.14227262,0.10783285,0.00243187,0.03636306,0.028612386,0.015010698,0.007987361,0.008433735,0.21965595,1.5333333333333334
94pfv9,657b3ebe2855e7001f6a8674,0.26867455,0.5919841,0.3459146,0.259786,0.14527039,0.31204242,0.26622382,0.11067997,0.002374649,0.026007013,0.027841117,0.021808386,0.007844958,0.008256803,0.22877939,2.7333333333333334
94pfv9,657b3ef42855e7001f6ac9df,0.80733275,0.6531064,0.48685062,0.18451619,0.19102257,0.41947663,0.82934755,0.0969861,0.003299713,0.06340405,0.019419061,0.022149978,0.007573096,0.010026119,0.35439816,3.6333333333333333
94pfv9,657b3f3b8b12dc001fdcd62a,0.07813416,0.14891115,0.6972887,0.20107053,0.07509518,0.15668073,0.083090164,0.030977672,0.001049042,0.007214582,0.013174911,0.011833889,0.007158832,0.005160502,0.19208974,4.783333333333333
94pfv9,657b3f992855e7001f6b9a39,0.5105813,0.7236905,0.5374438,0.38107905,0.1045852,0.43428272,0.51218784,0.013382856,0.000555515,0.002848835,0.008386881,0.010672474,0.006265574,0.003627096,0.15633376,6.366666666666666
94pfv9,657b40672855e7001f6c9057,0.34582332,0.3780503,0.12538517,0.18124555,0.08523248,0.16161843,0.3402706,0.024731753,0.001440048,0.010581387,0.009393888,0.015044857,0.007301235,0.008905552,0.2251502,9.783333333333333
hty2wp,657b3e228b12dc001fdb7410,0.84152335,0.62415123,0.44243634,0.41199526,0.38947177,0.695175,0.8386966,0.11357342,0.003547669,0.099899694,0.028392024,0.013576009,0.007210615,0.005101525,0.27188027,1.0166666666666666
hty2wp,657b3ea52855e7001f6a6537,0.7035561,0.7402454,0.7726891,0.5656324,0.39497823,0.5540577,0.36691782,0.011749268,0.000536442,0.001646405,0.007664877,0.010365041,0.006498598,0.003892493,0.16418968,3.25
kk7hmv,657b402d8b12dc001fddfcd2,0.71300954,0.67595387,0.5740293,0.50442195,0.094877556,0.6390128,0.55736655,0.03545588,0.00128746,0.002867334,0.012566907,0.013917602,0.011456826,0.004718174,0.22410226,7.55
kk7hmv,657b3f792855e7001f6b7277,0.5747129,0.63125527,0.26853967,0.60471886,0.35731056,0.6665029,0.35078412,0.15656179,0.004405975,0.042550452,0.045007613,0.04291453,0.071698055,0.01792906,0.3117413,4.6
64wpr7,657b3f072855e7001f6ae266,0.8526512,0.4348694,0.60486573,0.48489356,0.85487825,0.52374554,0.7724208,0.09438288,0.001592636,0.06658725,0.024511116,0.012414595,0.006039023,0.00281616,0.18722983,2.7
64wpr7,657b3ecf2855e7001f6a9acb,0.7340991,0.48872703,0.18398336,0.6230794,0.89591306,0.6264378,0.6154381,0.04711028,0.001239777,0.037394293,0.015264924,0.012790347,0.006129643,0.003597607,0.25185448,1.7666666666666666
u99twu,657b3edb2855e7001f6aaa5c,0.63084346,0.45727557,0.48268524,0.1329856,0.2706815,0.16410081,0.7087539,0.005874634,0.00067234,0.00120243,0.006334869,0.010330882,0.006168481,0.004895105,0.23858185,1.4833333333333334
u99twu,657b3eae8b12dc001fdc23ed,0.09820561,0.15131176,0.081044875,0.11868066,0.11581159,0.12555276,0.15435125,0.11316007,0.003376007,0.00621564,0.02657372,0.026727317,0.021645326,0.010085096,0.18332136,0.7333333333333333
pefxpk,657b3e2d8b12dc001fdb8280,0.69435465,0.3940229,0.44019616,0.10487753,0.17506383,0.12838791,0.79980904,0.010869644,0.000858307,0.002145876,0.007797878,0.011628932,0.006802823,0.005868228,0.20650285,0.8166666666666667
pefxpk,657b3eda8b12dc001fdc5af7,0.67292684,0.73049116,0.5016511,0.6284792,0.35323113,0.6768508,0.41635856,0.17025198,0.00667572,0.008879486,0.01961243,0.018665737,0.2836219,0.007961918,0.30536842,3.7
pefxpk,657b3fc48b12dc001fdd7e2d,0.35466036,0.12550901,0.43051165,0.07110781,0.30171713,0.055123147,0.14227262,0.23667802,0.007095337,0.006289636,0.06407392,0.14754629,0.01119791,0.10638656,0.18906471,7.566666666666666
zpu222,657b3f2b8b12dc001fdcc261,0.2662679,0.07876553,0.16106391,0.18780111,0.15177679,0.24537462,0.25875083,0.103928015,0.002689362,0.06795148,0.025284592,0.013746806,0.007145886,0.004629708,0.34540406,5.733333333333333
zpu222,657b3eae8b12dc001fdc2508,0.5633769,0.2206499,0.41591358,0.13966006,0.27324003,0.17412075,0.6173472,0.031213367,0.000915527,0.009360458,0.013478912,0.012312118,0.006550381,0.004364311,0.19410388,3.6666666666666665
zpu222,657b3e6c2855e7001f6a1e83,0.6771483,0.54872596,0.28861445,0.74656945,0.39187995,0.82027936,0.5293976,0.08241652,0.001897812,0.04306607,0.024382202,0.014839902,0.006155535,0.00666442,0.36926842,2.566666666666667
zpu222,657b3fbe2855e7001f6bc52c,0.37917098,0.37169906,0.11338645,0.30671462,0.27452108,0.4356313,0.326373,0.11192002,0.003871918,0.10221587,0.020966014,0.028230323,0.008039144,0.015923835,0.26916158,8.2
nhcum2,657b3e5b8b12dc001fdbbdaf,0.12267091,0.17844121,0.090076774,0.07367923,0.08904153,0.099992886,0.16678733,0.032627538,0.00067234,0.003422302,0.016024929,0.011714331,0.006297939,0.004275845,0.22405143,1.1333333333333333
nhcum2,657b3f2d2855e7001f6b11ff,0.2638654,0.13010159,0.43125516,0.10694439,0.09097064,0.2116222,0.23900037,0.02107848,0.00061512,0.006104646,0.010324894,0.010792031,0.006666893,0.004600219,0.22724704,4.65
nhcum2,657b3eaa8b12dc001fdc1f1d,0.07105747,0.11441821,0.103396736,0.20442122,0.040187187,0.32493976,0.21192604,0.03062413,0.000925064,0.013546381,0.009982891,0.012004685,0.00675104,0.004895105,0.31198114,2.45
nhcum2,657b3ff68b12dc001fddba43,0.16324693,0.20976527,0.8004445,0.14928007,0.057932016,0.1331928,0.31673273,0.009424546,0.000476837,0.001859142,0.007189874,0.0103992,0.006356194,0.004010447,0.18421057,8
nhcum2,657b3faa2855e7001f6baeab,0.16811807,0.2866146,0.16295655,0.44334027,0.12616077,0.41809615,0.1649894,0.30452284,0.012054443,0.35299334,0.15627414,0.051932767,0.008531082,0.0108518,0.23991178,6.75
c66cyz,657b3e7f8b12dc001fdbe9e9,0.7746103,0.5060264,0.6691705,0.6203815,0.161658,0.8090565,0.76635355,0.01017851,0.000588894,0.005068706,0.006895372,0.010040528,0.006116698,0.004128402,0.20078702,2.7333333333333334
c66cyz,657b3ec02855e7001f6a8877,0.6505277,0.35744265,0.0855105,0.13630773,0.37882805,0.42881337,0.48239642,0.03062413,0.00105381,0.007177584,0.011844902,0.013746806,0.008634649,0.006487489,0.41162297,3.85
xmakpd,657b40c28b12dc001fdeb012,0.19967446,0.10410205,0.63158584,0.09193956,0.2554408,0.07287073,0.14913096,0.023906821,0.000867844,0.001664904,0.011996903,0.012482914,0.006356194,0.003921982,0.2676974,1.5
xmakpd,657b41ce2855e7001f6e38f7,0.35466036,0.45426854,0.39835098,0.1977331,0.17732301,0.20502599,0.1649894,0.3625127,0.015479924,0.38208112,0.24928534,0.062454045,0.058503386,0.016513607,0.35775635,6.033333333333333
xw79nb,657b40962855e7001f6cc76b,0.0693074,0.13707347,0.8049314,0.12989433,0.000188695,0.0896192,0.09512816,0.079250954,0.001735687,0.04951127,0.017807651,0.016889455,0.007210615,0.006310557,0.25940916,7.683333333333334
xw79nb,657b3f6f2855e7001f6b64b4,0.18283133,0.14414358,0.84468275,0.19109875,0.07964143,0.14995342,0.1631984,0.11479026,0.002784729,0.10221587,0.027841117,0.016342908,0.009799767,0.007549078,0.23336817,2.783333333333333
xw79nb,657b3fb98b12dc001fdd71de,0.21417195,0.2017425,0.8339683,0.079847895,0.021337438,0.075639054,0.22281083,0.015267765,0.00099659,0.003218814,0.007854878,0.012995303,0.007663717,0.006104137,0.16011162,4
xw79nb,657b40638b12dc001fde3ead,0.081717156,0.11870198,0.74577683,0.103851885,0.03519795,0.08656024,0.07342768,0.1893425,0.003852844,0.18313584,0.039737478,0.026727317,0.007702554,0.006163114,0.19727348,6.833333333333333
6xywep,657b41598b12dc001fdf64ef,0.44876832,0.4041079,0.3286836,0.52049136,0.08904153,0.5979923,0.27761862,0.12520397,0.002393723,0.11280017,0.026831545,0.012756188,0.006200845,0.003317466,0.40276954,8.466666666666667
12ad6y,657b3f588b12dc001fdcf99c,0.4711064,0.43190852,0.32525784,0.099799976,0.10969645,0.28663585,0.5252787,0.02873857,0.001945496,0.00466173,0.009450888,0.014634945,0.011042561,0.010262027,0.17934772,4.683333333333334
12ad6y,657b3f1b8b12dc001fdcae01,0.6693727,0.41866332,0.5100183,0.13133545,0.16387439,0.113679945,0.7845592,0.015079274,0.001335144,0.0051797,0.00817788,0.015215653,0.008065036,0.010674868,0.31680882,3.6666666666666665
12ad6y,657b3edb2855e7001f6aa9f9,0.50443107,0.6556816,0.15540445,0.5347572,0.2098003,0.8100106,0.36062703,0.11429678,0.002727509,0.005512681,0.06372428,0.021535112,0.012596053,0.00563232,0.2410092,2.65
a2nuhf,657b3f5e2855e7001f6b4f4f,0.35466036,0.11441821,0.7508351,0.22137496,0.057932016,0.12934102,0.251409,0.08795626,0.001859665,0.05794714,0.018967867,0.0166845,0.006343249,0.003715562,0.1872225,5.633333333333334
a2nuhf,657b3e458b12dc001fdba164,0.59307545,0.34476215,0.081044875,0.33765376,0.7521294,0.49086726,0.56118345,0.03592727,0.001411438,0.023193322,0.011122898,0.013439372,0.006537435,0.005013059,0.20659284,0.95
1x7q3x,657b3edc8b12dc001fdc5dbf,0.45210588,0.23450792,0.42383054,0.28451896,0.19102257,0.3899725,0.534262,0.019980038,0.001106262,0.00242336,0.009127886,0.011868048,0.008077981,0.008492713,0.16227776,1.9833333333333334
1x7q3x,657b3eb52855e7001f6a79f3,0.34802857,0.57166404,0.25859782,0.29238594,0.12616077,0.640991,0.5044817,0.023317585,0.001139641,0.003144818,0.008842885,0.010706633,0.009955117,0.002875137,0.31319425,1.3666666666666667
xn31v4,657b3ebc2855e7001f6a8316,0.4621461,0.3780503,0.1063522,0.327778,0.13563919,0.6376929,0.54825,0.030034892,0.001335144,0.01666154,0.008690883,0.01265371,0.007068211,0.007136237,0.2327441,3.25
xn31v4,657b3f682855e7001f6b5aa0,0.63463414,0.6635192,0.11135728,0.20442122,0.20145898,0.44407293,0.528893,0.03781283,0.00166893,0.022590388,0.010096892,0.014395831,0.008155655,0.010379982,0.20143604,6.083333333333333
dfqm1a,657b3ece8b12dc001fdc4c26,0.42334303,0.34791833,0.14417121,0.11114024,0.16498521,0.13416551,0.72002685,0.0201057,0.001373291,0.004624732,0.010286893,0.016821137,0.007832011,0.012857023,0.2293488,2.0833333333333335
dfqm1a,657b3e992855e7001f6a5641,0.34362122,0.69767594,0.11852835,0.23170424,0.05549788,0.42638904,0.23593342,0.25462922,0.007286072,0.14875233,0.11464815,0.04892669,0.014220826,0.014862247,0.21968012,1.2666666666666666
dfqm1a,657b3eeb8b12dc001fdc6ff0,0.62752825,0.41136384,0.499751,0.12647597,0.20620574,0.17034614,0.7245,0.011120965,0.000858307,0.001840643,0.007246875,0.012141321,0.006582745,0.006487489,0.20250961,2.566666666666667
unnpw2,657b3f878b12dc001fdd359d,0.0835197,0.15372267,0.09854957,0.069417,0.10591495,0.11016245,0.15786818,0.23739935,0.015609037,0.04641757,0.033460364,0.06345607,0.13815513,0.017339287,0.27970186,3.033333333333333
unnpw2,657b3fe32855e7001f6bf001,0.09264324,0.12779967,0.0855105,0.18124555,0.07690128,0.1690925,0.08777359,0.20056234,0.010147095,0.062039822,0.025542418,0.032894265,0.02924249,0.013269863,0.23398095,4.6
86xd4t,657b3f702855e7001f6b659b,0.6750377,0.4026623,0.37108195,0.10590835,0.4115407,0.1016479,0.6642645,0.025792383,0.002479553,0.007436569,0.009678889,0.023311393,0.009230154,0.021585643,0.6008348,5.85
86xd4t,657b3e918b12dc001fdbfff9,0.8096229,0.60395926,0.53713125,0.09290418,0.31886896,0.119989015,0.8179429,0.01608456,0.00128746,0.004846719,0.00821588,0.015625564,0.007793174,0.009613278,0.5188855,2.1166666666666667
86xd4t,657b3ea18b12dc001fdc136f,0.2974811,0.16347843,0.29063478,0.09879968,0.2529197,0.10842784,0.2369541,0.016210219,0.001344681,0.004051265,0.007778878,0.015898837,0.00838868,0.013977589,0.2359845,2.3833333333333333
86xd4t,657b3e392855e7001f69debf,0.10824748,0.27179828,0.0966388,0.21116324,0.049183033,0.27551848,0.20317163,0.04166769,0.002126694,0.004957713,0.009412888,0.016137952,0.013321015,0.008669644,0.18234025,0.6833333333333333
86xd4t,657b3f378b12dc001fdcd12d,0.19487326,0.27326855,0.10536304,0.24175529,0.031070596,0.44407293,0.11129911,0.040183347,0.001392365,0.004587734,0.01617693,0.013131939,0.010291707,0.005101525,0.17490666,4.9
2b8dtp,657b40402855e7001f6c6087,0.043945573,0.029505296,0.73556757,0.11977882,0.018274283,0.08282434,0.074871585,0.1991664,0.005531311,0.22458547,0.031256735,0.028093686,0.008129764,0.009554301,0.3393312,4.1
2b8dtp,657b40db8b12dc001fdecdae,0.79001516,0.5579653,0.542251,0.28608742,0.21582358,0.46461588,0.82312846,0.044388983,0.001573563,0.03249594,0.012376905,0.014566627,0.007107049,0.006104137,0.24646714,6.65
2b8dtp,657b400e2855e7001f6c2422,0.14633444,0.23731218,0.684929,0.26284042,0.095864415,0.3954315,0.059819363,0.2312681,0.00492096,0.23998553,0.06669625,0.017914234,0.00838868,0.005278457,0.2195144,3.2666666666666666
2b8dtp,657b419c8b12dc001fdfb2d5,0.062378917,0.14891115,0.25661674,0.39191514,0.09801555,0.48487705,0.085414186,0.16678599,0.003490448,0.19100772,0.036545437,0.014634945,0.006990537,0.004806639,0.28833997,9.9
tu72ub,657b3f418b12dc001fdcdd2e,0.7436099,0.45953456,0.51230204,0.101815864,0.36207753,0.12934102,0.6765604,0.008419261,0.000758171,0.002145876,0.006866872,0.01174849,0.006563326,0.006575955,0.19316165,3.5833333333333335
tu72ub,657b3eef8b12dc001fdc74a1,0.45210588,0.78655815,0.123238094,0.46643472,0.24664316,0.57455313,0.18141639,0.04686289,0.001974106,0.003977269,0.011768902,0.012277958,0.028206514,0.004865617,0.20500927,2.25
umdznp,657b40b92855e7001f6cf441,0.38582096,0.506782,0.12658814,0.2751628,0.0637539,0.36695027,0.12890771,0.07608539,0.002498627,0.002201373,0.014960921,0.012517073,0.03165977,0.00374505,0.19416073,9.866666666666667
umdznp,657b401b8b12dc001fdde742,0.2974811,0.53415614,0.16295655,0.3721121,0.065453626,0.6137894,0.30173418,0.048842013,0.002403259,0.002090379,0.009602889,0.011936366,0.034422375,0.003892493,0.26499963,7.233333333333333
dhwgr1,657b3edd2855e7001f6aac87,0.5270495,0.35584986,0.49481437,0.10283129,0.10591495,0.13416551,0.80416626,0.009110395,0.000762939,0.001785147,0.007379876,0.010996987,0.006673365,0.006133626,0.31889346,2.7666666666666666
dhwgr1,657b408e2855e7001f6cbe57,0.5958972,0.42306393,0.22906929,0.37928078,0.21220426,0.70945096,0.48532572,0.045131154,0.001745224,0.029402243,0.012148905,0.013439372,0.007586042,0.00563232,0.35170498,10
k9cygv,657b41472855e7001f6d9dbe,0.7805481,0.6782435,0.4141544,0.29238594,0.18072422,0.57864016,0.72895193,0.027677942,0.001525879,0.002386362,0.007930879,0.012448754,0.013010317,0.005337434,0.22340861,5.083333333333333
k9cygv,657b42182855e7001f6e8e1f,0.27588674,0.6035961,0.08281895,0.22137496,0.09685559,0.35408178,0.25559548,0.054531995,0.000977516,0.005549679,0.025542418,0.013576009,0.006453287,0.00563232,0.20256618,8.566666666666666
k9cygv,657b40c92855e7001f6d075b,0.6034316,0.54872596,0.30689266,0.55690616,0.36207753,0.5983295,0.39537796,0.024378212,0.00125885,0.001803646,0.007892879,0.011628932,0.01119791,0.004187379,0.2484186,2.9833333333333334
xrun1p,657b40002855e7001f6c129d,0.081717156,0.13473919,0.22707964,0.116500415,0.066309564,0.099992886,0.23085345,0.019854378,0.000920296,0.003329807,0.009602889,0.013576009,0.006822242,0.007843964,0.17570493,5.333333333333333
xrun1p,657b41058b12dc001fdf00d1,0.14633444,0.11651174,0.12538517,0.12761015,0.061234605,0.17791487,0.14057605,0.02638162,0.000987053,0.009175468,0.010362893,0.013576009,0.00713294,0.007401635,0.21500462,9.666666666666666
xrun1p,657b40bf8b12dc001fdeaceb,0.4343623,0.4363525,0.6002219,0.11114024,0.28546375,0.21693645,0.72561496,0.011058134,0.00105381,0.00414376,0.00815888,0.015010698,0.008349842,0.012267252,0.52235824,8.5
xrun1p,657b3f5e8b12dc001fdd01a5,0.41237864,0.4393238,0.5212264,0.45587033,0.4747874,0.5595307,0.5578644,0.11347008,0.004577637,0.017264472,0.025800243,0.046171114,0.00866054,0.19599028,0.37717596,2.65
3daqbk,657b3f858b12dc001fdd31c6,0.39919263,0.38972762,0.30689266,0.14615701,0.21461551,0.13809541,0.45806894,0.015204934,0.001049042,0.002155125,0.008538882,0.013302735,0.006848133,0.008138849,0.3661643,0.8166666666666667
3daqbk,657b3fa32855e7001f6ba62a,0.2020805,0.25149468,0.15352494,0.15241629,0.07781066,0.3437793,0.22181296,0.046368107,0.002574921,0.004476741,0.00979289,0.016957775,0.025098583,0.011913388,0.16957624,1.3666666666666667
f1z6ve,657b404a8b12dc001fde20e0,0.079922065,0.07972292,0.30689266,0.11868066,0.05073776,0.07990451,0.1256395,0.05824285,0.001115799,0.002275368,0.024640027,0.015454767,0.006272047,0.005396411,0.15280446,7.8
f1z6ve,657b400e8b12dc001fddd7f0,0.21174517,0.5883604,0.18205647,0.2813899,0.008507891,0.36964315,0.1722254,0.059479803,0.001821518,0.005956655,0.02373764,0.013746806,0.010628296,0.005307945,0.21676259,6.8
f1z6ve,657b3fab8b12dc001fdd623b,0.5581637,0.55026335,0.28055468,0.5899614,0.27196017,0.7396997,0.25245318,0.063423134,0.00202179,0.039456755,0.018645585,0.01261955,0.007961469,0.004098913,0.36401203,5.183333333333334
g1tet1,657b43338b12dc001fe20325,0.82463926,0.61923546,0.5212264,0.32125223,0.29064423,0.44407293,0.8055961,0.06817148,0.002088547,0.053399716,0.015720926,0.014190876,0.006420923,0.005131014,0.21160589,1.7166666666666666
g1tet1,657b44c82855e7001f727fbb,0.77090895,0.798846,0.2546384,0.41383398,0.5183303,0.5908755,0.4847764,0.04760506,0.001573563,0.032753747,0.012870909,0.013131939,0.007210615,0.005189991,0.34685034,8.466666666666667
hhm1xk,657b3fe52855e7001f6bf1b7,0.18283133,0.4026623,0.6051732,0.08625509,0.2630359,0.08884861,0.069187365,0.103060275,0.001726151,0.004291751,0.033901088,0.018187506,0.007184723,0.004570731,0.15738125,6.1
hhm1xk,657b403d2855e7001f6c5ce7,0.37694255,0.5425826,0.3807178,0.47696012,0.6357364,0.40364674,0.17405254,0.00603171,0.000412464,0.001516912,0.006201868,0.009886812,0.005971058,0.003980959,0.24988365,7.533333333333333
xbtxb4,657b40188b12dc001fdde474,0.46662265,0.30915013,0.46833396,0.51515037,0.046121623,0.60977066,0.4295716,0.16331999,0.00210762,0.007325576,0.08459369,0.025497584,0.007689608,0.004010447,0.3680972,3.316666666666667
xbtxb4,657b40f38b12dc001fdeea86,0.31741676,0.35425907,0.7179311,0.52405065,0.27196017,0.48620784,0.105115615,0.102626406,0.002222061,0.07094744,0.025542418,0.012585391,0.006925808,0.003730306,0.48951438,6.966666666666667
g8ke74,657b3fd68b12dc001fdd9335,0.03586625,0.074055426,0.706341,0.09387397,0.018879846,0.0483515,0.061765738,0.15545623,0.002298355,0.010655383,0.07238392,0.019553876,0.009074804,0.007549078,0.16538608,5.616666666666666
g8ke74,657b3f6f8b12dc001fdd160b,0.29506782,0.54642093,0.1743793,0.20778568,0.030395774,0.20634092,0.19265923,0.39231625,0.018707745,0.057037655,0.35333878,0.11539881,0.42643023,0.01250316,0.2398046,3.9166666666666665
b4knpm,657b41138b12dc001fdf1252,0.104675725,0.16102377,0.10437799,0.12310397,0.07153199,0.11279448,0.20028363,0.026028076,0.001158714,0.003995769,0.009944891,0.017094411,0.007689608,0.011972365,0.1414014,8.4
b4knpm,657b405c8b12dc001fde3665,0.33922493,0.23171476,0.11034848,0.10590835,0.08712909,0.15914497,0.097779684,0.30502358,0.010986328,0.36702603,0.09563028,0.053435806,0.011638066,0.009318393,0.19301257,5.366666666666666
b4knpm,657b3f9c2855e7001f6b9d37,0.24003741,0.4610424,0.33900893,0.37032616,0.14527039,0.39406586,0.29094967,0.01847211,0.000920296,0.006955597,0.00813988,0.014293353,0.006802823,0.00625158,0.28186214,2.183333333333333
m2tg4r,657b3fe88b12dc001fdda983,0.3836033,0.2601326,0.88039756,0.3561303,0.08523248,0.2922344,0.4428511,0.039226998,0.001182556,0.026609946,0.013668913,0.012756188,0.006420923,0.005602831,0.3226739,4.266666666666667
m2tg4r,657b40ad8b12dc001fde984c,0.024868794,0.081652805,0.823558,0.39372954,0.03589914,0.3811355,0.10665018,0.014702292,0.000653267,0.004846719,0.007797878,0.010382121,0.006647474,0.004069425,0.22062093,7.55
m2tg4r,657b410e8b12dc001fdf0c68,0.021793652,0.26594394,0.14790365,0.41751894,0.0373131,0.47457078,0.097779684,0.1693855,0.00453949,0.06522302,0.034341812,0.02392626,0.027688526,0.007784986,0.22389837,9.166666666666666
m2tg4r,657b416f2855e7001f6dcade,0.042314984,0.13010159,0.1063522,0.082564235,0.0637539,0.12649381,0.059177935,0.37073207,0.013478675,0.41222036,0.16751462,0.087430455,0.008712323,0.018282922,0.34710732,10.8
m2tg4r,657b40458b12dc001fde1a3a,0.7238687,0.8049545,0.40450186,0.5831626,0.3255585,0.7923495,0.782178,0.031684756,0.001034737,0.013646871,0.011692902,0.012790347,0.00746953,0.005573343,0.3208407,5.833333333333333
4fru7e,657b408b2855e7001f6cba9c,0.6388999,0.5196685,0.10834246,0.34601632,0.5306203,0.49536216,0.5972324,0.059974585,0.001735687,0.048995655,0.015340924,0.015249812,0.006505071,0.005160502,0.29471496,1.75
4fru7e,657b40d68b12dc001fdec848,0.5425701,0.2630332,0.12779324,0.28451896,0.33429292,0.38724858,0.39537796,0.30854854,0.01083374,0.36733335,0.09124154,0.027683776,0.007857903,0.007519589,0.20857057,2.966666666666667
3qq16h,657b40018b12dc001fddc799,0.51983213,0.31372264,0.3171293,0.09290418,0.16387439,0.12838791,0.6507959,0.027088705,0.002918243,0.006585619,0.011046898,0.027000591,0.00951496,0.027955178,0.28798917,5.233333333333333
yrv448,657b3ffc2855e7001f6c0d70,0.079922065,0.61450344,0.65323967,0.11868066,0.052308604,0.1424673,0.11129911,0.019728716,0.000805855,0.002645347,0.008462882,0.01220964,0.007482476,0.003376443,0.20188683,4.4
yrv448,657b3fd42855e7001f6bde4a,0.72775,0.30611402,0.3459146,0.23170424,0.56234723,0.39406586,0.46905038,0.11316007,0.003376007,0.10221587,0.022255141,0.027137227,0.00661511,0.012385205,0.39935565,3.7666666666666666
ktzkpu,657b3f1d8b12dc001fdcb052,0.20932254,0.16102377,0.10144578,0.22137496,0.14204384,0.3736908,0.083090164,0.4421347,0.023076924,0.4931391,0.36365277,0.08904689,0.019573374,0.043096375,0.3151127,0.9833333333333333
ktzkpu,657b40772855e7001f6ca376,0.5581637,0.18097372,0.13384935,0.082564235,0.1045852,0.08656024,0.27761862,0.15435068,0.003967285,0.17303948,0.026831545,0.025770858,0.006757513,0.010969753,0.17544898,6.783333333333333
ktzkpu,657b3fbb8b12dc001fdd749b,0.3679965,0.31219605,0.11543151,0.27206606,0.147432,0.46428442,0.21290728,0.15545623,0.005111694,0.031980325,0.032799274,0.029596692,0.027515862,0.020288147,0.36352894,3.6333333333333333
ktzkpu,657b3f6f2855e7001f6b6439,0.29506782,0.21246682,0.81816846,0.17798842,0.1045852,0.12090656,0.117599316,0.2412222,0.005226135,0.2700233,0.08030447,0.019690514,0.007793174,0.007136237,0.40768665,2.3833333333333333
avyrpp,657b410a8b12dc001fdf06bf,0.8462068,0.79295594,0.55458665,0.49907818,0.591833,0.6501935,0.84255666,0.04785245,0.001792908,0.03636306,0.013744914,0.01620627,0.007016428,0.007254192,0.38030973,7.433333333333334
avyrpp,657b40838b12dc001fde63dc,0.5814219,0.3748699,0.41938704,0.5097794,0.51541305,0.4838785,0.43023404,0.06896287,0.0020504,0.057492398,0.015720926,0.013815125,0.006925808,0.006192603,0.4503426,5.216666666666667
chp97f,657b3f412855e7001f6b2b0f,0.026417224,0.06856995,0.59959984,0.12647597,0.004449089,0.07287073,0.037886627,0.19124292,0.006904602,0.004569235,0.021675033,0.020168742,0.22908778,0.006192603,0.24542223,2.0166666666666666
chp97f,657b402e2855e7001f6c4b8f,0.34582332,0.24012628,0.09380275,0.3035124,0.28611034,0.41326973,0.16141449,0.07212844,0.003013611,0.003422302,0.011654901,0.013302735,0.05171447,0.004659196,0.21931471,5.95
chp97f,657b40d12855e7001f6d11f2,0.05557129,0.06067711,0.66150016,0.13630773,0.17168832,0.09117182,0.06441256,0.28857216,0.016254602,0.007954539,0.032799274,0.03489832,0.3993542,0.008374758,0.30650616,8.7
chp97f,657b3f342855e7001f6b1b16,0.5188027,0.6765712,0.103396736,0.18124555,0.35051543,0.26862782,0.116013184,0.23415339,0.008850098,0.10221587,0.06285016,0.025497584,0.1319513,0.007224703,0.21084741,1.8166666666666667
chp97f,657b3fc02855e7001f6bc73c,0.5529573,0.68431556,0.37108195,0.46293882,0.3566303,0.7011533,0.33052772,0.14429577,0.004177094,0.051580742,0.04032305,0.020168742,0.038220957,0.009082484,0.14563341,4.116666666666666
chp97f,657b40932855e7001f6cc492,0.61759263,0.51056397,0.3493656,0.49374798,0.17732301,0.6251096,0.39146855,0.09481675,0.003166199,0.003218814,0.013402912,0.013644327,0.061736204,0.004128402,0.31460932,7.666666666666667
2c9dv9,657b3f6a8b12dc001fdd107c,0.21890815,0.24863632,0.15728761,0.14134736,0.17281176,0.14807095,0.25454623,0.027442247,0.001888275,0.003496297,0.010248893,0.02167175,0.007586042,0.023826776,0.130479,2.05
2c9dv9,657b3fbb8b12dc001fdd73fd,0.16811807,0.14177594,0.32124072,0.28765815,0.17732301,0.35956848,0.43653658,0.050573748,0.000991821,0.00258985,0.022255141,0.014566627,0.006317357,0.006015671,0.19742142,3.4
2c9dv9,657b3fd82855e7001f6be28b,0.28544915,0.24295193,0.0837122,0.088129774,0.16609791,0.087319076,0.23900037,0.11057663,0.0025177,0.009767435,0.055547886,0.04216301,0.007456584,0.014685315,0.4015823,3.9
2c9dv9,657b40122855e7001f6c2922,0.41895068,0.41866332,0.21323243,0.11114024,0.15286757,0.12838791,0.5332984,0.02308189,0.00169754,0.0051797,0.0113889,0.019895468,0.00814271,0.013859635,0.2339396,4.866666666666666
2c9dv9,657b405c8b12dc001fde3691,0.35244697,0.2851209,0.10734529,0.075417474,0.23543736,0.10500617,0.52921414,0.0665887,0.003414154,0.004809721,0.022384055,0.039657943,0.009851551,0.026185863,0.4324796,6.083333333333333
2c9dv9,657b40a62855e7001f6cdc19,0.081717156,0.09889726,0.47474676,0.06857873,0.09097064,0.047269247,0.0808017,0.09394901,0.002403259,0.006548621,0.032028005,0.029596692,0.007702554,0.015098156,0.42074475,7.333333333333333
2c9dv9,657b3f212855e7001f6b02a2,0.44099933,0.14891115,0.10536304,0.11868066,0.4492949,0.113679945,0.20220721,0.32182294,0.022193791,0.13377325,0.21602537,0.20016506,0.027343199,0.044156414,0.18705063,0.8666666666666667
2c9dv9,657b3ffa8b12dc001fddbf7e,0.0835197,0.095743746,0.5149818,0.082564235,0.07690128,0.06949374,0.097779684,0.15490346,0.003299713,0.006881601,0.07396803,0.056441884,0.007249452,0.012621114,0.21817245,4.45
2c9dv9,657b40f28b12dc001fdee9b0,0.28544915,0.25724247,0.38775173,0.113268904,0.25923225,0.07846774,0.2842627,0.02249265,0.00128746,0.003070822,0.009298887,0.016821137,0.007236506,0.010556913,0.23728035,8.583333333333334
2c9dv9,657b41018b12dc001fdefbc4,0.060666207,0.092637524,0.55380464,0.12874979,0.057932016,0.07704599,0.12726986,0.03828422,0.001573563,0.003403803,0.016100928,0.018529098,0.007340072,0.009200439,0.20595935,8.816666666666666
x8nzz7,657b406c2855e7001f6c960a,0.13676605,0.47226468,0.8089204,0.12989433,0.2098003,0.09592405,0.1907705,0.09741997,0.002212524,0.006622616,0.024382202,0.029186781,0.009747985,0.016985426,0.23170114,6.8
x8nzz7,657b408b2855e7001f6cbb22,0.5157165,0.33691296,0.35628623,0.12647597,0.16832852,0.15668073,0.7388889,0.009487377,0.000853539,0.002266119,0.007170874,0.01220964,0.006738094,0.00666442,0.21625458,7.333333333333333
x8nzz7,657b3f2a8b12dc001fdcc028,0.46998477,0.32293442,0.30077735,0.115418,0.113765255,0.14807095,0.66014105,0.010304171,0.000915527,0.00258985,0.007322875,0.012858666,0.006977591,0.008020895,0.27292126,1.4166666666666667
x8nzz7,657b3f0e8b12dc001fdc9ce6,0.5322142,0.37169906,0.2987437,0.23517443,0.33698773,0.39338306,0.53660166,0.022964042,0.000925064,0.002210622,0.011958904,0.012414595,0.007288289,0.007431123,0.46429628,0.9833333333333333
zu9wre,657b40b32855e7001f6cebe4,0.76223034,0.37964377,0.5805875,0.12534684,0.16944648,0.23579577,0.7454519,0.09655223,0.002574921,0.053854458,0.01625293,0.016821137,0.008155655,0.006575955,0.18465863,6.116666666666666
zu9wre,657b41068b12dc001fdf0294,0.78345126,0.40700457,0.49823165,0.07806128,0.14527039,0.1331928,0.8620384,0.006220201,0.000472069,0.001304174,0.006325369,0.009784333,0.00623321,0.003597607,0.21588236,7.466666666666667
zu9wre,657b40138b12dc001fddde19,0.48313004,0.3925892,0.3355601,0.3739005,0.066309564,0.52606,0.34586805,0.050078966,0.001111031,0.027815815,0.016556932,0.011116544,0.006090806,0.003405932,0.25041437,3.466666666666667
9u2kme,657b40112855e7001f6c27a8,0.66145843,0.4707672,0.12165971,0.59516764,0.48074704,0.70234245,0.3139914,0.15213956,0.002412796,0.09080041,0.061976057,0.014771583,0.00666042,0.005543854,0.5184999,4.6
h4adgb,657b3fa98b12dc001fdd5e73,0.3836033,0.18097372,0.20733587,0.13966006,0.147432,0.12461543,0.4196557,0.01633588,0.00128746,0.003736784,0.007987879,0.014054239,0.007301235,0.008846575,0.1879731,1.8166666666666667
h4adgb,657b405b8b12dc001fde3559,0.15114407,0.30915013,0.10144578,0.101815864,0.04238304,0.28523946,0.33191547,0.006942749,0.000538826,0.001794396,0.006144868,0.010552917,0.006699257,0.004600219,0.16229737,4.8
h4adgb,657b3f7e2855e7001f6b78de,0.6100353,0.3510838,0.48609284,0.103851885,0.113765255,0.119989015,0.734486,0.008293601,0.00067234,0.001535411,0.006705371,0.010723713,0.006472706,0.0054259,0.19684952,1.1333333333333333
h4adgb,657b400a8b12dc001fddd26c,0.44543546,0.42012855,0.7538531,0.2248042,0.241647,0.18045488,0.07271138,0.25462922,0.0050354,0.27875587,0.0813853,0.015147334,0.006692784,0.003273233,0.28546807,3.45
d1g7qk,657b40408b12dc001fde13d8,0.7377998,0.6534256,0.25859782,0.4230628,0.080563076,0.6729796,0.5240053,0.016712861,0.000753403,0.002885833,0.009222887,0.010689554,0.00780612,0.003671329,0.21932603,3
d1g7qk,657b40c08b12dc001fdeae4c,0.05388788,0.39977503,0.6811418,0.12088228,0.04764421,0.0742475,0.059177935,0.079250954,0.002613068,0.006918599,0.018838953,0.023243073,0.021472665,0.009495324,0.23477787,5.15
d1g7qk,657b40d12855e7001f6d1144,0.12726861,0.16842249,0.09951106,0.11868066,0.09685559,0.12182798,0.16141449,0.059727192,0.00161171,0.017163984,0.017420914,0.013131939,0.006822242,0.003523886,0.34460974,5.433333333333334
d1g7qk,657b411f8b12dc001fdf20b7,0.032686662,0.2044055,0.21914949,0.21116324,0.02707787,0.21960624,0.06508322,0.05255287,0.00164032,0.016159095,0.015264924,0.0166845,0.008789998,0.008197826,0.2527989,6.716666666666667
d1g7qk,657b41c22855e7001f6e2b1b,0.56441593,0.19381917,0.38599136,0.12310397,0.17732301,0.119989015,0.6312979,0.022728346,0.001316071,0.002830336,0.011540901,0.016957775,0.007223561,0.010085096,0.3220168,9.466666666666667
d1g7qk,657b3fe68b12dc001fdda6c5,0.24714777,0.24295193,0.14603578,0.33434358,0.42487872,0.39406586,0.17405254,0.11305673,0.00492096,0.003070822,0.01838776,0.01490822,0.10236332,0.006163114,0.33158526,1.5166666666666666
d1g7qk,657b40622855e7001f6c89be,0.22357696,0.18607083,0.33039993,0.2550139,0.21703479,0.18941686,0.24002573,0.032863233,0.001382828,0.002210622,0.011122898,0.013200258,0.011819307,0.008079873,0.26605168,3.566666666666667
d1g7qk,657b40b22855e7001f6ceafa,0.1320083,0.20976527,0.10536304,0.12647597,0.000188695,0.4450875,0.20996813,0.010367001,0.000581741,0.002201373,0.007341875,0.010279642,0.006673365,0.004806639,0.23419532,4.916666666666667
d1g7qk,657b40ec8b12dc001fdee21a,0.17545563,0.19381917,0.629632,0.12199044,0.099318996,0.08808198,0.18514048,0.023788974,0.000691414,0.00137817,0.011578901,0.011355659,0.00636914,0.00374505,0.34223893,5.866666666666666
d1g7qk,657b41668b12dc001fdf736d,0.82365274,0.7881259,0.63326,0.43234292,0.23172872,0.56704867,0.778562,0.07608539,0.002555847,0.010951365,0.023221988,0.020851927,0.010628296,0.0108518,0.13737603,7.9
d1g7qk,657b41a52855e7001f6e08c8,0.7048374,0.38118678,0.45666993,0.14928007,0.113765255,0.1881301,0.7809785,0.02035702,0.001678467,0.005956655,0.007987879,0.014566627,0.008311004,0.009908165,0.18736489,8.966666666666667
udxhn9,657b41388b12dc001fdf3e30,0.7845048,0.5829298,0.56832623,0.24836068,0.27196017,0.38181353,0.6001147,0.035691574,0.001831055,0.009064475,0.012186904,0.013507691,0.010395273,0.008610667,0.17516251,6.516666666666667
udxhn9,657b40772855e7001f6ca394,0.5425701,0.6968507,0.5164223,0.3443384,0.16721234,0.36090797,0.12726986,0.20973456,0.004692078,0.22261032,0.06494803,0.012995303,0.006899917,0.003199511,0.3597592,3.35
3wbpre,657b41278b12dc001fdf29cb,0.16324693,0.12550901,0.3815959,0.39372954,0.049183033,0.49686065,0.13720547,0.028620722,0.00161171,0.006881601,0.009032886,0.012722028,0.011715741,0.00625158,0.3463469,8.716666666666667
3wbpre,657b40772855e7001f6ca368,0.19967446,0.5789522,0.09759216,0.52138036,0.059575163,0.76229995,0.2168494,0.057005897,0.001592636,0.00880549,0.023221988,0.011970525,0.011689849,0.005455388,0.15295835,5.833333333333333
q61a1p,657b40ef2855e7001f6d35a1,0.5726517,0.80672747,0.2785459,0.63134986,0.49591067,0.7011533,0.45157307,0.010995304,0.00056982,0.00242336,0.007968879,0.010774951,0.006310884,0.004718174,0.24144958,6.733333333333333
q61a1p,657b40058b12dc001fddcc30,0.63179106,0.80459875,0.21323243,0.7283936,0.2098003,0.8577464,0.6004348,0.035691574,0.000944138,0.006992595,0.017743196,0.010450439,0.006789878,0.002801416,0.30189058,2.816666666666667
ve38n1,657b402a2855e7001f6c4651,0.3590947,0.36695787,0.0855105,0.11434096,0.070651315,0.13222396,0.27272516,0.14950264,0.008506775,0.005808664,0.013516913,0.01893901,0.13633445,0.009082484,0.21353123,2.45
wcztqw,657b3f8a2855e7001f6b8806,0.6881789,0.4805095,0.46720323,0.16190393,0.28805172,0.14995342,0.70988655,0.011560776,0.001115799,0.003736784,0.007284875,0.013576009,0.007430693,0.009200439,0.16322064,0.9
wcztqw,657b407e8b12dc001fde5df9,0.11904381,0.23450792,0.09854957,0.13464333,0.018879846,0.27413666,0.088613324,0.165053,0.003681183,0.055218685,0.04149419,0.022696527,0.015429466,0.013269863,0.22596237,4.966666666666667
wcztqw,657b418d2855e7001f6decfb,0.45544812,0.22339956,0.29671258,0.15556577,0.10194144,0.2576641,0.3071667,0.02449606,0.000598431,0.002737841,0.012794908,0.01220964,0.006602164,0.005013059,0.16142805,9.5
e7tr1k,657b40818b12dc001fde61d5,0.7399132,0.49773452,0.51287323,0.11114024,0.27196017,0.12934102,0.7833714,0.008010864,0.000801086,0.002515854,0.00649637,0.011543535,0.006815769,0.006900329,0.17959608,5.15
e7tr1k,657b3ff58b12dc001fddb8f9,0.52189237,0.39833438,0.40187603,0.3739005,0.41737682,0.41395864,0.44651267,0.029917045,0.001139641,0.01656105,0.010286893,0.012790347,0.006349722,0.005927206,0.24455035,2.8666666666666667
9ehx8g,657b41a88b12dc001fdfc0b2,0.42114583,0.26594394,0.3459146,0.14615701,0.051521268,0.28803274,0.15610619,0.25462922,0.007400513,0.08170113,0.08533409,0.091633186,0.013631714,0.033263125,0.3432753,7.066666666666666
9ehx8g,657b420a2855e7001f6e7cd1,0.043945573,0.20976527,0.21914949,0.18124555,0.040915363,0.27551848,0.12401656,0.010115679,0.000498295,0.00189614,0.007303875,0.010228404,0.006103752,0.003582863,0.16278139,8.716666666666667
9ehx8g,657b423b2855e7001f6eb43c,0.39472556,0.3291235,0.06499113,0.12761015,0.088083394,0.23579577,0.32499117,0.07450261,0.002880096,0.037136484,0.014238917,0.016821137,0.007870848,0.009613278,0.18860509,9.533333333333333
9ehx8g,657b413d8b12dc001fdf43fa,0.5425701,0.5927093,0.11237009,0.27206606,0.092915915,0.5581626,0.33608648,0.17545098,0.004673004,0.034300596,0.06722072,0.1067334,0.011353259,0.04132964,0.4276231,5.3
2tdgey,657b40578b12dc001fde3158,0.4599112,0.55026335,0.1063522,0.17798842,0.10767364,0.30777118,0.1631984,0.08953904,0.003414154,0.026609946,0.019934712,0.014156717,0.015947454,0.005455388,0.33764574,2.05
2tdgey,657b418e2855e7001f6dede5,0.6407978,0.3510838,0.22509329,0.18451619,0.34171304,0.27137864,0.25036624,0.147767,0.002651215,0.1035157,0.03423163,0.014566627,0.006874025,0.003509142,0.32376966,7.233333333333333
rp8nq6,657b41062855e7001f6d50ff,0.25667855,0.18097372,0.08192977,0.09290418,0.0671697,0.11726139,0.1870134,0.1537979,0.008850098,0.0103594,0.014884921,0.02836696,0.13815513,0.01958042,0.19737186,7.7
6hqku2,657b41628b12dc001fdf6f4a,0.7855571,0.4512681,0.55417615,0.11220199,0.38947177,0.1424673,0.7377901,0.010304171,0.001034737,0.002719343,0.006923873,0.012277958,0.006938754,0.00666442,0.21255748,1.8833333333333333
6hqku2,657b42988b12dc001fe10225,0.42554232,0.58256805,0.109343514,0.17798842,0.025131965,0.19329,0.13888659,0.02968135,0.001344681,0.003829278,0.009602889,0.012038844,0.009825659,0.004865617,0.23914686,7.083333333333333
zp14tm,657b3fca8b12dc001fdd85c3,0.72510433,0.4393238,0.35282215,0.07367923,0.2874042,0.18300404,0.21487516,0.42349213,0.023129508,0.11163961,0.24928534,0.2761231,0.3481519,0.3743851,0.37051755,1.8166666666666667
zp14tm,657b40318b12dc001fde01a9,0.752052,0.7127663,0.48874518,0.19109875,0.23049566,0.20897695,0.6167111,0.032391842,0.001430512,0.007325576,0.0114269,0.014874061,0.009851551,0.007902941,0.1895893,3.533333333333333
zp14tm,657b40392855e7001f6c57e4,0.39026847,0.30308694,0.23891157,0.24836068,0.30696452,0.20371327,0.3374794,0.013885498,0.001382828,0.004032766,0.008329881,0.014942379,0.0077155,0.012857023,0.18360987,3.683333333333333
zp14tm,657b40928b12dc001fde75f0,0.36131743,0.21791112,0.11646001,0.16829737,0.02707787,0.21827032,0.17588417,0.015644746,0.000729561,0.002293867,0.008937885,0.011406898,0.006822242,0.004128402,0.27514967,5.166666666666667
zp14tm,657b3fa58b12dc001fdd5a69,0.5085306,0.3045994,0.09193192,0.11977882,0.11992822,0.14432828,0.120793216,0.1587729,0.004959106,0.09410924,0.032689095,0.021056883,0.010990778,0.009200439,0.19966501,1.2333333333333334
zp14tm,657b40022855e7001f6c163d,0.13676605,0.2206499,0.11543151,0.15872851,0.1045852,0.22496933,0.23288092,0.056016337,0.003204346,0.006067649,0.012604907,0.021125201,0.014566151,0.01958042,0.17474556,2.7666666666666666
zp14tm,657b404c2855e7001f6c700e,0.36354095,0.2601326,0.31918415,0.20778568,0.23667608,0.21960624,0.34166783,0.009173225,0.000863075,0.002367863,0.006990373,0.01220964,0.006731622,0.006959306,0.18824996,4
zp14tm,657b417e8b12dc001fdf8fe2,0.35023654,0.18351692,0.15917414,0.13464333,0.3613961,0.21427503,0.40584186,0.025674535,0.002336502,0.006659614,0.011806903,0.02392626,0.009023022,0.023237005,0.4601485,9.116666666666667
ktwzpp,657b402a2855e7001f6c4675,0.27108505,0.22339956,0.18978162,0.13966006,0.18987136,0.12182798,0.32085532,0.010304171,0.000762939,0.001692652,0.007398875,0.011184863,0.006252628,0.004688685,0.20534623,1.8666666666666667
ktwzpp,657b41b98b12dc001fdfd4ed,0.7823966,0.36853585,0.42086712,0.08439999,0.241647,0.11907599,0.71327776,0.031449065,0.001420975,0.004513739,0.0113509,0.01941724,0.00838868,0.028191088,0.27235875,8.5
ktwzpp,657b3fec8b12dc001fddaeb6,0.3130916,0.11026115,0.25266296,0.08907493,0.26430678,0.09835357,0.32914153,0.021785567,0.001516342,0.006104646,0.009868891,0.01893901,0.009256045,0.015923835,0.17020056,0.8333333333333334
ktwzpp,657b40e58b12dc001fdeda17,0.5075054,0.6785198,0.26654595,0.57119966,0.11172729,0.6528143,0.45567462,0.045131154,0.001850128,0.002978328,0.013326911,0.012995303,0.016465442,0.004629708,0.22980091,4.983333333333333
6df96f,657b40808b12dc001fde6047,0.86250156,0.8247966,0.61730987,0.40832412,0.6952286,0.4782259,0.6962129,0.03734144,0.001792908,0.003847777,0.00983089,0.015523086,0.013476364,0.006723397,0.29554188,2.9833333333333334
6df96f,657b40cc2855e7001f6d0a81,0.41019276,0.3322319,0.1995043,0.16190393,0.2630359,0.20371327,0.44085595,0.010555492,0.001001358,0.00275634,0.007265875,0.013371054,0.006990537,0.009967142,0.16667688,4.283333333333333
6df96f,657b41438b12dc001fdf4b80,0.8280744,0.79105264,0.58214855,0.34769598,0.10591495,0.6177915,0.79759216,0.05651112,0.001316071,0.005993653,0.024640027,0.012995303,0.008401625,0.004039936,0.231921,6.266666666666667
6df96f,657b41868b12dc001fdf98a2,0.7695195,0.56317586,0.5603926,0.21116324,0.032430932,0.34861356,0.6576634,0.21374844,0.007972717,0.010137413,0.061451588,0.018119188,0.24878941,0.006369534,0.33709672,7.35
6df96f,657b40082855e7001f6c1c98,0.29506782,0.17844121,0.29063478,0.11434096,0.381571,0.09753984,0.40649763,0.022021262,0.001354218,0.005734668,0.00983089,0.017504321,0.008298059,0.013859635,0.24740899,1
6df96f,657b40b82855e7001f6cf2af,0.7988583,0.75852317,0.52459174,0.51156837,0.24914877,0.5389817,0.77815723,0.07054565,0.003013611,0.004088263,0.018516673,0.014839902,0.02181799,0.005484877,0.47101116,3.966666666666667
6afv2d,657b41542855e7001f6dab8d,0.05054392,0.092637524,0.84786075,0.09002491,0.02707787,0.05055534,0.11286291,0.01024134,0.000555515,0.001498413,0.007028373,0.011167783,0.006272047,0.004039936,0.14721556,5.683333333333334
6afv2d,657b41c92855e7001f6e327b,0.11183177,0.11233474,0.47285965,0.24836068,0.13563919,0.38656828,0.12240143,0.11440011,0.003852844,0.08831879,0.04207976,0.029888187,0.011301477,0.014921224,0.3037165,7.65
6afv2d,657b40e98b12dc001fdeddff,0.49177095,0.37169906,0.3171293,0.214554,0.741979,0.2590294,0.114434265,0.3245134,0.011062622,0.3817989,0.15343215,0.024609445,0.010680079,0.009554301,0.44904056,3.9166666666666665
mke8hq,657b41a32855e7001f6e06d8,0.7270456,0.4157393,0.49823165,0.12199044,0.2441421,0.13809541,0.758421,0.005309161,0.000629425,0.001105311,0.006192368,0.010023449,0.006003422,0.004275845,0.21872294,9.483333333333333
mke8hq,657b3fbd8b12dc001fdd768c,0.8098767,0.62970674,0.38863412,0.10283129,0.31886896,0.21827032,0.799073,0.07054565,0.002422333,0.011469335,0.014352918,0.019690514,0.012337137,0.009613278,0.23806368,1.35
mke8hq,657b40098b12dc001fddd1cb,0.7481847,0.41720122,0.5518915,0.11977882,0.2758032,0.12649381,0.7805774,0.005340576,0.000588894,0.001105311,0.006125868,0.009852652,0.006077861,0.004157891,0.2189699,2.6166666666666667
mke8hq,657b408f2855e7001f6cbf8b,0.8096229,0.7012487,0.59928876,0.45945197,0.41737682,0.5109792,0.5402721,0.47473195,0.016125489,0.015355183,0.5543018,0.12815644,0.13815513,0.009613278,0.31855026,4.883333333333334
n21wb8,657b411c8b12dc001fdf1c06,0.3836033,0.4128206,0.3171293,0.17151402,0.22190776,0.20502599,0.52542794,0.011309455,0.001325607,0.003237312,0.007721877,0.014839902,0.007741391,0.010085096,0.17721629,6.683333333333334
n21wb8,657b40c48b12dc001fdeb264,0.722633,0.6398658,0.54361904,0.3493781,0.06890261,0.5420682,0.66073084,0.15766735,0.005302429,0.009545447,0.029053112,0.02385794,0.13700877,0.011087708,0.274587,5.233333333333333
n21wb8,657b3fda8b12dc001fdd9902,0.37917098,0.30763084,0.100476414,0.07110781,0.05073776,0.12743886,0.22782518,0.10045706,0.005340576,0.004957713,0.009906891,0.017162729,0.09929679,0.009554301,0.27643767,1.3666666666666667
ryuyz9,657b43802855e7001f70c129,0.04069166,0.097840905,0.11646001,0.12310397,0.006368987,0.27967444,0.12240143,0.23451406,0.004177094,0.028886627,0.1640896,0.021056883,0.011508608,0.005248968,0.2412316,9.266666666666667
ryuyz9,657b430b8b12dc001fe1c521,0.42114583,0.36853585,0.120612115,0.115418,0.07690128,0.12838791,0.2369541,0.11067997,0.004711151,0.004088263,0.012680908,0.01805087,0.122295745,0.007667032,0.17139716,7.316666666666666
ryuyz9,657b41c48b12dc001fdfe203,0.37694255,0.4707672,0.07325996,0.17474432,0.04461459,0.36224848,0.23593342,0.049089402,0.002145767,0.00310782,0.012528907,0.014600786,0.013528148,0.005661808,0.31285632,1.85
wu9nfy,657b40222855e7001f6c3c86,0.09080389,0.08068535,0.0658001,0.116500415,0.161658,0.17160219,0.0678044,0.13561769,0.003108978,0.05089863,0.0314771,0.038906425,0.00746953,0.013092931,0.21688692,1.5166666666666666
wu9nfy,657b41908b12dc001fdfa410,0.50340754,0.6350822,0.1995043,0.47344455,0.26176634,0.5304909,0.19455506,0.13041082,0.004711151,0.008620501,0.04383647,0.031140719,0.030623792,0.008610667,0.36706302,7.633333333333334
bvnang,657b40922855e7001f6cc290,0.78292406,0.6554992,0.6251583,0.5347572,0.2758032,0.6016993,0.836428,0.058490243,0.001316071,0.04667538,0.017356457,0.011355659,0.005922511,0.003804027,0.23068476,4.016666666666667
bvnang,657b3ff68b12dc001fddba3d,0.5095557,0.65499806,0.12271099,0.20778568,0.29845113,0.48504344,0.25664577,0.165053,0.003471375,0.15303208,0.036214896,0.015625564,0.007081157,0.005278457,0.27910617,1.4333333333333333
vaz92v,657b41718b12dc001fdf8076,0.78001976,0.56760174,0.51192147,0.11434096,0.23296322,0.15914497,0.81050885,0.011372286,0.001220703,0.003829278,0.007075874,0.014156717,0.007598988,0.01102873,0.15606473,4.333333333333333
vaz92v,657b41402855e7001f6d95b7,0.37694255,0.53186333,0.10241937,0.14304936,0.049958427,0.34861356,0.20704561,0.05304765,0.002403259,0.002682345,0.012110904,0.011406898,0.03407705,0.004747662,0.24807526,3.566666666666667
6mycv1,657b41df8b12dc001fe000a7,0.64554244,0.5151119,0.35628623,0.10590835,0.15834752,0.26862782,0.31947964,0.39231625,0.016254602,0.40713623,0.3486032,0.09066332,0.013321015,0.020759964,0.26149958,8.533333333333333
6mycv1,657b40788b12dc001fde5663,0.6550409,0.5113213,0.10834246,0.44334027,0.34848112,0.7700635,0.6950658,0.09611836,0.002918243,0.06522302,0.019225692,0.019280603,0.00948907,0.011854411,0.24573228,2.566666666666667
d3n6wu,657b423c8b12dc001fe069f9,0.3590947,0.30157706,0.09193192,0.5767756,0.25040436,0.6177915,0.21883002,0.10566349,0.00164032,0.060220852,0.027841117,0.0103992,0.006550381,0.002771927,0.3613166,4.533333333333333
d3n6wu,657b43668b12dc001fe24f39,0.13676605,0.19909015,0.11646001,0.2282475,0.15068793,0.25086454,0.25769764,0.008105109,0.000598431,0.001711151,0.006686371,0.010894509,0.006395032,0.006634932,0.17818227,9.533333333333333
d3n6wu,657b42a22855e7001f6f5f2c,0.5705914,0.5151119,0.081044875,0.11114024,0.25166142,0.37234062,0.5285486,0.01847211,0.001063347,0.008176526,0.007398875,0.011458136,0.007676662,0.005868228,0.2381323,6.266666666666667
dr47nx,657b40258b12dc001fddf39c,0.0835197,0.27917442,0.09380275,0.12989433,0.06207031,0.35613734,0.15260378,0.06817148,0.001602173,0.004365747,0.019483518,0.018734055,0.009204263,0.009259416,0.22876698,1.6
dr47nx,657b406a8b12dc001fde4748,0.08533011,0.3622354,0.38335308,0.52583146,0.0366042,0.6144571,0.057274785,0.040183347,0.000829697,0.004735726,0.021159383,0.011816809,0.005903093,0.003066813,0.21745393,2.783333333333333
dr47nx,657b40b18b12dc001fde9d4b,0.07458106,0.09059314,0.070737444,0.10080544,0.082418695,0.13908774,0.10974196,0.03309893,0.001049042,0.012441003,0.0113509,0.016137952,0.00661511,0.007726009,0.16343248,3.9166666666666665
6kdaum,657b41212855e7001f6d70e2,0.46326476,0.6359932,0.14603578,0.52761376,0.092915915,0.41533712,0.12401656,0.11378009,0.002975464,0.018369852,0.04207976,0.020373698,0.012958534,0.006340046,0.30549243,3.3333333333333335
6kdaum,657b417d8b12dc001fdf8eb0,0.37246382,0.5151119,0.12538517,0.39372954,0.095864415,0.49677742,0.17040536,0.058737632,0.002164841,0.003089321,0.014732921,0.013473531,0.031314444,0.004954082,0.25209936,4.866666666666666
6kdaum,657b42498b12dc001fe07e24,0.39472556,0.4610424,0.7598546,0.6742229,0.04238304,0.6488816,0.1649894,0.04166769,0.001268387,0.003033824,0.017356457,0.013234417,0.010032792,0.005189991,0.25558496,8.266666666666667
1fb7zr,657b41982855e7001f6dfa5c,0.22826096,0.24295193,0.73761964,0.19440953,0.038025744,0.3689695,0.12890771,0.016712861,0.000610352,0.001711151,0.010248893,0.010672474,0.006401504,0.003553374,0.18985806,4.683333333333334
1fb7zr,657b41c98b12dc001fdfe7e2,0.48960838,0.45276767,0.05037038,0.2282475,0.52771324,0.3235005,0.520552,0.11212669,0.005836487,0.013445892,0.01617693,0.027137227,0.077831104,0.016277699,0.37337843,5.483333333333333
zmz8qy,657b412a8b12dc001fdf2d93,0.37694255,0.15614524,0.11852835,0.09097979,0.24789588,0.11726139,0.31536126,0.35186127,0.012897668,0.27662867,0.34314156,0.1308005,0.00899713,0.021585643,0.2670911,3.5166666666666666
zmz8qy,657b42208b12dc001fe04a0b,0.5612909,0.49848694,0.29063478,0.31476614,0.22557884,0.44407293,0.116013184,0.17545098,0.004806519,0.10221587,0.061101943,0.04266402,0.011146127,0.020170191,0.33225822,7.65
fpatnd,657b40d18b12dc001fdec1ea,0.75310606,0.5265206,0.49405548,0.09097979,0.26685292,0.13125886,0.7900214,0.00816794,0.000839233,0.002645347,0.006600871,0.011782649,0.006789878,0.007342658,0.17959604,1.4
fpatnd,657b425e2855e7001f6eef3a,0.3679965,0.25436312,0.33900893,0.2782709,0.10194144,0.3649336,0.18514048,0.10002319,0.001602173,0.089973204,0.020643732,0.012824507,0.006207318,0.004157891,0.18826327,8.066666666666666
1f4cwc,657b42182855e7001f6e8d60,0.09264324,0.04225969,0.063385084,0.15556577,0.25923225,0.24950926,0.17405254,0.03062413,0.00079155,0.002885833,0.014504919,0.011833889,0.006265574,0.005042548,0.37541512,8.333333333333334
1f4cwc,657b407b8b12dc001fde5a65,0.12267091,0.2601326,0.09286537,0.19109875,0.03311699,0.30493158,0.17956558,0.015079274,0.000758171,0.003699786,0.007911879,0.012687869,0.007016428,0.006369534,0.17544894,1.4
1f4cwc,657b40bb8b12dc001fdea82d,0.7545109,0.49773452,0.4499192,0.12874979,0.28352603,0.14995342,0.78297436,0.012503231,0.001087189,0.004088263,0.007379876,0.014327513,0.007508367,0.009318393,0.16229089,2.4833333333333334
1f4cwc,657b41a78b12dc001fdfbf6f,0.22826096,0.5441175,0.5035517,0.69527435,0.16944648,0.61912376,0.0755991,0.31686464,0.019224197,0.01087737,0.09563028,0.06044999,0.4404512,0.018282922,0.30970952,6.416666666666667
1f4cwc,657b42032855e7001f6e753c,0.73251253,0.4393238,0.4853354,0.46119466,0.27324003,0.49552864,0.40191156,0.028385026,0.000753403,0.003015325,0.014884921,0.011970525,0.00704232,0.004187379,0.27497786,7.983333333333333
1f4cwc,657b40532855e7001f6c78a2,0.28066093,0.40990886,0.2330567,0.2282475,0.147432,0.3954315,0.30989113,0.015958898,0.000834465,0.002885833,0.007816878,0.012448754,0.007081157,0.007726009,0.16265482,0.7666666666666667
1f4cwc,657b40aa8b12dc001fde9455,0.14633444,0.58256805,0.18205647,0.7089271,0.05549788,0.69638366,0.13386428,0.2648175,0.009002686,0.007140587,0.036325075,0.03239325,0.34804323,0.005101525,0.25124222,2.216666666666667
1f4cwc,657b40f78b12dc001fdeef71,0.5571216,0.7042696,0.109343514,0.6452184,0.15068793,0.5360658,0.12726986,0.28857216,0.010299683,0.009212466,0.075868964,0.07514556,0.34804323,0.008846575,0.3024735,3.5
1f4cwc,657b41cb2855e7001f6e3547,0.5824548,0.3854497,0.5073545,0.1329856,0.14311765,0.13809541,0.72114706,0.007979449,0.000634193,0.001341172,0.006610371,0.010484599,0.006395032,0.005160502,0.19684952,7.05
r9qpr3,657b420d8b12dc001fe0353e,0.17055981,0.15372267,0.11135728,0.18451619,0.058751587,0.23852259,0.10974196,0.053295042,0.002212524,0.003329807,0.010932897,0.014942379,0.03304107,0.006163114,0.22131075,6.55
r9qpr3,657b427d2855e7001f6f20ed,0.56441593,0.5060264,0.28659645,0.3614341,0.08335247,0.5365805,0.39668298,0.10175867,0.002326965,0.004994711,0.027605021,0.015249812,0.033386398,0.005514365,0.26967138,8.433333333333334
r9qpr3,657b412f2855e7001f6d8268,0.8042642,0.55257154,0.4327431,0.08532512,0.27196017,0.22901386,0.6148016,0.25462922,0.00667572,0.023193322,0.1378885,0.07191269,0.025098583,0.01102873,0.24761371,2.8666666666666667
r9qpr3,657b40fe8b12dc001fdef8bd,0.4080091,0.45276767,0.09568947,0.17151402,0.22926421,0.402961,0.22181296,0.10002319,0.003128052,0.00847251,0.022577424,0.01579636,0.03235042,0.004098913,0.2630383,2.05
hnqvf9,657b41c68b12dc001fdfe48a,0.12267091,0.17340991,0.120612115,0.24175529,0.082418695,0.2922344,0.06575776,0.30502358,0.005874634,0.04564415,0.26957804,0.08355101,0.007844958,0.013859635,0.16931936,3.7666666666666666
hnqvf9,657b42388b12dc001fe0658f,0.26146647,0.37169906,0.22112842,0.16829737,0.08523248,0.26588342,0.13055216,0.39644176,0.023076924,0.036620867,0.24630153,0.42185885,0.063999176,0.14951986,0.38147828,5.683333333333334
zhqcvw,657b404d2855e7001f6c71c4,0.8201833,0.6154131,0.5556423,0.0834797,0.3195368,0.13029796,0.83585393,0.009927189,0.000891686,0.003366805,0.007066373,0.012995303,0.006977591,0.007519589,0.49867254,1.15
zhqcvw,657b40918b12dc001fde7401,0.28066093,0.48947597,0.6290733,0.12647597,0.17619257,0.27275658,0.12401656,0.16158698,0.006065369,0.007732552,0.016860934,0.019485557,0.17016006,0.007047772,0.30925205,2.283333333333333
996v2n,657b405c8b12dc001fde36e7,0.82414633,0.79556483,0.4544182,0.097804256,0.26940405,0.27137864,0.6576634,0.03109552,0.001249313,0.008361516,0.011578901,0.011936366,0.007974415,0.00583874,0.27358735,1.3833333333333333
996v2n,657b409b2855e7001f6ccd94,0.6750377,0.3925892,0.43870386,0.20442122,0.14204384,0.39406586,0.697359,0.025320992,0.001440048,0.001600157,0.00979289,0.012277958,0.009463178,0.012326228,0.24936022,2.433333333333333
996v2n,657b41668b12dc001fdf7384,0.6691506,0.8531338,0.3597569,0.6003822,0.49086022,0.63505054,0.38821805,0.1693855,0.004615784,0.10221587,0.061801232,0.019212283,0.021990653,0.011264639,0.3411577,5.833333333333333
f8yz12,657b42682855e7001f6effc4,0.49068943,0.68569475,0.3171293,0.8201516,0.049958427,0.82480496,0.31262326,0.069754265,0.001783371,0.028016793,0.024768941,0.01354185,0.007534259,0.006487489,0.2860695,6.916666666666667
qmb4gn,657b40b28b12dc001fde9db7,0.27108505,0.3495,0.2546384,0.2282475,0.2441421,0.17160219,0.2990281,0.018974753,0.001478195,0.004550736,0.009355888,0.017367685,0.007909686,0.014567361,0.21152376,1.55
teqn3n,657b413c2855e7001f6d9070,0.6336862,0.40990886,0.49064076,0.18451619,0.22068773,0.14807095,0.677725,0.007225486,0.000743866,0.002136626,0.006391869,0.0113215,0.006621582,0.006163114,0.15040304,3.1666666666666665
teqn3n,657b40fb8b12dc001fdef382,0.03907572,0.33535045,0.100476414,0.37928078,0.056305178,0.57455313,0.13888659,0.030506283,0.001525879,0.002719343,0.008785884,0.011167783,0.013113883,0.005072037,0.25712842,2.066666666666667
puuxkk,657b40b32855e7001f6ceb82,0.5529573,0.33691296,0.18205647,0.10283129,0.49183813,0.113679945,0.37850162,0.024260364,0.001678467,0.005105704,0.009469888,0.019348921,0.009178371,0.01686747,0.35463762,1.3
puuxkk,657b414c8b12dc001fdf5528,0.40365055,0.3337895,0.30485183,0.43234292,0.12407555,0.5545711,0.28960893,0.017215505,0.001044273,0.002848835,0.006657871,0.011065305,0.009359611,0.005160502,0.22341244,3.8666666666666667
xphvb1,657b43152855e7001f70214a,0.60437435,0.4348694,0.3286836,0.10590835,0.16387439,0.17791487,0.7673136,0.015581916,0.001792908,0.005142702,0.008994885,0.017231047,0.008738215,0.014567361,0.67144436,9.916666666666666
txaab4,657b42ee2855e7001f6fe2d5,0.5778077,0.603233,0.7588579,0.59116244,0.7762616,0.5525173,0.26514557,0.053295042,0.001296997,0.025203101,0.019161236,0.011150704,0.006770459,0.003199511,0.26103932,3.6333333333333333
txaab4,657b435a8b12dc001fe23cfc,0.528082,0.6282494,0.40800813,0.5656324,0.5690876,0.5274063,0.20220721,0.10696511,0.002346039,0.10221587,0.024897853,0.014532468,0.00632383,0.004570731,0.31651253,5.433333333333334
txaab4,657b43c82855e7001f712710,0.57574373,0.5579653,0.5442837,0.2248042,0.07153199,0.3191916,0.5305449,0.0926474,0.00246048,0.033011556,0.018065477,0.02071529,0.013269233,0.011441571,0.18435913,7.25
73gaw1,657b40a72855e7001f6cdd32,0.08533011,0.2044055,0.07667982,0.13464333,0.02196079,0.18428236,0.069187365,0.102626406,0.003414154,0.006511623,0.013250912,0.024472807,0.049128212,0.007047772,0.2655604,1.4666666666666666
73gaw1,657b41358b12dc001fdf3a66,0.78896815,0.5664949,0.5046923,0.09193956,0.2867571,0.119989015,0.7817789,0.009550206,0.000891686,0.002922831,0.006762371,0.012414595,0.006990537,0.007372146,0.23988898,3.8
7kabr1,657b42148b12dc001fe03d58,0.07813416,0.36380813,0.11646001,0.2643714,0.007422925,0.44873106,0.17588417,0.039935954,0.002040863,0.002645347,0.008899884,0.012243799,0.02250864,0.006015671,0.21455866,6.75
3mx3u1,657b40a02855e7001f6cd3d3,0.80298144,0.6410051,0.4978517,0.24836068,0.28869942,0.43461987,0.8299537,0.022964042,0.001130104,0.012139536,0.008443882,0.011936366,0.006731622,0.006369534,0.28247395,0.8666666666666667
3mx3u1,657b40db2855e7001f6d1d07,0.12726861,0.24012628,0.81816846,0.099799976,0.003506723,0.08135695,0.1722254,0.010429831,0.000638962,0.002441859,0.007009373,0.010740792,0.006641001,0.004659196,0.14533794,1.8666666666666667
3mx3u1,657b41058b12dc001fdf00b7,0.54153293,0.5189085,0.07667982,0.23170424,0.29779902,0.48803806,0.73558867,0.102192536,0.0025177,0.08004672,0.024640027,0.02119352,0.006420923,0.006340046,0.34096065,2.55
rhuubp,657b41c48b12dc001fdfe289,0.24240397,0.23731218,0.35455325,0.08165393,0.07781066,0.07704599,0.09512816,0.0438942,0.001449585,0.009027477,0.012490907,0.014703264,0.0100069,0.006929818,0.34540483,6.166666666666667
rhuubp,657b41678b12dc001fdf74f3,0.57574373,0.7023469,0.15540445,0.38648623,0.090004176,0.6157913,0.5070514,0.07054565,0.002994537,0.003311308,0.010666896,0.013644327,0.055270568,0.004600219,0.17560683,4.616666666666666
x4x672,657b43882855e7001f70cd00,0.7583711,0.5075377,0.43870386,0.44334027,0.2630359,0.36224848,0.37205505,0.12260055,0.002975464,0.018369852,0.06023245,0.019485557,0.010421164,0.006399023,0.25283998,6.583333333333333
x4x672,657b433f8b12dc001fe21408,0.38138592,0.55488205,0.13873237,0.14615701,0.121998236,0.46262714,0.41767693,0.022374803,0.001316071,0.007732552,0.010172892,0.013302735,0.00756015,0.005189991,0.19325969,5.366666666666666
x4x672,657b42c32855e7001f6f9844,0.78844416,0.8140503,0.24872018,0.71612376,0.37334827,0.8230056,0.62116104,0.038991302,0.002174377,0.002155125,0.010362893,0.012722028,0.026997874,0.004718174,0.33878392,3.3
f8tr97,657b417e8b12dc001fdf8fda,0.115430765,0.4348694,0.71583414,0.10590835,0.07690128,0.07016175,0.114434265,0.10913446,0.002994537,0.003329807,0.017420914,0.025360947,0.056563694,0.015098156,0.22617903,2.7333333333333334
f8tr97,657b41602855e7001f6db92c,0.80886054,0.5883604,0.51230204,0.08532512,0.30171713,0.14432828,0.8224904,0.009738698,0.000853539,0.002996826,0.006838372,0.012448754,0.0069517,0.007902941,0.20279443,2.25
f8tr97,657b413b2855e7001f6d8fbc,0.6034316,0.7670501,0.20930107,0.20107053,0.38569066,0.45765877,0.26946795,0.20056234,0.003108978,0.10221587,0.075868964,0.029460056,0.007016428,0.005691297,0.28647345,1.65
n4ck7a,657b42948b12dc001fe0fadc,0.38138592,0.3526706,0.3286836,0.2450518,0.23172872,0.20109403,0.34797287,0.007005579,0.001001358,0.001322673,0.00659137,0.013473531,0.006051969,0.009436348,0.15104064,6.583333333333333
n4ck7a,657b430f8b12dc001fe1ccb6,0.05054392,0.16347843,0.63158584,0.14615701,0.000188695,0.2116222,0.070585586,0.011874928,0.00054121,0.001396669,0.00812088,0.009681856,0.006304411,0.004157891,0.24676356,8.65
n4ck7a,657b42ba2855e7001f6f89bf,0.37917098,0.25724247,0.24675351,0.11434096,0.46702847,0.087319076,0.2990281,0.063027434,0.002784729,0.006363631,0.014960921,0.038154904,0.012181788,0.030904036,0.30138034,7.233333333333333
n4ck7a,657b41b08b12dc001fdfca41,0.6341602,0.64903504,0.13020957,0.31962708,0.07690128,0.49835923,0.35921705,0.055521555,0.001754761,0.003570293,0.021288296,0.013166099,0.012337137,0.004659196,0.22385846,2.783333333333333
n4ck7a,657b425f2855e7001f6ef0ed,0.35244697,0.7776331,0.52250797,0.31962708,0.33160096,0.44840088,0.1722254,0.041915078,0.001215935,0.006326634,0.01625293,0.010262563,0.010395273,0.004069425,0.41001555,5.716666666666667
91m2zc,657b41be2855e7001f6e25f7,0.6270548,0.7488716,0.18013267,0.4469108,0.27196017,0.5714843,0.38886753,0.0969861,0.002861023,0.01656105,0.018065477,0.02385794,0.035803676,0.014095544,0.32599473,3.183333333333333
91m2zc,657b43092855e7001f700ef1,0.058960643,0.08756644,0.06990473,0.08165393,0.029057574,0.11816678,0.06441256,0.16043124,0.003318787,0.023595277,0.06442356,0.029888187,0.013372798,0.013564749,0.18082663,8.7
q1etev,657b44208b12dc001fe353a2,0.07813416,0.3622354,0.10241937,0.6271284,0.065453626,0.8230056,0.1256395,0.081625134,0.00333786,0.002719343,0.010742896,0.013644327,0.09776353,0.004659196,0.2987613,8.333333333333334
e7fw16,657b41f62855e7001f6e66f1,0.4842099,0.3495,0.12658814,0.46643472,0.26430678,0.6117847,0.30173418,0.09828771,0.002069473,0.06658725,0.020708188,0.014498309,0.00756015,0.005573343,0.3064355,5.95
e7fw16,657b42592855e7001f6ee60d,0.78292406,0.4715158,0.26256776,0.52761376,0.89214736,0.6257738,0.65953165,0.16591948,0.00328064,0.10221587,0.06354945,0.026454043,0.006388559,0.011795434,0.34525082,7.6
u9mnam,657b41968b12dc001fdfaadb,0.60154647,0.6891403,0.18591298,0.54269063,0.17506383,0.68765855,0.39603043,0.022728346,0.000834465,0.010063417,0.009165886,0.00995513,0.00704232,0.004010447,0.29026085,2.05
u9mnam,657b42918b12dc001fe0f6f6,0.80809724,0.5395155,0.46833396,0.27052203,0.23296322,0.546523,0.8055961,0.024967449,0.000967979,0.01274247,0.009013886,0.010091767,0.006556854,0.003479653,0.17759122,6.266666666666667
u9mnam,657b42e58b12dc001fe1874b,0.6898578,0.47376373,0.50925714,0.21116324,0.10194144,0.39406586,0.75088155,0.014450971,0.001115799,0.004458242,0.008386881,0.014395831,0.008285114,0.01102873,0.19160053,7.65
u9mnam,657b431b8b12dc001fe1dfca,0.08897218,0.2985656,0.68005824,0.10798564,0.001656271,0.13222396,0.1631984,0.015833238,0.000886917,0.003366805,0.00817788,0.011936366,0.007547205,0.0054259,0.22004545,8.55
u9mnam,657b436e8b12dc001fe25b13,0.55087745,0.3854497,0.4327431,0.10798564,0.13883325,0.13125886,0.6148016,0.015079274,0.000829697,0.004236255,0.007797878,0.012277958,0.007055265,0.007431123,0.1671751,9.95
ew6d9t,657b420a2855e7001f6e7d75,0.22826096,0.27326855,0.2825658,0.20778568,0.18872178,0.1406137,0.2829303,0.05304765,0.002880096,0.004162259,0.016784932,0.027683776,0.009100696,0.026539726,0.20960636,5.716666666666667
ew6d9t,657b41e38b12dc001fe0047a,0.16324693,0.44081154,0.13750808,0.39918593,0.24914877,0.41602656,0.051758666,0.2396185,0.008811951,0.010211408,0.030265106,0.029596692,0.34804323,0.005927206,0.2778246,5.016666666666667
ew6d9t,657b415e2855e7001f6db70f,0.09080389,0.10819801,0.10536304,0.51156837,0.030395774,0.5172422,0.046524283,0.15545623,0.003032684,0.00984143,0.06984934,0.015113175,0.021127338,0.004039936,0.36252314,2.8333333333333335
xkfzxr,657b41c28b12dc001fdfdfa2,0.6355818,0.38118678,0.21914949,0.09290418,0.10062749,0.30209807,0.61989033,0.021785567,0.00169754,0.004569235,0.009469888,0.01627459,0.008893564,0.012916001,0.24573448,5.666666666666667
xkfzxr,657b40fa2855e7001f6d4287,0.31741676,0.20707954,0.10734529,0.14304936,0.1045852,0.3263803,0.32914153,0.09308127,0.002231598,0.051808115,0.015416925,0.015830519,0.007598988,0.007254192,0.21708123,2.3666666666666667
hxuch6,657b43078b12dc001fe1be90,0.3590947,0.39689544,0.39481232,0.09193956,0.19564457,0.122753285,0.6582865,0.0072569,0.000882149,0.002210622,0.00658187,0.012346277,0.007029374,0.007961918,0.21840304,6.416666666666667
hxuch6,657b422c2855e7001f6ea41c,0.7001757,0.42600605,0.5242713,0.12989433,0.19217539,0.15422586,0.78963566,0.005089255,0.00061512,0.001026691,0.006135368,0.009869732,0.00603255,0.004836128,0.17882897,2.7666666666666666
hxuch6,657b41ec2855e7001f6e5a8f,0.21890815,0.4348694,0.08016376,0.12310397,0.070651315,0.24950926,0.25245318,0.050821137,0.00164032,0.037394293,0.0115029,0.016821137,0.00838868,0.03750948,0.4431304,1.7
vayrbd,657b41c02855e7001f6e2876,0.68234855,0.37169906,0.43870386,0.3443384,0.30893698,0.3452064,0.33608648,0.25462922,0.007781982,0.2803029,0.06459839,0.018665737,0.067232,0.005986183,0.37390116,2.283333333333333
vayrbd,657b42ff8b12dc001fe1b178,0.08897218,0.2821423,0.11543151,0.12534684,0.11172729,0.2102981,0.084635615,0.3245134,0.008888245,0.2831485,0.18728738,0.04291453,0.010395273,0.011205662,0.16909914,7.6
vayrbd,657b41ee8b12dc001fe0121d,0.23060848,0.20976527,0.10834246,0.09097979,0.058751587,0.13514197,0.2369541,0.020231359,0.00125885,0.00569767,0.008804884,0.014634945,0.008336896,0.009495324,0.16061625,3.0166666666666666
vayrbd,657b436f8b12dc001fe25cac,0.7492397,0.54488504,0.539164,0.115418,0.23667608,0.13514197,0.8077189,0.011120965,0.000987053,0.003422302,0.007341875,0.014156717,0.007236506,0.007961918,0.37191385,9.466666666666667
kc382k,657b42288b12dc001fe05433,0.4343623,0.33535045,0.22906929,0.1977331,0.26940405,0.22362563,0.4646693,0.012440401,0.001592636,0.001942388,0.008367881,0.0157622,0.006848133,0.01020305,0.25166184,2.9833333333333334
kc382k,657b42b12855e7001f6f7a2e,0.32175437,0.29107937,0.27253446,0.3596629,0.10194144,0.36224848,0.1456873,0.1641865,0.004959106,0.18903255,0.028502205,0.028640235,0.008789998,0.008846575,0.31583574,5.3
pqaytn,657b444f2855e7001f71de3e,0.2638654,0.46479085,0.30077735,0.52138036,0.06291008,0.5704613,0.13220452,0.077668175,0.002670288,0.005327691,0.018710041,0.015454767,0.030623792,0.005661808,0.23447306,5.916666666666667
mpb4c4,657b420a2855e7001f6e7cea,0.52395415,0.34476215,0.2546384,0.19109875,0.15068793,0.2603964,0.40322062,0.11316007,0.004634857,0.011247349,0.014124917,0.019007329,0.09009721,0.009259416,0.3846818,4.133333333333334
mpb4c4,657b430e8b12dc001fe1cad6,0.052212548,0.081652805,0.077544875,0.116500415,0.080563076,0.122753285,0.12240143,0.022256956,0.000648499,0.002571351,0.011882903,0.012414595,0.006110225,0.005101525,0.19348778,8.483333333333333
mpb4c4,657b41d08b12dc001fdfefec,0.5560802,0.38118678,0.14977454,0.491974,0.4523191,0.6999628,0.3071667,0.09308127,0.002861023,0.008139528,0.017012933,0.014805742,0.055917133,0.005248968,0.3721001,3.1666666666666665
r6y9rh,657b42fa2855e7001f6ff5e5,0.6704831,0.37011713,0.35888863,0.088129774,0.12825382,0.1361225,0.7930827,0.008419261,0.000653267,0.001868392,0.006885872,0.010672474,0.006485652,0.004541242,0.15746342,5.95
r6y9rh,657b43702855e7001f70a8a2,0.4343623,0.55257154,0.10144578,0.19440953,0.17168832,0.405019,0.5324264,0.09351514,0.002689362,0.052944973,0.01890341,0.016752819,0.006861079,0.006428511,0.23415613,7.916666666666667
r6y9rh,657b43ea2855e7001f71564b,0.4343623,0.63253057,0.08915572,0.24175529,0.24289377,0.45633504,0.54825,0.011686437,0.000929832,0.003847777,0.007455876,0.013439372,0.006841661,0.007165726,0.16897753,9.95
r6y9rh,657b42418b12dc001fe06ffa,0.1320083,0.07781315,0.6254383,0.13966006,0.049958427,0.12743886,0.08619678,0.028856417,0.001373291,0.005919657,0.010970897,0.014737424,0.008492245,0.00937737,0.1941302,2.8666666666666667
r6y9rh,657b42c62855e7001f6f9d52,0.41675794,0.23731218,0.41503382,0.259786,0.0671697,0.24950926,0.35921705,0.12520397,0.002746582,0.01191331,0.057890166,0.021466793,0.015256803,0.008787598,0.17752102,5.083333333333333
r6y9rh,657b41e58b12dc001fe007be,0.6977677,0.72205526,0.10437799,0.12647597,0.349159,0.3235005,0.56549525,0.019477395,0.00125885,0.003699786,0.007759878,0.011970525,0.008427517,0.004688685,0.38366488,1.3333333333333333
r6y9rh,657b43b72855e7001f7110c1,0.75977564,0.5912591,0.52234787,0.30671462,0.161658,0.49661094,0.72114706,0.007822373,0.000658035,0.002182874,0.00650587,0.010569996,0.006861079,0.003671329,0.19200128,9.1
d63hq6,657b42ff8b12dc001fe1b1dc,0.79678726,0.6814179,0.46117917,0.23170424,0.554233,0.38181353,0.60651094,0.05280026,0.001449585,0.005216698,0.023995465,0.018734055,0.008155655,0.011618502,0.27723962,7.8
d63hq6,657b41c62855e7001f6e2ff8,0.7973056,0.6206918,0.3424645,0.13133545,0.7278821,0.15914497,0.5441235,0.01859777,0.000777245,0.003385304,0.008766884,0.013780965,0.006925808,0.008315781,0.15702258,2.6
d63hq6,657b42bb2855e7001f6f8a1a,0.39919263,0.2985656,0.27453586,0.14304936,0.19102257,0.15914497,0.44251856,0.01225191,0.001106262,0.002885833,0.007569877,0.013985921,0.007068211,0.010379982,0.16374736,6.666666666666667
d63hq6,657b42092855e7001f6e7c2e,0.7923664,0.8140503,0.30281326,0.08718978,0.26430678,0.17664811,0.7064843,0.11652588,0.004272461,0.011247349,0.019934712,0.028776871,0.058180105,0.009141461,0.15826185,3.7
d63hq6,657b42778b12dc001fe0cba3,0.4576787,0.3495,0.31097922,0.30671462,0.07964143,0.57455313,0.43653658,0.038991302,0.001649857,0.002552852,0.010248893,0.012892825,0.019228047,0.005720785,0.29854932,5.533333333333333
d63hq6,657b43712855e7001f70aa80,0.67770374,0.3732835,0.41327515,0.18780111,0.2604987,0.2769019,0.63949937,0.0665887,0.001678467,0.006326634,0.023093075,0.022149978,0.010369381,0.015216109,0.21915604,9.716666666666667
f4ppa7,657b41ed8b12dc001fe01047,0.34802857,0.30308694,0.132634,0.3578942,0.059575163,0.6521596,0.30038044,0.03639866,0.001544952,0.003718285,0.014238917,0.011680172,0.010110466,0.004541242,0.2834159,2.7333333333333334
3dcpyh,657b43072855e7001f700b80,0.09080389,0.14414358,0.7746419,0.13966006,0.066309564,0.10081833,0.10206828,0.017592486,0.000560284,0.003033824,0.010780896,0.010792031,0.005977531,0.003833516,0.2430011,4.35
3dcpyh,657b43ff8b12dc001fe325aa,0.14633444,0.3045994,0.09474389,0.19440953,0.1045852,0.25086454,0.19265923,0.2312681,0.008468628,0.017967897,0.030375287,0.053435806,0.13633445,0.009849187,0.21248081,8.483333333333333
3dcpyh,657b429e8b12dc001fe10cfd,0.14154164,0.043764595,0.070737444,0.06204034,0.05549788,0.11726139,0.0808017,0.15103401,0.001764298,0.005401687,0.06617179,0.01982715,0.008194493,0.006458,0.2607354,2.6
ftamqx,657b42de8b12dc001fe17c03,0.8146788,0.80029416,0.5568349,0.115418,0.07690128,0.37978005,0.79117465,0.06184035,0.001792908,0.004809721,0.02425329,0.01535229,0.009851551,0.007106749,0.2904502,3.933333333333333
ftamqx,657b429a8b12dc001fe105ec,0.42554232,0.75316864,0.22707964,0.2550139,0.14204384,0.36224848,0.40322062,0.22043827,0.010223389,0.04177703,0.071750276,0.13432594,0.013165667,0.06058701,0.15689847,2.8
ftamqx,657b43498b12dc001fe221d9,0.618539,0.42159554,0.42902505,0.12989433,0.21220426,0.16659191,0.7121486,0.011686437,0.001063347,0.002885833,0.007474876,0.013405213,0.007029374,0.007313169,0.1291483,5.7
ftamqx,657b437d2855e7001f70bb81,0.50340754,0.46179694,0.28055468,0.13798015,0.21582358,0.18941686,0.5795637,0.026970858,0.002002716,0.007362573,0.0113509,0.019963788,0.009074804,0.014626338,0.33208922,6.583333333333333
886nf1,657b42298b12dc001fe05517,0.21657933,0.085574605,0.0864158,0.103851885,0.16498521,0.13514197,0.117599316,0.06500591,0.002574921,0.005956655,0.022190686,0.03464781,0.007495422,0.014685315,0.21702138,1.7333333333333334
886nf1,657b42e02855e7001f6fca11,0.2926585,0.19381917,0.24478929,0.26898047,0.08148885,0.402961,0.1649894,0.022846194,0.001020432,0.002867334,0.008899884,0.011355659,0.00951496,0.00364184,0.21441796,4.816666666666666
886nf1,657b430b8b12dc001fe1c59a,0.31525248,0.27179828,0.28457916,0.17151402,0.20381775,0.15422586,0.35288873,0.00804228,0.00082016,0.002441859,0.006638871,0.011970525,0.006744567,0.006575955,0.20600447,5.533333333333333
886nf1,657b43528b12dc001fe22f56,0.16324693,0.17091095,0.09759216,0.19440953,0.21100153,0.3458873,0.4269237,0.031331215,0.00169754,0.00673361,0.010210892,0.016001316,0.011819307,0.013918612,0.27406007,6.7
886nf1,657b43b48b12dc001fe2c14d,0.24952528,0.13473919,0.07667982,0.38107905,0.43173444,0.46196443,0.3139914,0.032156147,0.001249313,0.003588792,0.015036922,0.018255826,0.008103873,0.014626338,0.2568278,8.35
k6vg8n,657b42218b12dc001fe04c77,0.11183177,0.12779967,0.49823165,0.1329856,0.05073776,0.11016245,0.088613324,0.02685301,0.001325607,0.003866276,0.008405882,0.011594773,0.011042561,0.004983571,0.29649097,2.8
k6vg8n,657b42998b12dc001fe10430,0.05557129,0.23731218,0.10437799,0.16829737,0.056305178,0.18300404,0.114434265,0.04834723,0.002536774,0.004125261,0.00971689,0.013439372,0.03165977,0.007283681,0.15101114,4.8
k6vg8n,657b43112855e7001f701acf,0.07458106,0.35903805,0.05110485,0.12310397,0.070651315,0.16784096,0.09911501,0.16158698,0.005683899,0.020982565,0.022384055,0.026180768,0.11616269,0.01875474,0.20997258,6.783333333333333
k6vg8n,657b43a68b12dc001fe2aeb7,0.19487326,0.31831792,0.10536304,0.33599108,0.028393986,0.5046469,0.27629468,0.019728716,0.001029968,0.002219871,0.007379876,0.010501678,0.00951496,0.005013059,0.16735426,9.266666666666667
cxaxx7,657b441f2855e7001f719bb7,0.07458106,0.24012628,0.100476414,0.19440953,0.03174881,0.35613734,0.09250268,0.14429577,0.003490448,0.005956655,0.034782536,0.015181494,0.07093142,0.005013059,0.26687258,8.933333333333334
gam2y4,657b43852855e7001f70c899,0.8181891,0.63581073,0.5202653,0.09387397,0.30565006,0.13514197,0.8224904,0.01005285,0.000839233,0.002996826,0.007028373,0.012722028,0.0069517,0.00707726,0.44931328,2.216666666666667
gam2y4,657b434f8b12dc001fe22b47,0.21417195,0.38972762,0.13506666,0.3443384,0.049183033,0.5353797,0.34727085,0.08795626,0.002574921,0.004550736,0.020579277,0.01764096,0.020264024,0.005750274,0.2468856,1.3166666666666667
tzav84,657b44b48b12dc001fe417b8,0.058960643,0.12550901,0.7406886,0.09387397,0.01707348,0.09592405,0.04709204,0.10002319,0.002365112,0.01756594,0.026831545,0.012107162,0.012337137,0.004334822,0.35029975,4.916666666666667
tzav84,657b457c2855e7001f73b489,0.06582858,0.2206499,0.61871296,0.12088228,0.04461459,0.12649381,0.030057438,0.11078331,0.00371933,0.01139534,0.021868404,0.012687869,0.060443077,0.004364311,0.24052355,8.65
tzav84,657b44278b12dc001fe35c24,0.4080091,0.321393,0.26256776,0.29872808,0.44471923,0.47257823,0.14057605,0.2853768,0.007705689,0.1294935,0.1640896,0.08581402,0.018710058,0.027129497,0.4547482,2.966666666666667
nfvd7z,657b41dc2855e7001f6e48bf,0.24003741,0.07972292,0.14045076,0.11758787,0.07419816,0.17034614,0.11286291,0.19314334,0.00377655,0.16159154,0.06372428,0.020168742,0.00814271,0.005484877,0.21968237,1.6
nfvd7z,657b42c18b12dc001fe14942,0.54776,0.2457886,0.23891157,0.3443384,0.3322735,0.41602656,0.14227262,0.37955463,0.018836858,0.47178617,0.24928534,0.09868695,0.008815889,0.014744292,0.37212038,5.416666666666667
nfvd7z,657b43ca2855e7001f712ab3,0.21657933,0.12550901,0.50545293,0.2659053,0.113765255,0.15422586,0.07929607,0.3666224,0.014640691,0.37879246,0.26957804,0.07449899,0.009566744,0.013977589,0.1969549,9.85
fq6xu6,657b42b18b12dc001fe12de3,0.4950183,0.13010159,0.38511166,0.08907493,0.049958427,0.13125886,0.66720206,0.015079274,0.000624657,0.001683403,0.008937885,0.009784333,0.006472706,0.002757183,0.271069,2.8
fq6xu6,657b42fd2855e7001f6ffb0e,0.09820561,0.18097372,0.32696992,0.099799976,0.02196079,0.11191306,0.07199883,0.03875561,0.001459122,0.00310782,0.010856897,0.012858666,0.012285355,0.004629708,0.24707796,4.083333333333333
3x6dea,657b43718b12dc001fe25fdf,0.2044906,0.5735124,0.120612115,0.259786,0.057932016,0.4517044,0.096450776,0.041915078,0.00123024,0.008620501,0.018645585,0.011833889,0.007391856,0.003479653,0.31486285,7.033333333333333
3x6dea,657b42928b12dc001fe0f7e9,0.12726861,0.3106718,0.11543151,0.42862403,0.15396011,0.72352874,0.097779684,0.058737632,0.001187325,0.023796257,0.020192537,0.011236101,0.006388559,0.004541242,0.24878474,3.316666666666667
quzvva,657b43a98b12dc001fe2b3f9,0.2020805,0.537983,0.13628586,0.20442122,0.03946282,0.47889063,0.34446642,0.018849092,0.000696182,0.003329807,0.009431887,0.011458136,0.007055265,0.004039936,0.17824432,5.516666666666667
quzvva,657b44b42855e7001f7262da,0.31741676,0.62797624,0.17055956,0.47783998,0.20145898,0.6137894,0.30308986,0.08241652,0.003166199,0.005068706,0.012832909,0.013405213,0.063999176,0.004393799,0.38180965,9.966666666666667
dk4mzr,657b43d72855e7001f713cbe,0.780284,0.46404538,0.5628552,0.10080544,0.30893698,0.11816678,0.798334,0.007571052,0.000758171,0.002099628,0.00642987,0.011133623,0.006634528,0.005927206,0.195526,3.8833333333333333
dk4mzr,657b43858b12dc001fe27c7b,0.3679965,0.18351692,0.10144578,0.10487753,0.088083394,0.11907599,0.20801824,0.25462922,0.008392334,0.24970764,0.06722072,0.028503597,0.010291707,0.007224703,0.21947393,2.5166666666666666
nqgt1v,657b44798b12dc001fe3ceda,0.18529944,0.24012628,0.12165971,0.09879968,0.0637539,0.12555276,0.15610619,0.028149333,0.001354218,0.004624732,0.011008898,0.015010698,0.009877442,0.010379982,0.20499362,5.766666666666667
nqgt1v,657b43e62855e7001f7151d0,0.6870742,0.38118678,0.46569613,0.07367923,0.099318996,0.113679945,0.80272555,0.008419261,0.000748634,0.001970136,0.006790872,0.011611853,0.006492125,0.005956694,0.223449,3.3333333333333335
nqgt1v,657b44892855e7001f722e29,0.36354095,0.2601326,0.31918415,0.20778568,0.23667608,0.21960624,0.34166783,0.009173225,0.000863075,0.002367863,0.006990373,0.01220964,0.006731622,0.006959306,0.18825,6.05
nqgt1v,657b43a48b12dc001fe2acae,0.52911484,0.6515339,0.2645553,0.34266365,0.1627653,0.5514903,0.30989113,0.024260364,0.001192093,0.003903274,0.008538882,0.011048226,0.010136358,0.004010447,0.24503717,2.2333333333333334
ne3qmm,657b424c2855e7001f6ece89,0.30231753,0.27033064,0.22509329,0.2282475,0.19680415,0.16161843,0.273814,0.017089844,0.001583099,0.004180758,0.008918885,0.017026093,0.008039144,0.014508383,0.13234852,0.7666666666666667
ne3qmm,657b42668b12dc001fe0b073,0.20690423,0.10819801,0.36062565,0.12199044,0.19564457,0.10081833,0.15260378,0.031331215,0.001964569,0.005919657,0.012110904,0.021466793,0.00746953,0.01958042,0.27061144,1.2166666666666666
aygucv,657b49db2855e7001f7d7fa1,0.024868794,0.1061449,0.11338645,0.214554,0.075996056,0.2922344,0.09250268,0.19870108,0.007171631,0.019575719,0.06582214,0.06145202,0.023026628,0.01480327,0.24600029,5.1
aygucv,657b497b2855e7001f7c7e81,0.042314984,0.20707954,0.62795556,0.12647597,0.070651315,0.06428147,0.048816387,0.10175867,0.00328064,0.003163317,0.015036922,0.020373698,0.04524883,0.006369534,0.21993649,3.5
aygucv,657b4a118b12dc001fefc319,0.0693074,0.07972292,0.73761964,0.12874979,0.000188695,0.090393595,0.0823234,0.045378547,0.00210762,0.002996826,0.008994885,0.012995303,0.026997874,0.004275845,0.36868393,6
aygucv,657b4a5c2855e7001f7ee21d,0.037467137,0.16594493,0.11237009,0.15556577,0.052308604,0.2076579,0.084635615,0.15766735,0.005950928,0.005771666,0.015644927,0.026044132,0.1575099,0.008315781,0.19232334,7.25
pv7f88,657b43898b12dc001fe28394,0.46886346,0.3510838,0.42902505,0.10080544,0.10194144,0.14432828,0.6916168,0.012880214,0.001354218,0.003311308,0.007626877,0.015420608,0.00780612,0.011736456,0.36076885,2.183333333333333
pv7f88,657b43b08b12dc001fe2bc0c,0.6336862,0.40990886,0.49064076,0.18451619,0.22068773,0.14807095,0.677725,0.007225486,0.000743866,0.002136626,0.006391869,0.0113215,0.006621582,0.006163114,0.1504031,2.8333333333333335
ddrmwe,657b49af2855e7001f7d0bf8,0.780284,0.46404538,0.5628552,0.10080544,0.30893698,0.11816678,0.798334,0.007571052,0.000758171,0.002099628,0.00642987,0.011133623,0.006634528,0.005927206,0.195526,9.733333333333333
ddrmwe,657b492e8b12dc001fed52bc,0.5519171,0.22893222,0.27653974,0.3443384,0.38019907,0.4639529,0.5332984,0.07687678,0.001783371,0.060220852,0.017936565,0.012517073,0.006647474,0.004334822,0.3043634,7.566666666666666
ddrmwe,657b49938b12dc001fee6f2e,0.79497004,0.7870809,0.6042507,0.30671462,0.13457838,0.4959449,0.7711438,0.014765122,0.000925064,0.004735726,0.007968879,0.013883443,0.007327127,0.008079873,0.22177336,9.25
fb3wre,657b42e12855e7001f6fccab,0.7513491,0.6578692,0.4216076,0.11868066,0.19912818,0.19588226,0.7605583,0.024142517,0.001354218,0.004883717,0.010096892,0.01627459,0.008893564,0.012621114,0.17848414,1.2
fb3wre,657b43152855e7001f7020ca,0.548799,0.58618766,0.11956828,0.16509432,0.57915634,0.38929114,0.2640687,0.01847211,0.000748634,0.005956655,0.008728883,0.009596458,0.007301235,0.003346955,0.2329928,2.05
tyx96d,657b43cb8b12dc001fe2e08a,0.38804337,0.38687348,0.36671826,0.10798564,0.080563076,0.27967444,0.57569754,0.018095128,0.001564026,0.005216698,0.008462882,0.017572641,0.008285114,0.015923835,0.215703,2.5833333333333335
tyx96d,657b44be8b12dc001fe425f6,0.7309253,0.82675284,0.52411115,0.72689986,0.46596643,0.8230056,0.6268691,0.051563308,0.00243187,0.009693438,0.018129934,0.018324144,0.01698343,0.010144074,0.29764664,6.65
8eb2bw,657b43dd8b12dc001fe2fb8d,0.21890815,0.24863632,0.15728761,0.14134736,0.17281176,0.14807095,0.25454623,0.027442247,0.001888275,0.003496297,0.010248893,0.02167175,0.007586042,0.023826776,0.13047895,0.5
8eb2bw,657b44dc8b12dc001fe45594,0.25190613,0.5303358,0.12538517,0.27052203,0.026425704,0.57182527,0.28960893,0.11739369,0.00667572,0.004347248,0.012034904,0.015249812,0.13815513,0.006929818,0.20219845,4.733333333333333
8eb2bw,657b45528b12dc001fe52c6f,0.11904381,0.06856995,0.7031543,0.11868066,0.14851531,0.10416048,0.117599316,0.028385026,0.000677109,0.001831394,0.013440913,0.010365041,0.00641445,0.002934114,0.1456811,6.716666666666667
8eb2bw,657b45c72855e7001f741f00,0.7831877,0.6322573,0.5046923,0.55374026,0.11172729,0.60371864,0.62876874,0.081625134,0.002670288,0.058401883,0.017485369,0.015318131,0.010421164,0.008374758,0.26682612,8.666666666666666
8eb2bw,657b44638b12dc001fe3b0d1,0.24240397,0.5007458,0.11543151,0.17151402,0.017672176,0.5540577,0.26191986,0.034748793,0.001773834,0.001479914,0.00817788,0.011492296,0.025616571,0.004393799,0.16684705,2.7333333333333334
3rhk6q,657b44192855e7001f719406,0.8290507,0.74833363,0.70421743,0.5632494,0.39601216,0.73164964,0.79684764,0.07450261,0.001811981,0.04667538,0.016860934,0.01220964,0.007262398,0.004010447,0.3466261,2.5833333333333335
3rhk6q,657b44ba2855e7001f726b44,0.6336862,0.8077861,0.3493656,0.4681843,0.26685292,0.441031,0.20124449,0.11078331,0.002937317,0.06431354,0.030265106,0.013951761,0.007689608,0.004452776,0.29301566,5.266666666666667
3rhk6q,657b44ed8b12dc001fe473ca,0.51263416,0.7617265,0.8172585,0.38829362,0.07153199,0.2700028,0.3374794,0.04785245,0.001392365,0.005919657,0.019547975,0.013951761,0.007521313,0.006074648,0.24597017,6.116666666666666
3rhk6q,657b451a2855e7001f730cf2,0.23531619,0.4805095,0.12418452,0.17151402,0.13670206,0.2076579,0.0808017,0.02638162,0.000967979,0.003255812,0.012034904,0.014805742,0.007689608,0.006399023,0.18140906,6.85
3rhk6q,657b45598b12dc001fe536ed,0.50647956,0.5022539,0.544049,0.37928078,0.28223592,0.40914017,0.15963748,0.1104733,0.002803803,0.04822223,0.030154925,0.016069634,0.012026439,0.005013059,0.2605297,7.916666666666667
3rhk6q,657b44668b12dc001fe3b4c5,0.08714753,0.22339956,0.10144578,0.34266365,0.095864415,0.3703172,0.08386083,0.24603334,0.005912781,0.2781757,0.07998765,0.022354934,0.006718676,0.004777151,0.22132394,3.8666666666666667
3rhk6q,657b43e72855e7001f715233,0.70351183,0.6508048,0.39216214,0.5827628,0.45729414,0.6586956,0.33052772,0.147767,0.003108978,0.06749674,0.060752302,0.022696527,0.008789998,0.007784986,0.2741477,1.75
hkbzym,657b44412855e7001f71cb46,0.4532196,0.28362978,0.103396736,0.103851885,0.090004176,0.28245366,0.21783899,0.075294,0.001487732,0.030691283,0.02657372,0.015693882,0.007365964,0.005897717,0.28344777,1.7333333333333334
hkbzym,657b44ee8b12dc001fe475b4,0.5301476,0.5456529,0.14790365,0.12761015,0.14097191,0.3588821,0.21883002,0.37751234,0.011825562,0.40713623,0.27558193,0.06946823,0.008556974,0.011677479,0.41748837,4.6
4bkety,657b440b8b12dc001fe33621,0.1011181,0.10410205,0.80137926,0.101815864,0.0637539,0.06882956,0.20899242,0.012503231,0.000772476,0.002959829,0.007227874,0.013063621,0.006848133,0.006723397,0.17484812,3.85
4bkety,657b44368b12dc001fe3710d,0.13676605,0.15614524,0.7872002,0.11220199,0.10062749,0.08505413,0.1907705,0.011560776,0.000972748,0.00224762,0.006999873,0.013200258,0.007288289,0.00937737,0.16615312,4.566666666666666
4bkety,657b44b48b12dc001fe418b4,0.73198336,0.5037618,0.47550175,0.2384713,0.2932416,0.3437793,0.7042106,0.015519086,0.001316071,0.004532238,0.007873878,0.014361672,0.007883795,0.011854411,0.1958386,6.666666666666667
4bkety,657b45222855e7001f731d9b,0.2329597,0.20707954,0.18591298,0.24175529,0.25670323,0.2156048,0.26514557,0.013948329,0.001277924,0.003348306,0.007816878,0.014771583,0.007611934,0.011913388,0.15823178,8.5
vwzp82,657b45b08b12dc001fe5b50e,0.8338964,0.5265206,0.56543446,0.08907493,0.37300605,0.11816678,0.83585393,0.2855005,0.018384963,0.017163984,0.030595649,0.097129054,0.38897106,0.026185863,0.28416085,9.483333333333333
vwzp82,657b44938b12dc001fe3efc6,0.64910305,0.32447803,0.35888863,0.07629398,0.30630767,0.10585547,0.66602784,0.25462922,0.015350811,0.011691323,0.030485468,0.117874645,0.2836219,0.047689874,0.53680974,4.733333333333333
vwzp82,657b44218b12dc001fe35545,0.27588674,0.43783733,0.28659645,0.28765815,0.03946282,0.48837078,0.22984244,0.028031485,0.001316071,0.002737841,0.008880884,0.012346277,0.01119791,0.004983571,0.33766302,2.8333333333333335
vwzp82,657b445c2855e7001f71f0f2,0.5845221,0.42306393,0.28659645,0.29872808,0.10969645,0.42431307,0.33887354,0.09525062,0.003147125,0.004994711,0.018258847,0.016411226,0.037530303,0.009141461,0.27912393,3.816666666666667
vwzp82,657b453c8b12dc001fe505b4,0.06410012,0.32293442,0.77561677,0.2384713,0.000188695,0.29083186,0.1256395,0.09351514,0.003528595,0.0034593,0.012794908,0.012858666,0.075531214,0.004629708,0.23491172,7.533333333333333
vwzp82,657b45878b12dc001fe57d66,0.11904381,0.5227116,0.14790365,0.29713845,0.011842369,0.4366432,0.20801824,0.06263174,0.001745224,0.007399572,0.023093075,0.012687869,0.011275585,0.005072037,0.120297916,8.8
7ttd4r,657b439e8b12dc001fe2a486,0.77368534,0.70152324,0.6653404,0.66258234,0.09685559,0.71416485,0.6432727,0.15656179,0.005455017,0.015757138,0.024382202,0.026727317,0.1575099,0.0074901,0.29459453,2.5166666666666666
7ttd4r,657b43e58b12dc001fe305f9,0.43657246,0.63781524,0.11646001,0.2282475,0.093894765,0.43461987,0.24311097,0.05255287,0.002202988,0.004347248,0.011996903,0.01309778,0.03235042,0.006015671,0.28482395,3.7
7crxbu,657b432c8b12dc001fe1f8ff,0.8136714,0.54795736,0.48571414,0.15241629,0.29714707,0.32926556,0.846279,0.021432023,0.001478195,0.007732552,0.009336887,0.014054239,0.007456584,0.007283681,0.18050642,0.4666666666666667
7crxbu,657b433f8b12dc001fe21452,0.64649165,0.6291603,0.123238094,0.20442122,0.23667608,0.44708014,0.6881582,0.03545588,0.001907349,0.019173764,0.009944891,0.01620627,0.00789674,0.008492713,0.20375091,0.8
dmyvdw,657b444e8b12dc001fe392af,0.5883758,0.62879604,0.27253446,0.6552954,0.2098003,0.85699403,0.41306645,0.049089402,0.00246048,0.003866276,0.014732921,0.015693882,0.02371728,0.007136237,0.20322052,3.533333333333333
dmyvdw,657b44f68b12dc001fe4837f,0.39026847,0.46330014,0.197553,0.18780111,0.06977485,0.3263803,0.3682003,0.025674535,0.001354218,0.002682345,0.007816878,0.012858666,0.011508608,0.005337434,0.18276653,6.333333333333333
dmyvdw,657b45b18b12dc001fe5b70c,0.6180653,0.5265206,0.6371609,0.20107053,0.025131965,0.5253867,0.69850403,0.009927189,0.000624657,0.00258985,0.007208874,0.010108846,0.006576272,0.004275845,0.16312858,9.45
gz6tt2,657b44878b12dc001fe3e120,0.53324854,0.43190852,0.3580206,0.097804256,0.18987136,0.10842784,0.6648525,0.010492661,0.001006126,0.002737841,0.007265875,0.01309778,0.006886971,0.008846575,0.14093487,3.466666666666667
gz6tt2,657b45de2855e7001f744131,0.45879477,0.67769116,0.08281895,0.3561303,0.3255585,0.6023727,0.56267637,0.04166769,0.001649857,0.029402243,0.011806903,0.014464149,0.00675104,0.004895105,0.44355863,9.183333333333334
1bqxnq,657b43e42855e7001f714e0e,0.7855571,0.46179694,0.5666855,0.09097979,0.23667608,0.12368249,0.79980904,0.010115679,0.000743866,0.002062631,0.007512876,0.010809111,0.006252628,0.005278457,0.33977255,1.35
1bqxnq,657b45502855e7001f736fc2,0.14633444,0.065012954,0.3424645,0.07367923,0.082418695,0.04619989,0.061113272,0.03192045,0.001440048,0.003588792,0.013326911,0.011868048,0.007210615,0.005986183,0.28530434,7.416666666666667
1bqxnq,657b44b62855e7001f72652c,0.20932254,0.123228945,0.09380275,0.03358276,0.054694567,0.04409967,0.13220452,0.38811707,0.007514954,0.017264472,0.40975618,0.13873272,0.00899713,0.007843964,0.20190817,4.866666666666666
1bqxnq,657b44382855e7001f71bd9c,0.33265293,0.2017425,0.0758189,0.13798015,0.058751587,0.20502599,0.097779684,0.1100022,0.003356934,0.005364689,0.022964163,0.016821137,0.04686524,0.005455388,0.34761375,2.7666666666666666
1wcqpr,657b461e2855e7001f74a7cb,0.5592057,0.48274636,0.5573432,0.42491317,0.31091207,0.49619472,0.3044472,0.102626406,0.002260208,0.04023018,0.027841117,0.012482914,0.011974656,0.004364311,0.25160012,6.983333333333333
rf2r8z,657b448b8b12dc001fe3e63a,0.80886054,0.615777,0.51287323,0.2282475,0.42249092,0.2769019,0.47160733,0.16678599,0.004997253,0.014048826,0.0573046,0.02344803,0.04132889,0.017811105,0.39420143,3.216666666666667
rf2r8z,657b45298b12dc001fe4e24e,0.65266526,0.36380813,0.3493656,0.3163838,0.41618428,0.42016712,0.19265923,0.1269396,0.004310608,0.013948337,0.03335018,0.016889455,0.048481647,0.005779763,0.2994245,5.85
rf2r8z,657b45e32855e7001f7448ba,0.6540907,0.46553662,0.44692367,0.21116324,0.18987136,0.37571815,0.37398612,0.034748793,0.001134872,0.010285405,0.015036922,0.013371054,0.007029374,0.007667032,0.21984969,8.95
rf2r8z,657b44e08b12dc001fe45cff,0.46102837,0.80459875,0.12418452,0.32614216,0.40083775,0.4460901,0.13888659,0.30993456,0.007324219,0.26494437,0.24928534,0.024609445,0.007521313,0.005101525,0.5236625,4.633333333333334
rf2r8z,657b458e8b12dc001fe587c7,0.6795924,0.62214804,0.5308805,0.4010091,0.12407555,0.50664616,0.38497314,0.08004235,0.001497269,0.034042787,0.023608726,0.012414595,0.006861079,0.004806639,0.35043323,7.533333333333333
rf2r8z,657b460c2855e7001f7488c1,0.41895068,0.24012628,0.33383814,0.19440953,0.2098003,0.12838791,0.38562226,0.016964182,0.001468658,0.003847777,0.008386881,0.017231047,0.007844958,0.014213498,0.1857483,9.633333333333333
dnf748,657b44738b12dc001fe3c73e,0.44543546,0.37169906,0.27453586,0.17474432,0.07241669,0.19848377,0.77018833,0.03109552,0.001583099,0.007732552,0.013706914,0.01982715,0.007495422,0.013269863,0.29024,4.233333333333333
dnf748,657b44548b12dc001fe39b3b,0.17300557,0.2457886,0.18591298,0.23517443,0.23419909,0.19458519,0.2472474,0.014325311,0.001392365,0.003644289,0.007949878,0.015249812,0.007819066,0.012267252,0.15823184,3.716666666666667
dnf748,657b44088b12dc001fe331de,0.13676605,0.42159554,0.08915572,0.33434358,0.27324003,0.5278307,0.1649894,0.021196328,0.00120163,0.002404861,0.008443882,0.011236101,0.0100069,0.005248968,0.27979037,2.45
8hpcer,657b484e8b12dc001feb0088,0.5944862,0.40990886,0.13628586,0.15872851,0.4286329,0.2522206,0.14227262,0.3389984,0.01683561,0.381025,0.23704576,0.07870171,0.03373172,0.018400878,0.35302562,8.933333333333334
8hpcer,657b46922855e7001f756f2d,0.4874476,0.56354445,0.36410484,0.32450983,0.09801555,0.4312395,0.47416514,0.102192536,0.003204346,0.06385879,0.021481665,0.026590679,0.009281937,0.013387818,0.29177427,1.5166666666666666
d699hy,657b44ab8b12dc001fe40d1e,0.49068943,0.45727557,0.3597569,0.32125223,0.1045852,0.40159,0.38821805,0.049584184,0.001497269,0.003588792,0.015568925,0.011765569,0.012803185,0.005131014,0.19736278,3.466666666666667
d699hy,657b443a8b12dc001fe376dd,0.13676605,0.37169906,0.16485271,0.41751894,0.052308604,0.67039263,0.32223237,0.012000589,0.00084877,0.001442917,0.006904873,0.009801413,0.008052089,0.003287977,0.1402537,1.5833333333333333
anfxfh,657b44f98b12dc001fe488c9,0.41895068,0.25724247,0.6287939,0.6418327,0.15177679,0.58034205,0.4269237,0.07845957,0.003223419,0.004384246,0.0114649,0.015557245,0.060766358,0.006369534,0.31046227,3.183333333333333
anfxfh,657b45cb2855e7001f742413,0.73903286,0.45276767,0.52884966,0.09879968,0.26176634,0.13416551,0.7907909,0.007036995,0.000753403,0.00207188,0.00646787,0.011048226,0.006621582,0.006015671,0.2261789,6.683333333333334
anfxfh,657b457a8b12dc001fe5697f,0.14633444,0.49547872,0.39039746,0.491974,0.03589914,0.6710398,0.15260378,0.083999306,0.002174377,0.004532238,0.018645585,0.012995303,0.04098356,0.004718174,0.1498333,5.316666666666666
anfxfh,657b45fe8b12dc001fe62c46,0.6313173,0.3291235,0.48760834,0.103851885,0.13990174,0.13222396,0.72338355,0.006220201,0.00058651,0.00112381,0.006363369,0.010006369,0.006213791,0.004275845,0.23057018,7.533333333333333
t9depn,657b44022855e7001f7173e9,0.28544915,0.23450792,0.16295655,0.15241629,0.090004176,0.26450998,0.15963748,0.069754265,0.003166199,0.005364689,0.01302291,0.017777596,0.0287245,0.010379982,0.32176206,1.1
tub3c1,657b46248b12dc001fe66b6f,0.4788228,0.33535045,0.45591927,0.115418,0.2074021,0.116359964,0.7410825,0.010932474,0.00087738,0.002719343,0.007512876,0.012448754,0.007029374,0.008079873,0.25121373,5.616666666666666
tub3c1,657b455d8b12dc001fe53d8d,0.50238425,0.7520954,0.2330567,0.20778568,0.059575163,0.49261495,0.39668298,0.02035702,0.000977516,0.002663846,0.007550877,0.011765569,0.009747985,0.004865617,0.28649387,2.3
tub3c1,657b46bd8b12dc001fe77896,0.801181,0.50451654,0.550648,0.09681413,0.36003372,0.14807095,0.8323483,0.006502937,0.00067234,0.001785147,0.00648687,0.010996987,0.006349722,0.006959306,0.3275874,8.166666666666666
tub3c1,657b45f42855e7001f7463e8,0.27588674,0.56575704,0.18398336,0.28608742,0.023852486,0.540868,0.25036624,0.032627538,0.00108242,0.003311308,0.011730902,0.011423977,0.009281937,0.005396411,0.16055235,4.816666666666666
tub3c1,657b46818b12dc001fe70b91,0.45433363,0.2851209,0.28659645,0.10590835,0.16832852,0.12182798,0.5103528,0.019100413,0.001525879,0.003699786,0.008975885,0.015523086,0.00814271,0.011441571,0.24692571,7.166666666666667
3vgz47,657b44d72855e7001f7297b5,0.72069085,0.4467775,0.5918157,0.2767157,0.19217539,0.40159,0.79684764,0.027913637,0.001354218,0.009175468,0.011882903,0.014054239,0.008466354,0.008433735,0.24274854,3.0166666666666666
3vgz47,657b44ad2855e7001f725881,0.4950183,0.6161409,0.5659044,0.6569898,0.054694567,0.66260326,0.39472577,0.05205809,0.0025177,0.002663846,0.010970897,0.012482914,0.044925548,0.004629708,0.2031733,2.316666666666667
zwphpx,657b45142855e7001f730396,0.34582332,0.31219605,0.22509329,0.11758787,0.19564457,0.12934102,0.47197273,0.013068704,0.001335144,0.003514797,0.007797878,0.015249812,0.007741391,0.013033954,0.1915568,5.533333333333333
zwphpx,657b44532855e7001f71e3c9,0.12726861,0.36380813,0.084609546,0.16190393,0.049958427,0.1997879,0.22181296,0.045625936,0.001602173,0.017264472,0.014504919,0.018119188,0.007404801,0.006900329,0.13438621,2.316666666666667
zwphpx,657b45388b12dc001fe4ff35,0.15597202,0.72777325,0.100476414,0.214554,0.092915915,0.24812905,0.24002573,0.025674535,0.000991821,0.003977269,0.010438894,0.013883443,0.00780612,0.007667032,0.23677598,6.133333333333334
zwphpx,657b456e2855e7001f73a0a1,0.33703154,0.16102377,0.056353915,0.09097979,0.057116542,0.12649381,0.15963748,0.021667719,0.000786781,0.004957713,0.009184887,0.010467518,0.007793174,0.004157891,0.31242895,7.033333333333333
zwphpx,657b45a52855e7001f73ecd5,0.25190613,0.6790711,0.074962124,0.13798015,0.031070596,0.27275658,0.40191156,0.015079274,0.000686646,0.005993653,0.007455876,0.011577694,0.006757513,0.003980959,0.16151276,7.95
zwphpx,657b440c2855e7001f7180d4,0.780284,0.46404538,0.5628552,0.10080544,0.30893698,0.11816678,0.798334,0.007571052,0.000758171,0.002099628,0.00642987,0.011133623,0.006634528,0.005927206,0.195526,1.1333333333333333
zwphpx,657b447e8b12dc001fe3d5fb,0.28784943,0.6807278,0.13020957,0.13798015,0.06207031,0.29083186,0.15435125,0.102192536,0.002975464,0.052944973,0.016860934,0.013985921,0.011922873,0.004777151,0.17067355,3.033333333333333
zwphpx,657b44b28b12dc001fe415e9,0.22826096,0.2762165,0.09759216,0.12874979,0.12407555,0.12649381,0.292292,0.041172907,0.001602173,0.005845661,0.014352918,0.015010698,0.009903334,0.010733845,0.21982011,3.9
zwphpx,657b43df8b12dc001fe2fd5b,0.17300557,0.18863499,0.64604956,0.11114024,0.3349665,0.10500617,0.20317163,0.017466826,0.001401901,0.003385304,0.008291881,0.017231047,0.007741391,0.014508383,0.19346017,0.38333333333333336
zwphpx,657b44252855e7001f71a442,0.26867455,0.28958938,0.11852835,0.13133545,0.22680563,0.11816678,0.29094967,0.024260364,0.001015663,0.002404861,0.010704896,0.015488927,0.006783404,0.00583874,0.19780692,1.55
zwphpx,657b44198b12dc001fe34912,0.0944899,0.28810173,0.10536304,0.19440953,0.054694567,0.2617657,0.17405254,0.030977672,0.001192093,0.013345404,0.011198899,0.014327513,0.006789878,0.006104137,0.14250354,1.3333333333333333
rby2b8,657b45f32855e7001f7461dc,0.76748496,0.4842389,0.54592574,0.080748536,0.1627653,0.09592405,0.8392564,0.01017851,0.000948906,0.002793338,0.007066373,0.012277958,0.007314181,0.00666442,0.33842105,1.2833333333333334
rby2b8,657b46928b12dc001fe7282a,0.78001976,0.53645176,0.2825658,0.6548718,0.5650456,0.7600675,0.7797733,0.02543884,0.001335144,0.016460562,0.009165886,0.013678487,0.006848133,0.006516977,0.29880276,3.933333333333333
tc24qv,657b44972855e7001f723e95,0.7160114,0.63571984,0.45666993,0.19109875,0.173937,0.36090797,0.3765649,0.3977292,0.023076924,0.014350293,0.05086332,0.075468846,0.52786106,0.007902941,0.27011564,2.35
tc24qv,657b45162855e7001f730707,0.2044906,0.30157706,0.10144578,0.38648623,0.080563076,0.39133596,0.03099382,0.15987846,0.005149841,0.008509507,0.034011267,0.019622196,0.1284288,0.004865617,0.23281585,4.466666666666667
mkpecc,657b46682855e7001f752754,0.59825,0.42747927,0.29063478,0.16190393,0.11581159,0.38656828,0.7562747,0.032863233,0.001325607,0.014953227,0.010324894,0.012858666,0.006537435,0.005691297,0.61510974,8.75
mkpecc,657b46222855e7001f74ad22,0.7286323,0.7896916,0.2825658,0.84402984,0.43434694,0.8230056,0.41438255,0.1996317,0.006523132,0.1294935,0.0777699,0.02795705,0.018192071,0.024652457,0.41447273,7.583333333333333
bycezd,657b44348b12dc001fe36f4f,0.34362122,0.61122936,0.081044875,0.10283129,0.103260614,0.16784096,0.06046427,0.15269235,0.003299713,0.021585498,0.059061307,0.017572641,0.013165667,0.007726009,0.15742156,0.9333333333333333
bycezd,657b44cb8b12dc001fe439cf,0.4532196,0.73049116,0.30893373,0.214554,0.5212451,0.34997848,0.08698324,0.11150667,0.003890991,0.004846719,0.02373764,0.014327513,0.06755528,0.005455388,0.21707182,3.433333333333333
dwum2q,657b46198b12dc001fe6582d,0.59542674,0.53339165,0.3441924,0.7379419,0.3566303,0.81566447,0.50549054,0.028856417,0.001478195,0.006289636,0.010210892,0.011150704,0.011922873,0.004511754,0.35529095,9.45
1c87zz,657b45508b12dc001fe528de,0.86206156,0.6508961,0.65489525,0.37569132,0.27452108,0.58680207,0.83055645,0.00816794,0.000538826,0.002358613,0.006705371,0.010501678,0.006518017,0.004570731,0.2323531,2.15
1c87zz,657b466e2855e7001f7531f1,0.8083518,0.7547769,0.28457916,0.5302898,0.3168669,0.7937321,0.49632025,0.030741978,0.00123024,0.019776696,0.010628895,0.01133858,0.007107049,0.005072037,0.29126465,6.916666666666667
ym9d89,657b46c78b12dc001fe78c10,0.045584004,0.085574605,0.85098267,0.0834797,0.010717618,0.047269247,0.13553135,0.013885498,0.000796318,0.002626848,0.008044879,0.011936366,0.00704232,0.005278457,0.1810434,9.783333333333333
ym9d89,657b45742855e7001f73a8bc,0.3747018,0.4128206,0.65323967,0.6915149,0.37540227,0.62178636,0.24002573,0.049584184,0.001106262,0.031722516,0.018581128,0.012038844,0.006071387,0.004157891,0.23765834,4.116666666666666
ym9d89,657b46ab8b12dc001fe7572a,0.71442235,0.66892904,0.33383814,0.8201516,0.80977744,0.7722675,0.21586141,0.4398409,0.01986976,0.49855098,0.4196762,0.11601777,0.009773877,0.017339287,0.30946994,9.316666666666666
xkbp9z,657b451b2855e7001f730f2b,0.08533011,0.093667574,0.123238094,0.15872851,0.11992822,0.15914497,0.19265923,0.023906821,0.001497269,0.007140587,0.009906891,0.016069634,0.008764107,0.010792822,0.27920648,1.45
xkbp9z,657b45cc2855e7001f7426a4,0.40582877,0.39977503,0.14045076,0.49108768,0.084290154,0.74994546,0.27272516,0.062236045,0.001449585,0.044612918,0.015720926,0.012482914,0.007417747,0.00395147,0.42424172,4.416666666666667
pf32he,657b46502855e7001f74fc0f,0.88314795,0.6894159,0.5773097,0.5743849,0.9102917,0.6845137,0.8398136,0.014011159,0.000796318,0.006659614,0.007854878,0.012551232,0.006608637,0.005750274,0.4168185,6.516666666666667
pf32he,657b45bf8b12dc001fe5cbd8,0.52292305,0.5757007,0.35628623,0.6401408,0.45810094,0.5891789,0.38691962,0.075294,0.001897812,0.055673428,0.018129934,0.012892825,0.006770459,0.004393799,0.2666715,4.1
1q3n28,657b45842855e7001f73c079,0.018748099,0.3431874,0.7775619,0.34099117,0.099318996,0.33505404,0.08990326,0.077668175,0.002880096,0.003329807,0.015492925,0.016821137,0.043309137,0.010321004,0.2887944,2.1166666666666667
1q3n28,657b463d2855e7001f74da61,0.8562733,0.8238113,0.5804315,0.20778568,0.14851531,0.59562206,0.8452295,0.007790958,0.000658035,0.002534353,0.006287369,0.010774951,0.007119995,0.005661808,0.17412975,5.2
1q3n28,657b46e28b12dc001fe7b8f4,0.24952528,0.3940229,0.7638284,0.10487753,0.06207031,0.16784096,0.292292,0.026263772,0.001497269,0.002830336,0.007930879,0.01220964,0.011275585,0.004423288,0.2608096,7.95
vugmhd,657b472c2855e7001f7695ea,0.744314,0.82315207,0.55769503,0.66198915,0.21825084,0.7281775,0.6369793,0.045378547,0.001006126,0.018972786,0.016936934,0.011355659,0.0061879,0.003287977,0.36242443,9.666666666666666
vugmhd,657b45b38b12dc001fe5ba58,0.8396318,0.55488205,0.66424423,0.48931587,0.6976902,0.5559396,0.6495443,0.063027434,0.001354218,0.04693319,0.020901557,0.011526455,0.006440342,0.004423288,0.30981392,3.3833333333333333
vugmhd,657b46422855e7001f74e3de,0.7746103,0.7242353,0.13506666,0.51960254,0.3349665,0.7281775,0.7644271,0.019603057,0.000834465,0.009286462,0.008386881,0.01087743,0.006433869,0.004069425,0.3708309,5.766666666666667
7xczcv,657b48de2855e7001f7acb7c,0.07105747,0.1061449,0.8348131,0.11868066,0.03311699,0.09835357,0.07199883,0.10826672,0.002613068,0.04667538,0.026058068,0.013405213,0.009981008,0.004039936,0.31489906,1.4666666666666666
rydmn2,657b45d98b12dc001fe5f338,0.5726517,0.3106718,0.31918415,0.09002491,0.17168832,0.12838791,0.7007903,0.009738698,0.000867844,0.00242336,0.007569877,0.013371054,0.006608637,0.007254192,0.41982955,2.6
rydmn2,657b474a2855e7001f76d900,0.6512403,0.6693924,0.37545645,0.66249746,0.2441421,0.7993241,0.36486396,0.0438942,0.001831055,0.002996826,0.014808921,0.011458136,0.020436687,0.003568119,0.25036228,8.75
y6b8h7,657b45088b12dc001fe4a268,0.07458106,0.16102377,0.56324613,0.09387397,0.000188695,0.10929321,0.114434265,0.015644746,0.000686646,0.002275368,0.00812088,0.01087743,0.007016428,0.004216868,0.18912569,1.6333333333333333
y6b8h7,657b46708b12dc001fe6eec2,0.047229487,0.14891115,0.21717434,0.09879968,0.06890261,0.08505413,0.08698324,0.04166769,0.001277924,0.003070822,0.015492925,0.018392462,0.00670573,0.011146685,0.18855435,7.633333333333334
y6b8h7,657b46ab2855e7001f759f30,0.060666207,0.097840905,0.8060823,0.115418,0.038742248,0.056892034,0.13386428,0.009801528,0.00056982,0.001942388,0.007085374,0.011150704,0.006200845,0.004747662,0.3304117,8.633333333333333
y6b8h7,657b44dd8b12dc001fe45883,0.14154164,0.36380813,0.10536304,0.124222845,0.041647345,0.19848377,0.12726986,0.11119666,0.003833771,0.018972786,0.032028005,0.03489832,0.010628296,0.016159745,0.11091271,0.9333333333333333
kbgya8,657b45878b12dc001fe57d11,0.8121567,0.76917386,0.49177837,0.43793672,0.23915827,0.6111136,0.8098156,0.009801528,0.000603199,0.003403803,0.006420369,0.010757872,0.006822242,0.004039936,0.37939787,2.8333333333333335
kbgya8,657b46248b12dc001fe66b1c,0.7481847,0.6460649,0.28861445,0.60315514,0.38500372,0.75107646,0.5489836,0.11357342,0.002574921,0.009767435,0.05144889,0.014805742,0.024235269,0.005042548,0.27335307,5.45
kbgya8,657b46f72855e7001f762943,0.62232214,0.79143405,0.48950338,0.4902017,0.046121623,0.5649995,0.48239642,0.032391842,0.001325607,0.003681287,0.013174911,0.011868048,0.010654188,0.003258489,0.16396575,8.966666666666667
xpq479,657b447e8b12dc001fe3d5ba,0.06756433,0.23450792,0.07410899,0.078952126,0.0366042,0.10585547,0.0755991,0.15766735,0.003223419,0.017465452,0.06442356,0.029050145,0.011068452,0.012031343,0.2552188,0.6833333333333333
xpq479,657b44a92855e7001f725393,0.5394599,0.5568085,0.28457916,0.18124555,0.173937,0.47291023,0.3044472,0.050573748,0.00169754,0.027413858,0.012756908,0.012517073,0.007184723,0.004334822,0.23453651,1.4
xpq479,657b45518b12dc001fe529d2,0.5560802,0.37169906,0.39746574,0.12874979,0.2630359,0.122753285,0.51439023,0.014765122,0.001220703,0.002608349,0.00808288,0.013371054,0.006938754,0.008669644,0.2484151,4.2
xpq479,657b45fb8b12dc001fe6275d,0.7695195,0.49022526,0.50621337,0.12989433,0.34577155,0.1690925,0.7740721,0.011183795,0.001072884,0.003681287,0.007132874,0.013336895,0.007301235,0.008433735,0.15701391,7.016666666666667
cmabtr,657b46842855e7001f75582f,0.80936885,0.8238113,0.58901113,0.8079914,0.8971404,0.8327246,0.6148016,0.07608539,0.002317429,0.005327691,0.025929155,0.016411226,0.018364733,0.006634932,0.31571195,5.95
cmabtr,657b47458b12dc001fe887b6,0.51263416,0.47226468,0.17246792,0.3649847,0.099318996,0.49802622,0.1456873,0.036634352,0.001401901,0.002978328,0.013250912,0.012243799,0.012233571,0.004364311,0.22539988,9.166666666666666
8m2bk8,657b45bf8b12dc001fe5cbdf,0.6365297,0.6072296,0.18398336,0.27982917,0.23296322,0.4782259,0.36062703,0.113263406,0.003185272,0.10221587,0.022964163,0.018802373,0.007793174,0.005927206,0.29829177,4.316666666666666
k47av9,657b46dd2855e7001f75f89e,0.50647956,0.39115757,0.16485271,0.27206606,0.20262691,0.3743664,0.3139914,0.25084448,0.009040833,0.25478655,0.06739554,0.019895468,0.063675895,0.007784986,0.30649874,8.033333333333333
k47av9,657b47322855e7001f76a20e,0.53324854,0.71386075,0.2231094,0.44869912,0.040187187,0.5315201,0.37785575,0.079250954,0.001506805,0.03249594,0.025929155,0.01128734,0.007909686,0.00353863,0.2969432,9.45
k47av9,657b45982855e7001f73dc21,0.52911484,0.41136384,0.44917008,0.34266365,0.17732301,0.5424111,0.47160733,0.067380086,0.00161171,0.045901958,0.017227544,0.013815125,0.006731622,0.004688685,0.31912768,2.6166666666666667
2k7xfw,657b45138b12dc001fe4b79b,0.62752825,0.41136384,0.499751,0.12647597,0.20620574,0.17034614,0.7245,0.011120965,0.000858307,0.001840643,0.007246875,0.012141321,0.006582745,0.006487489,0.20250961,0.55
2k7xfw,657b45d02855e7001f742c2d,0.45544812,0.41136384,0.077544875,0.09879968,0.15944919,0.24675097,0.09911501,0.1893425,0.005264282,0.094936445,0.06319981,0.017436003,0.042662576,0.009200439,0.29958737,3.716666666666667
2k7xfw,657b46858b12dc001fe71299,0.081717156,0.14414358,0.18978162,0.39191514,0.07690128,0.48920274,0.096450776,0.061444655,0.002536774,0.015254694,0.01465692,0.014600786,0.018537397,0.006192603,0.337195,6.733333333333333
891m19,657b46072855e7001f74818c,0.30877617,0.36538187,0.54795915,0.31962708,0.113765255,0.402961,0.06575776,0.09525062,0.002355576,0.05612817,0.020063626,0.012551232,0.008712323,0.008020895,0.44611633,4.483333333333333
891m19,657b46598b12dc001fe6c64b,0.3130916,0.072207004,0.103396736,0.12534684,0.34103718,0.14432828,0.1832748,0.04290464,0.001964569,0.03223813,0.012148905,0.021535112,0.007767282,0.012680092,0.23816314,5.85
891m19,657b45ab2855e7001f73f47d,0.6076757,0.6065028,0.25069022,0.6310121,0.48433778,0.67813885,0.519324,0.1587729,0.003223419,0.10221587,0.04910661,0.022423252,0.006886971,0.005750274,0.35972393,2.933333333333333
891m19,657b47078b12dc001fe7ff68,0.34142166,0.21518372,0.1762937,0.25168148,0.2529197,0.28663585,0.18141639,0.11419344,0.002918243,0.10221587,0.025800243,0.023379711,0.00789674,0.010262027,0.22791559,8.733333333333333
drtz91,657b458f2855e7001f73d02b,0.71221495,0.4760145,0.46984196,0.18124555,0.06291008,0.34305015,0.8055961,0.102626406,0.002918243,0.052035484,0.021546122,0.015659723,0.00737891,0.006104137,0.2322944,1.3833333333333333
drtz91,657b47022855e7001f763efa,0.67859256,0.80459875,0.12165971,0.64115596,0.24914877,0.7711665,0.6996477,0.055768944,0.00161171,0.041261412,0.015948927,0.011663092,0.007249452,0.003346955,0.4031927,7.566666666666666
rmh817,657b46938b12dc001fe729ae,0.06410012,0.16594493,0.11543151,0.26131186,0.066309564,0.42293048,0.20704561,0.091913216,0.002088547,0.073429056,0.019354604,0.015932998,0.0065698,0.006281069,0.27351668,4.15
kb34w6,657b464f8b12dc001fe6b4ad,0.43878457,0.37169906,0.33900893,0.12534684,0.2554408,0.12838791,0.37785575,0.021196328,0.00169754,0.003681287,0.009298887,0.01982715,0.0084793,0.01769315,0.1818356,1.2333333333333334
kb34w6,657b469f8b12dc001fe73fea,0.7314544,0.8328195,0.27653974,0.3493781,0.25923225,0.5769376,0.64201564,0.041915078,0.002250671,0.021585498,0.013288911,0.02030538,0.009825659,0.017221333,0.4586686,2.566666666666667
8w39nb,657b46078b12dc001fe63af1,0.22826096,0.24012628,0.084609546,0.3649847,0.03174881,0.6197904,0.2248115,0.059727192,0.001544952,0.033784978,0.01767874,0.011680172,0.006731622,0.00343542,0.2771197,1.8833333333333333
8w39nb,657b46be2855e7001f75c332,0.38804337,0.29406664,0.12658814,0.18780111,0.04238304,0.27413666,0.38627097,0.039226998,0.002136231,0.007695554,0.011198899,0.013507691,0.010472948,0.007726009,0.16789375,4.933333333333334
8w39nb,657b46572855e7001f7507fb,0.27588674,0.3384778,0.28457916,0.35106236,0.033806894,0.54772246,0.1722254,0.1798404,0.003604889,0.1808059,0.047349896,0.013712646,0.007819066,0.003568119,0.3515571,3.216666666666667
8w39nb,657b472c8b12dc001fe84d7a,0.24714777,0.7792133,0.132634,0.2550139,0.094877556,0.49153295,0.19836703,0.4838166,0.08069076,0.46028158,0.36537176,0.2847897,0.49142194,0.4138546,0.43921858,6.766666666666667
4tk8m1,657b46fe8b12dc001fe7ed64,0.711419,0.2985656,0.26654595,0.07454585,0.28481755,0.10842784,0.7300615,0.024731753,0.002040863,0.004846719,0.010248893,0.020851927,0.008686432,0.021349736,0.49022144,2.65
4tk8m1,657b46d58b12dc001fe7a404,0.4766716,0.35903805,0.09951106,0.0834797,0.045366183,0.16161843,0.36203802,0.048842013,0.002880096,0.003348306,0.009013886,0.012858666,0.030278467,0.006104137,0.21438558,1.9833333333333334
yfdgyx,657b45cb2855e7001f7423ca,0.2020805,0.19644909,0.058662415,0.3596629,0.2453918,0.5235772,0.54338986,0.12086493,0.003604889,0.11163961,0.030485468,0.014942379,0.006938754,0.006281069,0.36124796,2.2
ynzube,657b47b88b12dc001fe9834d,0.06756433,0.09678974,0.521707,0.04838856,0.15068793,0.0483515,0.08156059,0.026499467,0.001344681,0.003237312,0.009982891,0.017982552,0.007391856,0.009554301,0.2185409,8.783333333333333
ynzube,657b46722855e7001f7539dd,0.3747018,0.25436312,0.11543151,0.17474432,0.42658535,0.3191916,0.0678044,0.36095104,0.01573815,0.39677486,0.1669316,0.03615085,0.13515437,0.009200439,0.35537565,3.3666666666666667
ynzube,657b47088b12dc001fe801d9,0.60861945,0.77023435,0.13506666,0.3163838,0.3322735,0.47789353,0.5421062,0.07212844,0.002212524,0.055218685,0.017356457,0.02385794,0.008052089,0.011913388,0.35093424,5.866666666666666
qz24k3,657b46798b12dc001fe6fe45,0.7939295,0.509807,0.56402767,0.08532512,0.23667608,0.13908774,0.81119925,0.009424546,0.000729561,0.002044132,0.007303875,0.01084327,0.006310884,0.005455388,0.33977255,4.066666666666666
qz24k3,657b46c32855e7001f75cb7a,0.73427534,0.48947597,0.45291796,0.12199044,0.161658,0.22901386,0.6846896,0.021785567,0.00087738,0.00569767,0.009564889,0.01087743,0.007184723,0.00521948,0.17248376,5.283333333333333
qz24k3,657b45fa8b12dc001fe626c2,0.38138592,0.53109944,0.31302714,0.08907493,0.103260614,0.12461543,0.10665018,0.044141594,0.001859665,0.002552852,0.011198899,0.011099464,0.023199292,0.00343542,0.17809102,1.95
wqxagg,657b471c2855e7001f767219,0.02953679,0.27917442,0.29265818,0.648943,0.033806894,0.695175,0.08777359,0.00719407,0.000431538,0.001581658,0.006714871,0.009835573,0.005873965,0.003523886,0.20315614,3.1
wqxagg,657b482a2855e7001f78ecbc,0.23531619,0.3045994,0.0910024,0.20107053,0.31157106,0.34656844,0.22181296,0.017718147,0.000510216,0.003422302,0.009602889,0.010757872,0.006000186,0.003509142,0.15379564,7.6
wqxagg,657b47828b12dc001fe90c25,0.27827218,0.52347285,0.79763114,0.4681843,0.49656186,0.3736908,0.14057605,0.03192045,0.00082016,0.002811837,0.014580919,0.012073003,0.006848133,0.004128402,0.27821258,4.8
wqxagg,657b47e82855e7001f783ee3,0.0835197,0.16347843,0.08732515,0.113268904,0.02707787,0.21960624,0.17405254,0.043646812,0.002355576,0.00847251,0.01465692,0.02126184,0.009437286,0.012326228,0.23698108,6.5
wqxagg,657b48998b12dc001febc7e7,0.6199576,0.42747927,0.28659645,0.30511224,0.6266736,0.36023822,0.084635615,0.23667802,0.003566742,0.22859548,0.09563028,0.017709278,0.006886971,0.005278457,0.2579379,9.433333333333334
wq2v4y,657b47278b12dc001fe84225,0.41237864,0.30915013,0.38335308,0.17474432,0.20262691,0.15668073,0.39864236,0.007979449,0.000801086,0.002497356,0.006648371,0.011782649,0.006699257,0.006605443,0.14184049,5.8
wq2v4y,657b46098b12dc001fe63db9,0.41237864,0.30915013,0.38335308,0.17474432,0.20262691,0.15668073,0.39864236,0.007979449,0.000801086,0.002497356,0.006648371,0.011782649,0.006699257,0.006605443,0.14184046,1.0333333333333334
wq2v4y,657b47c78b12dc001fe9a6cf,0.75802046,0.4610424,0.47625726,0.113268904,0.31753412,0.116359964,0.7801757,0.01005285,0.000953674,0.003181816,0.007047373,0.013234417,0.007107049,0.009318393,0.16606505,8.483333333333333
wq2v4y,657b47ba8b12dc001fe987e1,0.75907433,0.42600605,0.5234694,0.10283129,0.22312969,0.11907599,0.798334,0.008670582,0.000801086,0.002340114,0.006733872,0.011406898,0.00670573,0.006487489,0.1993459,8.25
wq2v4y,657b46882855e7001f755ea5,0.68504226,0.34791833,0.48382074,0.12088228,0.24289377,0.11816678,0.7777517,0.009990019,0.000977516,0.002978328,0.007047373,0.012995303,0.006990537,0.008787598,0.15639754,3.1666666666666665
wq2v4y,657b46778b12dc001fe6fad8,0.41237864,0.30915013,0.38335308,0.17474432,0.20262691,0.15668073,0.39864236,0.007979449,0.000801086,0.002497356,0.006648371,0.011782649,0.006699257,0.006605443,0.14184046,2.8833333333333333
wq2v4y,657b46682855e7001f752786,0.037467137,0.22616051,0.5698889,0.16829737,0.010717618,0.13514197,0.053565264,0.5716857,0.16960317,0.021585498,0.06826523,0.15107171,0.6615786,0.010674868,0.26013628,2.6333333333333333
wq2v4y,657b46be2855e7001f75c30e,0.49068943,0.2630332,0.09951106,0.18124555,0.6472918,0.31061715,0.12726986,0.10175867,0.002183914,0.011025362,0.034011267,0.016342908,0.009256045,0.011087708,0.419488,4.066666666666666
wq2v4y,657b46cc2855e7001f75dc47,0.15839244,0.2457886,0.11956828,0.18124555,0.13246238,0.12182798,0.17040536,0.4269174,0.02425631,0.020279141,0.05964688,0.17055123,0.52547425,0.023354959,0.21461116,4.283333333333333
wq2v4y,657b470d2855e7001f7653a1,0.104675725,0.38829944,0.33900893,0.088129774,0.033806894,0.052812282,0.07414775,0.2043827,0.009498596,0.008213525,0.02982438,0.025907494,0.13815513,0.009495324,0.33613917,5.383333333333334
wq2v4y,657b475d2855e7001f76feb0,0.1320083,0.10410205,0.30893373,0.08625509,0.01529889,0.09117182,0.044286106,0.21642438,0.007743835,0.011987305,0.06023245,0.02303812,0.13815513,0.01209032,0.24869741,6.7
wq2v4y,657b47652855e7001f771225,0.14633444,0.12096021,0.11237009,0.09290418,0.07690128,0.05990946,0.13055216,0.13214645,0.004005432,0.006585619,0.03710241,0.07999486,0.007353018,0.022883141,0.32649237,6.85
wq2v4y,657b47ab2855e7001f77b077,0.41019276,0.53568614,0.14230952,0.099799976,0.06890261,0.12743886,0.625602,0.123468354,0.005531311,0.006548621,0.016936934,0.020646973,0.08396416,0.00937737,0.22535782,8.016666666666667
wq2v4y,657b480b8b12dc001fea4e00,0.24952528,0.2457886,0.3232997,0.3035124,0.023852486,0.24675097,0.10819229,0.10522962,0.003757477,0.005364689,0.013174911,0.014771583,0.075531214,0.005042548,0.2533206,9.6
a86x27,657b46c48b12dc001fe785f9,0.730749,0.55180144,0.36933511,0.11114024,0.10969645,0.25493836,0.7876966,0.011058134,0.000858307,0.002830336,0.006600871,0.011167783,0.007482476,0.006428511,0.20773014,3.2333333333333334
a86x27,657b47bc2855e7001f77d795,0.7928877,0.7896916,0.44542688,0.6438643,0.7373097,0.6593476,0.66014105,0.0926474,0.001735687,0.06294931,0.020450363,0.012517073,0.007016428,0.004511754,0.34488565,7.366666666666666
a86x27,657b463d8b12dc001fe69419,0.31093162,0.24295193,0.24086781,0.08439999,0.17845505,0.11726139,0.35499507,0.022256956,0.001850128,0.003644289,0.009336887,0.017367685,0.007689608,0.01792906,0.4187226,0.9666666666666667
a86x27,657b47018b12dc001fe7f37e,0.62752825,0.41136384,0.499751,0.12647597,0.20620574,0.17034614,0.7245,0.011120965,0.000858307,0.001840643,0.007246875,0.012141321,0.006582745,0.006487489,0.20250955,4.233333333333333
pdggax,657b45e08b12dc001fe5fd12,0.780284,0.46404538,0.5628552,0.10080544,0.30893698,0.11816678,0.798334,0.007571052,0.000758171,0.002099628,0.00642987,0.011133623,0.006634528,0.005927206,0.195526,1.8333333333333333
pdggax,657b45bf8b12dc001fe5cc33,0.34362122,0.17591934,0.06990473,0.3649847,0.12407555,0.54772246,0.51145387,0.02402467,0.001373291,0.013445892,0.008690883,0.013746806,0.007003482,0.007608055,0.3415307,1.3
acx677,657b46cd8b12dc001fe796f5,0.80143857,0.63152856,0.4027509,0.09193956,0.22068773,0.27275658,0.8299537,0.014953613,0.000872612,0.005660672,0.007702877,0.010996987,0.007158832,0.004541242,0.2443003,3.0166666666666666
acx677,657b47758b12dc001fe8edfe,0.7360379,0.604141,0.08823851,0.41015846,0.2630359,0.7106314,0.56730986,0.14950264,0.002746582,0.10221587,0.030375287,0.012585391,0.008259222,0.004187379,0.3673301,5.816666666666666
hxv4qm,657b48112855e7001f78ab68,0.7259867,0.6155951,0.45666993,0.14615701,0.10767364,0.4125808,0.78495383,0.021314176,0.001506805,0.008028535,0.009678889,0.018597418,0.009281937,0.013623727,0.2986745,6.716666666666667
hxv4qm,657b47128b12dc001fe815c7,0.52395415,0.41866332,0.14790365,0.2248042,0.37642977,0.41464776,0.38367695,0.040183347,0.001449585,0.028418748,0.0115029,0.013029462,0.007365964,0.005868228,0.33469355,2.4833333333333334
hxv4qm,657b488e8b12dc001feba924,0.85582304,0.70646435,0.5215468,0.52672225,0.25040436,0.8056888,0.8048825,0.03875561,0.00123024,0.013144426,0.013250912,0.014395831,0.007353018,0.009436348,0.24138911,8.8
72hag9,657b47032855e7001f764056,0.64245784,0.3854497,0.4841993,0.13464333,0.17732301,0.14432828,0.748714,0.007288316,0.000858307,0.001868392,0.006610371,0.011902207,0.006446815,0.007667032,0.15040304,2.933333333333333
72hag9,657b469f8b12dc001fe7405f,0.060666207,0.34633917,0.077544875,0.12874979,0.020101214,0.19718185,0.10206828,0.040430736,0.001993179,0.002229121,0.008500882,0.011936366,0.019228047,0.003804027,0.19417268,1.2666666666666666
721pye,657b48348b12dc001feabdc3,0.8113977,0.7940937,0.47399184,0.28608742,0.21825084,0.37571815,0.758421,0.043399423,0.001945496,0.008028535,0.011882903,0.014839902,0.010964886,0.007784986,0.16836901,9.366666666666667
721pye,657b46818b12dc001fe70b37,0.3590947,0.45727557,0.0658001,0.15241629,0.049958427,0.38520834,0.24208108,0.056263726,0.0025177,0.004735726,0.0114649,0.015318131,0.030969119,0.006133626,0.21444292,2.1
721pye,657b47d62855e7001f7814da,0.18529944,0.2688658,0.51386166,0.18780111,0.06977485,0.19848377,0.28960893,0.014513801,0.000796318,0.002478856,0.007892879,0.012687869,0.00704232,0.006900329,0.23452349,7.8
3hghqp,657b46472855e7001f74ec98,0.6512403,0.43190852,0.23106146,0.15241629,0.241647,0.39338306,0.72895193,0.04785245,0.002288818,0.025002124,0.011198899,0.015523086,0.007417747,0.008079873,0.36075065,1.8833333333333333
3hghqp,657b467a8b12dc001fe6ffaa,0.5996623,0.3510838,0.467957,0.113268904,0.17056693,0.12555276,0.717782,0.024613906,0.001630783,0.003126319,0.010286893,0.016172111,0.007844958,0.010026119,0.20611309,2.7333333333333334
3hghqp,657b46088b12dc001fe63c16,0.51366115,0.07037827,0.21126576,0.07806128,0.13457838,0.12649381,0.15260378,0.2396185,0.008811951,0.028628819,0.076502606,0.052183274,0.1329628,0.014862247,0.3682228,0.8333333333333334
3hghqp,657b46b88b12dc001fe76f37,0.32828447,0.3510838,0.09951106,0.06445757,0.073305435,0.106708884,0.21783899,0.016587202,0.000891686,0.002275368,0.008842885,0.012961143,0.007119995,0.007047772,0.18781471,3.7666666666666666
3hghqp,657b46f98b12dc001fe7e425,0.36576703,0.18097372,0.13142079,0.10694439,0.09685559,0.14995342,0.28826994,0.041172907,0.001840591,0.005623675,0.015720926,0.018734055,0.009618527,0.011677479,0.3399427,4.85
3hghqp,657b479d8b12dc001fe94562,0.706207,0.49322554,0.6290733,0.18780111,0.14311765,0.22631595,0.47599375,0.058490243,0.002069473,0.009175468,0.025929155,0.030890211,0.00737891,0.011736456,0.33316427,7.566666666666666
3hghqp,657b47b78b12dc001fe981d5,0.5592057,0.30915013,0.12165971,0.03233362,0.1303544,0.10331885,0.1456873,0.24763705,0.004348755,0.014450782,0.16266862,0.07611542,0.008686432,0.012444182,0.36136916,8.016666666666667
3hghqp,657b47c28b12dc001fe99a4e,0.27827218,0.22893222,0.19366163,0.15556577,0.2074021,0.13710694,0.23389664,0.033806015,0.002317429,0.003940272,0.011692902,0.019212283,0.01187109,0.016277699,0.33167526,8.2
2wqq1v,657b466e2855e7001f753236,0.63321245,0.574252,0.52869344,0.29238594,0.014714233,0.45302674,0.6077882,0.05799546,0.001993179,0.006252638,0.01819439,0.016001316,0.013321015,0.009908165,0.238581,2.35
2wqq1v,657b461c8b12dc001fe65d37,0.08533011,0.23450792,0.068251,0.11220199,0.048411634,0.21960624,0.27761862,0.02308189,0.000963211,0.002904332,0.010020891,0.012926984,0.008414571,0.007726009,0.29214078,0.9833333333333333
rhe4nv,657b48332855e7001f7905c7,0.21174517,0.086567976,0.08823851,0.20442122,0.21825084,0.3458873,0.30038044,0.017969469,0.001044273,0.005808664,0.008918885,0.012995303,0.006673365,0.005396411,0.17133057,2.7
rhe4nv,657b48ca8b12dc001fec492b,0.38138592,0.30006987,0.5249122,0.14134736,0.19448619,0.11191306,0.38432494,0.009173225,0.000748634,0.001840643,0.006695871,0.011423977,0.006563326,0.005455388,0.16299672,5.2
rhe4nv,657b48ac8b12dc001febfd73,0.752052,0.63726854,0.0966388,0.38648623,0.40808558,0.6337284,0.6962129,0.058490243,0.001392365,0.047706615,0.015568925,0.012346277,0.006349722,0.003774539,0.40101624,4.716666666666667
rhe4nv,657b49252855e7001f7b88d7,0.21890815,0.18351692,0.109343514,0.17474432,0.17732301,0.16161843,0.2640687,0.00823077,0.000753403,0.001803646,0.00654387,0.011150704,0.00661511,0.006959306,0.19825876,6.716666666666667
rhe4nv,657b49968b12dc001fee794b,0.17545563,0.19381917,0.13142079,0.12874979,0.18072422,0.13710694,0.15786818,0.017089844,0.000767708,0.004458242,0.009013886,0.012517073,0.00661511,0.006133626,0.22124313,8.616666666666667
x2rq4k,657b48ae8b12dc001fec03a1,0.46550262,0.49623036,0.2705359,0.39736483,0.37334827,0.44407293,0.116013184,0.3057765,0.014769804,0.18235919,0.06858205,0.044417568,0.34804323,0.010556913,0.29938754,8.083333333333334
nzhka6,657b47678b12dc001fe8ccd6,0.11183177,0.5789522,0.09568947,0.44512463,0.11581159,0.617125,0.22883303,0.021432023,0.000786781,0.008842488,0.009412888,0.010211324,0.00679635,0.00364184,0.34132853,6.283333333333333
nzhka6,657b46a08b12dc001fe740f0,0.052212548,0.53721726,0.11034848,0.45587033,0.082418695,0.62378067,0.16859275,0.11140333,0.003070831,0.073429056,0.024124376,0.013166099,0.01238892,0.007283681,0.37769634,2.966666666666667
nzhka6,657b47252855e7001f768624,0.7601266,0.63289493,0.42308924,0.5600756,0.13457838,0.8221006,0.7222661,0.011686437,0.00067234,0.00621564,0.006790872,0.009869732,0.006395032,0.004305333,0.21385571,5.183333333333334
nzhka6,657b47b08b12dc001fe9706e,0.36576703,0.5303358,0.13142079,0.68631834,0.22435349,0.81190914,0.40584186,0.013571346,0.000734329,0.008324518,0.007417875,0.010074687,0.006291465,0.004187379,0.3391881,7.5
bfpuq9,657b46722855e7001f7539cb,0.780284,0.46404538,0.5628552,0.10080544,0.30893698,0.11816678,0.798334,0.007571052,0.000758171,0.002099628,0.00642987,0.011133623,0.006634528,0.005927206,0.195526,1.7166666666666666
bfpuq9,657b475c2855e7001f76fd45,0.82709587,0.8356236,0.43945,0.680682,0.4611452,0.81659454,0.6526716,0.027442247,0.000929832,0.014752249,0.00971689,0.011799729,0.006395032,0.004924594,0.27821866,5.616666666666666
3yf2vr,657b477b8b12dc001fe8faae,0.17055981,0.35744265,0.87194175,0.115418,0.09801555,0.08580524,0.1649894,0.16245349,0.003108978,0.10221587,0.031807642,0.019485557,0.010032792,0.006516977,0.25276792,4.783333333333333
3yf2vr,657b47f98b12dc001fea202d,0.058960643,0.15372267,0.84864664,0.10487753,0.041647345,0.063014865,0.120793216,0.01608456,0.000715256,0.00242336,0.008880884,0.012073003,0.006420923,0.004836128,0.13240422,6.883333333333334
3yf2vr,657b48452855e7001f79369e,0.0944899,0.13707347,0.8373276,0.11434096,0.07419816,0.08282434,0.20996813,0.015267765,0.000896454,0.002885833,0.008386881,0.013371054,0.007353018,0.008020895,0.16393666,8.15
3yf2vr,657b46c38b12dc001fe78523,0.8146788,0.49322554,0.5043121,0.301915,0.30893698,0.58000183,0.8352769,0.16098402,0.002918243,0.13163337,0.03768798,0.014156717,0.006142589,0.005396411,0.30721632,1.7333333333333334
3yf2vr,657b48aa2855e7001f7a453d,0.22124074,0.17340991,0.8060823,0.09387397,0.07964143,0.07704599,0.20510538,0.04735767,0.00125885,0.027614836,0.013668913,0.012277958,0.006259101,0.003494397,0.18058741,9.85
3yf2vr,657b467c2855e7001f754a19,0.22591716,0.10004715,0.7648182,0.11868066,0.29779902,0.14619578,0.30038044,0.017466826,0.001363754,0.003144818,0.008367881,0.015181494,0.007495422,0.013505772,0.33668366,0.55
3yf2vr,657b474d2855e7001f76dfa2,0.5977794,0.30308694,0.26654595,0.36320755,0.73261094,0.44840088,0.52152747,0.03062413,0.001602173,0.016159095,0.010248893,0.017367685,0.006886971,0.012326228,0.44979966,4.016666666666667
dt2c4n,657b468c2855e7001f756586,0.32828447,0.5395155,0.20145756,0.4796011,0.07509518,0.66974515,0.34797287,0.035691574,0.001487732,0.003255812,0.012376905,0.012517073,0.011689849,0.004423288,0.149529,1.3
dt2c4n,657b47142855e7001f7660f3,0.370229,0.7103019,0.4499192,0.51515037,0.12616077,0.5769376,0.10358816,0.25462922,0.009651184,0.012139536,0.0820023,0.02522431,0.2836219,0.00687084,0.1893709,3.55
ncw4dr,657b479b2855e7001f778b92,0.17055981,0.22339956,0.8563105,0.4010091,0.040187187,0.2992725,0.280271,0.15822013,0.00705719,0.006585619,0.013972916,0.018255826,0.25272974,0.005543854,0.22521044,3.9166666666666665
ncw4dr,657b48e18b12dc001fec85aa,0.7905382,0.4245341,0.50621337,0.09193956,0.33025634,0.13029796,0.79040647,0.01005285,0.000839233,0.002330865,0.006923873,0.011902207,0.006886971,0.00666442,0.22614281,9.35
4f4ypu,657b47912855e7001f7775e2,0.34142166,0.16102377,0.21717434,0.12310397,0.40290755,0.15914497,0.25454623,0.018974753,0.001516342,0.007177584,0.008538882,0.017367685,0.008440462,0.01792906,0.22783467,2.316666666666667
4f4ypu,657b47538b12dc001fe8a389,0.34142166,0.16102377,0.21717434,0.12310397,0.40290755,0.15914497,0.25454623,0.018974753,0.001516342,0.007177584,0.008538882,0.017367685,0.008440462,0.01792906,0.2278348,1.2833333333333334
4f4ypu,657b47e58b12dc001fe9ec08,0.20690423,0.2044055,0.06743011,0.14304936,0.07153199,0.090393595,0.08619678,0.2359567,0.006523132,0.053854458,0.15911613,0.13608865,0.008712323,0.01792906,0.147365,3.716666666666667
4f4ypu,657b49302855e7001f7ba91a,0.37246382,0.3322319,0.046044447,0.10798564,0.31753412,0.1331928,0.097779684,0.15435068,0.002803803,0.009693438,0.0670459,0.014634945,0.023544617,0.004511754,0.32979104,9.25
g7uxn7,657b47378b12dc001fe86745,0.56956154,0.5760619,0.10834246,0.39010334,0.15286757,0.58578295,0.25875083,0.19939905,0.005264282,0.1444726,0.0777699,0.015898837,0.011042561,0.005986183,0.40527958,4.016666666666667
g7uxn7,657b48842855e7001f79db18,0.370229,0.64634985,0.61008996,0.30992806,0.07509518,0.2700028,0.1907705,0.25462922,0.007133484,0.18235919,0.16773392,0.028640235,0.008789998,0.0108518,0.41391584,9.566666666666666
29rgv6,657b479c2855e7001f778f58,0.27588674,0.4805095,0.09759216,0.36854327,0.14527039,0.26450998,0.051758666,0.11036996,0.0041008,0.006770608,0.017614283,0.023174755,0.06690872,0.011264639,0.19019797,4.033333333333333
9q1ty2,657b46a12855e7001f7589e4,0.09820561,0.2821423,0.87460464,0.10590835,0.051521268,0.07775501,0.12401656,0.040430736,0.001101494,0.019173764,0.012186904,0.010689554,0.006310884,0.003523886,0.20627233,1.8
9q1ty2,657b47542855e7001f76ee44,0.15839244,0.5624387,0.59212714,0.23517443,0.054694567,0.18684532,0.044286106,0.32764325,0.01683561,0.37507164,0.08434689,0.05268429,0.06658544,0.018047014,0.3612711,4.783333333333333
9q1ty2,657b48332855e7001f7905f4,0.2638654,0.6979509,0.4544182,0.34099117,0.04238304,0.37978005,0.13220452,0.091913216,0.002031326,0.018269362,0.027218282,0.0166845,0.010162249,0.006575955,0.34908754,8.5
9q1ty2,657b46648b12dc001fe6d8eb,0.08897218,0.10819801,0.3510931,0.11977882,0.029724833,0.13416551,0.05854002,0.024849601,0.000915527,0.002608349,0.011540901,0.015249812,0.006343249,0.008728622,0.21113329,0.7666666666666667
9q1ty2,657b470a2855e7001f764e2a,0.25906992,0.30006987,0.8126592,0.3561303,0.02707787,0.36560544,0.13553135,0.33338684,0.018449519,0.2774022,0.1378885,0.035900343,0.2836219,0.006546466,0.3604047,3.55
9q1ty2,657b479a2855e7001f77895d,0.22357696,0.0916127,0.34763828,0.12647597,0.10969645,0.16161843,0.070585586,0.07054565,0.0025177,0.005956655,0.017420914,0.013678487,0.025098583,0.005573343,0.31560558,5.95
fgmppq,657b48288b12dc001fea9aee,0.2020805,0.3780503,0.31507698,0.4752015,0.048411634,0.69638366,0.17772123,0.020607091,0.001068115,0.001452166,0.007759878,0.010330882,0.010990778,0.003229,0.20489942,8.15
fgmppq,657b48978b12dc001febc365,0.73180705,0.45276767,0.54829156,0.2282475,0.058751587,0.42638904,0.7410825,0.029092113,0.001344681,0.003181816,0.009982891,0.01127026,0.012026439,0.003892493,0.2680937,10
fgmppq,657b47248b12dc001fe83cca,0.3195837,0.40700457,0.12900025,0.32941553,0.051521268,0.47905686,0.15260378,0.113263406,0.002994537,0.005623675,0.033790905,0.018529098,0.047835086,0.005927206,0.20196915,3.816666666666667
fgmppq,657b478f8b12dc001fe92727,0.05388788,0.69822586,0.6526875,0.36854327,0.007422925,0.26862782,0.032902054,0.42985553,0.023076924,0.50917345,0.24928534,0.14754629,0.34804323,0.03609403,0.27318722,5.6
fgmppq,657b47b52855e7001f77c85b,0.08897218,0.07129011,0.05333095,0.060451824,0.07690128,0.06882956,0.05790559,0.30136615,0.010452271,0.039456755,0.24928534,0.1067334,0.007767282,0.023708822,0.42690036,6.233333333333333
fgmppq,657b46dd8b12dc001fe7b141,0.33922493,0.3854497,0.18013267,0.6719185,0.07690128,0.7454068,0.23288092,0.067380086,0.002393723,0.020882076,0.017743196,0.01261955,0.029933142,0.005072037,0.2667254,2.6333333333333333
fgmppq,657b484a8b12dc001feaf4c9,0.681816,0.3925892,0.51135015,0.2659053,0.10194144,0.47905686,0.6950658,0.032627538,0.001764298,0.004254754,0.008823884,0.011816809,0.016292779,0.005573343,0.19565721,8.716666666666667
ku1dz4,657b48548b12dc001feb0edc,0.69350386,0.40845597,0.57449806,0.11977882,0.19796546,0.14619578,0.80272555,0.006628598,0.000658035,0.001600157,0.006401369,0.010262563,0.006336776,0.004718174,0.19847973,5.333333333333333
ku1dz4,657b47c28b12dc001fe9994f,0.104675725,0.2674034,0.08192977,0.1329856,0.051521268,0.30351397,0.23593342,0.026145924,0.001373291,0.002626848,0.008880884,0.011048226,0.01052473,0.004128402,0.18559182,2.9
3ux8fe,657b497d2855e7001f7c8448,0.081717156,0.2601326,0.45591927,0.07281757,0.06291008,0.08656024,0.07342768,0.01225191,0.000629425,0.002386362,0.007151874,0.010006369,0.006692784,0.003391187,0.21601371,6.1
3ux8fe,657b492a8b12dc001fed487d,0.081717156,0.13707347,0.123238094,0.10903197,0.091941215,0.19070588,0.24414308,0.017718147,0.001206398,0.003015325,0.008937885,0.015113175,0.007741391,0.012916001,0.1718625,4.716666666666667
3ux8fe,657b48f18b12dc001fecaeaa,0.31741676,0.28810173,0.15164815,0.36854327,0.08712909,0.4098279,0.12890771,0.05378982,0.001735687,0.003995769,0.016024929,0.012312118,0.014911477,0.004275845,0.27934933,3.7666666666666666
k3etuz,657b4a498b12dc001ff05d8d,0.80528885,0.5664949,0.4141544,0.10487753,0.14960077,0.2992725,0.7497984,0.026499467,0.00125885,0.009138471,0.008481883,0.010638315,0.008738215,0.004600219,0.23506646,9.6
k3etuz,657b49668b12dc001fedf0a6,0.74396193,0.57931376,0.5445181,0.58076596,0.6331535,0.5861227,0.25559548,0.14950264,0.003700256,0.10221587,0.033901088,0.014122557,0.010317599,0.004688685,0.43816182,5.833333333333333
uybcaf,657b47ea8b12dc001fe9f89d,0.75521314,0.5075377,0.50545293,0.09097979,0.16721234,0.13710694,0.8118866,0.00804228,0.000739098,0.002173624,0.00654387,0.01128734,0.006653947,0.006693909,0.22064626,5.9
uybcaf,657b46fe2855e7001f7635f7,0.08897218,0.2601326,0.11135728,0.38287976,0.16721234,0.46627375,0.10974196,0.25462922,0.014963473,0.006437627,0.020063626,0.021398475,0.34827536,0.0074901,0.37228638,1.9833333333333334
r8bkpr,657b46f82855e7001f762b4e,0.09634415,0.11651174,0.109343514,0.12310397,0.092915915,0.24125785,0.084635615,0.25462922,0.008163452,0.01666154,0.123407245,0.09551262,0.010705971,0.02394473,0.2394735,1.8166666666666667
r8bkpr,657b474f8b12dc001fe89b2b,0.024868794,0.040773112,0.05110485,0.03358276,0.014714233,0.04944667,0.042100973,0.2786282,0.009918213,0.008694496,0.07428485,0.029050145,0.26849106,0.015569973,0.20536077,3.25
r8bkpr,657b489f8b12dc001febd9c6,0.31741676,0.24012628,0.03387914,0.05277999,0.13246238,0.07016175,0.07271138,0.21508642,0.008850098,0.049761772,0.029493837,0.057944927,0.13815513,0.02477041,0.25556898,8.866666666666667
r8bkpr,657b47e52855e7001f7838b4,0.34142166,0.4512681,0.26853967,0.20107053,0.15396011,0.37234062,0.032902054,0.37751234,0.007133484,0.07425626,0.40243408,0.029596692,0.0100069,0.012739069,0.3220803,5.766666666666667
af9wkz,657b46e12855e7001f760077,0.33703154,0.30915013,0.11852835,0.10798564,0.32287985,0.11816678,0.17956558,0.112333365,0.003585815,0.006326634,0.018838953,0.04291453,0.020782012,0.02146769,0.38227415,2.25
af9wkz,657b470a8b12dc001fe805d6,0.19967446,0.25149468,0.13873237,0.18451619,0.19796546,0.13809541,0.22984244,0.031331215,0.001859665,0.004291751,0.015188923,0.022423252,0.007611934,0.014213498,0.17342147,2.933333333333333
af9wkz,657b47772855e7001f773b10,0.27588674,0.27917442,0.21323243,0.26131186,0.21825084,0.17160219,0.2683853,0.03357032,0.002193451,0.00449524,0.016556932,0.024677763,0.007482476,0.015098156,0.17342147,4.75
af9wkz,657b47d28b12dc001fe9c02e,0.20690423,0.2747411,0.13384935,0.13798015,0.18987136,0.14432828,0.2640687,0.15656179,0.006980896,0.008953481,0.058475737,0.13168186,0.009566744,0.045393124,0.29278177,6.266666666666667
2ek6mf,657b48ac2855e7001f7a49b3,0.70276076,0.49247497,0.46984196,0.113268904,0.2541795,0.1331928,0.7530431,0.01017851,0.001058579,0.003422302,0.007028373,0.013268576,0.007327127,0.009849187,0.16322061,6.95
2ek6mf,657b486f8b12dc001feb5670,0.41237864,0.7918151,0.3171293,0.8085143,0.08904153,0.8292408,0.31947964,0.02249265,0.001039505,0.003126319,0.009260887,0.010655395,0.010369381,0.003921982,0.1281921,5.933333333333334
2ek6mf,657b49192855e7001f7b69b7,0.786608,0.6010543,0.53885156,0.09193956,0.27324003,0.13710694,0.8243953,0.009738698,0.000863075,0.003440801,0.006876372,0.01309778,0.007210615,0.007549078,0.36845672,8.766666666666667
ed28gc,657b47988b12dc001fe93ba4,0.020267207,0.095743746,0.3355601,0.38107905,0.027734175,0.42777425,0.09381223,0.014890783,0.000829697,0.002774839,0.008006879,0.0113215,0.007145886,0.00625158,0.26625538,2.6666666666666665
ed28gc,657b48782855e7001f79baa0,0.32392803,0.3510838,0.21520184,0.33434358,0.064601645,0.45501158,0.37850162,0.04290464,0.001149178,0.020681098,0.011768902,0.011577694,0.006446815,0.004482265,0.19535981,6.4
hg3pen,657b49f02855e7001f7db7cd,0.7618795,0.34791833,0.53728753,0.39372954,0.3275703,0.42016712,0.775714,0.021314176,0.000729561,0.008028535,0.011160898,0.009519599,0.006382086,0.002521274,0.2337843,9.15
hg3pen,657b485c8b12dc001feb2516,0.77530354,0.54642093,0.46758008,0.15241629,0.35051543,0.21827032,0.7388889,0.024378212,0.001420975,0.008509507,0.009241886,0.01309778,0.008427517,0.008374758,0.22437872,2.4166666666666665
hg3pen,657b48e42855e7001f7adb35,0.36576703,0.5015001,0.24282813,0.41199526,0.06977485,0.5996779,0.26514557,0.2412222,0.006599426,0.06522302,0.07428485,0.04867618,0.016292779,0.32076278,0.33052516,4.683333333333334
qpkdcp,657b47e62855e7001f783b2e,0.82414633,0.72831696,0.54041404,0.2566848,0.6357364,0.27137864,0.66014105,0.035691574,0.001139641,0.003847777,0.013896915,0.013405213,0.009359611,0.005543854,0.24157773,1.65
qpkdcp,657b49348b12dc001fed6441,0.41456708,0.5803982,0.16865413,0.07281757,0.113765255,0.09432412,0.6173472,0.020960633,0.001621246,0.003126319,0.009412888,0.016035475,0.008039144,0.013151909,0.59083635,7.216666666666667
qpkdcp,657b484d8b12dc001feafc8e,0.3130916,0.23450792,0.41503382,0.17798842,0.080563076,0.29645208,0.1256395,0.113263406,0.002746582,0.08666438,0.024382202,0.014088398,0.00933372,0.004865617,0.30194893,3.3666666666666667
q2ytdp,657b47688b12dc001fe8d086,0.8151817,0.57642305,0.5065937,0.13798015,0.38775253,0.30493158,0.5943472,0.030388435,0.001015663,0.007695554,0.012110904,0.015420608,0.007391856,0.008905552,0.22016065,2.4166666666666665
q2ytdp,657b48848b12dc001feb8d11,0.10824748,0.16347843,0.10437799,0.12647597,0.05389532,0.18300404,0.29363582,0.044636376,0.00207901,0.025806036,0.011996903,0.016479544,0.007611934,0.009259416,0.21148829,7.15
q2ytdp,657b48d42855e7001f7aaf1e,0.664265,0.35425907,0.43125516,0.12310397,0.04461459,0.37099135,0.7311694,0.016838523,0.000667572,0.007399572,0.008994885,0.010484599,0.006744567,0.003582863,0.2953212,8.483333333333333
x7nrnk,657b47808b12dc001fe907c5,0.1320083,0.56870914,0.09759216,0.33765376,0.046880882,0.3981663,0.17588417,0.31686464,0.01322045,0.011173353,0.0811385,0.052934792,0.3733964,0.006900329,0.23465717,1.7166666666666666
xepck2,657b47932855e7001f777b56,0.42774367,0.59923863,0.14417121,0.53296924,0.058751587,0.6449408,0.17956558,0.046120718,0.00166893,0.003311308,0.014580919,0.012995303,0.018710058,0.004629708,0.2445475,3.0833333333333335
zqge3p,657b48c88b12dc001fec43d9,0.12267091,0.123228945,0.7020902,0.12647597,0.073305435,0.08282434,0.17588417,0.009927189,0.000777245,0.001970136,0.006781372,0.012722028,0.006738094,0.007047772,0.19612537,7.15
zqge3p,657b483f2855e7001f7924e1,0.46326476,0.3322319,0.11646001,0.39736483,0.31820145,0.5748939,0.51549137,0.034513097,0.001993179,0.020781586,0.009355888,0.015523086,0.007832011,0.011618502,0.32992876,4.85
6mvp8h,657b495c8b12dc001fedd3d4,0.7166295,0.5712946,0.19366163,0.6972793,0.9007407,0.6436252,0.1722254,0.31686464,0.017287504,0.36803186,0.21135417,0.15195307,0.015429466,0.055286817,0.28252515,8.583333333333334
pdm9rv,657b48842855e7001f79da3a,0.014234927,0.2601326,0.09380275,0.42491317,0.022587769,0.3858881,0.052357487,0.20056234,0.008506775,0.006918599,0.020192537,0.028230323,0.34552678,0.010556913,0.26864085,7.133333333333334
pdm9rv,657b478f8b12dc001fe926ff,0.6374779,0.31525165,0.17821237,0.7119273,0.38534713,0.7281775,0.20704561,0.10609736,0.002880096,0.025404079,0.02657372,0.021056883,0.019055385,0.01020305,0.46427622,3.033333333333333
pdm9rv,657b48338b12dc001feab87d,0.079922065,0.085574605,0.22509329,0.51515037,0.080563076,0.5296333,0.10665018,0.022728346,0.001115799,0.00258985,0.008538882,0.011133623,0.010395273,0.004600219,0.33485615,5.766666666666667
pdm9rv,657b48ab2855e7001f7a457a,0.09634415,0.25149468,0.1063522,0.2767157,0.11581159,0.3365044,0.063745245,0.024731753,0.00067234,0.003237312,0.01306091,0.011065305,0.005903093,0.003656585,0.12484515,7.766666666666667
rhbqzn,657b47328b12dc001fe85b8b,0.3679965,0.18863499,0.09193192,0.24175529,0.2997563,0.34997848,0.36062703,0.2412222,0.007247925,0.19890837,0.08410009,0.032894265,0.007508367,0.015098156,0.2191209,1.45
rhbqzn,657b48602855e7001f797cd9,0.66537535,0.8006552,0.6382742,0.59596944,0.30302712,0.67039263,0.24311097,0.028031485,0.000934601,0.008583503,0.013288911,0.014088398,0.006220264,0.005337434,0.26841724,6.483333333333333
rhbqzn,657b49052855e7001f7b32c7,0.14633444,0.2762165,0.14230952,0.18451619,0.12407555,0.20109403,0.078549035,0.022846194,0.000700951,0.003163317,0.011730902,0.012961143,0.006433869,0.004010447,0.1712531,9.233333333333333
h2zrtt,657b47462855e7001f76d16a,0.08533011,0.29406664,0.86574996,0.099799976,0.038025744,0.08505413,0.11129911,0.104361884,0.001764298,0.083355546,0.021417208,0.015283971,0.006718676,0.005514365,0.21293883,1.7166666666666666
h2zrtt,657b47272855e7001f768bbb,0.5571216,0.43338785,0.11646001,0.15556577,0.25040436,0.47208026,0.6205258,0.26859093,0.009460449,0.29951343,0.06794841,0.03239325,0.008194493,0.012916001,0.25808886,1.2
h2zrtt,657b475e8b12dc001fe8b8e4,0.42774367,0.35584986,0.2546384,0.124222845,0.18987136,0.13222396,0.43686867,0.008482091,0.000739098,0.001886891,0.006638871,0.011406898,0.006686311,0.006900329,0.16975509,2.1
h2zrtt,657b490d8b12dc001fecf83c,0.5592057,0.22616051,0.24872018,0.11220199,0.23049566,0.11279448,0.32499117,0.112850055,0.00161171,0.031722516,0.045007613,0.013780965,0.006647474,0.004157891,0.27726924,9.283333333333333
f69bme,657b48518b12dc001feb0680,0.73127806,0.70646435,0.44393137,0.26131186,0.057932016,0.38520834,0.6103405,0.11078331,0.002069473,0.005253696,0.038566336,0.01402008,0.021300001,0.003892493,0.24579223,4.866666666666666
f69bme,657b47692855e7001f771a85,0.52601725,0.46479085,0.08281895,0.12310397,0.17281176,0.33215606,0.59691197,0.010492661,0.000700951,0.002608349,0.006781372,0.010535837,0.006802823,0.004128402,0.20332828,1
f69bme,657b48f32855e7001f7b01ab,0.76398236,0.29406664,0.5233092,0.14134736,0.31091207,0.2076579,0.7732478,0.015833238,0.00123024,0.002867334,0.00817788,0.01490822,0.007508367,0.009613278,0.21055712,7.566666666666666
f69bme,657b48af8b12dc001fec0440,0.78581995,0.6887271,0.39039746,0.10080544,0.20860094,0.2617657,0.7797733,0.007633883,0.00058651,0.002460358,0.006239868,0.00998929,0.0065698,0.003804027,0.20712955,6.433333333333334
f69bme,657b47de2855e7001f78278c,0.796009,0.71495473,0.25859782,0.27206606,0.6664547,0.44873106,0.4776394,0.026145924,0.00105381,0.002867334,0.010552894,0.014088398,0.008090926,0.008374758,0.3702146,2.95
7mhp3y,657b49a82855e7001f7cfa07,0.7860827,0.64023036,0.37283075,0.12989433,0.17845505,0.3379565,0.7817789,0.09481675,0.004749298,0.0034593,0.010552894,0.014464149,0.08856395,0.007224703,0.20866668,6.516666666666667
7mhp3y,657b48a88b12dc001febf143,0.78345126,0.5851015,0.54897594,0.44334027,0.14635028,0.695175,0.66602784,0.054779384,0.001916885,0.005475683,0.018645585,0.012414595,0.017328756,0.004924594,0.2620429,2.2333333333333334
7mhp3y,657b49282855e7001f7b92ab,0.44543546,0.56133306,0.20145756,0.48401058,0.07241669,0.70234245,0.24828553,0.05799546,0.002031326,0.003958771,0.017614283,0.013371054,0.025789235,0.00521948,0.20560394,4.383333333333334
cxg94a,657b48008b12dc001fea32b6,0.32828447,0.6985008,0.20537321,0.45945197,0.18300076,0.7106314,0.26946795,0.09525062,0.002574921,0.004032766,0.029934563,0.013473531,0.019573374,0.005337434,0.17610624,4.083333333333333
bnfct9,657b48ba8b12dc001fec2108,0.7934089,0.5854634,0.49329638,0.08907493,0.32689932,0.12934102,0.7892491,0.01218908,0.001130104,0.004569235,0.007455876,0.014874061,0.0077155,0.01102873,0.17414325,4.933333333333334
bnfct9,657b47f78b12dc001fea1c50,0.7432573,0.75584805,0.18784583,0.5859607,0.24789588,0.7700635,0.5553756,0.031684756,0.000991821,0.016862517,0.010400894,0.011868048,0.006608637,0.003921982,0.31474388,1.6833333333333333
nmzyhd,657b48098b12dc001fea495f,0.09264324,0.22339956,0.14977454,0.51960254,0.049183033,0.5888395,0.070585586,0.15213956,0.006332398,0.007621558,0.021868404,0.017162729,0.14960353,0.007431123,0.341371,3.716666666666667
nmzyhd,657b494a8b12dc001feda31c,0.40582877,0.79920864,0.33728355,0.65614253,0.11992822,0.695175,0.24414308,0.12260055,0.004787445,0.004014268,0.019096779,0.013644327,0.13599728,0.004305333,0.22032414,9.066666666666666
6vw7fz,657b47dc2855e7001f782217,0.7370952,0.5135949,0.4088853,0.12761015,0.26557916,0.13809541,0.7300615,0.01237757,0.001144409,0.004162259,0.007360875,0.014293353,0.007391856,0.009672256,0.1796927,1.8833333333333333
6vw7fz,657b486e8b12dc001feb525a,0.2638654,0.24295193,0.12658814,0.116500415,0.0366042,0.27137864,0.10974196,0.11367676,0.002393723,0.06294931,0.05203446,0.015079016,0.009644418,0.00563232,0.33415517,4.316666666666666
c9x6bn,657b4aa12855e7001f7f8f53,0.11904381,0.20707954,0.7707295,0.28923154,0.07690128,0.25357863,0.0678044,0.059727192,0.002393723,0.00431025,0.012794908,0.015830519,0.02492592,0.005779763,0.25845972,4.366666666666666
c9x6bn,657b4a032855e7001f7de93c,0.23767464,0.07972292,0.04185521,0.06691635,0.07153199,0.076340675,0.13720547,0.103494145,0.004882813,0.033269364,0.019419061,0.016342908,0.012492486,0.006988795,0.19771065,1.7333333333333334
yayzee,657b49178b12dc001fed1516,0.2329597,0.30157706,0.103396736,0.13966006,0.2912931,0.23715812,0.13220452,0.13561769,0.002803803,0.105836816,0.032468732,0.017299367,0.006938754,0.007106749,0.25784227,7.716666666666667
yayzee,657b49682855e7001f7c4743,0.69816536,0.67348397,0.3868714,0.2248042,0.14419319,0.29083186,0.78137904,0.018723432,0.000729561,0.002192123,0.010476895,0.012073003,0.006401504,0.006074648,0.20768282,9.05
yayzee,657b489e8b12dc001febd568,0.76748496,0.4842389,0.45666993,0.12088228,0.28611034,0.26313692,0.70193166,0.013571346,0.000555515,0.002330865,0.008348881,0.010996987,0.006563326,0.005691297,0.16719416,5.683333333333334
yayzee,657b483d2855e7001f79216b,0.43878457,0.29706353,0.16106391,0.18780111,0.10194144,0.43461987,0.33887354,0.103494145,0.002861023,0.10221587,0.019225692,0.013234417,0.006809296,0.004600219,0.27068058,4.083333333333333
gue4ap,657b49d92855e7001f7d7bce,0.5612909,0.3322319,0.31302714,0.113268904,0.20381775,0.1406137,0.6039543,0.011435116,0.001149178,0.002358613,0.007759878,0.015557245,0.006628056,0.011205662,0.18351263,6.366666666666666
gue4ap,657b495a2855e7001f7c1ef1,0.7934089,0.5120788,0.5454175,0.09193956,0.30171713,0.113679945,0.7930827,0.009047564,0.00084877,0.002460358,0.006714871,0.011936366,0.006789878,0.006516977,0.24197653,4.233333333333333
gue4ap,657b49fc2855e7001f7dd80d,0.6581299,0.33535045,0.3798401,0.088129774,0.161658,0.09592405,0.76249534,0.077668175,0.003070831,0.004532238,0.024640027,0.028776871,0.009825659,0.027601315,0.42704138,6.95
gue4ap,657b49358b12dc001fed66b0,0.68570495,0.63034445,0.21914949,0.37928078,0.22557884,0.43089294,0.3071667,0.19599396,0.005226135,0.030433474,0.07428485,0.01941724,0.0347677,0.00937737,0.16352476,3.6166666666666667
gue4ap,657b4aa52855e7001f7f99e6,0.30662343,0.29706353,0.20341371,0.23170424,0.26557916,0.2076579,0.3139914,0.026028076,0.00246048,0.004883717,0.012186904,0.024951037,0.008608758,0.019108603,0.15893656,9.75
bhz47p,657b476e8b12dc001fe8dcb9,0.07813416,0.16842249,0.33039993,0.33105546,0.000188695,0.41326973,0.0823234,0.07608539,0.002555847,0.010063417,0.015264924,0.017162729,0.038220957,0.006399023,0.23934002,1.4166666666666667
bhz47p,657b47ea2855e7001f78460d,0.4863679,0.5075377,0.13506666,0.25168148,0.07690128,0.46992308,0.34446642,0.13388206,0.003223419,0.010433395,0.06250052,0.017026093,0.032005094,0.005602831,0.3154125,3.5
bhz47p,657b48908b12dc001febaf8c,0.45879477,0.46330014,0.197553,0.28295305,0.15286757,0.49344745,0.37463045,0.0665887,0.003242493,0.004180758,0.009868891,0.017026093,0.054947287,0.008846575,0.18106006,6.25
bhz47p,657b494a2855e7001f7bf0b5,0.39249563,0.5709251,0.11237009,0.31315073,0.04238304,0.46130162,0.38562226,0.009361716,0.000507832,0.00190539,0.007189874,0.009886812,0.006446815,0.003715562,0.18904601,9.35
bhz47p,657b47b58b12dc001fe97c7a,0.21417195,0.3106718,0.3493656,0.35106236,0.05310001,0.3365044,0.22181296,0.055026773,0.001974106,0.002737841,0.012718908,0.012926984,0.025098583,0.005455388,0.25934115,2.6
28rxyn,657b47de8b12dc001fe9dcd8,0.6691506,0.34633917,0.43497673,0.44869912,0.8743467,0.48304704,0.46115026,0.28547668,0.01754573,0.010655383,0.027730936,0.053435806,0.43137276,0.019108603,0.3905018,2.066666666666667
28rxyn,657b48772855e7001f79b852,0.71910167,0.3322319,0.31097922,0.18780111,0.587839,0.25357863,0.52868634,0.13041082,0.006713867,0.006511623,0.019934712,0.02392626,0.13815513,0.011559526,0.2932691,4.616666666666666
28rxyn,657b48f62855e7001f7b0a76,0.18036744,0.11441821,0.09951106,0.18780111,0.4304286,0.22094403,0.17772123,0.16245349,0.00957489,0.019475231,0.02173949,0.044167064,0.13815513,0.008905552,0.34820387,6.733333333333333
28rxyn,657b498b8b12dc001fee5b03,0.45433363,0.5898095,0.17055956,0.32941553,0.19680415,0.48487705,0.40912288,0.20839658,0.00579834,0.014249804,0.10148193,0.029186781,0.04233929,0.01981633,0.26019332,9.216666666666667
txz2vc,657b47312855e7001f76a117,0.78923,0.46852314,0.48117164,0.09387397,0.17281176,0.13908774,0.8243953,0.008670582,0.000901222,0.002497356,0.00653437,0.011970525,0.007029374,0.006900329,0.21065094,1
txz2vc,657b47742855e7001f773522,0.5726517,0.28362978,0.41767442,0.09879968,0.14635028,0.11279448,0.7476281,0.008419261,0.000786781,0.001655654,0.006999873,0.010757872,0.006563326,0.005042548,0.21818572,2.1166666666666667
txz2vc,657b47f62855e7001f78654c,0.23767464,0.3622354,0.18205647,0.47872025,0.080563076,0.52454513,0.15963748,0.11161,0.003356934,0.020279141,0.028392024,0.015967157,0.056563694,0.006369534,0.31525278,4.283333333333333
guf9kc,657b478f8b12dc001fe928c6,0.8136714,0.38972762,0.5111599,0.13966006,0.54347956,0.16410081,0.7809785,0.009864358,0.00067234,0.002182874,0.007474876,0.010996987,0.006446815,0.005337434,0.21495815,0.9
guf9kc,657b48342855e7001f790832,0.8111445,0.61741537,0.44393137,0.49108768,0.48955607,0.6813543,0.7644271,0.03192045,0.000891686,0.020078164,0.012262905,0.011133623,0.006537435,0.003700818,0.3476963,3.65
1dkqc3,657b48092855e7001f789766,0.75380856,0.4467775,0.59010214,0.29555178,0.1303544,0.46959108,0.80054235,0.006063125,0.00041008,0.001997884,0.006410869,0.009733095,0.005974294,0.003715562,0.16434702,1.8
1dkqc3,657b48e08b12dc001fec829e,0.14633444,0.14414358,0.11543151,0.37928078,0.026425704,0.43428272,0.069187365,0.019728716,0.001029968,0.002303117,0.008671884,0.010894509,0.009178371,0.004246356,0.20587192,5.383333333333334
yexuv1,657b49802855e7001f7c8ac9,0.7296905,0.4602883,0.4027509,0.14928007,0.15286757,0.29645208,0.834114,0.010429831,0.000743866,0.002497356,0.007398875,0.010740792,0.006356194,0.004305333,0.30555275,4.283333333333333
yexuv1,657b4a198b12dc001fefd7cb,0.35687628,0.36853585,0.04747123,0.0834797,0.17506383,0.16410081,0.3921196,0.034277402,0.001411438,0.006918599,0.012186904,0.014634945,0.007573096,0.006281069,0.2697082,6.833333333333333
1d3nqz,657b48032855e7001f7885ad,0.7296905,0.47526395,0.7891105,0.5458423,0.23419909,0.503689,0.4856919,0.10002319,0.003852844,0.003496297,0.012756908,0.013951761,0.094697006,0.004806639,0.2460643,3.9166666666666665
1d3nqz,657b47972855e7001f7783a2,0.3747018,0.4157393,0.40625387,0.5521587,0.26430678,0.6064106,0.1832748,0.17458448,0.005531311,0.035589635,0.06354945,0.04592061,0.07016479,0.019462466,0.37569815,2.1166666666666667
1d3nqz,657b47d82855e7001f781965,0.32175437,0.32447803,0.7396663,0.47168955,0.11172729,0.58578295,0.14397636,0.036634352,0.001602173,0.002497356,0.010096892,0.011628932,0.014048163,0.004010447,0.26622152,3.216666666666667
g7qd3p,657b477f2855e7001f774e10,0.32392803,0.2601326,0.21520184,0.23517443,0.25670323,0.17412075,0.2683853,0.017592486,0.001707077,0.003366805,0.009108886,0.016103793,0.008401625,0.012798046,0.17911759,1.4166666666666667
g7qd3p,657b48198b12dc001fea73b9,0.3679965,0.25724247,0.32696992,0.23517443,0.26685292,0.20240258,0.33608648,0.011623607,0.000886917,0.002256869,0.007284875,0.012756188,0.006964645,0.007843964,0.16786686,3.966666666666667
g7qd3p,657b48428b12dc001feadfe5,0.34582332,0.23450792,0.2705359,0.19440953,0.23296322,0.15914497,0.34446642,0.008796243,0.000863075,0.002682345,0.006676871,0.012141321,0.006899917,0.007283681,0.14335193,4.65
g7qd3p,657b48808b12dc001feb80b6,0.24240397,0.27769426,0.09951106,0.13630773,0.1841414,0.13710694,0.26622382,0.019728716,0.001716614,0.003773782,0.008595883,0.015591404,0.009281937,0.014095544,0.18444653,5.683333333333334
g7qd3p,657b48b02855e7001f7a53fa,0.33265293,0.3306766,0.14230952,0.11220199,0.15944919,0.12649381,0.34586805,0.021785567,0.001344681,0.003329807,0.010400894,0.013507691,0.007922632,0.007549078,0.37568375,6.5
g7qd3p,657b48e18b12dc001fec8633,0.35023654,0.3260242,0.28055468,0.26898047,0.23049566,0.21427503,0.32085532,0.023788974,0.001573563,0.003810779,0.010400894,0.018255826,0.008608758,0.015334064,0.20367955,7.316666666666666
g7qd3p,657b49048b12dc001fece202,0.29025218,0.24012628,0.25661674,0.1977331,0.20381775,0.15914497,0.30580607,0.009675868,0.000896454,0.002312366,0.006952373,0.01265371,0.006899917,0.008610667,0.16786686,7.9
g7qd3p,657b492d2855e7001f7b9f44,0.46102837,0.3826059,0.3798401,0.13133545,0.21340905,0.122753285,0.47270358,0.020842785,0.000829697,0.004125261,0.009431887,0.013473531,0.006595691,0.00707726,0.1634,8.566666666666666
g7qd3p,657b49568b12dc001fedc2f9,0.2638654,0.2762165,0.20733587,0.2282475,0.23049566,0.15422586,0.25664577,0.015644746,0.001187325,0.003200315,0.008462882,0.014532468,0.007081157,0.010556913,0.16350994,9.25
3uc17a,657b4a972855e7001f7f7768,0.7108008,0.47526395,0.5100183,0.13630773,0.31753412,0.12182798,0.79040647,0.015770407,0.001392365,0.003810779,0.007854878,0.014634945,0.007922632,0.009613278,0.3321832,3.2
3uc17a,657b4bfa2855e7001f83005d,0.07813416,0.13941906,0.077544875,0.14928007,0.17845505,0.18428236,0.15260378,0.11036996,0.002193451,0.057492398,0.02425329,0.013678487,0.006692784,0.005573343,0.22750795,9.116666666666667
gvt1n4,657b48058b12dc001fea3e8e,0.85492045,0.8063738,0.62571824,0.51782584,0.2899957,0.6975779,0.8212058,0.13908891,0.003376007,0.13591312,0.028612386,0.013405213,0.007650771,0.005484877,0.25450003,1.9333333333333333
gvt1n4,657b483d2855e7001f7921ed,0.15114407,0.18351692,0.7985704,0.075417474,0.038742248,0.07016175,0.25245318,0.019100413,0.000977516,0.00258985,0.010020891,0.01402008,0.006666893,0.009200439,0.1676491,2.8833333333333333
gvt1n4,657b49068b12dc001fece6ec,0.53531736,0.6097747,0.27653974,0.6328704,0.21946844,0.8012977,0.40715358,0.032391842,0.000700951,0.003422302,0.016100928,0.012004685,0.007119995,0.004629708,0.22034569,6.233333333333333
w6urg6,657b48f12855e7001f7afd02,0.05557129,0.053990122,0.73556757,0.07717534,0.06207031,0.07016175,0.116013184,0.008293601,0.000700951,0.001859142,0.006363369,0.011184863,0.006641001,0.005484877,0.1899512,5.933333333333334
w6urg6,657b47ec8b12dc001fea00b4,0.13676605,0.14652205,0.12271099,0.13630773,0.041647345,0.08356363,0.10665018,0.22712809,0.002803803,0.004217756,0.13607834,0.028776871,0.006136116,0.009613278,0.17112327,1.5833333333333333
w6urg6,657b497f8b12dc001fee3788,0.043945573,0.07312866,0.63158584,0.1977331,0.030395774,0.11279448,0.083090164,0.02638162,0.000805855,0.002229121,0.01309891,0.011833889,0.00636914,0.004157891,0.21203822,8.283333333333333
w6urg6,657b482e8b12dc001feaaadc,0.22826096,0.23171476,0.07325996,0.10694439,0.05310001,0.20502599,0.1870134,0.045625936,0.002193451,0.004883717,0.009545889,0.015967157,0.017846745,0.009318393,0.18083023,2.6666666666666665
67161e,657b48c72855e7001f7a8eeb,0.09820561,0.18097372,0.0855105,0.124222845,0.026425704,0.2522206,0.25454623,0.01237757,0.000901222,0.00310782,0.006952373,0.012175481,0.00756015,0.007726009,0.2384008,3.783333333333333
67161e,657b49152855e7001f7b5e3f,0.7860827,0.39545837,0.43348736,0.27052203,0.41891065,0.42881337,0.79759216,0.025674535,0.001277924,0.014149316,0.010514895,0.012312118,0.006505071,0.006516977,0.2591517,5.083333333333333
67161e,657b494b2855e7001f7bf487,0.23767464,0.14177594,0.13020957,0.39010334,0.24289377,0.46328995,0.2238104,0.022021262,0.001063347,0.009101473,0.009260887,0.013712646,0.006453287,0.006015671,0.17750843,5.983333333333333
67161e,657b48788b12dc001feb6c2b,0.7583711,0.64146084,0.28055468,0.5482091,0.39394522,0.74881315,0.39537796,0.11192002,0.002937317,0.10221587,0.025929155,0.013746806,0.007353018,0.005396411,0.24816105,2.45
h7t2ve,657b48418b12dc001feadeb7,0.25190613,0.19644909,0.016717255,0.028678926,0.08904153,0.053384893,0.10358816,0.5885171,0.043077253,0.32184324,0.5015486,0.39409557,0.13515437,0.0501633,0.34005532,2.716666666666667
h7t2ve,657b48b58b12dc001fec13bb,0.1900881,0.13707347,0.27253446,0.09582901,0.12616077,0.092740074,0.13386428,0.08953904,0.003471375,0.006326634,0.019032324,0.022218296,0.016465442,0.010733845,0.50167686,4.633333333333334
h7t2ve,657b493a2855e7001f7bc570,0.56956154,0.56870914,0.09474389,0.082564235,0.068034075,0.15422586,0.545224,0.013445686,0.000967979,0.003385304,0.007170874,0.012107162,0.00737891,0.005986183,0.23704353,6.866666666666666
h7t2ve,657b49e02855e7001f7d8cd2,0.43657246,0.46852314,0.2231094,0.33434358,0.0671697,0.43054628,0.40125707,0.15213956,0.006027222,0.028016793,0.032248367,0.05543986,0.058503386,0.028898813,0.28485933,9.633333333333333
h7t2ve,657b48038b12dc001fea3b65,0.56956154,0.7590576,0.28659645,0.14615701,0.15944919,0.24675097,0.23389664,0.1104733,0.003376007,0.00725158,0.019096779,0.017504321,0.06238277,0.005543854,0.21605425,1.6833333333333333
h7t2ve,657b486a8b12dc001feb497f,0.40582877,0.29107937,0.13506666,0.13464333,0.21340905,0.122753285,0.17956558,0.02826718,0.001111031,0.005512681,0.00971689,0.015591404,0.008168601,0.00937737,0.16698289,3.4
a7z8qg,657b506f8b12dc001fffab81,0.052212548,0.08360307,0.332118,0.14928007,0.00540308,0.11816678,0.03099382,0.37751234,0.020644438,0.018470341,0.0820023,0.07255927,0.49142194,0.007342658,0.19690819,8.333333333333334
a7z8qg,657b4f492855e7001f8b58c8,0.26146647,0.19644909,0.11237009,0.078952126,0.07509518,0.09753984,0.037886627,0.5532103,0.01483436,0.01374736,0.5739874,0.1719469,0.01698343,0.010085096,0.32621932,3.433333333333333
a7z8qg,657b4fbf8b12dc001ffe3b24,0.5177736,0.35744265,0.4267973,0.115418,0.15724781,0.11191306,0.6904651,0.008921904,0.000758171,0.002108878,0.006781372,0.01127026,0.006621582,0.006163114,0.16926832,5.4
a7z8qg,657b50872855e7001f8e102e,0.64672905,0.38829944,0.43721238,0.11758787,0.43206108,0.12461543,0.5204143,0.010304171,0.000929832,0.002515854,0.006999873,0.012756188,0.007094103,0.008905552,0.2912421,8.75
a7z8qg,657b50088b12dc001ffed86c,0.35023654,0.52347285,0.09380275,0.2550139,0.14097191,0.38929114,0.15963748,0.11440011,0.004444122,0.004846719,0.017292,0.020373698,0.1284288,0.008138849,0.16844779,6.633333333333334
9uu3b9,657b479f2855e7001f77951d,0.79471,0.50451654,0.5757477,0.10080544,0.30171713,0.11907599,0.8268947,0.009236055,0.000844002,0.002830336,0.006866872,0.012346277,0.006899917,0.005986183,0.4095052,0.48333333333333334
9uu3b9,657b48348b12dc001feabcae,0.34142166,0.5923467,0.09759216,0.10487753,0.0671697,0.15422586,0.273814,0.01834645,0.001187325,0.004421244,0.009089886,0.014566627,0.008531082,0.009318393,0.2261078,2.966666666666667
9uu3b9,657b47bf2855e7001f77df4a,0.10824748,0.28362978,0.077544875,0.10283129,0.10767364,0.1997879,0.14913096,0.050078966,0.001554489,0.008435511,0.01640493,0.019485557,0.008103873,0.011205662,0.20258723,1.0166666666666666
9uu3b9,657b48e38b12dc001fec8b26,0.40142974,0.27326855,0.31302714,0.14928007,0.22068773,0.17034614,0.50191367,0.013634177,0.001325607,0.003884775,0.007702877,0.014771583,0.007547205,0.010321004,0.13453278,5.883333333333334
9uu3b9,657b48bc8b12dc001fec24f3,0.45210588,0.44230092,0.39569655,0.10798564,0.26685292,0.1361225,0.6636762,0.008670582,0.001111031,0.002571351,0.006895372,0.013576009,0.007534259,0.009082484,0.20894219,5.233333333333333
9uu3b9,657b47f08b12dc001fea08b2,0.65314037,0.7315773,0.23500682,0.32125223,0.3478035,0.5573077,0.42097566,0.17891699,0.004386902,0.16993292,0.03885912,0.020168742,0.008582866,0.007726009,0.48950917,1.8333333333333333
ax2p1e,657b49be2855e7001f7d317c,0.18036744,0.097840905,0.11237009,0.18124555,0.14635028,0.23579577,0.15260378,0.034984488,0.001215935,0.02037963,0.014732921,0.013712646,0.006395032,0.007342658,0.22668573,3.65
ax2p1e,657b49812855e7001f7c8ddb,0.115430765,0.30006987,0.07325996,0.16829737,0.014714233,0.21827032,0.0712903,0.11212669,0.003547669,0.021786476,0.024640027,0.014122557,0.053007595,0.005189991,0.2379424,2.6333333333333333
ax2p1e,657b4a0a2855e7001f7dfe4c,0.08897218,0.102069505,0.41503382,0.116500415,0.03519795,0.116359964,0.031942002,0.4013387,0.008125305,0.027413858,0.4378843,0.09744903,0.010731863,0.008846575,0.18480363,4.916666666666667
vmv6ck,657b47852855e7001f775b56,0.5888457,0.72940433,0.39039746,0.26131186,0.07781066,0.43461987,0.5766645,0.102192536,0.002012253,0.07425626,0.027841117,0.013268576,0.007016428,0.004983571,0.33487546,0.6666666666666666
vmv6ck,657b47b62855e7001f77c9ec,0.75310606,0.5265206,0.49405548,0.09097979,0.26685292,0.13125886,0.7900214,0.00816794,0.000839233,0.002645347,0.006600871,0.011782649,0.006789878,0.007342658,0.17959604,1.4833333333333334
vmv6ck,657b47a92855e7001f77ab47,0.24240397,0.10410205,0.15164815,0.10283129,0.026425704,0.1406137,0.25245318,0.045873325,0.001158714,0.005068706,0.023995465,0.015591404,0.007353018,0.008492713,0.2356602,1.2833333333333334
vmv6ck,657b48652855e7001f798901,0.19487326,0.16347843,0.23891157,0.16509432,0.26685292,0.14995342,0.2369541,0.012566062,0.000767708,0.002330865,0.007569877,0.011646013,0.006595691,0.00855169,0.30794632,4.416666666666667
vmv6ck,657b49402855e7001f7bd4b7,0.0835197,0.1324148,0.09474389,0.15556577,0.075996056,0.116359964,0.2060747,0.46982017,0.021548226,0.10221587,0.5129801,0.17566866,0.009566744,0.022529278,0.15480039,8.05
zvf1ru,657b48ad2855e7001f7a4af7,0.8181891,0.50451654,0.5153018,0.09002491,0.3478035,0.12368249,0.81990945,0.011497946,0.000844002,0.002793338,0.007607877,0.012346277,0.006666893,0.006015671,0.22234976,4.483333333333333
zvf1ru,657b48168b12dc001fea6b86,0.5664734,0.63316965,0.23891157,0.45587033,0.21825084,0.6363723,0.54357326,0.038991302,0.001659393,0.003311308,0.009526889,0.013473531,0.020264024,0.005986183,0.22447628,1.9666666666666666
6kme82,657b49568b12dc001fedc443,0.37694255,0.35744265,0.39658093,0.11758787,0.20381775,0.13416551,0.6033148,0.007005579,0.00084877,0.001951637,0.00659137,0.012004685,0.007003482,0.007106749,0.21840304,6.15
6kme82,657b49998b12dc001fee8160,0.2044906,0.063263826,0.67897385,0.18451619,0.36412275,0.1075664,0.14913096,0.07054565,0.003185272,0.010507392,0.012338906,0.024404489,0.024753258,0.01604179,0.26353386,7.266666666666667
6kme82,657b49ac2855e7001f7d02e3,0.23531619,0.21518372,0.12165971,0.19109875,0.17958881,0.14995342,0.26946795,0.015896067,0.001401901,0.004014268,0.00817788,0.01764096,0.007521313,0.014626338,0.22276868,7.583333333333333
6kme82,657b48648b12dc001feb3966,0.6762596,0.70948005,0.15352494,0.26131186,0.8605623,0.48920274,0.43919402,0.06263174,0.002861023,0.011617327,0.013744914,0.023652986,0.023371955,0.032791305,0.3053111,2.1166666666666667
6kme82,657b48d28b12dc001fec5f26,0.54568315,0.5767842,0.35282215,0.07806128,0.25670323,0.16659191,0.7923217,0.010367001,0.001134872,0.003588792,0.007246875,0.013712646,0.007741391,0.009495324,0.51441836,3.95
h9u14m,657b49508b12dc001fedb2f7,0.33265293,0.32447803,0.16485271,0.18124555,0.14960077,0.40914017,0.24414308,0.0969861,0.004138947,0.005401687,0.010894896,0.021740068,0.063999176,0.013682704,0.2315834,6.016666666666667
bvhvy2,657b48ec2855e7001f7af0e5,0.73127806,0.58329153,0.61983496,0.62645334,0.15505424,0.7978348,0.6148016,0.034984488,0.001296997,0.002108878,0.011578901,0.01174849,0.01254427,0.003420676,0.2751583,4.75
bvhvy2,657b485c2855e7001f797234,0.813167,0.77552307,0.18205647,0.74716365,0.43818465,0.82027936,0.63634866,0.027560094,0.001239777,0.0051797,0.009944891,0.012312118,0.010421164,0.004865617,0.29014286,2.35
bvhvy2,657b49e52855e7001f7d9a2f,0.25190613,0.2044055,0.46607295,0.30831957,0.056305178,0.31489727,0.4794686,0.027913637,0.000610352,0.004291751,0.01465692,0.011048226,0.006297939,0.003287977,0.2443495,8.9
9paveb,657b48eb2855e7001f7aed3e,0.12726861,0.16594493,0.26058143,0.10590835,0.13670206,0.09753984,0.10206828,0.024378212,0.001220703,0.002830336,0.010096892,0.013029462,0.007909686,0.011087708,0.19817926,4.75
9paveb,657b499a8b12dc001fee8275,0.48960838,0.28810173,0.15164815,0.3561303,0.88217694,0.45964542,0.47727364,0.044883765,0.002098084,0.039714564,0.013288911,0.022559889,0.007922632,0.012444182,0.33041033,7.65
mxnzdv,657b48fa2855e7001f7b14e8,0.14154164,0.18097372,0.077544875,0.059664406,0.06977485,0.05929897,0.16141449,0.33255672,0.006408691,0.14233272,0.3388922,0.036401358,0.008945347,0.009731233,0.3871816,3.8833333333333333
mxnzdv,657b48678b12dc001feb40e5,0.80886054,0.57533973,0.5383826,0.09582901,0.37608716,0.13710694,0.78297436,0.01608456,0.001363754,0.004994711,0.00810188,0.016035475,0.008336896,0.011677479,0.36828312,1.4333333333333333
mxnzdv,657b48a68b12dc001febeb0c,0.7238687,0.43043062,0.44467905,0.08625509,0.10591495,0.113679945,0.798334,0.011120965,0.000982285,0.002700844,0.007455876,0.012482914,0.007119995,0.007726009,0.23374483,2.466666666666667
mxnzdv,657b4a212855e7001f7e3fb2,0.24952528,0.3291235,0.14603578,0.54032934,0.033806894,0.7700635,0.22081688,0.056263726,0.002346039,0.027011903,0.015340924,0.01620627,0.01101667,0.007460612,0.39158723,8.8
9tphbv,657b49152855e7001f7b5da2,0.5394599,0.26594394,0.6625984,0.52405065,0.15944919,0.49869227,0.43288612,0.030034892,0.001144409,0.002774839,0.010514895,0.011048226,0.010395273,0.003686073,0.20669153,5
9tphbv,657b48c98b12dc001fec47d2,0.6336862,0.77341014,0.47814655,0.6482656,0.24289377,0.698771,0.503381,0.06579731,0.002355576,0.006844604,0.018258847,0.015693882,0.02440793,0.006015671,0.1553777,3.7333333333333334
rrauey,657b49ef2855e7001f7db4d8,0.74114555,0.67962337,0.64604956,0.4822456,0.42453754,0.46959108,0.7087539,0.015204934,0.000596046,0.005438685,0.008557882,0.010962827,0.006427396,0.004600219,0.18107322,7.85
rrauey,657b48b08b12dc001fec0752,0.2447739,0.31219605,0.79385865,0.21795772,0.113765255,0.24537462,0.18514048,0.044141594,0.002136231,0.035331827,0.011844902,0.013576009,0.009929225,0.008787598,0.42172062,2.533333333333333
mznv8q,657b48cf8b12dc001fec555b,0.7576697,0.76598704,0.7231532,0.17151402,0.10591495,0.40639198,0.7519632,0.034041706,0.000953674,0.005771666,0.017088935,0.013166099,0.006446815,0.005986183,0.1969159,3.3
mznv8q,657b49252855e7001f7b89ca,0.4950183,0.48274636,0.18784583,0.7129769,0.11172729,0.80276877,0.32085532,0.025556687,0.001306534,0.006067649,0.008747884,0.011526455,0.010705971,0.00521948,0.3447417,4.716666666666667
mznv8q,657b49f58b12dc001fef75e0,0.38582096,0.2674034,0.5365844,0.52138036,0.17281176,0.5912147,0.292292,0.081625134,0.002136231,0.010507392,0.025413504,0.013815125,0.015774792,0.004954082,0.34426036,8.2
xn6pun,657b49fd8b12dc001fef8b70,0.28066093,0.6495913,0.7200232,0.5664272,0.38534713,0.50981253,0.17956558,0.16765249,0.00284195,0.06613251,0.07428485,0.017367685,0.00780612,0.004806639,0.19912115,8.633333333333333
xn6pun,657b48662855e7001f798b93,0.12267091,0.16102377,0.8726127,0.12534684,0.000188695,0.09592405,0.11129911,0.028385026,0.001187325,0.002608349,0.00979289,0.01133858,0.0100069,0.003273233,0.27530724,1.85
xn6pun,657b497e8b12dc001fee3425,0.6123959,0.43783733,0.48230684,0.21116324,0.10194144,0.28384578,0.38108742,0.14950264,0.002555847,0.020882076,0.06337463,0.016889455,0.017328756,0.004010447,0.24940436,6.5
xn6pun,657b49398b12dc001fed7384,0.664043,0.60268795,0.46908796,0.55532277,0.32287985,0.6690971,0.51191247,0.09872158,0.001964569,0.003718285,0.03412145,0.017231047,0.010731863,0.006192603,0.22131477,5.366666666666666
e2877b,657b487f8b12dc001feb7fd7,0.5105813,0.53645176,0.44168928,0.53296924,0.18872178,0.70708656,0.2168494,0.08083374,0.001745224,0.06431354,0.020901557,0.014942379,0.00704232,0.005956694,0.30014,2.6166666666666667
e2877b,657b494a2855e7001f7bf012,0.76152897,0.821827,0.4913992,0.30671462,0.21946844,0.5084376,0.63823974,0.08953904,0.002822876,0.029917859,0.027841117,0.030890211,0.009463178,0.01792906,0.22553748,6
e2877b,657b49982855e7001f7ccfcf,0.8338964,0.7574537,0.4819282,0.24175529,0.4593677,0.36023822,0.5763423,0.025910228,0.001072884,0.007214582,0.012642908,0.013678487,0.007107049,0.006900329,0.18463294,7.3
e2877b,657b48f22855e7001f7afeca,0.6407978,0.34161535,0.20537321,0.35274938,0.5141158,0.45600423,0.55952424,0.05799546,0.001974106,0.034300596,0.015264924,0.01402008,0.006589218,0.005543854,0.26062986,4.533333333333333
wbxxtk,657b49ea2855e7001f7da75f,0.6881789,0.4805095,0.46720323,0.16190393,0.28805172,0.14995342,0.70988655,0.011560776,0.001115799,0.003736784,0.007284875,0.013576009,0.007430693,0.009200439,0.16322064,1.9
rdxw9v,657b48742855e7001f79b105,0.79548967,0.6673078,0.56230813,0.13464333,0.15177679,0.3379565,0.76346195,0.1140901,0.00289917,0.006363631,0.029714199,0.039407436,0.032005094,0.015452018,0.25974727,2.9833333333333334
rdxw9v,657b484e8b12dc001feaffc1,0.683408,0.5007458,0.15540445,0.2751628,0.17056693,0.49253187,0.4939371,0.17891699,0.003833771,0.12556632,0.03827355,0.018255826,0.008129764,0.005160502,0.29730538,2.35
znavrz,657b48e12855e7001f7ad2b4,0.41237864,0.36853585,0.14230952,0.113268904,0.24914877,0.12555276,0.3992959,0.012314741,0.001249313,0.002340114,0.007531876,0.014703264,0.007171778,0.011854411,0.22759575,4.183333333333334
znavrz,657b48a32855e7001f7a3222,0.68809044,0.5265206,0.38423225,0.08625509,0.16832852,0.10248133,0.6589092,0.024378212,0.000853539,0.001794396,0.012300906,0.011355659,0.00670573,0.004541242,0.27131042,3.15
znavrz,657b48bc8b12dc001fec251d,0.5581637,0.35425907,0.44767225,0.10903197,0.27837306,0.10842784,0.6109782,0.01024134,0.000896454,0.002053381,0.007066373,0.011628932,0.007029374,0.006575955,0.22352321,3.566666666666667
znavrz,657b487a8b12dc001feb70f3,0.66493094,0.77129394,0.23106146,0.124222845,0.39601216,0.2116222,0.16141449,0.45243698,0.016190045,0.10221587,0.46625584,0.16031636,0.058180105,0.01250316,0.32340294,2.45
znavrz,657b490b2855e7001f7b42c5,0.14154164,0.07686615,0.3441924,0.113268904,0.240402,0.076340675,0.051758666,0.2786282,0.007820129,0.012641981,0.16780703,0.10735235,0.031314444,0.014626338,0.2724842,4.883333333333334
znavrz,657b494d2855e7001f7bf8aa,0.060666207,0.093667574,0.54768544,0.14304936,0.07241669,0.10331885,0.025550218,0.11398677,0.005340576,0.005623675,0.018516673,0.019007329,0.06863153,0.007283681,0.34669146,5.966666666666667
znavrz,657b49632855e7001f7c38f0,0.0157319,0.0916127,0.09854957,0.13966006,0.05389532,0.20240258,0.105115615,0.17805049,0.007247925,0.010211408,0.02425329,0.05543986,0.13815513,0.013918612,0.2902403,6.35
1xm6wp,657b48902855e7001f79fda5,0.09080389,0.09889726,0.70102495,0.10283129,0.016478393,0.08656024,0.14227262,0.11388343,0.004196167,0.012441003,0.022384055,0.024404489,0.06755528,0.013210886,0.30926147,3.1666666666666665
1xm6wp,657b480b2855e7001f789b9b,0.115430765,0.16842249,0.05711943,0.1100836,0.18528372,0.10842784,0.10055544,0.6611249,0.26766825,0.09410924,0.1342682,0.2847897,0.6943677,0.032791305,0.18719067,0.9333333333333333
1xm6wp,657b48442855e7001f793349,0.06410012,0.064135894,0.12271099,0.14615701,0.07964143,0.19848377,0.22181296,0.011120965,0.000782013,0.002737841,0.007550877,0.012482914,0.007301235,0.008197826,0.1831957,1.8833333333333333
1xm6wp,657b496d2855e7001f7c56a9,0.16324693,0.11651174,0.8072292,0.1100836,0.056305178,0.08808198,0.12401656,0.03309893,0.001707077,0.002608349,0.008728883,0.012175481,0.013528148,0.005278457,0.2386291,6.85
1xm6wp,657b49b42855e7001f7d19ec,0.10824748,0.2206499,0.06990473,0.15556577,0.07509518,0.2276639,0.26946795,0.027088705,0.000882149,0.004125261,0.012034904,0.013746806,0.007016428,0.007342658,0.1335609,8.033333333333333
1xm6wp,657b4a1c8b12dc001fefdff2,0.23767464,0.35425907,0.077544875,0.2248042,0.12825382,0.49086726,0.39016762,0.011749268,0.00061512,0.002155125,0.007588876,0.010792031,0.006582745,0.004511754,0.1491499,9.75
wbckv4,657b498a2855e7001f7ca750,0.27108505,0.23450792,0.2825658,0.1100836,0.07964143,0.116359964,0.5686008,0.012943043,0.001187325,0.002978328,0.007493876,0.014225035,0.007521313,0.011087708,0.18094797,4.283333333333333
wbckv4,657b49478b12dc001fed98c2,0.17300557,0.4026623,0.18398336,0.5311825,0.057116542,0.7842717,0.17772123,0.050573748,0.002746582,0.002608349,0.010134893,0.011611853,0.047835086,0.004334822,0.27365175,3.1666666666666665
ze3b1a,657b48fa2855e7001f7b15c3,0.06756433,0.3748699,0.87656593,0.12088228,0.07690128,0.06949374,0.114434265,0.079250954,0.002002716,0.002386362,0.017292,0.017572641,0.030278467,0.009023507,0.2024709,2.8333333333333335
ze3b1a,657b4a372855e7001f7e7d75,0.70748824,0.5387493,0.3597569,0.59356517,0.36992767,0.59663814,0.29094967,0.09438288,0.001707077,0.06795148,0.023995465,0.013473531,0.006524489,0.003863005,0.2543404,8.1
ze3b1a,657b48c78b12dc001fec42b6,0.3747018,0.38972762,0.16675195,0.36854327,0.1627653,0.66065085,0.35851258,0.044636376,0.001096726,0.025002124,0.013782915,0.010672474,0.006136116,0.00302258,0.3882716,1.9833333333333334
uhxgc7,657b48f72855e7001f7b0c97,0.6895927,0.7844646,0.45366803,0.66207373,0.5428111,0.620456,0.37785575,0.11398677,0.002126694,0.10221587,0.030816011,0.014088398,0.006446815,0.004157891,0.35890412,3.6166666666666667
7vy42f,657b49982855e7001f7cce7e,0.32392803,0.123228945,0.23500682,0.5561143,0.12407555,0.65543103,0.20899242,0.036634352,0.001821518,0.002663846,0.009450888,0.012243799,0.017156094,0.004334822,0.38339484,4.566666666666666
7vy42f,657b4a178b12dc001fefd3d9,0.5003387,0.67976135,0.53713125,0.3326982,0.41084874,0.43461987,0.12240143,0.036634352,0.001506805,0.007140587,0.011616902,0.011902207,0.010654188,0.004895105,0.34027445,6.683333333333334
zc1b97,657b48cf2855e7001f7aa24a,0.6538529,0.47001863,0.47399184,0.24836068,0.092915915,0.24400055,0.48203042,0.21776234,0.009307861,0.004717227,0.016632931,0.020168742,0.34804323,0.0054259,0.29569438,1.4166666666666667
zc1b97,657b4a598b12dc001ff08afc,0.50647956,0.19381917,0.0864158,0.078952126,0.13457838,0.08430689,0.14397636,0.46716887,0.01986976,0.32184324,0.49389273,0.12639372,0.009463178,0.013564749,0.16683829,8
zc1b97,657b4ac28b12dc001ff1936c,0.1320083,0.15372267,0.09759216,0.10487753,0.07964143,0.1406137,0.1870134,0.042657252,0.001101494,0.006104646,0.017012933,0.01893901,0.006666893,0.008079873,0.620479,9.733333333333333
zc1b97,657b49788b12dc001fee252a,0.5013612,0.7031717,0.29265818,0.6920997,0.28481755,0.7351076,0.28693247,0.13214645,0.004825592,0.003644289,0.02193286,0.016821137,0.13815513,0.004777151,0.3936383,4.25
zc1b97,657b49da2855e7001f7d7cab,0.68190694,0.6134119,0.35455325,0.17474432,0.5838369,0.115462564,0.5575324,0.017969469,0.001220703,0.003477799,0.008481883,0.015523086,0.009230154,0.014213498,0.27973375,5.883333333333334
cd7n1c,657b49a38b12dc001fee9ae1,0.3590947,0.27769426,0.3232997,0.12874979,0.161658,0.16659191,0.5318299,0.014136819,0.001354218,0.003718285,0.007930879,0.015147334,0.007547205,0.011736456,0.13453278,7.2
cd7n1c,657b491a2855e7001f7b6cc6,0.3304673,0.27179828,0.22509329,0.14928007,0.05310001,0.08656024,0.25769764,0.07845957,0.003433228,0.004735726,0.012794908,0.016479544,0.046218675,0.007784986,0.19598721,4.916666666666667
cd7n1c,657b48302855e7001f78fe5d,0.25667855,0.2747411,0.07667982,0.11220199,0.033806894,0.093530096,0.08990326,0.08241652,0.002574921,0.004365747,0.01961243,0.017709278,0.022163315,0.005868228,0.13985415,1.0166666666666666
cd7n1c,657b481a2855e7001f78c23a,0.38804337,0.47901964,0.197553,0.15556577,0.038025744,0.31775847,0.3181054,0.055026773,0.00210762,0.0051797,0.013364912,0.014190876,0.018882722,0.005484877,0.2459358,0.6333333333333333
4qx9cp,657b48808b12dc001feb8121,0.6695947,0.35425907,0.16675195,0.3614341,0.9064733,0.35750914,0.32085532,0.104795754,0.002317429,0.072601855,0.022964163,0.017094411,0.008181547,0.007106749,0.42058906,2.033333333333333
4qx9cp,657b48a52855e7001f7a363d,0.6881789,0.4805095,0.46720323,0.16190393,0.28805172,0.14995342,0.70988655,0.011560776,0.001115799,0.003736784,0.007284875,0.013576009,0.007430693,0.009200439,0.16322064,2.6666666666666665
4qx9cp,657b497d2855e7001f7c84cb,0.13676605,0.2017425,0.47739056,0.12088228,0.12825382,0.0896192,0.20317163,0.001869202,0.000135899,0.000268234,0.005178237,0.008742477,0.005342379,0.002477041,0.5071249,6.266666666666667
4qx9cp,657b49b12855e7001f7d101a,0.2447739,0.48872703,0.09380275,0.16829737,0.10062749,0.15914497,0.280271,0.02826718,0.001735687,0.008657498,0.011236899,0.017094411,0.008285114,0.009554301,0.30635884,7.116666666666666
4qx9cp,657b490f8b12dc001fecfe80,0.49826935,0.65823394,0.061006065,0.31315073,0.2758032,0.38861004,0.5583626,0.024613906,0.001277924,0.010285405,0.00983089,0.015625564,0.007288289,0.008728622,0.2753733,4.416666666666667
4qx9cp,657b4a528b12dc001ff0785d,0.24240397,0.3526706,0.07241507,0.12199044,0.094877556,0.3163268,0.37398612,0.019728716,0.000762939,0.001933138,0.009678889,0.011014067,0.007288289,0.004305333,0.22545575,9.816666666666666
nkgry7,657b4b0a2855e7001f80a7dc,0.5322142,0.7925761,0.75485677,0.27982917,0.04764421,0.26862782,0.43786517,0.019100413,0.000844002,0.003126319,0.009013886,0.010621235,0.007029374,0.005366922,0.33685258,7.966666666666667
nkgry7,657b4b668b12dc001ff3448a,0.17790961,0.6648362,0.13142079,0.40832412,0.24289377,0.31204242,0.15086368,0.08479069,0.003013611,0.007029593,0.015036922,0.018802373,0.037530303,0.009967142,0.24378291,9.5
nkgry7,657b494d2855e7001f7bf883,0.115430765,0.13707347,0.81358576,0.08165393,0.02449039,0.06176204,0.1832748,0.012314741,0.001034737,0.002830336,0.007037873,0.013336895,0.007404801,0.008787598,0.17035678,0.5333333333333333
nkgry7,657b4a0b8b12dc001fefb12e,0.2662679,0.25436312,0.75284827,0.13133545,0.07419816,0.17918386,0.44986546,0.025556687,0.001192093,0.004920715,0.011084898,0.017231047,0.008181547,0.011264639,0.22641061,3.716666666666667
nkgry7,657b4a398b12dc001ff03427,0.09634415,0.24295193,0.8853198,0.14304936,0.000188695,0.10331885,0.1631984,0.02543884,0.001149178,0.002497356,0.008424882,0.010774951,0.010550622,0.003774539,0.17489916,4.483333333333333
nkgry7,657b4aa68b12dc001ff14c20,0.05726224,0.13707347,0.7900634,0.101815864,0.020717656,0.055123147,0.070585586,0.05824285,0.002593994,0.003718285,0.012224905,0.014532468,0.025098583,0.005131014,0.1748701,6.283333333333333
nkgry7,657b4a708b12dc001ff0c434,0.045584004,0.31525165,0.7568599,0.2384713,0.025777057,0.16410081,0.056647703,0.12520397,0.005187988,0.007658557,0.022061773,0.018597418,0.13599728,0.008256803,0.21320906,5.383333333333334
nkgry7,657b49822855e7001f7c91d8,0.08897218,0.3826059,0.86074054,0.11434096,0.01529889,0.09432412,0.09119969,0.013382856,0.000677109,0.003958771,0.007588876,0.010894509,0.006666893,0.004069425,0.17102826,1.4333333333333333
nkgry7,657b49fa8b12dc001fef8443,0.30231753,0.3384778,0.8279559,0.50085765,0.05310001,0.42293048,0.3071667,0.044141594,0.001783371,0.002996826,0.012414906,0.012551232,0.022853967,0.004511754,0.22724846,3.433333333333333
y2rga9,657b48772855e7001f79b728,0.56956154,0.32293442,0.39835098,0.10283129,0.22926421,0.09673003,0.6829518,0.013948329,0.001239777,0.003052323,0.007968879,0.015010698,0.00737891,0.009967142,0.34497476,0.7166666666666667
y2rga9,657b4a9c2855e7001f7f847a,0.4432165,0.41136384,0.2369578,0.079847895,0.41976297,0.092740074,0.3236107,0.015016444,0.000905991,0.002996826,0.007797878,0.01309778,0.007728445,0.008610667,0.27035564,9.866666666666667
y2rga9,657b492a8b12dc001fed491c,0.4599112,0.55180144,0.11237009,0.116500415,0.27837306,0.3831706,0.35148594,0.14429577,0.001688004,0.003958771,0.06599696,0.025497584,0.008077981,0.019462466,0.23746306,3.7
qmvxn9,657b49228b12dc001fed3295,0.5987207,0.3780503,0.31302714,0.08439999,0.3208739,0.116359964,0.6582865,0.0201057,0.001239777,0.00310782,0.00983089,0.0166845,0.0069517,0.012916001,0.3223985,1.6166666666666667
qmvxn9,657b48fa2855e7001f7b156c,0.54672146,0.5204291,0.40800813,0.12647597,0.61296684,0.27137864,0.54659945,0.03192045,0.001764298,0.005216698,0.012110904,0.017982552,0.008052089,0.013564749,0.52301186,0.9666666666666667
qmvxn9,657b49538b12dc001fedbac2,0.5301476,0.30006987,0.13384935,0.28765815,0.22068773,0.38181353,0.43388137,0.09655223,0.002937317,0.05612817,0.016632931,0.019622196,0.007611934,0.01102873,0.22855991,2.433333333333333
qmvxn9,657b49fe8b12dc001fef8f6d,0.5188027,0.73483247,0.20930107,0.5592827,0.099318996,0.6376929,0.22681904,0.05255287,0.001401901,0.038167715,0.014276917,0.012926984,0.007482476,0.004629708,0.4514059,5.3
qmvxn9,657b4a412855e7001f7e9a8a,0.06410012,0.5639132,0.7293822,0.19109875,0.0671697,0.17538343,0.051758666,0.050821137,0.00105381,0.007214582,0.017936565,0.013029462,0.008375733,0.005927206,0.18262245,6.416666666666667
qmvxn9,657b4a972855e7001f7f78c7,0.4928531,0.7823671,0.19366163,0.37928078,0.15286757,0.35819554,0.42824703,0.016964182,0.001029968,0.006104646,0.008652883,0.013951761,0.00713294,0.005986183,0.3036894,7.85
qmvxn9,657b4ad48b12dc001ff1c49a,0.060666207,0.10819801,0.7105726,0.14615701,0.029057574,0.087319076,0.056647703,0.11305673,0.00289917,0.089145996,0.02212623,0.0166845,0.007365964,0.005396411,0.21516125,8.866666666666667
en68e9,657b49618b12dc001fede3b7,0.33922493,0.21246682,0.85175425,0.36854327,0.04764421,0.39065418,0.32223237,0.027206551,0.000948906,0.004421244,0.010742896,0.012414595,0.007935578,0.005986183,0.1803259,1.7166666666666666
en68e9,657b4ae68b12dc001ff1f583,0.06582858,0.39115757,0.8262069,0.0834797,0.088083394,0.056299057,0.07706639,0.05354243,0.00128746,0.002959829,0.018258847,0.0166845,0.008841781,0.008728622,0.17927982,8.216666666666667
en68e9,657b4aaf8b12dc001ff16280,0.73304135,0.7165949,0.13750808,0.6457261,0.35391074,0.8221006,0.71101815,0.05750068,0.001382828,0.024600167,0.022899706,0.013712646,0.007119995,0.004039936,0.3440943,7.283333333333333
en68e9,657b4b242855e7001f80eb64,0.024868794,0.081652805,0.6903191,0.097804256,0.038742248,0.05808853,0.0808017,0.015142105,0.000882149,0.002534353,0.009165886,0.012517073,0.00661511,0.007460612,0.19363071,9.25
gwcggf,657b4b668b12dc001ff345e9,0.5935457,0.3045994,0.39127967,0.09387397,0.147432,0.13908774,0.7476281,0.007445391,0.000824928,0.001563159,0.006980873,0.010996987,0.006511543,0.005337434,0.23129837,8.516666666666667
gwcggf,657b4af18b12dc001ff214e4,0.52292305,0.5189085,0.13506666,0.50174785,0.2899957,0.54189676,0.30038044,0.16158698,0.005722046,0.008028535,0.023608726,0.015728042,0.13815513,0.00563232,0.27565894,6.583333333333333
edczch,657b49ba2855e7001f7d26d8,0.73586166,0.3431874,0.58370876,0.101815864,0.15615022,0.082088776,0.8034474,0.011309455,0.000963211,0.003015325,0.007417875,0.012687869,0.007210615,0.006900329,0.5025789,3.8666666666666667
cmgyy4,657b49a58b12dc001feea1ed,0.6336862,0.40990886,0.49064076,0.18451619,0.22068773,0.14807095,0.677725,0.007225486,0.000743866,0.002136626,0.006391869,0.0113215,0.006621582,0.006163114,0.15040304,2.3333333333333335
cmgyy4,657b4a262855e7001f7e4dd8,0.07635384,0.47301415,0.069075875,0.21795772,0.06977485,0.30919355,0.27055198,0.019980038,0.000882149,0.008028535,0.00821588,0.014327513,0.007094103,0.007431123,0.31032404,4.483333333333333
cmgyy4,657b49822855e7001f7c9080,0.5778077,0.32293442,0.49101993,0.15556577,0.6011129,0.36426097,0.67597777,0.017215505,0.001306534,0.004273253,0.009184887,0.015591404,0.007948523,0.012974978,0.47612166,1.75
ynd1zw,657b495a2855e7001f7c20f7,0.618539,0.4026623,0.32525784,0.097804256,0.40912163,0.13222396,0.6576634,0.027913637,0.00125885,0.002534353,0.012452906,0.015830519,0.007055265,0.009731233,0.27454737,1.7166666666666666
ynd1zw,657b49f92855e7001f7dcf4e,0.7291614,0.5564232,0.68816614,0.5931647,0.7723966,0.6117847,0.47453138,0.031684756,0.001058579,0.018671319,0.010324894,0.012312118,0.006699257,0.005691297,0.30575305,4.366666666666666
ynd1zw,657b4aa02855e7001f7f8d2d,0.7259867,0.47226468,0.3493656,0.08625509,0.34171304,0.12182798,0.666615,0.012817383,0.00108242,0.003829278,0.007949878,0.014054239,0.00780612,0.008669644,0.38861054,7.133333333333334
n7e73y,657b48f08b12dc001fecad28,0.052212548,0.088569954,0.8726127,0.0834797,0.011842369,0.06428147,0.056647703,0.049089402,0.001106262,0.006918599,0.024124376,0.01220964,0.006673365,0.003420676,0.19343548,2.8
n7e73y,657b49a42855e7001f7cecdc,0.35244697,0.2925717,0.11956828,0.31962708,0.049183033,0.57012016,0.3634504,0.051563308,0.00328064,0.00362579,0.008481883,0.012551232,0.040638234,0.006634932,0.21366492,5.783333333333333
bq4pf2,657b49452855e7001f7be276,0.12267091,0.074055426,0.3407359,0.08165393,0.021337438,0.095122136,0.007580048,0.60311776,0.023076924,0.14233272,0.65231085,0.24438259,0.02492592,0.016749516,0.3376597,3.5166666666666666
bq4pf2,657b488e2855e7001f79f536,0.25190613,0.19121124,0.123238094,0.12199044,0.19680415,0.12182798,0.29094967,0.008419261,0.000700951,0.001637155,0.006800372,0.010518758,0.006511543,0.004216868,0.15861872,0.4666666666666667
bq4pf2,657b499d8b12dc001fee8a45,0.12726861,0.08068535,0.061006065,0.09002491,0.038025744,0.08808198,0.044286106,0.18079062,0.003757477,0.010507392,0.07935401,0.020100424,0.018192071,0.004983571,0.34160566,4.983333333333333
bq4pf2,657b4a278b12dc001feffee2,0.23767464,0.072207004,0.051843114,0.01641307,0.099318996,0.039068885,0.025550218,0.91625386,0.36435235,0.50515765,0.7298119,0.8949436,0.02181799,0.27309364,0.30651757,7.283333333333333
bq4pf2,657b48d72855e7001f7ab8b3,0.15114407,0.40555513,0.31507698,0.42676747,0.049183033,0.3506615,0.20028363,0.104795754,0.003318787,0.006030651,0.020321451,0.013336895,0.050744623,0.004364311,0.3171851,1.6833333333333333
bq4pf2,657b496e2855e7001f7c592a,0.21657933,0.11233474,0.048190232,0.05277999,0.056305178,0.058692012,0.05790559,0.8403191,0.25053838,0.048995655,0.46173862,0.87472564,0.018364733,0.34108633,0.260227,4.2
bq4pf2,657b4a632855e7001f7ef529,0.10824748,0.061534427,0.49519384,0.09484897,0.009606131,0.07016175,0.10358816,0.102626406,0.002412796,0.007214582,0.028502205,0.015181494,0.017674083,0.003730306,0.22641209,8.283333333333333
drk4a3,657b48852855e7001f79dc1c,0.70276076,0.49247497,0.46984196,0.113268904,0.2541795,0.1331928,0.7530431,0.01017851,0.001058579,0.003422302,0.007028373,0.013268576,0.007327127,0.009849187,0.16322064,0.9
drk4a3,657b49652855e7001f7c4053,0.3679965,0.5135949,0.103396736,0.49907818,0.17056693,0.65150434,0.2472474,0.043646812,0.001764298,0.018771807,0.0113889,0.011082385,0.016292779,0.003759795,0.42575088,4.65
33z1wc,657b491c8b12dc001fed21c6,0.8034948,0.46927068,0.4974719,0.08907493,0.19796546,0.13809541,0.8323483,0.007539637,0.000648499,0.002062631,0.00652487,0.010757872,0.006576272,0.005072037,0.216649,1.3166666666666667
33z1wc,657b4a242855e7001f7e48d8,0.45879477,0.49848694,0.33728355,0.5466309,0.14635028,0.6567377,0.13220452,0.17198499,0.006599426,0.007140587,0.047935467,0.14578357,0.04718852,0.15967491,0.27929604,5.733333333333333
tzge3d,657b49a48b12dc001fee9c6a,0.7303963,0.49848694,0.3684625,0.08625509,0.12407555,0.17412075,0.748714,0.014890783,0.001015663,0.003311308,0.007949878,0.01309778,0.007961469,0.006487489,0.19121887,4.766666666666667
tzge3d,657b494a8b12dc001feda0ed,0.79001516,0.70728713,0.21126576,0.46993598,0.7988622,0.5227775,0.5065912,0.23451406,0.004997253,0.27682206,0.07460167,0.018324144,0.008815889,0.004865617,0.41068316,3.2666666666666666
a7xdp3,657b4b3d2855e7001f812bcd,0.05388788,0.10410205,0.09193192,0.28608742,0.07509518,0.30777118,0.116013184,0.11388343,0.005645752,0.004088263,0.015112923,0.015318131,0.13346854,0.005072037,0.26036644,8.316666666666666
a7xdp3,657b49c18b12dc001feeea88,0.17055981,0.30006987,0.21520184,0.3003203,0.006368987,0.28663585,0.2168494,0.024731753,0.001177788,0.004125261,0.008804884,0.011697251,0.008686432,0.005691297,0.2129782,1.9833333333333334
a7xdp3,657b4a232855e7001f7e454a,0.3130916,0.3306766,0.32696992,0.62476623,0.11581159,0.6742714,0.39342216,0.019100413,0.001010895,0.002552852,0.007778878,0.011697251,0.009204263,0.004777151,0.26428142,3.6166666666666667
mcy89c,657b49e32855e7001f7d9554,0.7695195,0.49022526,0.50621337,0.12989433,0.34577155,0.1690925,0.7740721,0.011183795,0.001072884,0.003681287,0.007132874,0.013336895,0.007301235,0.008433735,0.15701391,4.016666666666667
mcy89c,657b49492855e7001f7bed2c,0.11904381,0.13707347,0.09759216,0.12088228,0.07964143,0.19588226,0.1631984,0.062236045,0.001974106,0.011025362,0.019032324,0.015079016,0.009955117,0.005248968,0.33100343,1.4333333333333333
dh8gcw,657b49c48b12dc001feef0ed,0.6360558,0.37169906,0.0966388,0.24175529,0.61296684,0.48071912,0.3181054,0.1641865,0.003261566,0.009989422,0.07333439,0.016411226,0.014738814,0.004865617,0.33439875,4.566666666666666
k1k7mu,657b4afc8b12dc001ff232cb,0.09820561,0.097840905,0.7031543,0.17474432,0.075996056,0.20897695,0.10974196,0.036870047,0.001277924,0.020178653,0.013212911,0.012141321,0.007404801,0.005013059,0.31365913,8.916666666666666
k1k7mu,657b4a418b12dc001ff04979,0.15839244,0.3045994,0.28861445,0.6298299,0.084290154,0.5096251,0.18888894,0.6863638,0.023645958,0.023796257,0.71120167,0.3547165,0.24484909,0.023472913,0.39187995,5.8
k1k7mu,657b4b212855e7001f80e164,0.07813416,0.11233474,0.09286537,0.071960226,0.010717618,0.057488304,0.15086368,0.17371799,0.002088547,0.005512681,0.08459369,0.026317406,0.006621582,0.013623727,0.16575803,9.533333333333333
k1k7mu,657b4a8f8b12dc001ff1142f,0.0944899,0.08262517,0.09951106,0.124222845,0.051521268,0.13125886,0.10665018,0.019728716,0.000724793,0.00379228,0.011274899,0.010262563,0.006518017,0.003863005,0.15714188,7.1
k1k7mu,657b4aa02855e7001f7f8dd6,0.2638654,0.18607083,0.120612115,0.12088228,0.12407555,0.11456946,0.21487516,0.033806015,0.003414154,0.00588266,0.017549826,0.04266402,0.007275343,0.020288147,0.19959015,7.383333333333334
k1k7mu,657b49742855e7001f7c69da,0.16811807,0.21518372,0.8140478,0.214554,0.018274283,0.1997879,0.15435125,0.08874765,0.003147125,0.041003603,0.017088935,0.014600786,0.022681303,0.00707726,0.32828194,2.3833333333333333
272hwt,657b4a252855e7001f7e4a3f,0.6076757,0.376459,0.30077735,0.58076596,0.42928597,0.67039263,0.58246017,0.019980038,0.000939369,0.010729378,0.008538882,0.011594773,0.006349722,0.005779763,0.28287467,9.6
yxue3u,657b49c92855e7001f7d4f62,0.15597202,0.18351692,0.13384935,0.36854327,0.09097064,0.32493976,0.117599316,0.25727063,0.007972717,0.2846865,0.0817555,0.020510335,0.007456584,0.0054259,0.2512234,2.9833333333333334
yxue3u,657b4a7b2855e7001f7f3037,0.47989902,0.3322319,0.27253446,0.42676747,0.2706815,0.41671616,0.10819229,0.37955463,0.013801457,0.35948995,0.34135336,0.07255927,0.010472948,0.0108518,0.33163217,5.933333333333334
yxue3u,657b4aa82855e7001f7fa0ad,0.079922065,0.10004715,0.76679397,0.13966006,0.01948884,0.07355724,0.07706639,0.06896287,0.00169754,0.050216515,0.01617693,0.012517073,0.006401504,0.003597607,0.30488098,6.683333333333334
qztb2g,657b495d8b12dc001fedd706,0.41675794,0.44230092,0.332118,0.4397787,0.21100153,0.58068234,0.28693247,0.037577134,0.001678467,0.002663846,0.010514895,0.013849284,0.0138755,0.006516977,0.21202518,2.2333333333333334
qztb2g,657b49be8b12dc001feee0ed,0.27108505,0.3780503,0.123238094,0.4360701,0.07153199,0.49602816,0.22782518,0.15545623,0.003032684,0.010507392,0.076185785,0.015898837,0.009437286,0.006487489,0.26025352,3.85
h1gbdg,657b4aaf2855e7001f7fb3b2,0.6946641,0.54872596,0.4141544,0.14134736,0.18300076,0.3415931,0.57988566,0.028856417,0.001468658,0.002266119,0.00813988,0.013029462,0.011767523,0.005366922,0.23153861,6.033333333333333
h1gbdg,657b49f52855e7001f7dc4a8,0.41237864,0.5265206,0.12271099,0.33932132,0.25166142,0.5905363,0.2640687,0.041172907,0.001964569,0.002164375,0.009032886,0.01174849,0.025789235,0.003730306,0.1982074,2.933333333333333
h1gbdg,657b4a512855e7001f7ec6db,0.17790961,0.22893222,0.05788904,0.11434096,0.066309564,0.1331928,0.12726986,0.10739898,0.005264282,0.008768492,0.023221988,0.035148825,0.046218675,0.03184767,0.34795716,4.466666666666667
3ygxqe,657b49a58b12dc001feea059,0.2329597,0.3780503,0.09854957,0.14304936,0.15834752,0.26450998,0.25036624,0.02402467,0.001344681,0.004439743,0.0115029,0.017572641,0.007288289,0.013033954,0.18669507,2.7
3ygxqe,657b4ace2855e7001f8002cf,0.78081226,0.65909964,0.40537766,0.097804256,0.23172872,0.12934102,0.62750304,0.02638162,0.00123024,0.006363631,0.0115029,0.015249812,0.008065036,0.008787598,0.19201109,7.65
3ygxqe,657b49408b12dc001fed865c,0.6881789,0.4805095,0.46720323,0.16190393,0.28805172,0.14995342,0.70988655,0.011560776,0.001115799,0.003736784,0.007284875,0.013576009,0.007430693,0.009200439,0.16322061,1.0166666666666666
exbhzf,657b49862855e7001f7c9bc7,0.39249563,0.15857893,0.063385084,0.060451824,0.3349665,0.08282434,0.17588417,0.5566829,0.023076924,0.36598656,0.3493834,0.28593817,0.032695748,0.022647234,0.17981768,0.9166666666666666
exbhzf,657b4a6b8b12dc001ff0b90e,0.014234927,0.29706353,0.7746419,0.14928007,0.002575775,0.09592405,0.06508322,0.2524482,0.013607788,0.09410924,0.061451588,0.06495911,0.039256934,0.06164705,0.3589474,4.733333333333333
exbhzf,657b4aa72855e7001f7f9f31,0.21417195,0.25724247,0.109343514,0.15556577,0.10767364,0.17664811,0.27761862,0.19986437,0.009040833,0.10221587,0.037980765,0.08064143,0.012699619,0.018872695,0.20418674,5.75
exbhzf,657b4b5c8b12dc001ff32b1e,0.08897218,0.08957884,0.09474389,0.31476614,0.15724781,0.28943124,0.21192604,0.32289913,0.013155893,0.36942887,0.09124154,0.068967216,0.007365964,0.01686747,0.22031777,8.766666666666667
exbhzf,657b4b9b2855e7001f82188a,0.07813416,0.08957884,0.56715447,0.09484897,0.045366183,0.0483515,0.0712903,0.11078331,0.004844666,0.029144434,0.014884921,0.022218296,0.008531082,0.007667032,0.24597105,9.8
2y392g,657b496c8b12dc001fee012f,0.6495779,0.4437917,0.4913992,0.13133545,0.2604987,0.11456946,0.7311694,0.010115679,0.000777245,0.001951637,0.007265875,0.011492296,0.006699257,0.004954082,0.23894906,1.35
2y392g,657b49d28b12dc001fef1811,0.53118056,0.6395923,0.08016376,0.16509432,0.26940405,0.44840088,0.33330446,0.15600902,0.006103516,0.019274252,0.016936934,0.019348921,0.14169718,0.009495324,0.32273048,3.05
hdx478,657b4b7a2855e7001f81c826,0.80886054,0.5883604,0.56363696,0.11758787,0.26685292,0.1361225,0.6927674,0.08004235,0.001792908,0.041261412,0.025284592,0.012038844,0.006977591,0.002550763,0.21495543,8.833333333333334
hdx478,657b49a78b12dc001feea69b,0.80477667,0.5196685,0.4216076,0.08718978,0.23915827,0.2276639,0.75412166,0.17198499,0.003566742,0.10221587,0.06564732,0.01893901,0.008259222,0.006074648,0.26582876,1.05
hdx478,657b49fc2855e7001f7dd810,0.6576547,0.7472571,0.23500682,0.30992806,0.28481755,0.42846695,0.25036624,0.2763787,0.006103516,0.27875587,0.15556364,0.0157622,0.008090926,0.004777151,0.37682843,2.466666666666667
hrqurg,657b4a472855e7001f7ea9db,0.27349865,0.41427898,0.1995043,0.2782709,0.070651315,0.45633504,0.17588417,0.045625936,0.00161171,0.009175468,0.016784932,0.020442016,0.009773877,0.011795434,0.19203553,2.75
hrqurg,657b4b822855e7001f81daa8,0.72563374,0.5701861,0.3286836,0.18451619,0.1335193,0.60304576,0.6128897,0.024849601,0.001335144,0.01274247,0.008899884,0.013678487,0.007236506,0.008197826,0.22594625,8
2v72rz,657b4a802855e7001f7f3d4c,0.39249563,0.17844121,0.14045076,0.10080544,0.5160614,0.16659191,0.49173787,0.019100413,0.001754761,0.005253696,0.009146886,0.018324144,0.009023022,0.017811105,0.23944724,5.9
2v72rz,657b497a8b12dc001fee2b75,0.55087745,0.3826059,0.46833396,0.21116324,0.048411634,0.21693645,0.54696625,0.112333365,0.002727509,0.006141644,0.032028005,0.028640235,0.014048163,0.008728622,0.24848717,1.5333333333333334
2v72rz,657b49542855e7001f7c0cb8,0.5664734,0.38972762,0.39746574,0.34266365,0.38912794,0.4450875,0.31262326,0.023553278,0.001249313,0.003588792,0.00812088,0.012073003,0.010291707,0.00521948,0.3208823,0.9
2v72rz,657b4b2a8b12dc001ff2aa0b,0.15597202,0.06678165,0.61730987,0.11220199,0.10194144,0.07846774,0.12401656,0.12867521,0.004348755,0.021183543,0.036214896,0.0684662,0.008272167,0.02146769,0.23497902,8.733333333333333
h4pm8n,657b4d3f8b12dc001ff8182e,0.46550262,0.4745136,0.16106391,0.3443384,0.099318996,0.5731886,0.33191547,0.05205809,0.001430512,0.036620867,0.014960921,0.01174849,0.00679635,0.00343542,0.4538582,6.366666666666666
h4pm8n,657b4dd48b12dc001ff98228,0.76538384,0.48797828,0.6017767,0.12534684,0.059575163,0.25086454,0.5325181,0.11129999,0.002355576,0.08831879,0.025155678,0.012961143,0.006725149,0.004452776,0.3313189,8.833333333333334
2twgab,657b49438b12dc001fed8e23,0.2020805,0.22893222,0.11543151,0.097804256,0.07964143,0.10081833,0.13888659,0.038991302,0.002069473,0.005290694,0.013896915,0.02303812,0.008582866,0.017575197,0.21978843,0.85
2twgab,657b49aa8b12dc001feeae24,0.037467137,0.17340991,0.15352494,0.14304936,0.038025744,0.18941686,0.06643618,0.3389984,0.014963473,0.26155844,0.19500497,0.049678206,0.033386398,0.015687928,0.2644236,2.566666666666667
tphenx,657b4a642855e7001f7ef8aa,0.33265293,0.2601326,0.44094265,0.39010334,0.30630767,0.35956848,0.16678733,0.07054565,0.002346039,0.014149316,0.015416925,0.012312118,0.029587816,0.005573343,0.2408009,4.9
tphenx,657b4b228b12dc001ff2963d,0.42994708,0.60904735,0.2645553,0.56722206,0.39566702,0.50427204,0.18141639,0.09611836,0.001525879,0.06476828,0.023995465,0.014225035,0.006000186,0.008787598,0.14610873,8.066666666666666
tphenx,657b4b852855e7001f81e172,0.4432165,0.5303358,0.100476414,0.10798564,0.31025347,0.16410081,0.10055544,0.050821137,0.001745224,0.003052323,0.015796926,0.012482914,0.011715741,0.004511754,0.28200483,9.716666666666667
tphenx,657b49e62855e7001f7d9e29,0.3195837,0.30006987,0.0855105,0.103851885,0.22312969,0.26588342,0.55520946,0.016838523,0.001735687,0.005660672,0.009032886,0.017026093,0.008427517,0.014331453,0.22787753,2.8
tphenx,657b49bb2855e7001f7d29cd,0.18283133,0.2747411,0.0855105,0.17151402,0.14097191,0.36090797,0.0808017,0.20312156,0.004386902,0.03249594,0.13607834,0.01982715,0.017674083,0.006723397,0.13236637,2.0833333333333335
vdcy84,657b49842855e7001f7c95f5,0.2020805,0.38829944,0.85098267,0.29713845,0.04238304,0.14619578,0.253499,0.079250954,0.002613068,0.003070822,0.018581128,0.04592061,0.011405042,0.011854411,0.14807588,1.1166666666666667
vdcy84,657b4ae32855e7001f803ca4,0.7871333,0.50451654,0.5319744,0.088129774,0.3036825,0.12461543,0.8077189,0.007571052,0.000801086,0.002330865,0.00643937,0.011509376,0.006692784,0.006929818,0.195526,6.983333333333333
vdcy84,657b4a828b12dc001ff0f31f,0.30877617,0.65433705,0.2369578,0.7637372,0.4067044,0.8292408,0.14740507,0.06381883,0.002441406,0.006622616,0.023866551,0.017367685,0.01940071,0.007018283,0.16170259,5.366666666666666
vq8mx6,657b4af32855e7001f8068f4,0.23767464,0.18607083,0.5916599,0.2659053,0.15834752,0.24262819,0.06711841,0.19029272,0.00333786,0.037909906,0.08558089,0.021466793,0.010239923,0.007608055,0.23726086,4.783333333333333
vq8mx6,657b4c128b12dc001ff4f222,0.1011181,0.3260242,0.8083721,0.31800422,0.07781066,0.22901386,0.061765738,0.079250954,0.0020504,0.014450782,0.022384055,0.012858666,0.012958534,0.004098913,0.22108221,9.55
f8ykwd,657b4ab72855e7001f7fc5dd,0.14633444,0.27033064,0.11135728,0.116500415,0.091941215,0.12838791,0.14227262,0.037105743,0.001215935,0.003533295,0.01465692,0.015523086,0.007456584,0.01102873,0.29784235,5.95
f8ykwd,657b4a7b2855e7001f7f30c8,0.05557129,0.36380813,0.14417121,0.327778,0.05310001,0.3831706,0.06643618,0.08083374,0.001535416,0.06294931,0.01838776,0.012585391,0.006039023,0.005101525,0.18728492,4.966666666666667
f8ykwd,657b4a3d2855e7001f7e8de8,0.30877617,0.20707954,0.3286836,0.18124555,0.24289377,0.18428236,0.29498222,0.010618322,0.000967979,0.002737841,0.007341875,0.012790347,0.006912862,0.008020895,0.117520764,3.933333333333333
f8ykwd,657b4a0e2855e7001f7e0a6c,0.33265293,0.4917248,0.11338645,0.3561303,0.31820145,0.5690966,0.12890771,0.11336674,0.00284195,0.06795148,0.029604018,0.014088398,0.012906751,0.004688685,0.35137153,3.1666666666666665
f8ykwd,657b4adf8b12dc001ff1e115,0.22124074,0.11441821,0.24282813,0.16190393,0.26430678,0.12182798,0.23593342,0.01608456,0.000953674,0.00207188,0.007892879,0.012073003,0.007611934,0.006752886,0.22088742,6.616666666666666
yxcvef,657b4a308b12dc001ff01999,0.54776,0.4041079,0.76184404,0.07629398,0.028393986,0.10500617,0.50457335,0.23739935,0.011749268,0.011765319,0.056133457,0.10178173,0.18913531,0.033027213,0.33938602,3.5
yxcvef,657b4af42855e7001f8069c7,0.5987207,0.42747927,0.13384935,0.327778,0.22926421,0.44774035,0.40387574,0.075294,0.002975464,0.006770608,0.014276917,0.016001316,0.03304107,0.006428511,0.17614447,6.75
yxcvef,657b49de8b12dc001fef3805,0.72051436,0.6634281,0.12418452,0.47168955,0.4499487,0.6690971,0.43919402,0.4977744,0.019095084,0.04435511,0.5145894,0.24147889,0.13815513,0.01686747,0.36722857,2.1166666666666667
78gt9t,657b4ac68b12dc001ff19dc3,0.38138592,0.3732835,0.13142079,0.08165393,0.0366042,0.106708884,0.22681904,0.23271075,0.003623962,0.011025362,0.16788013,0.022149978,0.01187109,0.006782374,0.18117118,4.666666666666667
78gt9t,657b4b522855e7001f816197,0.4766716,0.3306766,0.5005111,0.09879968,0.22680563,0.16161843,0.6507959,0.015770407,0.001325607,0.004532238,0.008310881,0.016001316,0.008427517,0.01480327,0.42516878,7.016666666666667
78gt9t,657b4a518b12dc001ff074ab,0.7587219,0.5720336,0.5111599,0.2736125,0.068034075,0.21294741,0.52532464,0.03309893,0.001211166,0.002173624,0.010362893,0.011116544,0.012181788,0.003523886,0.20033196,2.7333333333333334
98e8hy,657b4c382855e7001f83a160,0.48960838,0.41136384,0.29063478,0.116500415,0.25923225,0.12743886,0.6173472,0.01218908,0.001249313,0.002904332,0.007835878,0.014737424,0.007430693,0.010556913,0.194953,6.2
98e8hy,657b4ba12855e7001f822792,0.23767464,0.10819801,0.0966388,0.09387397,0.068034075,0.23307678,0.21883002,0.04711028,0.002002716,0.010729378,0.012604907,0.022969801,0.01187109,0.020642009,0.27344254,3.7
eqbv29,657b4a498b12dc001ff05e08,0.2926585,0.31219605,0.21520184,0.2450518,0.22435349,0.19199699,0.292292,0.021314176,0.00210762,0.006104646,0.010476895,0.02119352,0.009955117,0.020170191,0.19775102,5.2
8uwram,657b4bb98b12dc001ff414ae,0.6851747,0.6429194,0.24675351,0.65851605,0.18186125,0.68765855,0.5310958,0.02638162,0.000815392,0.015355183,0.009640889,0.011014067,0.006200845,0.003921982,0.3372065,7.6
8uwram,657b4c398b12dc001ff55db2,0.27349865,0.43338785,0.19366163,0.589161,0.45199218,0.57591593,0.27629468,0.03062413,0.000729561,0.008731495,0.015720926,0.011389818,0.005835127,0.004777151,0.23267077,9.733333333333333
8uwram,657b4b7d8b12dc001ff38068,0.6365297,0.665455,0.12165971,0.66165024,0.2706815,0.7522059,0.5863199,0.031331215,0.001077652,0.019776696,0.010590895,0.01087743,0.006388559,0.003155279,0.42370945,6.6
d3acpm,657b49952855e7001f7cc7ab,0.68976945,0.42306393,0.55123705,0.12534684,0.13883325,0.15914497,0.82812697,0.011874928,0.001134872,0.003033824,0.007474876,0.012995303,0.007327127,0.008020895,0.2044851,1.7333333333333334
d3acpm,657b49722855e7001f7c650c,0.2662679,0.3322319,0.10834246,0.259786,0.12616077,0.38249207,0.15610619,0.2524482,0.012359619,0.007288578,0.020450363,0.02385794,0.34827536,0.007283681,0.27032304,1.15
d3acpm,657b49db8b12dc001fef30b9,0.0944899,0.16102377,0.82177496,0.079847895,0.03311699,0.04944667,0.1722254,0.012691722,0.000863075,0.001970136,0.007626877,0.011543535,0.006990537,0.005248968,0.1624496,2.9
8p477z,657b4af02855e7001f80615a,0.6581299,0.506782,0.12779324,0.30992806,0.46237126,0.377071,0.5051237,0.05750068,0.002355576,0.00588266,0.011236899,0.017162729,0.022335978,0.009731233,0.3034945,5.633333333333334
8p477z,657b4ba12855e7001f8227f0,0.09080389,0.17844121,0.48685062,0.14928007,0.00540308,0.10416048,0.09512816,0.09872158,0.003032684,0.010581387,0.020708188,0.019007329,0.02613456,0.006988795,0.1693761,8.583333333333334
8p477z,657b4a6d2855e7001f7f0e45,0.39919263,0.55488205,0.22906929,0.09879968,0.18987136,0.13029796,0.2789444,0.016210219,0.001344681,0.005438685,0.008804884,0.016069634,0.008194493,0.011795434,0.18245953,3.45
8p477z,657b4bf32855e7001f82ef92,0.4599112,0.50451654,0.10241937,0.08439999,0.34306496,0.116359964,0.4431837,0.021432023,0.002031326,0.007547563,0.010248893,0.020373698,0.009411395,0.016513607,0.502784,9.95
ang1gw,657b4b482855e7001f8146dc,0.4928531,0.5303358,0.08281895,0.28765815,0.23419909,0.45964542,0.5417391,0.019477395,0.000905991,0.007177584,0.009203887,0.012004685,0.00704232,0.005072037,0.25417316,8.016666666666667
e9cchn,657b4a982855e7001f7f7aed,0.034273073,0.44230092,0.0910024,0.2248042,0.018274283,0.39133596,0.074871585,0.28548008,0.011749268,0.1808059,0.16989174,0.053435806,0.063999176,0.01769315,0.12015584,2.566666666666667
fazpqt,657b4a368b12dc001ff02bd1,0.08897218,0.13473919,0.52138656,0.5497882,0.05310001,0.5070212,0.23389664,0.014827953,0.000758171,0.003181816,0.007778878,0.011065305,0.007197669,0.004954082,0.19883205,3.6166666666666667
fazpqt,657b4aec8b12dc001ff2058a,0.7094758,0.80352837,0.4267973,0.7164232,0.28417167,0.7888739,0.585034,0.055768944,0.001344681,0.04306607,0.017012933,0.011458136,0.006388559,0.003273233,0.3460226,6.65
fazpqt,657b4b3e2855e7001f812f2e,0.22357696,0.07686615,0.77658993,0.21795772,0.14851531,0.17160219,0.26622382,0.041172907,0.001449585,0.026408968,0.012262905,0.011628932,0.006621582,0.005720785,0.25443685,8.016666666666667
qtqhx9,657b4b382855e7001f811fa0,0.31525248,0.4041079,0.11237009,0.259786,0.02196079,0.26725474,0.14057605,0.0665887,0.001869202,0.0051797,0.021094928,0.012517073,0.023889944,0.003582863,0.21569228,5.316666666666666
qtqhx9,657b4b9c8b12dc001ff3cdb1,0.21417195,0.21518372,0.37370548,0.45945197,0.000188695,0.4517044,0.10206828,0.05799546,0.00123024,0.004014268,0.025929155,0.011697251,0.009256045,0.004334822,0.20726342,6.983333333333333
qtqhx9,657b4acc2855e7001f7ffd5e,0.67070556,0.4026623,0.5167424,0.11434096,0.07509518,0.21960624,0.78613335,0.015958898,0.000729561,0.002367863,0.008443882,0.011441057,0.007029374,0.004718174,0.17616999,3.5
qtqhx9,657b4a478b12dc001ff0586f,0.4432165,0.53645176,0.26853967,0.11434096,0.046121623,0.3804578,0.68411046,0.09481675,0.004329681,0.004994711,0.01302291,0.01982715,0.071698055,0.007961918,0.21284653,1.3
qtqhx9,657b4aac2855e7001f7faa55,0.42334303,0.6918954,0.21126576,0.6156804,0.052308604,0.7656371,0.42758533,0.058490243,0.002031326,0.00379228,0.018452216,0.012414595,0.032695748,0.003184767,0.34960473,2.9833333333333334
ngrehw,657b49b32855e7001f7d1523,0.06410012,0.17844121,0.5356466,0.14304936,0.040187187,0.10929321,0.10819229,0.051068526,0.001335144,0.009397456,0.021094928,0.013644327,0.007508367,0.006752886,0.19424312,1.2833333333333334
ngrehw,657b4a0b8b12dc001fefb06f,0.007779534,0.043764595,0.7168829,0.2450518,0.002575775,0.091954015,0.08698324,0.048594624,0.001363754,0.029917859,0.015264924,0.013507691,0.006420923,0.005661808,0.121743776,2.75
ngrehw,657b4a452855e7001f7ea59f,0.08714753,0.2457886,0.14230952,0.17151402,0.08904153,0.21693645,0.22281083,0.008356431,0.000567436,0.001239428,0.006743372,0.010689554,0.006446815,0.006487489,0.20503265,3.7333333333333334
ngrehw,657b49f42855e7001f7dc0b2,0.35466036,0.46553662,0.20930107,0.27052203,0.07690128,0.45468014,0.14740507,0.039226998,0.001678467,0.002386362,0.011920903,0.012004685,0.014393489,0.004334822,0.14556299,2.3666666666666667
ngrehw,657b4b938b12dc001ff3b6b6,0.4621461,0.34476215,0.3232997,0.11220199,0.08617879,0.17286047,0.6846896,0.011812098,0.001063347,0.003329807,0.007398875,0.01402008,0.007521313,0.009672256,0.19775775,9.283333333333333
7ae8d8,657b4c2d8b12dc001ff53d07,0.11904381,0.5060264,0.35628623,0.327778,0.006368987,0.39953515,0.33608648,0.041172907,0.00202179,0.005401687,0.009944891,0.015215653,0.018364733,0.006929818,0.14056803,6.266666666666667
7ae8d8,657b4c3f2855e7001f83b503,0.28544915,0.2044055,0.11543151,0.16190393,0.11992822,0.16410081,0.28693247,0.022728346,0.001497269,0.003847777,0.010134893,0.016616182,0.008259222,0.016277699,0.21160693,6.566666666666666
7ae8d8,657b4af32855e7001f80676f,0.25906992,0.21791112,0.10144578,0.078952126,0.0671697,0.13908774,0.3402706,0.014136819,0.000982285,0.002025633,0.008367881,0.010911589,0.00713294,0.006133626,0.2972047,1.0166666666666666
7ae8d8,657b4b792855e7001f81c539,0.09634415,0.38118678,0.2330567,0.29713845,0.009606131,0.43765524,0.10055544,0.030388435,0.00125885,0.002552852,0.011008898,0.012073003,0.010084574,0.003892493,0.18091954,3.2666666666666666
7ae8d8,657b4bb02855e7001f824b39,0.41675794,0.2821423,0.42976815,0.14615701,0.23667608,0.1406137,0.58953285,0.008733413,0.000729561,0.001220929,0.007094874,0.010621235,0.006304411,0.005101525,0.23713616,4.166666666666667
nnznhh,657b4a9c8b12dc001ff1350c,0.71848357,0.46777606,0.45591927,0.088129774,0.0671697,0.13908774,0.72338355,0.019980038,0.000910759,0.004883717,0.00983089,0.014839902,0.008556974,0.009023507,0.24017352,3.033333333333333
nnznhh,657b4b772855e7001f81c022,0.42994708,0.64424133,0.36062565,0.40832412,0.075996056,0.6975779,0.2749724,0.018723432,0.000858307,0.001683403,0.00819688,0.011099464,0.009048914,0.004305333,0.3082408,6.683333333333334
4224fc,657b4bff2855e7001f830cd1,0.6664855,0.45727557,0.43199885,0.4397787,0.10062749,0.4208577,0.326373,0.10175867,0.001716614,0.005623675,0.04383647,0.016342908,0.009903334,0.004983571,0.24611619,5.366666666666666
y4ucgm,657b4a738b12dc001ff0ccc5,0.35244697,0.35425907,0.24478929,0.23517443,0.26812777,0.23579577,0.37591973,0.013948329,0.001268387,0.002571351,0.008823884,0.014498309,0.007119995,0.00979021,0.24093555,2.85
y4ucgm,657b4a158b12dc001fefce19,0.33703154,0.19381917,0.0837122,0.09002491,0.092915915,0.15668073,0.2683853,0.1883923,0.004348755,0.15731181,0.035774168,0.019895468,0.007663717,0.005691297,0.27329907,1.2833333333333334
y2v46w,657b4aad2855e7001f7fad28,0.09264324,0.14652205,0.0855105,0.06857873,0.04238304,0.05990946,0.13888659,0.50503236,0.013285006,0.008435511,0.5130944,0.27207452,0.007443639,0.015805881,0.22904383,1.1333333333333333
y2v46w,657b4b048b12dc001ff245b8,0.37917098,0.5771456,0.077544875,0.099799976,0.07509518,0.3163268,0.57473046,0.014576632,0.000963211,0.0051797,0.007702877,0.013985921,0.007534259,0.008610667,0.18899389,2.566666666666667
y2v46w,657b4b602855e7001f818640,0.6379519,0.54872596,0.52931845,0.12989433,0.22068773,0.115462564,0.70988655,0.02035702,0.001487732,0.004883717,0.009317887,0.017777596,0.008065036,0.012267252,0.21395397,4.116666666666666
y2v46w,657b4c332855e7001f8395d4,0.7695195,0.49022526,0.50621337,0.12989433,0.34577155,0.1690925,0.7740721,0.011183795,0.001072884,0.003681287,0.007132874,0.013336895,0.007301235,0.008433735,0.15701391,7.633333333333334
y2v46w,657b4b3e8b12dc001ff2dd8e,0.62847555,0.39977503,0.18013267,0.10590835,0.3383367,0.4566659,0.37979394,0.034513097,0.000829697,0.004532238,0.017872108,0.010365041,0.006712203,0.003361699,0.24124208,3.533333333333333
y2v46w,657b4b892855e7001f81ed55,0.3195837,0.35744265,0.17055956,0.12088228,0.1335193,0.11016245,0.27055198,0.02072494,0.001811981,0.004088263,0.008709883,0.01893901,0.00838868,0.019108603,0.46430025,4.8
y2v46w,657b4bc68b12dc001ff43260,0.34362122,0.2044055,0.05258516,0.124222845,0.31886896,0.17412075,0.326373,0.10956833,0.003623962,0.007732552,0.031807642,0.058445938,0.007922632,0.02854495,0.18396495,5.8
y2v46w,657b4c6b2855e7001f842810,0.17300557,0.15372267,0.6189936,0.05352713,0.03946282,0.06949374,0.070585586,0.11078331,0.00492096,0.004772724,0.0114269,0.017504321,0.12536226,0.00855169,0.31882128,8.566666666666666
y2v46w,657b4cb48b12dc001ff6a51d,0.3836033,0.7375408,0.06258811,0.09387397,0.39601216,0.12461543,0.10206828,0.19939905,0.006256104,0.016460562,0.047935467,0.06746418,0.021645326,0.021821553,0.2038483,9.783333333333333
8pvz4r,657b4af02855e7001f805fac,0.18283133,0.16347843,0.8772132,0.13966006,0.103260614,0.08656024,0.36557105,0.015581916,0.000777245,0.002626848,0.008823884,0.012926984,0.006925808,0.006399023,0.17619543,0.9833333333333333
8pvz4r,657b4b1d2855e7001f80d86c,0.35244697,0.2688658,0.10144578,0.116500415,0.07964143,0.20371327,0.37205505,0.14950264,0.009155273,0.007658557,0.012680908,0.023106437,0.13717735,0.014272475,0.20210996,1.7333333333333334
8pvz4r,657b4b7b8b12dc001ff37b0b,0.6138126,0.41866332,0.26256776,0.14615701,0.14527039,0.2617657,0.60746896,0.10696511,0.006332398,0.007658557,0.012224905,0.021125201,0.07246469,0.015569973,0.22278365,3.283333333333333
8pvz4r,657b4bc98b12dc001ff439e3,0.87072456,0.7520954,0.60270923,0.12310397,0.5089225,0.19070588,0.84783274,0.01024134,0.000863075,0.002700844,0.007094874,0.012517073,0.007249452,0.008433735,0.2837157,4.583333333333333
8pvz4r,657b4ce32855e7001f856f04,0.47989902,0.376459,0.10536304,0.09290418,0.080563076,0.1361225,0.42560092,0.10783285,0.005531311,0.007547563,0.014200917,0.016616182,0.060119797,0.010379982,0.19999866,9.3
weze9d,657b4a5e8b12dc001ff098fa,0.7769206,0.77182335,0.5677011,0.50174785,0.17168832,0.66260326,0.6103405,0.05750068,0.002441406,0.002155125,0.010096892,0.01309778,0.046218675,0.004777151,0.16490747,1.4666666666666666
weze9d,657b4ada8b12dc001ff1d490,0.4643835,0.5709251,0.27653974,0.49286088,0.17732301,0.7059025,0.45499066,0.030859824,0.001897812,0.002774839,0.007930879,0.012858666,0.013476364,0.006222091,0.1833766,3.533333333333333
qpkuzb,657b4b272855e7001f80f2ec,0.45879477,0.45276767,0.32124072,0.2450518,0.23915827,0.22496933,0.5023722,0.009613037,0.001125336,0.00258985,0.007037873,0.013610168,0.007521313,0.009023507,0.14968291,5.733333333333333
qpkuzb,657b4a268b12dc001feffc4a,0.769056,0.528046,0.5376001,0.16509432,0.15615022,0.23715812,0.798334,0.016021729,0.000910759,0.003866276,0.008386881,0.013200258,0.007081157,0.008846575,0.3213879,1.4333333333333333
qpkuzb,657b49fe8b12dc001fef8eca,0.44543546,0.72777325,0.11338645,0.3493781,0.19102257,0.5765971,0.2829303,0.11119666,0.002632141,0.09741807,0.022512967,0.019690514,0.008362788,0.007961918,0.23488052,0.7833333333333333
qpkuzb,657b4a5c8b12dc001ff092a4,0.14633444,0.38402683,0.29265818,0.21795772,0.17056693,0.19848377,0.097779684,0.09438288,0.003013611,0.013445892,0.030375287,0.023721304,0.008375733,0.012974978,0.32838768,2.35
qpkuzb,657b4bc32855e7001f827aa2,0.78397816,0.38402683,0.33383814,0.06527268,0.19102257,0.13029796,0.7711438,0.04686289,0.001564026,0.00310782,0.021997316,0.014361672,0.008155655,0.012149297,0.28096566,8.333333333333334
heycm1,657b4ad12855e7001f800b76,0.8083518,0.47301415,0.55063325,0.09879968,0.28223592,0.13125886,0.8262744,0.009990019,0.001020432,0.002848835,0.006819372,0.012585391,0.007197669,0.007784986,0.18154414,0.7166666666666667
heycm1,657b4cee8b12dc001ff743dd,0.07635384,0.13010159,0.0658001,0.12310397,0.040915363,0.17160219,0.06575776,0.17198499,0.003948212,0.011617327,0.03566399,0.02433617,0.03787563,0.00855169,0.2787158,9.716666666666667
heycm1,657b4c948b12dc001ff64fb4,0.7355092,0.7977558,0.476635,0.4973001,0.32020485,0.59697676,0.70534813,0.034277402,0.002059937,0.001775897,0.009165886,0.010740792,0.016120117,0.003494397,0.23983993,8.233333333333333
heycm1,657b4b228b12dc001ff2956d,0.5675027,0.49247497,0.2330567,0.3614341,0.23543736,0.5912147,0.54788333,0.026735162,0.001401901,0.001748149,0.008690883,0.010894509,0.011172019,0.003759795,0.35187677,2.066666666666667
heycm1,657b4bf78b12dc001ff4ac8d,0.22124074,0.2044055,0.19172014,0.17474432,0.17732301,0.13710694,0.29094967,0.015958898,0.001173019,0.002682345,0.008918885,0.014464149,0.007119995,0.008728622,0.34212086,5.6
yv3tkp,657b4a688b12dc001ff0b1f8,0.17055981,0.37169906,0.13628586,0.20778568,0.025131965,0.45832098,0.28826994,0.009424546,0.000510216,0.00189614,0.007066373,0.010125926,0.006776932,0.003921982,0.17516063,1.2666666666666666
yv3tkp,657b4ad02855e7001f8008d8,0.18770115,0.3384778,0.10536304,0.26284042,0.06040291,0.42431307,0.10358816,0.103494145,0.003185272,0.003292809,0.018516673,0.013507691,0.05397744,0.004069425,0.21472505,3
gvnheg,657b4cff2855e7001f85b679,0.79911673,0.5694475,0.49595335,0.09879968,0.35459033,0.113679945,0.7825765,0.010681152,0.000967979,0.002719343,0.007151874,0.012380436,0.006809296,0.006959306,0.25205532,0.6166666666666667
gvnheg,657b4d548b12dc001ff84ee8,0.2542906,0.40555513,0.07928687,0.11758787,0.05389532,0.20371327,0.20801824,0.26293078,0.006065369,0.04951127,0.24630153,0.016411226,0.023544617,0.004747662,0.20764863,2.05
xtbkba,657b4af58b12dc001ff21eba,0.35466036,0.31831792,0.0658001,0.088129774,0.10767364,0.10842784,0.3402706,0.02402467,0.002231598,0.007732552,0.00983089,0.01805087,0.008789998,0.01374168,0.28162584,1.0666666666666667
aany98,657b4a488b12dc001ff05bcc,0.43878457,0.5594913,0.25661674,0.3721121,0.057116542,0.5830636,0.35640088,0.023317585,0.000844002,0.003662788,0.0113889,0.011663092,0.007767282,0.005661808,0.1908001,4.233333333333333
aany98,657b4b0a2855e7001f80a6d3,0.7221033,0.50527126,0.26256776,0.5458423,0.103260614,0.65543103,0.25245318,0.05205809,0.001306534,0.018671319,0.020256994,0.011201942,0.007340072,0.004334822,0.40796793,7.466666666666667
74rtp3,657b4b652855e7001f819200,0.34582332,0.43338785,0.11440699,0.39010334,0.03946282,0.66974515,0.39537796,0.07054565,0.001630783,0.030175667,0.018774498,0.011936366,0.008026198,0.004216868,0.29892406,3.3333333333333335
74rtp3,657b4c782855e7001f844a4f,0.8096229,0.44827244,0.5527782,0.21116324,0.17845505,0.5888395,0.7833714,0.02249265,0.000958443,0.011247349,0.008310881,0.011082385,0.007068211,0.005013059,0.23441511,7.933333333333334
74rtp3,657b4cbf8b12dc001ff6c519,0.079922065,0.12096021,0.13142079,0.35106236,0.17845505,0.44642007,0.06849398,0.069754265,0.002326965,0.029660052,0.015492925,0.018392462,0.0130621,0.008728622,0.30211616,9.1
74rtp3,657b4b868b12dc001ff395ff,0.28784943,0.2925717,0.0864158,0.07367923,0.043866858,0.15668073,0.33608648,0.014073989,0.000777245,0.002793338,0.007854878,0.010638315,0.007119995,0.004954082,0.28067434,3.8833333333333333
74rtp3,657b4c1e8b12dc001ff512ae,0.4576787,0.34791833,0.32525784,0.29713845,0.113765255,0.54566634,0.31536126,0.11109332,0.002746582,0.07591068,0.024382202,0.01764096,0.008893564,0.007136237,0.26766562,6.416666666666667
74rtp3,657b4ae02855e7001f80341c,0.21657933,0.46255174,0.22112842,0.29713845,0.07153199,0.4270814,0.37269858,0.04216247,0.001487732,0.033784978,0.012832909,0.013473531,0.007534259,0.005986183,0.2621603,1.1166666666666667
z8nren,657b4a482855e7001f7ead4b,0.7300433,0.4245341,0.45742086,0.12088228,0.22068773,0.12649381,0.784164,0.014450971,0.001354218,0.004347248,0.008234881,0.015283971,0.007922632,0.010969753,0.32337478,0.8666666666666667
z8nren,657b4b4d8b12dc001ff30534,0.18770115,0.12779967,0.054834552,0.06609225,0.11581159,0.076340675,0.0808017,0.37073207,0.01322045,0.02128403,0.26957804,0.17287734,0.0100069,0.038217206,0.2140943,5.216666666666667
z8nren,657b4c412855e7001f83b97b,0.060666207,0.24012628,0.11338645,0.14615701,0.21946844,0.13222396,0.17956558,0.11171334,0.005683899,0.016259583,0.035443626,0.07482228,0.00951496,0.048396565,0.33027095,9.283333333333333
z8nren,657b4c4d2855e7001f83d920,0.43878457,0.22893222,0.28457916,0.10590835,0.26430678,0.09592405,0.41306645,0.03639866,0.002098084,0.003533295,0.014276917,0.024951037,0.007417747,0.014449406,0.37486345,9.483333333333333
z8nren,657b4ab52855e7001f7fc303,0.58090544,0.29107937,0.1743793,0.11434096,0.147432,0.12555276,0.19836703,0.20839658,0.006103516,0.17536941,0.07270074,0.017436003,0.011379151,0.005986183,0.36104575,2.683333333333333
z8nren,657b4b932855e7001f8205be,0.26146647,0.11651174,0.032601394,0.02401706,0.12825382,0.05929897,0.1964577,0.1883923,0.010528564,0.016159095,0.022448512,0.026590679,0.10542984,0.016513607,0.56271553,6.383333333333334
z8nren,657b4bd18b12dc001ff44e18,0.39695814,0.29107937,0.39481232,0.116500415,0.19217539,0.113679945,0.41767693,0.19789438,0.011291504,0.028628819,0.027730936,0.04742365,0.07476458,0.022647234,0.20883235,7.416666666666667
z8nren,657b4c152855e7001f83460f,0.35244697,0.35425907,0.24478929,0.23517443,0.26812777,0.23579577,0.37591973,0.013948329,0.001268387,0.002571351,0.008823884,0.014498309,0.007119995,0.00979021,0.24093547,8.55
7t394d,657b4a788b12dc001ff0daca,0.31525248,0.18607083,0.074962124,0.13966006,0.20860094,0.19718185,0.38886753,0.12867521,0.004692078,0.1015541,0.025800243,0.024472807,0.007340072,0.00937737,0.18424083,1.4333333333333333
wqt3bc,657b4a2d2855e7001f7e5fdc,0.104675725,0.14414358,0.12418452,0.13464333,0.08523248,0.1331928,0.14740507,0.36456755,0.014317908,0.28034934,0.19967617,0.08355101,0.013476364,0.011205662,0.16215599,0.85
wqt3bc,657b4a132855e7001f7e165b,0.29989743,0.21791112,0.07841389,0.101815864,0.21825084,0.10331885,0.17956558,0.050573748,0.001735687,0.006881601,0.01890341,0.016035475,0.007611934,0.009023507,0.25435027,0.43333333333333335
wqt3bc,657b4a898b12dc001ff10489,0.2447739,0.18607083,0.53939825,0.11114024,0.31886896,0.099992886,0.17772123,0.019980038,0.001487732,0.003126319,0.008500882,0.017436003,0.007857903,0.015098156,0.2726717,2.4
wqt3bc,657b4ac22855e7001f7fe31c,0.10824748,0.06589487,0.6438311,0.1977331,0.21461551,0.12934102,0.20317163,0.021432023,0.001468658,0.003052323,0.009241886,0.015967157,0.00746953,0.014213498,0.2296118,3.35
wqt3bc,657b4b068b12dc001ff24b91,0.042314984,0.1324148,0.61730987,0.088129774,0.15944919,0.0749414,0.054174844,0.45921504,0.02420936,0.019475231,0.22770336,0.47435758,0.032695748,0.13809544,0.21213917,4.466666666666667
adqrrf,657b4a9c8b12dc001ff1336c,0.24952528,0.24012628,0.10834246,0.18124555,0.0671697,0.23036613,0.30308986,0.085582085,0.003376007,0.043581683,0.015568925,0.024062896,0.008453408,0.013446795,0.19922352,1.7
adqrrf,657b4a648b12dc001ff0a724,0.5550391,0.36695787,0.41938704,0.10487753,0.15724781,0.19329,0.79759216,0.013068704,0.001325607,0.003718285,0.007797878,0.014976538,0.008026198,0.011559526,0.20003302,0.7666666666666667
adqrrf,657b4c888b12dc001ff62c40,0.5519171,0.35425907,0.39216214,0.13966006,0.19217539,0.16161843,0.6962129,0.009298885,0.000944138,0.002645347,0.007085374,0.012380436,0.006828715,0.006723397,0.133772,9.9
gqqh6m,657b4a6d2855e7001f7f0cb3,0.0835197,0.13941906,0.20537321,0.2782709,0.028393986,0.31061715,0.05602414,0.18459146,0.003833771,0.18391247,0.054376744,0.015010698,0.007094103,0.004305333,0.33299378,1.3833333333333333
gqqh6m,657b4ab98b12dc001ff17d5c,0.104675725,0.16842249,0.09951106,0.10590835,0.046880882,0.09753984,0.10819229,0.021903414,0.000662804,0.002164375,0.010970897,0.01220964,0.006848133,0.004452776,0.1911389,2.65
gqqh6m,657b4b1f8b12dc001ff28c52,0.64767843,0.43338785,0.34763828,0.34769598,0.14851531,0.41878623,0.20028363,0.3389984,0.010681152,0.21668483,0.25205973,0.08710717,0.022163315,0.19935477,0.35403916,4.333333333333333
gqqh6m,657b4a398b12dc001ff032f4,0.11904381,0.21518372,0.11646001,0.10694439,0.12407555,0.17412075,0.13055216,0.23343207,0.004138947,0.005475683,0.09563028,0.0816113,0.007857903,0.017339287,0.242109,0.5166666666666667
bcvytc,657b4c618b12dc001ff5c573,0.0693074,0.25724247,0.22906929,0.22137496,0.084290154,0.34305015,0.19455506,0.019100413,0.000915527,0.004476741,0.010362893,0.015010698,0.007573096,0.007784986,0.23174566,5.766666666666667
bcvytc,657b4bc88b12dc001ff43940,0.8424654,0.7440239,0.6036358,0.4360701,0.22435349,0.70234245,0.79684764,0.039935954,0.00123024,0.0233943,0.011996903,0.010365041,0.006848133,0.00302258,0.27100557,3.2333333333333334
bcvytc,657b4c232855e7001f836aa1,0.27349865,0.6770006,0.15164815,0.32287985,0.03311699,0.6290916,0.32499117,0.049584184,0.001516342,0.03223813,0.012984909,0.012038844,0.007107049,0.003863005,0.3025625,4.75
bcvytc,657b4cd72855e7001f854d3e,0.6505277,0.4670292,0.6371609,0.47168955,0.38912794,0.48970208,0.41438255,0.17458448,0.003910065,0.1294935,0.06302499,0.024199532,0.009204263,0.007784986,0.3401976,7.75
9qvcma,657b4adc2855e7001f8028b2,0.80092335,0.5494945,0.54494834,0.113268904,0.28869942,0.12555276,0.7876966,0.017215505,0.001535416,0.005364689,0.008253881,0.016821137,0.007909686,0.009554301,0.4742578,0.8666666666666667
9qvcma,657b4c248b12dc001ff524e2,0.09634415,0.50527126,0.88592035,0.53296924,0.009606131,0.43428272,0.20124449,0.057005897,0.00246048,0.004347248,0.012984909,0.014156717,0.038220957,0.006369534,0.2554128,6.333333333333333
9qvcma,657b4b738b12dc001ff366a3,0.7073114,0.49097496,0.5107794,0.23170424,0.16055275,0.35476664,0.7945969,0.036162965,0.001888275,0.006696612,0.010020891,0.017367685,0.011819307,0.015334064,0.2371862,3.3666666666666667
9qvcma,657b4b2f2855e7001f8106e6,0.28305343,0.48947597,0.6897812,0.23517443,0.084290154,0.25086454,0.10358816,0.051563308,0.0020504,0.004532238,0.014200917,0.016411226,0.01238892,0.007224703,0.17025408,2.25
7dghg6,657b4bf08b12dc001ff49a53,0.34142166,0.4026623,0.6371609,0.51425433,0.06040291,0.57761896,0.25664577,0.046120718,0.001926422,0.003200315,0.010324894,0.012585391,0.029415153,0.005396411,0.1906769,6.6
7dghg6,657b4ad32855e7001f801007,0.09080389,0.17340991,0.058662415,0.06857873,0.028393986,0.13514197,0.13888659,0.06500591,0.002632141,0.00569767,0.014276917,0.014566627,0.024753258,0.005543854,0.21126437,1.85
7dghg6,657b4b8f8b12dc001ff3ad77,0.0944899,0.08068535,0.8759155,0.2248042,0.032430932,0.12649381,0.21982273,0.028620722,0.001144409,0.002053381,0.009507888,0.010467518,0.010990778,0.003302722,0.17094257,5
7dghg6,657b4ab58b12dc001ff171fc,0.53842354,0.6458597,0.24282813,0.63219434,0.117865905,0.80471885,0.3236107,0.1537979,0.003376007,0.009767435,0.06459839,0.017777596,0.04132889,0.006163114,0.15284973,1.35
xzpby3,657b4c0b8b12dc001ff4e035,0.07458106,0.18863499,0.751842,0.14615701,0.038742248,0.16410081,0.09911501,0.032391842,0.000882149,0.01465176,0.011882903,0.010023449,0.006246155,0.002462297,0.22168355,5
ymtg86,657b4b8e8b12dc001ff3ab7d,0.7913222,0.47976455,0.5674669,0.08718978,0.28611034,0.111035876,0.7833714,0.009927189,0.000844002,0.002571351,0.006885872,0.012073003,0.007094103,0.006782374,0.2851372,4.65
ymtg86,657b4aa58b12dc001ff1495f,0.21174517,0.12096021,0.11852835,0.28765815,0.29714707,0.28943124,0.18514048,0.15324512,0.003204346,0.1294935,0.032799274,0.017367685,0.006310884,0.004806639,0.2404285,0.7166666666666667
ymtg86,657b4ae48b12dc001ff1f00e,0.7266926,0.35744265,0.49671254,0.07367923,0.15505424,0.17034614,0.364157,0.15711457,0.003490448,0.099072486,0.056133457,0.018324144,0.013269233,0.007843964,0.23121074,1.8
ymtg86,657b4b398b12dc001ff2d0ae,0.16081753,0.22339956,0.13506666,0.3721121,0.12616077,0.41809615,0.07706639,0.05824285,0.001430512,0.04512853,0.01819439,0.012995303,0.006582745,0.003346955,0.3364351,3.2
ymtg86,657b4b7b8b12dc001ff37bd6,0.34802857,0.20707954,0.27653974,0.32450983,0.2997563,0.40639198,0.08386083,0.25462922,0.004615784,0.2781757,0.110259406,0.018529098,0.00737891,0.006281069,0.34929168,4.316666666666666
ymtg86,657b4c8a2855e7001f847a1a,0.6351079,0.2821423,0.4027509,0.10080544,0.23543736,0.14619578,0.7744835,0.025910228,0.002193451,0.005623675,0.010172892,0.02167175,0.009566744,0.024888365,0.6674976,8.8
ymtg86,657b4c232855e7001f836bf4,0.48097566,0.32293442,0.24675351,0.11114024,0.28223592,0.13222396,0.57021374,0.010932474,0.001001358,0.002340114,0.007740878,0.014190876,0.006511543,0.010497936,0.14956313,7.133333333333334
9yg49x,657b4cbb2855e7001f8502b9,0.027973387,0.32447803,0.7995081,0.13966006,0.020101214,0.07016175,0.06711841,0.012440401,0.000638962,0.002478856,0.007588876,0.01130442,0.00670573,0.005337434,0.20455013,4.666666666666667
9yg49x,657b4d402855e7001f865ac3,0.10824748,0.25149468,0.68762726,0.12761015,0.08335247,0.12461543,0.07929607,0.035220183,0.00128746,0.022188433,0.011122898,0.013678487,0.007340072,0.007431123,0.2468694,6.866666666666666
9yg49x,657b4c6a2855e7001f8425c9,0.1320083,0.19121124,0.72523415,0.23517443,0.049183033,0.13908774,0.059177935,0.19789438,0.004043579,0.19693321,0.04852104,0.015523086,0.007119995,0.003833516,0.27116725,3.316666666666667
9yg49x,657b4ce78b12dc001ff732ba,0.05557129,0.093667574,0.29265818,0.18451619,0.06291008,0.27551848,0.22681904,0.021549871,0.00123024,0.004032766,0.009412888,0.015898837,0.007961469,0.011264639,0.15413211,5.4
9yg49x,657b4d932855e7001f8727d8,0.012745438,0.102069505,0.14230952,0.14615701,0.016478393,0.3063505,0.21487516,0.028620722,0.001087189,0.003977269,0.013516913,0.01354185,0.007521313,0.00687084,0.1633591,8.25
b86bpg,657b4b138b12dc001ff26dd7,0.026417224,0.07781315,0.26853967,0.2643714,0.05389532,0.38724858,0.13386428,0.014702292,0.000648499,0.003015325,0.00806388,0.009716015,0.006828715,0.00374505,0.18082839,0.7833333333333333
b86bpg,657b4ba18b12dc001ff3d9a3,0.52911484,0.4452839,0.4216076,0.13966006,0.25040436,0.27967444,0.36274412,0.36867723,0.011901856,0.44690517,0.24928534,0.04642162,0.009981008,0.012208274,0.27671376,3.15
b86bpg,657b4d262855e7001f861b55,0.38804337,0.35425907,0.21126576,0.17798842,0.22680563,0.15668073,0.44952407,0.002733118,0.000531673,0.000587341,0.005451364,0.009451281,0.005534138,0.004275845,0.19418794,9.65
b86bpg,657b4c258b12dc001ff5278a,0.5550391,0.78079134,0.16675195,0.40832412,0.3036825,0.5129637,0.40322062,0.08716487,0.001535416,0.06613251,0.022061773,0.013063621,0.005925748,0.002830904,0.34470314,5.366666666666666
ydnvq9,657b4c3e2855e7001f83b2ab,0.33265293,0.29107937,0.21717434,0.24836068,0.2706815,0.2276639,0.2976776,0.024849601,0.001907349,0.0034593,0.011654901,0.019553876,0.007482476,0.012974978,0.20521541,5.816666666666666
ydnvq9,657b4cd68b12dc001ff7055a,0.02953679,0.14891115,0.14045076,0.44334027,0.06977485,0.503689,0.10206828,0.025792383,0.001153946,0.002515854,0.008006879,0.011868048,0.010214032,0.004600219,0.20353514,8.35
ydnvq9,657b4d188b12dc001ff7b4f1,0.4432165,0.35584986,0.2645553,0.13464333,0.20262691,0.16161843,0.48752347,0.013445686,0.001077652,0.002118127,0.007949878,0.012722028,0.00704232,0.007195215,0.24278465,9.433333333333334
ydnvq9,657b4b408b12dc001ff2e2ba,0.71998465,0.38687348,0.5791836,0.12647597,0.21461551,0.13809541,0.799073,0.005623313,0.000619888,0.001045189,0.006268369,0.009852652,0.006097279,0.004364311,0.18687455,1.5666666666666667
ydnvq9,657b4c278b12dc001ff52bbb,0.29025218,0.67595387,0.31918415,0.7601954,0.10969645,0.81285334,0.34446642,0.037105743,0.001354218,0.002118127,0.012870909,0.011355659,0.01238892,0.003759795,0.24872157,5.416666666666667
1kzmcb,657b4c158b12dc001ff4fb57,0.002002581,0.42012855,0.07241507,0.26284042,0.009606131,0.47506902,0.120793216,0.07450261,0.00246048,0.006474625,0.016936934,0.01982715,0.014911477,0.00563232,0.21316305,4.466666666666667
1kzmcb,657b4cc02855e7001f850fea,0.5855559,0.37011713,0.5330682,0.11977882,0.1841414,0.13222396,0.70988655,0.008607753,0.000653267,0.001248678,0.006762371,0.010518758,0.006401504,0.004659196,0.21754788,7.316666666666666
1kzmcb,657b4b582855e7001f8170c7,0.76643467,0.5265206,0.520906,0.27982917,0.20029284,0.47058663,0.7857409,0.02402467,0.000748634,0.004772724,0.012186904,0.010501678,0.006239682,0.003007836,0.18269902,1.3166666666666667
1kzmcb,657b4ba88b12dc001ff3e8fa,0.77368534,0.7195998,0.6354899,0.4796011,0.34441784,0.5973153,0.6916168,0.040430736,0.001392365,0.024198212,0.011236899,0.013131939,0.00713294,0.004777151,0.2670394,2.6333333333333333
1kzmcb,657b4d4b8b12dc001ff835e4,0.752052,0.85092026,0.60886145,0.45945197,0.093894765,0.6144571,0.55026716,0.057748068,0.002069473,0.011617327,0.017420914,0.015932998,0.012906751,0.006605443,0.2187526,9.616666666666667
rc32br,657b4b618b12dc001ff33884,0.34582332,0.3045994,0.3614949,0.2384713,0.19796546,0.17412075,0.30989113,0.013508516,0.001239777,0.003477799,0.007702877,0.014703264,0.007495422,0.010969753,0.1600719,3.4166666666666665
rc32br,657b4b482855e7001f814730,0.80014974,0.43190852,0.60332817,0.29872808,0.46523106,0.45600423,0.7476281,0.09481675,0.002202988,0.062039822,0.019999169,0.011816809,0.006433869,0.004305333,0.21613137,3
rc32br,657b4b938b12dc001ff3b61e,0.14154164,0.21518372,0.22509329,0.214554,0.15396011,0.28803274,0.33608648,0.012817383,0.001001358,0.004328749,0.007683877,0.013371054,0.007508367,0.010144074,0.15573095,4.233333333333333
rc32br,657b4bf88b12dc001ff4afcc,0.115430765,0.0749873,0.63046956,0.327778,0.11992822,0.23715812,0.21783899,0.030859824,0.001373291,0.020078164,0.010552894,0.01442999,0.007016428,0.009141461,0.2628052,5.933333333333334
rc32br,657b4ca28b12dc001ff6751b,0.71795386,0.7195998,0.31097922,0.63168776,0.21825084,0.813794,0.6794696,0.03062413,0.000944138,0.014149316,0.012110904,0.011577694,0.006485652,0.003759795,0.34360075,8.766666666666667
dhzttc,657b4d048b12dc001ff78084,0.7818688,0.45276767,0.6515826,0.12534684,0.17056693,0.17160219,0.8323483,0.007728128,0.000710487,0.001775897,0.006619871,0.01086035,0.006602164,0.004570731,0.28226683,8.9
dhzttc,657b4ba42855e7001f822e69,0.047229487,0.13010159,0.11440699,0.48401058,0.11172729,0.63703275,0.054174844,0.11067997,0.004081726,0.003181816,0.015264924,0.014088398,0.13245705,0.005101525,0.27285385,3.033333333333333
dhzttc,657b4ca22855e7001f84babc,0.7746103,0.4437917,0.6170291,0.4360701,0.14960077,0.55268854,0.6904651,0.04834723,0.002393723,0.002534353,0.009146886,0.012448754,0.039947584,0.004482265,0.29161426,7.25
2uycde,657b4c878b12dc001ff62af1,0.03907572,0.081652805,0.2785459,0.3163838,0.010717618,0.37774765,0.13055216,0.032627538,0.001382828,0.00828752,0.010134893,0.014361672,0.007728445,0.007843964,0.21939774,6.85
2uycde,657b4c222855e7001f8366ee,0.69684815,0.4670292,0.11749236,0.5939658,0.30433813,0.81285334,0.7562747,0.02343543,0.001139641,0.015053716,0.008595883,0.01265371,0.006912862,0.006458,0.3850123,5.166666666666667
f3dq94,657b4c102855e7001f83370d,0.80580056,0.605776,0.49519384,0.08165393,0.30959514,0.15668073,0.80630666,0.009236055,0.000905991,0.00310782,0.006743372,0.012380436,0.006990537,0.007784986,0.24261731,2.95
f3dq94,657b4c972855e7001f849e96,0.82315874,0.5541114,0.46042702,0.3739005,0.2554408,0.6016993,0.80630666,0.025320992,0.001344681,0.002867334,0.00806388,0.011936366,0.010990778,0.004836128,0.22596584,5.2
f3dq94,657b4dae2855e7001f876800,0.39695814,0.43190852,0.23106146,0.116500415,0.13246238,0.24125785,0.50108826,0.012880214,0.00128746,0.003903274,0.007455876,0.014669105,0.008181547,0.013151909,0.19870237,9.85
f3dq94,657b4bb52855e7001f825775,0.32175437,0.68403965,0.068251,0.13133545,0.26430678,0.36157814,0.6039543,0.021314176,0.001840591,0.006326634,0.008424882,0.01627459,0.008815889,0.010438959,0.21344453,1.4333333333333333
ux2wnk,657b4d4b8b12dc001ff83786,0.72475123,0.7182344,0.5891671,0.3721121,0.07509518,0.3568231,0.65392077,0.05799546,0.002346039,0.002608349,0.011274899,0.012995303,0.036839653,0.004865617,0.17999752,5.216666666666667
ux2wnk,657b4e0e8b12dc001ffa13eb,0.07635384,0.10819801,0.743745,0.08625509,0.054694567,0.06882956,0.11129911,0.021549871,0.000972748,0.003533295,0.010324894,0.012175481,0.00756015,0.008315781,0.2615477,8.45
ux2wnk,657b4e5d2855e7001f891f83,0.30662343,0.29706353,0.20341371,0.23170424,0.26557916,0.2076579,0.3139914,0.026028076,0.00246048,0.004883717,0.012186904,0.024951037,0.008608758,0.019108603,0.15893656,9.783333333333333
ux2wnk,657b4de22855e7001f87e237,0.21417195,0.18351692,0.6537917,0.23170424,0.034500618,0.20371327,0.19836703,0.055768944,0.002412796,0.003366805,0.009070885,0.013029462,0.049451493,0.004423288,0.29329896,7.716666666666667
ux2wnk,657b4cb68b12dc001ff6aabf,0.19967446,0.26594394,0.1063522,0.20107053,0.07509518,0.47091848,0.1907705,0.055026773,0.002536774,0.002793338,0.010628895,0.012073003,0.044602267,0.004541242,0.28846207,2.716666666666667
ux2wnk,657b4d852855e7001f870765,0.49610168,0.33535045,0.45291796,0.1100836,0.058751587,0.21294741,0.76827323,0.011058134,0.000815392,0.002441859,0.007816878,0.011714331,0.007055265,0.007136237,0.2874468,6.166666666666667
7ky9fy,657b4bf02855e7001f82e63a,0.80092335,0.6691607,0.4544182,0.17474432,0.597143,0.17034614,0.7833714,0.01237757,0.000815392,0.005586676,0.007759878,0.011970525,0.006537435,0.005956694,0.3334794,5.266666666666667
7ky9fy,657b4b408b12dc001ff2e2ad,0.4842099,0.61323,0.25069022,0.07629398,0.21946844,0.119989015,0.5348584,0.017718147,0.000786781,0.002663846,0.009260887,0.012892825,0.0065698,0.004954082,0.12035812,2.316666666666667
7ky9fy,657b4b878b12dc001ff399fb,0.4874476,0.6547244,0.4088853,0.25168148,0.20029284,0.33215606,0.45191476,0.15987846,0.002613068,0.028016793,0.07016616,0.021535112,0.00627852,0.006575955,0.116799556,3.5166666666666666
b2vzhh,657b4c192855e7001f835093,0.49718535,0.34791833,0.35282215,0.18451619,0.21220426,0.2156048,0.48129812,0.014576632,0.001173019,0.003144818,0.007892879,0.015147334,0.007223561,0.0108518,0.16374736,4.533333333333333
b2vzhh,657b4bc52855e7001f827eb9,0.6507651,0.7940937,0.32124072,0.55057806,0.21946844,0.7176863,0.48953858,0.08241652,0.002269745,0.00431025,0.023093075,0.015898837,0.030623792,0.00353863,0.25872132,3.1333333333333333
tufd4q,657b4b3a2855e7001f812382,0.29025218,0.5166301,0.12538517,0.2767157,0.025131965,0.43461987,0.21982273,0.027206551,0.001583099,0.002182874,0.007626877,0.0113215,0.012958534,0.004924594,0.16994563,1.95
tufd4q,657b4c128b12dc001ff4f423,0.19247882,0.2688658,0.06661317,0.17798842,0.02449039,0.30919355,0.17588417,0.031213367,0.001430512,0.002737841,0.008975885,0.011167783,0.012285355,0.003553374,0.19502316,5.55
tufd4q,657b4ceb8b12dc001ff73d9c,0.29025218,0.14177594,0.19366163,0.18780111,0.07509518,0.24125785,0.24311097,0.123468354,0.005340576,0.023193322,0.028832749,0.10178173,0.008505191,0.14190358,0.19074419,9.166666666666666
wz6r8e,657b4baf8b12dc001ff3fc8c,0.27108505,0.27326855,0.2330567,0.18124555,0.11581159,0.25086454,0.20317163,0.12260055,0.006103516,0.004772724,0.013782915,0.024472807,0.1366716,0.012385205,0.24800768,2.783333333333333
wz6r8e,657b4b5f2855e7001f818221,0.35687628,0.46553662,0.585269,0.26744163,0.064601645,0.45335737,0.29363582,0.046120718,0.002374649,0.002978328,0.008519882,0.013678487,0.036149003,0.006575955,0.3230938,1.45
wz6r8e,657b4bf38b12dc001ff4a2a1,0.45210588,0.30611402,0.3580206,0.11977882,0.20381775,0.12743886,0.5098025,0.008670582,0.000815392,0.002099628,0.006781372,0.01220964,0.006763986,0.007784986,0.15395038,3.9166666666666665
74kfer,657b4b4b8b12dc001ff2ff1c,0.78292406,0.74456316,0.33900893,0.12088228,0.36753565,0.24400055,0.62750304,0.032627538,0.001106262,0.005993653,0.015644927,0.013883443,0.006783404,0.00707726,0.34219396,0.9333333333333333
74kfer,657b4c068b12dc001ff4d468,0.8098767,0.5598595,0.5359592,0.09002491,0.23049566,0.12182798,0.82376325,0.008796243,0.000867844,0.002229121,0.006629371,0.011406898,0.006757513,0.005750274,0.25071633,4.066666666666666
74kfer,657b4bb52855e7001f8258a1,0.5539978,0.30006987,0.12779324,0.27052203,0.23049566,0.43765524,0.20028363,0.2412222,0.005493164,0.23239216,0.0810151,0.02433617,0.008556974,0.006782374,0.3291802,2.716666666666667
rxxqb9,657b4c722855e7001f84393d,0.83820635,0.53492105,0.62123674,0.13630773,0.25923225,0.39679858,0.76635355,0.1140901,0.002136231,0.1015541,0.026444806,0.012687869,0.006304411,0.002889881,0.22600713,2.283333333333333
rxxqb9,657b4d3a8b12dc001ff80b1a,0.5085306,0.7881259,0.12271099,0.45766747,0.06977485,0.76229995,0.5605198,0.038519915,0.001063347,0.021786476,0.012984909,0.011799729,0.006861079,0.005101525,0.26433006,5.616666666666666
n49rz7,657b4b462855e7001f8143b4,0.6123959,0.3291235,0.41327515,0.08718978,0.19796546,0.13029796,0.7692316,0.013194365,0.00123024,0.003496297,0.007702877,0.014976538,0.007391856,0.010910776,0.12520294,0.8333333333333334
n49rz7,657b4b832855e7001f81dce1,0.21890815,0.36538187,0.109343514,0.32125223,0.093894765,0.5532021,0.15610619,0.07054565,0.002975464,0.004402745,0.012870909,0.011799729,0.058503386,0.003612352,0.24252807,1.85
1yne9p,657b4b892855e7001f81ebcb,0.08897218,0.30006987,0.46720323,0.099799976,0.073305435,0.09432412,0.07780581,0.3281604,0.016900165,0.00847251,0.032909457,0.07611542,0.4738685,0.01958042,0.23826602,2.4833333333333334
1yne9p,657b4ba18b12dc001ff3d9ef,0.20932254,0.28958938,0.08281895,0.28608742,0.20381775,0.3458873,0.18888894,0.03734144,0.001401901,0.00621564,0.012490907,0.015591404,0.010343489,0.011677479,0.27553815,2.9
1yne9p,657b4c078b12dc001ff4d592,0.78687084,0.7611932,0.62851447,0.67854124,0.21461551,0.71533996,0.6376096,0.063027434,0.002555847,0.002978328,0.010248893,0.013644327,0.058180105,0.005927206,0.274321,4.583333333333333
1yne9p,657b4c718b12dc001ff5eeeb,0.54568315,0.3732835,0.36671826,0.20442122,0.41959244,0.38384953,0.39407387,0.040925518,0.000982285,0.007658557,0.018001022,0.013883443,0.006886971,0.006015671,0.26375136,6.35
1yne9p,657b4d018b12dc001ff7768e,0.52498543,0.655089,0.39658093,0.662328,0.21340905,0.70234245,0.36203802,0.2359567,0.00743866,0.03636306,0.0838533,0.054437835,0.14485972,0.013387818,0.3554402,8.75
68yfgp,657b4d4d8b12dc001ff83d3f,0.27827218,0.2747411,0.22906929,0.214554,0.21703479,0.1997879,0.31262326,0.022021262,0.001754761,0.001960886,0.010894896,0.020168742,0.007236506,0.014036566,0.21181874,7.783333333333333
68yfgp,657b4cc48b12dc001ff6d2de,0.4532196,0.30006987,0.27253446,0.11114024,0.2453918,0.12743886,0.50613254,0.021903414,0.001325607,0.002478856,0.010628895,0.014190876,0.007728445,0.007401635,0.22973949,5.5
68yfgp,657b4c968b12dc001ff65504,0.2926585,0.629798,0.58214855,0.29080722,0.088083394,0.3452064,0.2060747,0.23812068,0.011444092,0.006918599,0.02264188,0.023789622,0.34804323,0.00687084,0.22195345,4.733333333333333
61kwnw,657b4c348b12dc001ff54e0e,0.47559634,0.6059576,0.17055956,0.47344455,0.032430932,0.58816046,0.364157,0.05255287,0.001220703,0.003977269,0.02012808,0.01133858,0.011223801,0.003774539,0.2582344,5.3
61kwnw,657b4c758b12dc001ff5f9d1,0.45544812,0.376459,0.6811418,0.47168955,0.05073776,0.62776506,0.18514048,0.019603057,0.000705719,0.005253696,0.009355888,0.010962827,0.007197669,0.004157891,0.24870116,6.383333333333334
61kwnw,657b4ce38b12dc001ff727cf,0.1320083,0.14652205,0.3171293,0.45587033,0.016478393,0.5148323,0.1631984,0.027913637,0.001354218,0.002793338,0.009070885,0.010723713,0.012699619,0.004069425,0.26568815,8.233333333333333
c4thh7,657b4c388b12dc001ff55a12,0.22591716,0.31678307,0.07928687,0.21116324,0.084290154,0.4215485,0.06046427,0.11119666,0.001850128,0.020078164,0.04383647,0.012722028,0.008000307,0.005337434,0.26199648,5.05
c4thh7,657b4cf18b12dc001ff74cf2,0.2329597,0.38118678,0.67353636,0.28765815,0.014714233,0.35956848,0.09381223,0.08004235,0.001335144,0.010285405,0.034011267,0.011646013,0.007482476,0.003921982,0.26200506,8.133333333333333
c4thh7,657b4c7e2855e7001f8459e4,0.06756433,0.09059314,0.8853198,0.11434096,0.000188695,0.08430689,0.11286291,0.022256956,0.001144409,0.001840643,0.007835878,0.011458136,0.00951496,0.004629708,0.24493054,6.216666666666667
c4thh7,657b4b4f8b12dc001ff309e8,0.17055981,0.2457886,0.7578596,0.5249411,0.059575163,0.5038972,0.07342768,0.28425202,0.008544922,0.32476485,0.08558089,0.03765389,0.010214032,0.014272475,0.3522069,1.1666666666666667
c4thh7,657b4bad2855e7001f8243c9,0.25667855,0.35425907,0.8592777,0.62915456,0.07419816,0.4963612,0.25980574,0.38811707,0.016641939,0.48990932,0.21602537,0.054437835,0.02371728,0.012385205,0.35576865,2.7333333333333334
c4thh7,657b4bf98b12dc001ff4b322,0.18770115,0.16347843,0.43423185,0.52138036,0.103260614,0.51403123,0.097779684,0.059479803,0.001535416,0.007954539,0.021352753,0.01127026,0.010550622,0.003582863,0.30812812,4
c4thh7,657b4c5a2855e7001f83fd5b,0.6700389,0.63635755,0.6537917,0.62679094,0.15724781,0.6442831,0.55720055,0.07450261,0.002384186,0.006104646,0.018967867,0.012482914,0.03373172,0.006104137,0.27786925,5.616666666666666
c4thh7,657b4cba8b12dc001ff6b779,0.35023654,0.22616051,0.11440699,0.16509432,0.070651315,0.14619578,0.027318586,0.4269174,0.008087158,0.07673789,0.47787863,0.030138692,0.008608758,0.006310557,0.3237357,7.216666666666667
c4thh7,657b4cd48b12dc001ff6fe50,0.04069166,0.14891115,0.88039756,0.21795772,0.000188695,0.11456946,0.083090164,0.030977672,0.001535416,0.002358613,0.008462882,0.01261955,0.013476364,0.005131014,0.36994022,7.65
c4thh7,657b4b1d2855e7001f80d73f,0.42334303,0.4834925,0.08823851,0.10590835,0.31025347,0.19070588,0.4322229,0.022610499,0.001783371,0.005438685,0.009526889,0.01846078,0.009074804,0.014980201,0.26897088,0.3333333333333333
c4thh7,657b4b792855e7001f81c443,0.37694255,0.18351692,0.10734529,0.08718978,0.16721234,0.2398889,0.0808017,0.1798404,0.002937317,0.04177703,0.082372494,0.025634222,0.008867673,0.009318393,0.30108818,1.8666666666666667
c4thh7,657b4bd08b12dc001ff44af4,0.6109793,0.41136384,0.64438576,0.41015846,0.18528372,0.6151242,0.23389664,0.10609736,0.00284195,0.008176526,0.033790905,0.01535229,0.0347677,0.009495324,0.5429889,3.316666666666667
94rh6h,657b4dcb2855e7001f87adf1,0.32392803,0.2206499,0.08915572,0.12761015,0.103260614,0.37099135,0.3823818,0.013697007,0.000810623,0.004587734,0.006914373,0.010057608,0.0069517,0.004393799,0.166677,6
94rh6h,657b4d4c2855e7001f867939,0.7295142,0.52347285,0.1762937,0.5608686,0.19217539,0.77336717,0.32499117,0.20102765,0.006523132,0.22935481,0.04969218,0.015113175,0.017674083,0.004836128,0.32980645,3.8666666666666667
9w3yrk,657b4db08b12dc001ff92f2d,0.6621714,0.79143405,0.21520184,0.78485525,0.19102257,0.70708656,0.2640687,0.1996317,0.008621216,0.057037655,0.06984934,0.08096472,0.100830056,0.032555398,0.2644121,9.633333333333333
8qgv6a,657b4c418b12dc001ff570db,0.026417224,0.17591934,0.61070377,0.09582901,0.032430932,0.090393595,0.06643618,0.1460314,0.001707077,0.004809721,0.0638991,0.025907494,0.006776932,0.007047772,0.23276244,2.316666666666667
8qgv6a,657b4d4b2855e7001f867770,0.12726861,0.27917442,0.8190752,0.18124555,0.08335247,0.11816678,0.12890771,0.011497946,0.000600815,0.001942388,0.007873878,0.010809111,0.006362667,0.004659196,0.2070197,6.766666666666667
8qgv6a,657b4c072855e7001f831f1c,0.5623338,0.30915013,0.27253446,0.12647597,0.20029284,0.15914497,0.251409,0.045131154,0.001115799,0.005623675,0.018581128,0.015898837,0.006537435,0.005661808,0.36459467,1.3666666666666667
8qgv6a,657b4c778b12dc001ff6004a,0.08714753,0.13010159,0.8279559,0.2659053,0.12407555,0.14995342,0.09512816,0.13561769,0.002765656,0.11512129,0.026444806,0.014464149,0.0069517,0.004216868,0.22481628,3.2333333333333334
rc1dtk,657b4bf48b12dc001ff4a53a,0.5612909,0.63280374,0.20145756,0.10798564,0.19912818,0.13514197,0.58438945,0.012691722,0.000634193,0.001794396,0.008386881,0.00995513,0.006226737,0.003052068,0.24882624,2.5166666666666666
rc1dtk,657b4c398b12dc001ff55c4b,0.50443107,0.31219605,0.41327515,0.16829737,0.27837306,0.14995342,0.48166433,0.009613037,0.000953674,0.003033824,0.006933373,0.012756188,0.007016428,0.008020895,0.1520694,3.6666666666666665
rc1dtk,657b4c312855e7001f838f5e,0.20690423,0.5015001,0.06743011,0.22137496,0.011842369,0.2810631,0.09512816,0.112746716,0.003013611,0.007880543,0.030926194,0.013985921,0.048158366,0.004246356,0.28441644,3.55
rc1dtk,657b4d102855e7001f85e339,0.07458106,0.23171476,0.09854957,0.31153792,0.020717656,0.2922344,0.09381223,0.11336674,0.003395081,0.005956655,0.024640027,0.020851927,0.034422375,0.007519589,0.16039461,7.266666666666667
rc1dtk,657b4d548b12dc001ff84dec,0.43878457,0.22616051,0.4364669,0.26898047,0.003506723,0.41947663,0.58310336,0.03357032,0.001955032,0.001951637,0.008728883,0.011902207,0.013424582,0.005042548,0.23768176,8.4
rc1dtk,657b4da58b12dc001ff912ee,0.39695814,0.376459,0.19172014,0.38468158,0.12407555,0.5142691,0.30580607,0.08004235,0.002784729,0.002996826,0.013706914,0.015147334,0.05397744,0.005160502,0.19553018,9.733333333333333
rc1dtk,657b4b762855e7001f81bcf1,0.24952528,0.11870198,0.7116272,0.080748536,0.075996056,0.06364646,0.20899242,0.015958898,0.00087738,0.003514797,0.008861885,0.01265371,0.00666042,0.005602831,0.22089082,0.43333333333333335
rc1dtk,657b4bab2855e7001f823f9a,0.39919263,0.28065717,0.13142079,0.16190393,0.33766228,0.18172787,0.48184732,0.022846194,0.001983643,0.006511623,0.010514895,0.018665737,0.008738215,0.020052237,0.7361803,1.3166666666666667
rc1dtk,657b4cc82855e7001f8525f8,0.32828447,0.26594394,0.081044875,0.11758787,0.18872178,0.24537462,0.22081688,0.16245349,0.004386902,0.008546505,0.028171662,0.016752819,0.13211988,0.004305333,0.2367142,6.066666666666666
rc1dtk,657b4b8f8b12dc001ff3ae2f,0.2329597,0.23450792,0.8356547,0.09290418,0.012980986,0.08656024,0.17588417,0.034277402,0.001850128,0.003015325,0.009108886,0.012107162,0.012854968,0.005013059,0.25846344,0.85
rc1dtk,657b4bbb8b12dc001ff41889,0.40142974,0.33535045,0.35282215,0.14615701,0.19796546,0.14432828,0.51503265,0.013697007,0.001277924,0.003903274,0.007664877,0.014976538,0.007508367,0.010321004,0.13169105,1.5666666666666667
y84nxn,657b4e578b12dc001ffad19b,0.81417537,0.6230587,0.47814655,0.19440953,0.35323113,0.46262714,0.84679973,0.01225191,0.000605583,0.002774839,0.008500882,0.010177165,0.006252628,0.004157891,0.15529968,9.933333333333334
y84nxn,657b4ca72855e7001f84c82c,0.24714777,0.19644909,0.66204923,0.09097979,0.18072422,0.07775501,0.2749724,0.023199737,0.001783371,0.003422302,0.009127886,0.0157622,0.008220384,0.011854411,0.29717466,2.716666666666667
y84nxn,657b4c862855e7001f846f4e,0.43657246,0.35744265,0.11749236,0.18124555,0.121998236,0.39270046,0.12240143,0.03309893,0.000891686,0.006844604,0.014010916,0.010996987,0.007262398,0.002934114,0.22873372,2.183333333333333
y84nxn,657b4d4a8b12dc001ff834d6,0.73973715,0.6957503,0.31918415,0.5347572,0.17281176,0.73625755,0.50714284,0.34328604,0.023076924,0.38223284,0.07840354,0.028776871,0.34804323,0.008138849,0.3020067,5.45
y84nxn,657b4de82855e7001f87f3dc,0.5436074,0.4939763,0.77171,0.3443384,0.18872178,0.4556731,0.25245318,0.032391842,0.000925064,0.019977676,0.011084898,0.010792031,0.006634528,0.004570731,0.41946018,8.1
bua2zc,657b4e022855e7001f88353b,0.4788228,0.3337895,0.18978162,0.1100836,0.19333,0.14619578,0.5834249,0.021314176,0.002069473,0.0051797,0.009032886,0.01982715,0.008789998,0.0204061,0.5922595,7.95
mpx178,657b4d432855e7001f866326,0.44543546,0.2821423,0.49823165,0.24836068,0.27196017,0.24400055,0.12726986,0.112746716,0.003299713,0.060220852,0.028942931,0.024199532,0.009359611,0.010144074,0.3045376,3.7333333333333334
mpx178,657b4cd82855e7001f854fda,0.3747018,0.62888706,0.12165971,0.61450493,0.056305178,0.7766558,0.2990281,0.11109332,0.002202988,0.089145996,0.026444806,0.011082385,0.007456584,0.002845648,0.37050194,1.95
vtt8xb,657b4c5b8b12dc001ff5b768,0.41237864,0.41866332,0.5608228,0.66512495,0.08904153,0.6975779,0.4785537,0.07054565,0.002727509,0.006067649,0.012946909,0.016547862,0.05753354,0.008492713,0.23500696,3.433333333333333
vtt8xb,657b4cf18b12dc001ff74d6f,0.46886346,0.7418656,0.09193192,0.3035124,0.15834752,0.49153295,0.15435125,0.15987846,0.006713867,0.007029593,0.02212623,0.017845914,0.13853464,0.00604516,0.18110651,5.933333333333334
v7yya7,657b4c1d8b12dc001ff5114f,0.2044906,0.12550901,0.11543151,0.07110781,0.05310001,0.13710694,0.13888659,0.044883765,0.001077652,0.027413858,0.013516913,0.010672474,0.006576272,0.003582863,0.2067832,2.8666666666666667
v7yya7,657b4bd68b12dc001ff45872,0.39695814,0.7499471,0.10437799,0.2736125,0.15505424,0.55611074,0.48642454,0.19409354,0.0041008,0.17536941,0.061276767,0.01764096,0.007353018,0.006074648,0.19765154,1.6833333333333333
ehknza,657b4bd28b12dc001ff450b7,0.19487326,0.24012628,0.061006065,0.07281757,0.038025744,0.0896192,0.06242194,0.07054565,0.002164841,0.003607291,0.015644927,0.013507691,0.033386398,0.003759795,0.22292124,1.25
ehknza,657b4c6a8b12dc001ff5dccb,0.104675725,0.24012628,0.20537321,0.24836068,0.054694567,0.34305015,0.05854002,0.2854733,0.01121521,0.04512853,0.13969865,0.029186781,0.1954604,0.013269863,0.23360212,3.8333333333333335
ehknza,657b4c238b12dc001ff52024,0.17545563,0.06767356,0.0864158,0.11114024,0.15834752,0.12934102,0.09119969,0.1587729,0.008850098,0.008102531,0.013250912,0.024541125,0.15276608,0.013033954,0.28866664,2.65
ehknza,657b4c908b12dc001ff64443,0.6743709,0.3606355,0.42308924,0.13630773,0.14960077,0.14807095,0.4943036,0.059479803,0.002059937,0.007806548,0.016860934,0.019622196,0.010783645,0.007726009,0.2741756,4.466666666666667
ehknza,657b4cec2855e7001f858717,0.1320083,0.086567976,0.5244316,0.08907493,0.10194144,0.06364646,0.084635615,0.09351514,0.00333786,0.004587734,0.01465692,0.026863953,0.037530303,0.011854411,0.25921807,6.016666666666667
bwnw49,657b4d532855e7001f868d15,0.33703154,0.33691296,0.11440699,0.25168148,0.19564457,0.32062647,0.24105266,0.1460314,0.006141663,0.004587734,0.018001022,0.021330157,0.13785169,0.008610667,0.28402543,4.933333333333334
6mm18u,657b4d1d2855e7001f86036d,0.82709587,0.5541114,0.5784029,0.3614341,0.27452108,0.53675205,0.7801757,0.09655223,0.002384186,0.05794714,0.016936934,0.012790347,0.007935578,0.004570731,0.3054331,7.516666666666667
6mm18u,657b4bc02855e7001f82733c,0.07813416,0.09470313,0.65930164,0.12874979,0.22803417,0.122753285,0.14397636,0.016587202,0.000574589,0.001544661,0.009526889,0.010689554,0.006168481,0.003214256,0.1515036,1.7166666666666666
6mm18u,657b4bfa2855e7001f83010b,0.05726224,0.1061449,0.8126592,0.11868066,0.09685559,0.10248133,0.117599316,0.02343543,0.000972748,0.004680229,0.010628895,0.01402008,0.007055265,0.007519589,0.25431725,2.6666666666666665
6mm18u,657b4c3b8b12dc001ff561d9,0.19727191,0.2866146,0.4499192,0.14134736,0.15396011,0.21427503,0.2248115,0.027088705,0.000867844,0.002552852,0.013592913,0.013166099,0.006641001,0.00521948,0.14461137,3.75
6mm18u,657b4cb52855e7001f84efde,0.08897218,0.06856995,0.28861445,0.2248042,0.11172729,0.2276639,0.1964577,0.057748068,0.001029968,0.00172965,0.023995465,0.013336895,0.008168601,0.003833516,0.18959202,5.783333333333333
6mm18u,657b4c892855e7001f847916,0.4080091,0.7012487,0.07410899,0.17151402,0.103260614,0.40845287,0.44218594,0.41910073,0.03680043,0.2949366,0.16853803,0.098067984,0.52414405,0.025949955,0.39020368,5.066666666666666
6mm18u,657b4d862855e7001f8709ce,0.18770115,0.1061449,0.11646001,0.11758787,0.26176634,0.3307102,0.12240143,0.2854733,0.006904602,0.28034934,0.12159709,0.028913507,0.007832011,0.00979021,0.23225531,9.283333333333333
pfmd48,657b4d3b8b12dc001ff80eda,0.28066093,0.5571942,0.100476414,0.3614341,0.099318996,0.6104423,0.35148594,0.02968135,0.001802445,0.003440801,0.008025879,0.012141321,0.016465442,0.005750274,0.1960027,6.2
k4399h,657b4c468b12dc001ff58051,0.34582332,0.20976527,0.18398336,0.2282475,0.161658,0.38861004,0.26514557,0.029092113,0.00161171,0.006770608,0.008424882,0.01402008,0.011379151,0.009259416,0.27248508,2.216666666666667
6rvvyv,657b4c2e8b12dc001ff53f9d,0.25906992,0.19381917,0.16106391,0.45048934,0.08335247,0.58646244,0.24208108,0.040925518,0.00125885,0.002118127,0.015872927,0.012892825,0.009592636,0.004275845,0.17239435,2.35
6rvvyv,657b4c738b12dc001ff5f4f5,0.25667855,0.34633917,0.18398336,0.15872851,0.033806894,0.19588226,0.22281083,0.15324512,0.006942749,0.005993653,0.017163089,0.021330157,0.1401159,0.012149297,0.18479638,3.5
6rvvyv,657b4bdf2855e7001f82bbc6,0.36131743,0.55835086,0.31507698,0.1977331,0.030395774,0.3437793,0.2238104,0.3389984,0.01986976,0.01666154,0.036545437,0.0838743,0.46566597,0.011559526,0.19224022,1.0333333333333334
pffdw7,657b4c8b8b12dc001ff635c3,0.8161863,0.67796737,0.5135417,0.08439999,0.30302712,0.13908774,0.82934755,0.010115679,0.000867844,0.003440801,0.007104374,0.013131939,0.007029374,0.007519589,0.44565812,1.9833333333333334
pffdw7,657b4dd72855e7001f87c9e0,0.18770115,0.34791833,0.15352494,0.50442195,0.043866858,0.66974515,0.15260378,0.06500591,0.002708435,0.012061302,0.014428918,0.011765569,0.03373172,0.003656585,0.2719021,7.516666666666667
pffdw7,657b4e258b12dc001ffa5036,0.7842415,0.7973916,0.53447455,0.29080722,0.17506383,0.5166317,0.72895193,0.25462922,0.014059683,0.022791367,0.061976057,0.03239325,0.33609006,0.016395653,0.15121032,8.816666666666666
zgzm9x,657b4cba8b12dc001ff6b58d,0.8151817,0.68996686,0.5746542,0.50442195,0.17732301,0.63571143,0.81528044,0.026735162,0.000977516,0.01274247,0.009678889,0.012995303,0.006505071,0.00583874,0.14074816,4.133333333333334
zgzm9x,657b4d462855e7001f866bc1,0.13676605,0.17844121,0.0837122,0.2736125,0.10969645,0.51978886,0.45225632,0.020607091,0.001139641,0.011173353,0.009222887,0.014361672,0.007107049,0.007460612,0.22605167,6.483333333333333
tbd7pz,657b4c548b12dc001ff5a508,0.41456708,0.5425826,0.5696544,0.67575425,0.17056693,0.5528599,0.34446642,0.05304765,0.002441406,0.004717227,0.013706914,0.015693882,0.024062606,0.005897717,0.18526691,2.966666666666667
tbd7pz,657b4cc18b12dc001ff6c9e9,0.0693074,0.18351692,0.09380275,0.2450518,0.0373131,0.19329,0.07929607,0.25727063,0.01412424,0.00847251,0.022964163,0.047173142,0.34804323,0.013682704,0.16699797,4.766666666666667
tbd7pz,657b4c078b12dc001ff4d5c2,0.08714753,0.41866332,0.13142079,0.51604664,0.12616077,0.74312913,0.119192705,0.05205809,0.00166893,0.007658557,0.01929015,0.014805742,0.009540852,0.00625158,0.16870782,1.6833333333333333
caxqz8,657b4d642855e7001f86b87a,0.07813416,0.49022526,0.22112842,0.45945197,0.11172729,0.58748144,0.069187365,0.11036996,0.001745224,0.08583717,0.028171662,0.011936366,0.006207318,0.00374505,0.2861972,3.05
caxqz8,657b4ec32855e7001f8a11e2,0.2447739,0.40121728,0.120612115,0.4540749,0.29779902,0.49552864,0.114434265,0.15822013,0.00289917,0.010655383,0.07903719,0.02836696,0.007521313,0.012562137,0.26621515,8.9
caxqz8,657b4e1a2855e7001f88728d,0.3836033,0.53109944,0.24282813,0.37928078,0.088083394,0.5939279,0.117599316,0.18554166,0.003700256,0.12208464,0.062150877,0.015659723,0.011974656,0.004452776,0.28289962,6.083333333333333
caxqz8,657b4d0e8b12dc001ff79b48,0.882905,0.71850747,0.64604956,0.45945197,0.74777347,0.65346885,0.80416626,0.03062413,0.000953674,0.01274247,0.011616902,0.010365041,0.006738094,0.003052068,0.15278994,1.6166666666666667
caxqz8,657b4dd22855e7001f87bd5d,0.5529573,0.6385898,0.09380275,0.4156753,0.18300076,0.6528143,0.32499117,0.23162876,0.006942749,0.22935481,0.056719027,0.015181494,0.03718498,0.003612352,0.37208933,4.883333333333334
yrhq9z,657b4c108b12dc001ff4ee79,0.33703154,0.3045994,0.2330567,0.23517443,0.17845505,0.1881301,0.3044472,0.08241652,0.0050354,0.005549679,0.022384055,0.09324962,0.008453408,0.058466934,0.19395491,1.6833333333333333
yrhq9z,657b4d692855e7001f86c351,0.052212548,0.09059314,0.081044875,0.13798015,0.15834752,0.27137864,0.096450776,0.2854699,0.010910034,0.34324843,0.0720671,0.092279755,0.009981008,0.022175416,0.3844621,7.433333333333334
yrhq9z,657b4c608b12dc001ff5c4a5,0.4711064,0.4245341,0.37108195,0.11868066,0.25796708,0.12090656,0.5216422,0.010367001,0.000963211,0.002044132,0.007436876,0.012824507,0.007055265,0.007313169,0.23522256,3.0166666666666666
2u937z,657b4ce32855e7001f856dc6,0.32828447,0.3526706,0.86504465,0.15872851,0.1841414,0.11816678,0.24002573,0.07845957,0.001649857,0.035074018,0.017807651,0.015659723,0.0084793,0.005868228,0.25285032,1.5666666666666667
2u937z,657b4da42855e7001f875054,0.05557129,0.07129011,0.81997865,0.10487753,0.03519795,0.09117182,0.15260378,0.012314741,0.000624657,0.002044132,0.007588876,0.011406898,0.006861079,0.004836128,0.24271101,4.783333333333333
2u937z,657b4e1a2855e7001f8872a0,0.13676605,0.3322319,0.4364669,0.27052203,0.049958427,0.41051576,0.10819229,0.20195828,0.003929138,0.23694818,0.05964688,0.013405213,0.008323951,0.004806639,0.3472626,6.75
2u937z,657b4ea02855e7001f89c104,0.104675725,0.11870198,0.46117917,0.28765815,0.04312292,0.3307102,0.14057605,0.16765249,0.003376007,0.15517195,0.04969218,0.013576009,0.007637825,0.003863005,0.17248477,8.983333333333333
2u937z,657b4d6d2855e7001f86cd89,0.44765687,0.53492105,0.1956059,0.59196323,0.47519574,0.73164964,0.31262326,0.10870059,0.001745224,0.07425626,0.028832749,0.011765569,0.006356194,0.002653973,0.314382,3.85
4n6h2p,657b4dc32855e7001f879bea,0.71654135,0.58148307,0.24282813,0.77256423,0.33698773,0.8460776,0.5872839,0.020231359,0.000987053,0.010581387,0.008386881,0.011475217,0.006912862,0.005042548,0.36402538,6.65
6cwffw,657b4bae8b12dc001ff3f9f7,0.21890815,0.24863632,0.15728761,0.14134736,0.17281176,0.14807095,0.25454623,0.027442247,0.001888275,0.003496297,0.010248893,0.02167175,0.007586042,0.023826776,0.130479,0.4
6cwffw,657b4c7c2855e7001f84537b,0.37694255,0.35425907,0.23500682,0.22137496,0.2706815,0.22901386,0.38562226,0.007413976,0.001096726,0.001396669,0.007028373,0.013200258,0.006479179,0.008492713,0.18998758,3.8333333333333335
ca77z9,657b4ca52855e7001f84c4b2,0.54568315,0.8140503,0.18978162,0.4681843,0.22312969,0.67039263,0.47837093,0.15766735,0.00328064,0.09741807,0.06372428,0.057443913,0.007922632,0.014980201,0.42431173,3.1
ca77z9,657b4d022855e7001f85be3c,0.2020805,0.1324148,0.0864158,0.17151402,0.15396011,0.17538343,0.3634504,0.039226998,0.001811981,0.006622616,0.014808921,0.017777596,0.0069517,0.009849187,0.22748487,4.65
ca77z9,657b4d0c2855e7001f85d836,0.10824748,0.13473919,0.10241937,0.12534684,0.18528372,0.1361225,0.21290728,0.061444655,0.002613068,0.034300596,0.013554913,0.016889455,0.007068211,0.009908165,0.2257997,4.816666666666666
ca77z9,657b4e1e2855e7001f887a8c,0.528082,0.57786816,0.10241937,0.5320756,0.3450946,0.7993241,0.7030718,0.017215505,0.000767708,0.009545447,0.007797878,0.010296722,0.006155535,0.004010447,0.3817981,9.366666666666667
4hdukc,657b4bdb8b12dc001ff4660b,0.7780746,0.47901964,0.5073545,0.10590835,0.240402,0.13514197,0.836428,0.010932474,0.001130104,0.003681287,0.007170874,0.01402008,0.007301235,0.010026119,0.19028716,0.6666666666666666
4hdukc,657b4c312855e7001f838ec9,0.41675794,0.7697042,0.13750808,0.28608742,0.045366183,0.5382955,0.23900037,0.1373533,0.00295639,0.10221587,0.029934563,0.013439372,0.00866054,0.004039936,0.29357347,2.1
qrdavb,657b4d802855e7001f86fa62,0.34142166,0.35425907,0.60332817,0.21795772,0.1303544,0.33505404,0.4705115,0.018974753,0.000801086,0.00294133,0.010438894,0.012790347,0.006912862,0.006811863,0.2084153,3.15
qrdavb,657b4e032855e7001f88379d,0.50340754,0.2457886,0.44767225,0.3035124,0.2912931,0.3006852,0.088613324,0.040925518,0.000977516,0.008213525,0.018516673,0.011355659,0.00756015,0.004423288,0.29528734,5.333333333333333
gaay14,657b4c9d8b12dc001ff6670f,0.6923327,0.4602883,0.53681874,0.5320756,0.16721234,0.6244453,0.5962709,0.112953395,0.002994537,0.007991537,0.029383656,0.02303812,0.038911607,0.008728622,0.2733365,2.933333333333333
gaay14,657b4e062855e7001f883e21,0.042314984,0.2457886,0.08016376,0.18780111,0.070651315,0.17664811,0.116013184,0.083999306,0.002708435,0.003144818,0.012414906,0.017367685,0.04686524,0.006841352,0.21080719,8.95
gaay14,657b4d248b12dc001ff7d278,0.06756433,0.11441821,0.68600905,0.113268904,0.004449089,0.11907599,0.06643618,0.1269396,0.004959106,0.004273253,0.013630914,0.015557245,0.13815513,0.004777151,0.2181908,5.183333333333334
gaay14,657b4d802855e7001f86fba7,0.8060562,0.53492105,0.551088,0.09097979,0.21946844,0.111035876,0.81728154,0.008984734,0.000729561,0.002044132,0.007037873,0.011150704,0.006427396,0.004452776,0.25676605,6.733333333333333
gaay14,657b4c3e8b12dc001ff56947,0.31741676,0.4348694,0.46607295,0.2384713,0.76947975,0.23715812,0.117599316,0.048594624,0.00120163,0.003033824,0.018323302,0.018665737,0.005964585,0.004836128,0.17149135,1.35
gaay14,657b4e292855e7001f88983b,0.023327528,0.14177594,0.46193182,0.09002491,0.07781066,0.075639054,0.070585586,0.18459146,0.008239746,0.004587734,0.024511116,0.022901481,0.14485972,0.007401635,0.32108706,9.533333333333333
eyu3hz,657b4be08b12dc001ff47101,0.71327424,0.48648208,0.47852454,0.116500415,0.11992822,0.30351397,0.6881582,0.034984488,0.002145767,0.002700844,0.008044879,0.012243799,0.018192071,0.006399023,0.19020534,1.0333333333333334
eyu3hz,657b4bef8b12dc001ff497b8,0.05388788,0.25436312,0.06743011,0.08625509,0.000188695,0.116359964,0.07706639,0.33421695,0.017933069,0.01465176,0.04032305,0.08290444,0.44942492,0.010379982,0.20497988,1.2833333333333334
zv3m1r,657b4e128b12dc001ffa1cf1,0.12726861,0.19909015,0.5333807,0.09681413,0.023218349,0.11016245,0.10206828,0.23271075,0.009460449,0.015053716,0.03423163,0.02836696,0.2836219,0.009672256,0.31719407,7.183333333333334
zv3m1r,657b4d2e2855e7001f862e46,0.062378917,0.11441821,0.084609546,0.2248042,0.049183033,0.30777118,0.06508322,0.08241652,0.002670288,0.01555616,0.01625293,0.01764096,0.030623792,0.007372146,0.32815015,3.3833333333333333
zv3m1r,657b4ca82855e7001f84cd47,0.07105747,0.064135894,0.11440699,0.15241629,0.041647345,0.13125886,0.116013184,0.0926474,0.003643036,0.003903274,0.012566907,0.017299367,0.05430072,0.008079873,0.19332981,1.15
fukd7e,657b4cfa2855e7001f85aa87,0.25667855,0.25436312,0.24478929,0.24175529,0.21220426,0.2076579,0.31536126,0.015204934,0.001277924,0.003755282,0.008576883,0.015420608,0.007598988,0.012798046,0.18832171,1.8
fukd7e,657b4d2b2855e7001f862703,0.6336862,0.40990886,0.49064076,0.18451619,0.22068773,0.14807095,0.677725,0.007225486,0.000743866,0.002136626,0.006391869,0.0113215,0.006621582,0.006163114,0.15040304,2.6166666666666667
fukd7e,657b4e122855e7001f885c9f,0.079922065,0.18351692,0.0837122,0.18451619,0.0637539,0.35339698,0.15260378,0.02035702,0.000901222,0.006178642,0.008348881,0.011594773,0.007184723,0.004452776,0.24024661,6.466666666666667
fukd7e,657b4ecd8b12dc001ffbec58,0.77830005,0.8514773,0.4993711,0.42491317,0.58049494,0.59189343,0.5159046,0.3308965,0.016706496,0.3817989,0.12521741,0.040409464,0.1733226,0.025596092,0.44348782,9.566666666666666
y4vkg1,657b4e988b12dc001ffb715f,0.7332178,0.53645176,0.5333807,0.14304936,0.25670323,0.17664811,0.3707682,0.0665887,0.001420975,0.006178642,0.027218282,0.015386449,0.006874025,0.007961918,0.15975961,5.466666666666667
y4vkg1,657b4f3e8b12dc001ffd05a9,0.6934155,0.5166301,0.5146617,0.34099117,0.7290669,0.3263803,0.38886753,0.08320791,0.001888275,0.06476828,0.018581128,0.015181494,0.006459761,0.006104137,0.28627887,8.25
y4vkg1,657b4f668b12dc001ffd6a4b,0.27827218,0.2821423,0.0855105,0.069417,0.3706117,0.08062888,0.0755991,0.3625127,0.016254602,0.36733335,0.17237684,0.085167445,0.038911607,0.025360184,0.23568045,8.916666666666666
y4vkg1,657b4da58b12dc001ff91303,0.39472556,0.18863499,0.12900025,0.12310397,0.75424266,0.21960624,0.26086196,0.009990019,0.000696182,0.00138742,0.006847872,0.010740792,0.007210615,0.004895105,0.22576147,1.4166666666666667
8e6dw6,657b4c328b12dc001ff548ac,0.2926585,0.2821423,0.08823851,0.09582901,0.045366183,0.18300404,0.1832748,0.081625134,0.003967285,0.004180758,0.00971689,0.015318131,0.06205949,0.008079873,0.22914451,1.15
qmrgzx,657b4d638b12dc001ff875b0,0.043945573,0.35425907,0.081044875,0.1100836,0.046121623,0.18556258,0.03892087,0.112436704,0.004310608,0.00880549,0.022512967,0.02249157,0.04233929,0.011618502,0.1762977,1.35
qmrgzx,657b4e542855e7001f8908bf,0.060666207,0.42895418,0.73659426,0.31476614,0.08523248,0.32062647,0.11129911,0.10175867,0.00164032,0.024801146,0.034341812,0.013507691,0.006304411,0.004836128,0.12051711,5.366666666666666
qmrgzx,657b4e8f8b12dc001ffb5db9,0.2329597,0.19909015,0.12271099,0.29396752,0.20262691,0.32206288,0.21487516,0.055274166,0.002593994,0.003126319,0.010134893,0.013336895,0.035113025,0.004777151,0.24075128,6.35
qmrgzx,657b4f022855e7001f8aa8fd,0.70788574,0.43190852,0.47814655,0.16509432,0.39394522,0.17538343,0.42890894,0.0201057,0.000882149,0.004846719,0.010362893,0.012004685,0.006731622,0.004364311,0.23462829,8.266666666666667
qmrgzx,657b4f472855e7001f8b5498,0.13676605,0.064135894,0.60486573,0.10283129,0.057932016,0.04619989,0.059819363,0.12520397,0.00459671,0.005660672,0.016708933,0.016821137,0.13144556,0.005131014,0.22953062,9.416666666666666
qmrgzx,657b4fa22855e7001f8c3073,0.30447376,0.2601326,0.30893373,0.1977331,0.16944648,0.15914497,0.31673273,0.017843807,0.000967979,0.002275368,0.010400894,0.013815125,0.006427396,0.010379982,0.21265751,10.933333333333334
qmrgzx,657b502f2855e7001f8d6048,0.46886346,0.31525165,0.36410484,0.116500415,0.07872421,0.16659191,0.14057605,0.30527395,0.014447021,0.018972786,0.043250903,0.03765389,0.3993542,0.01209032,0.3774394,13.283333333333333
qmrgzx,657b50858b12dc001fffd3e3,0.058960643,0.22893222,0.09759216,0.2450518,0.040187187,0.27828732,0.116013184,0.050573748,0.002069473,0.002090379,0.010476895,0.012243799,0.03165977,0.004629708,0.22514525,14.716666666666667
qmrgzx,657b50d32855e7001f8e9c15,0.08714753,0.09059314,0.14603578,0.29555178,0.14635028,0.34305015,0.18514048,0.010869644,0.000762939,0.002145876,0.007056873,0.011065305,0.007353018,0.006723397,0.23203321,16.016666666666666
qmrgzx,657b51858b12dc001f0167a4,0.34582332,0.18351692,0.08823851,0.1977331,0.4260728,0.12934102,0.14057605,0.17285149,0.005073547,0.030691283,0.04852104,0.025634222,0.024580594,0.009318393,0.24603432,18.983333333333334
qmrgzx,657b51f98b12dc001f0205b7,0.5571216,0.821827,0.0758189,0.13798015,0.24289377,0.3163268,0.326373,0.043399423,0.001535416,0.002719343,0.01640493,0.01309778,0.010188141,0.005042548,0.15562202,20.916666666666668
qmrgzx,657b523d8b12dc001f024deb,0.19727191,0.2688658,0.09759216,0.12647597,0.21100153,0.12461543,0.22581445,0.4402136,0.23224287,0.02721288,0.09563028,0.16264248,0.54744303,0.029842447,0.18153596,22.05
qmrgzx,657b52a88b12dc001f02b45d,0.77830005,0.8201588,0.55190146,0.3649847,0.30302712,0.5083959,0.64264417,0.038048524,0.001220703,0.003070822,0.014010916,0.012482914,0.009696201,0.003863005,0.24866335,23.833333333333332
qmrgzx,657b52d38b12dc001f02dac6,0.33265293,0.3045994,0.40187603,0.124222845,0.241647,0.11456946,0.30852884,0.013759838,0.00120163,0.00362579,0.007930879,0.015249812,0.007650771,0.009672256,0.22890443,24.55
qmrgzx,657b52fe8b12dc001f02fcca,0.062378917,0.14652205,0.12271099,0.08532512,0.06040291,0.10416048,0.1649894,0.04785245,0.001363754,0.004162259,0.020321451,0.022354934,0.006899917,0.011618502,0.49657646,25.266666666666666
qmrgzx,657b533c2855e7001f916aa6,0.060666207,0.10819801,0.11135728,0.080748536,0.030395774,0.060523454,0.08004688,0.5024724,0.020257099,0.06704199,0.5130944,0.12035047,0.007754337,0.018518832,0.11064444,26.3
qmrgzx,657b53c18b12dc001f039704,0.11183177,0.15131176,0.123238094,0.08532512,0.07241669,0.08430689,0.08777359,0.32020867,0.007705689,0.031464707,0.25404143,0.066963166,0.00814271,0.013269863,0.13989575,28.5
qmrgzx,657b4da28b12dc001ff90beb,0.03907572,0.063263826,0.3798401,0.28451896,0.08617879,0.32926556,0.117599316,0.021903414,0.000982285,0.002497356,0.009868891,0.013131939,0.007029374,0.00625158,0.36779344,2.4
q1xvbx,657b4d622855e7001f86b23e,0.70558846,0.295564,0.42383054,0.10590835,0.15505424,0.18941686,0.5515506,0.36456755,0.023076924,0.40158966,0.26957804,0.10611444,0.027515862,0.029724494,0.36903962,3.2666666666666666
q1xvbx,657b4dc12855e7001f8796e1,0.81868845,0.40990886,0.5545476,0.11758787,0.11172729,0.3981663,0.6794696,0.37751234,0.023076924,0.44690517,0.24424846,0.0569429,0.1348172,0.012385205,0.4024035,4.85
q1xvbx,657b4e5c8b12dc001ffadd81,0.66288495,0.40845597,0.50773484,0.12199044,0.22680563,0.14432828,0.7454519,0.005780388,0.000691414,0.001600157,0.006344369,0.011646013,0.006252628,0.006192603,0.15386586,7.433333333333334
gvmdq4,657b4ce42855e7001f8571c4,0.69406736,0.4041079,0.42308924,0.09582901,0.2899957,0.12461543,0.7519632,0.011686437,0.001139641,0.003699786,0.007113874,0.013507691,0.007598988,0.010438959,0.22107603,2.966666666666667
gvmdq4,657b4c7a2855e7001f844e62,0.22124074,0.09889726,0.0966388,0.11977882,0.42487872,0.17664811,0.28960893,0.02638162,0.001139641,0.003070822,0.010666896,0.01442999,0.007857903,0.009554301,0.20749404,1.2
gavzgw,657b4c748b12dc001ff5f6cb,0.32610464,0.47001863,0.0910024,0.25168148,0.06291008,0.405019,0.17588417,0.1269396,0.003128052,0.01191331,0.0350029,0.020646973,0.05236103,0.007784986,0.38385135,1.9833333333333334
gavzgw,657b4d4d8b12dc001ff83cf5,0.78213274,0.7697042,0.5065937,0.40283436,0.15505424,0.65412325,0.75412166,0.13561769,0.006446838,0.005290694,0.015948927,0.013780965,0.13815513,0.004836128,0.18817009,5.6
gavzgw,657b4cf48b12dc001ff75447,0.18770115,0.41427898,0.10144578,0.18451619,0.0373131,0.35271278,0.074871585,0.3266089,0.013478675,0.01666154,0.24287975,0.04592061,0.34804323,0.009613278,0.29832,4.116666666666666
atdym7,657b4dd58b12dc001ff984e8,0.12726861,0.13473919,0.10536304,0.12310397,0.11172729,0.13416551,0.21290728,0.11057663,0.003185272,0.068465814,0.022706337,0.018392462,0.006815769,0.006399023,0.19573434,7.566666666666666
atdym7,657b4cc92855e7001f85283e,0.618539,0.4026623,0.43721238,0.11434096,0.25923225,0.14432828,0.65204656,0.014639461,0.001106262,0.003662788,0.008424882,0.015659723,0.007081157,0.009141461,0.18249285,3.1
atdym7,657b4cb32855e7001f84ea5e,0.61523,0.8264282,0.44019616,0.49374798,0.35459033,0.6117847,0.26622382,0.05255287,0.00123024,0.034816213,0.01617693,0.010911589,0.006543908,0.003863005,0.35681635,2.7333333333333334
atdym7,657b4d042855e7001f85c370,0.33703154,0.7182344,0.0966388,0.3163838,0.2554408,0.36560544,0.13888659,0.13214645,0.003738403,0.08252834,0.036325075,0.019007329,0.008582866,0.008669644,0.27516896,4.083333333333333
4qyhyh,657b4c4f8b12dc001ff5977a,0.048882913,0.15372267,0.074962124,0.1329856,0.011842369,0.18428236,0.031942002,0.3389984,0.018449519,0.01766643,0.045593183,0.04291453,0.44942492,0.007608055,0.20500147,1.6333333333333333
4qyhyh,657b4cc72855e7001f85227d,0.15597202,0.47901964,0.74982595,0.1977331,0.057932016,0.12090656,0.057274785,0.104795754,0.003585815,0.006918599,0.017163089,0.012687869,0.058180105,0.003582863,0.20141283,3.6333333333333333
4qyhyh,657b4d338b12dc001ff7fa47,0.19487326,0.19644909,0.0966388,0.33105546,0.08904153,0.3649336,0.10819229,0.09785384,0.003204346,0.008028535,0.01617693,0.012858666,0.061412923,0.003361699,0.30626234,5.433333333333334
vknnyh,657b4e082855e7001f884549,0.1320083,0.23731218,0.40625387,0.214554,0.030395774,0.2276639,0.10055544,0.04067813,0.001072884,0.016963007,0.015568925,0.01309778,0.00636914,0.005131014,0.22528496,8.683333333333334
vknnyh,657b4d828b12dc001ff8bfce,0.6533779,0.6503435,0.44842112,0.15872851,0.09801555,0.36426097,0.5095274,0.023788974,0.001249313,0.004032766,0.009602889,0.012448754,0.009592636,0.006988795,0.23338021,6.45
vknnyh,657b4ce42855e7001f856f95,0.61286813,0.63786083,0.5107794,0.51067364,0.49949193,0.58578295,0.20899242,0.032391842,0.001134872,0.014350293,0.011540901,0.013849284,0.006964645,0.006900329,0.3302072,3.816666666666667
72cpq2,657b4c868b12dc001ff627d1,0.30877617,0.21791112,0.7568599,0.18780111,0.040187187,0.14619578,0.13720547,0.09611836,0.002498627,0.005068706,0.026315894,0.014703264,0.0287245,0.004954082,0.18621996,1.9
72cpq2,657b4d968b12dc001ff8f044,0.51674473,0.3606355,0.13020957,0.14928007,0.117865905,0.15914497,0.15086368,0.019980038,0.000619888,0.003940272,0.010134893,0.011236101,0.006252628,0.003671329,0.15667053,6.433333333333334
72cpq2,657b4cff8b12dc001ff7736a,0.037467137,0.07781315,0.6271168,0.09002491,0.014132977,0.07990451,0.069884576,0.11367676,0.002412796,0.007473567,0.06023245,0.019212283,0.009437286,0.010262027,0.27566284,3.9166666666666665
xfggcy,657b4d0a2855e7001f85d22a,0.28784943,0.5533413,0.08732515,0.39554617,0.061234605,0.54480964,0.2472474,0.028856417,0.001068115,0.003292809,0.011958904,0.01173141,0.00899713,0.003317466,0.25886533,3.966666666666667
xfggcy,657b4e558b12dc001ffacce0,0.801696,0.708932,0.5556814,0.3326982,0.23172872,0.39338306,0.56924605,0.021432023,0.00067234,0.00362579,0.010704896,0.010330882,0.006673365,0.003096301,0.21247251,9.5
3cw121,657b4dcf8b12dc001ff97763,0.50340754,0.7105759,0.32696992,0.6856403,0.31486937,0.78747606,0.35710433,0.1587729,0.006332398,0.029917859,0.032799274,0.018665737,0.13582869,0.006133626,0.26424024,5.8
3cw121,657b4e532855e7001f8905a3,0.17545563,0.4939763,0.10437799,0.36854327,0.040915363,0.49927643,0.20124449,0.11119666,0.00492096,0.004772724,0.014162917,0.01805087,0.1329628,0.005337434,0.2628716,8
r1e7wr,657b4c882855e7001f847684,0.0944899,0.41720122,0.09286537,0.301915,0.04764421,0.48471087,0.08619678,0.2820025,0.009422302,0.23239216,0.16795322,0.025634222,0.0130621,0.009259416,0.16158949,1.7166666666666666
r1e7wr,657b4d3e2855e7001f865666,0.7748414,0.5189085,0.48117164,0.37569132,0.2899957,0.3568231,0.4573847,0.0438942,0.001173019,0.010581387,0.017420914,0.020920247,0.006828715,0.0108518,0.23528497,4.75
a7q18f,657b4cab2855e7001f84d522,0.8146788,0.5456529,0.53353685,0.11434096,0.54682016,0.11456946,0.7615275,0.013131535,0.001173019,0.003755282,0.007303875,0.015044857,0.007534259,0.011146685,0.17106958,1.25
a7q18f,657b4e688b12dc001ffafbd0,0.39919263,0.46553662,0.873944,0.7065256,0.064601645,0.6832538,0.1456873,0.038519915,0.001649857,0.003995769,0.011730902,0.012892825,0.014738814,0.004954082,0.28844905,8.65
a7q18f,657b4d2c8b12dc001ff7e89e,0.707709,0.70865774,0.42234823,0.62375396,0.36548692,0.7788397,0.46357456,0.02638162,0.001111031,0.002793338,0.00979289,0.01261955,0.009877442,0.005484877,0.35646763,3.4
xn14x8,657b4f222855e7001f8af7bf,0.7212205,0.376459,0.5876084,0.09002491,0.19564457,0.17412075,0.7919399,0.008356431,0.000648499,0.001498413,0.007455876,0.010160086,0.006162008,0.004305333,0.41172507,6.9
xn14x8,657b4fa58b12dc001ffdfedd,0.5623338,0.42306393,0.17821237,0.10798564,0.3275703,0.18045488,0.6950658,0.008356431,0.000839233,0.001479914,0.007284875,0.012961143,0.006518017,0.007902941,0.27928755,9.083333333333334
xn14x8,657b4ed68b12dc001ffc0261,0.20932254,0.07876553,0.055592272,0.06445757,0.07509518,0.12555276,0.14227262,0.022610499,0.000863075,0.004513739,0.010476895,0.011219022,0.007547205,0.00374505,0.45776534,5.633333333333334
xn14x8,657b4f702855e7001f8bba46,0.62184906,0.59960157,0.24086781,0.06857873,0.14635028,0.13809541,0.687003,0.019980038,0.002059937,0.003311308,0.009013886,0.024541125,0.007948523,0.022529278,0.28330803,8.2
xn14x8,657b4fc68b12dc001ffe4c9a,0.62752825,0.41136384,0.499751,0.12647597,0.20620574,0.17034614,0.7245,0.011120965,0.000858307,0.001840643,0.007246875,0.012141321,0.006582745,0.006487489,0.20250961,9.633333333333333
c4g613,657b4ced8b12dc001ff740df,0.30447376,0.30611402,0.18013267,0.3649847,0.06040291,0.50293964,0.23491421,0.013634177,0.000505447,0.002219871,0.008747884,0.009903891,0.006375613,0.002948859,0.1613894,1.2166666666666666
c4g613,657b4d332855e7001f863c2a,0.08714753,0.45953456,0.15164815,0.48666117,0.038025744,0.67813885,0.20413758,0.077668175,0.001764298,0.006363631,0.025413504,0.011868048,0.013321015,0.004482265,0.15074436,2.4
c4g613,657b4e858b12dc001ffb444d,0.23767464,0.5575797,0.48722953,0.42491317,0.20381775,0.43327147,0.074871585,0.05725329,0.001993179,0.003200315,0.013630914,0.011423977,0.04029291,0.003523886,0.2911034,8.016666666666667
y81y3c,657b4d102855e7001f85e294,0.77299154,0.3260242,0.49177837,0.10798564,0.049183033,0.30493158,0.7853477,0.25462922,0.003089905,0.029660052,0.23704576,0.044167064,0.006543908,0.011500548,0.3258355,0.8333333333333334
y81y3c,657b4e572855e7001f890f81,0.51983213,0.49848694,0.1995043,0.6090217,0.22680563,0.5990039,0.32499117,0.0438942,0.001115799,0.030175667,0.014504919,0.010467518,0.005971058,0.003376443,0.32747507,6.3
dx7ceg,657b4ecc8b12dc001ffbeaec,0.6498154,0.55488205,0.38423225,0.38648623,0.60705185,0.52210414,0.25875083,0.22980402,0.00617981,0.24970764,0.06634661,0.022149978,0.01187109,0.007431123,0.33386645,6.8
dx7ceg,657b4e492855e7001f88ec76,0.40142974,0.30611402,0.8072292,0.47608054,0.23049566,0.5581626,0.14057605,0.03109552,0.000967979,0.015958117,0.011122898,0.0113215,0.006498598,0.003523886,0.36436206,4.616666666666666
u4t3fn,657b4d548b12dc001ff84d63,0.7545109,0.49773452,0.4499192,0.12874979,0.28352603,0.14995342,0.78297436,0.012503231,0.001087189,0.004088263,0.007379876,0.014327513,0.007508367,0.009318393,0.16229089,3.55
u4t3fn,657b4d0b8b12dc001ff79134,0.38138592,0.2630332,0.5542154,0.26744163,0.05389532,0.35476664,0.38367695,0.014765122,0.000915527,0.003070822,0.00808288,0.01174849,0.00823333,0.007961918,0.20644204,2.3333333333333335
u4t3fn,657b4dc52855e7001f879ff1,0.10824748,0.29406664,0.12165971,0.33434358,0.08148885,0.4768965,0.21586141,0.04735767,0.002241135,0.002904332,0.010514895,0.012687869,0.024062606,0.005189991,0.17958918,5.45
u4t3fn,657b4e0b2855e7001f884c28,0.7259867,0.6511125,0.4275396,0.16190393,0.14960077,0.19199699,0.5107197,0.049336795,0.002279282,0.005142702,0.010970897,0.015830519,0.032005094,0.007254192,0.19183539,6.616666666666666
u4t3fn,657b4e578b12dc001ffad21a,0.80477667,0.5782295,0.65875137,0.08165393,0.27324003,0.19199699,0.8682767,0.011812098,0.001182556,0.003736784,0.007550877,0.014498309,0.00789674,0.010733845,0.28485173,7.883333333333334
u4t3fn,657b4e3f2855e7001f88d3ca,0.031107869,0.03360209,0.20537321,0.061243776,0.048411634,0.04409967,0.017363269,0.30439767,0.021419114,0.010285405,0.054962315,0.053435806,0.34804323,0.01981633,0.2904668,7.483333333333333
1vpyyv,657b4d032855e7001f85c0c2,0.6564665,0.77182335,0.77171,0.52405065,0.082418695,0.5525173,0.6630876,0.11036996,0.002746582,0.006067649,0.028612386,0.020373698,0.026652548,0.009200439,0.32961065,2.6666666666666665
1vpyyv,657b4e0e8b12dc001ffa146f,0.78292406,0.8053103,0.6559981,0.8175876,0.36753565,0.8221006,0.49558702,0.10870059,0.003738403,0.00932346,0.031036375,0.023789622,0.03718498,0.009908165,0.34284893,7.116666666666666
1vpyyv,657b4e678b12dc001ffaf993,0.52911484,0.39689544,0.24086781,0.29396752,0.091941215,0.2617657,0.50173026,0.08637348,0.00377655,0.002922831,0.012034904,0.013576009,0.06755528,0.005131014,0.24094822,8.583333333333334
1vpyyv,657b4e988b12dc001ffb72ba,0.71998465,0.38687348,0.5791836,0.12647597,0.21461551,0.13809541,0.799073,0.005623313,0.000619888,0.001045189,0.006268369,0.009852652,0.006097279,0.004364311,0.18687455,9.416666666666666
f9vvcv,657b4d018b12dc001ff778c2,0.30662343,0.5022539,0.24282813,0.4469108,0.09097064,0.5432682,0.4222965,0.021667719,0.000967979,0.004550736,0.00971689,0.012687869,0.008065036,0.006959306,0.33135608,2.066666666666667
f9vvcv,657b4da18b12dc001ff909f4,0.01723619,0.06589487,0.5855809,0.097804256,0.0366042,0.07775501,0.021323327,0.21374844,0.008392334,0.005993653,0.02657372,0.02836696,0.3077799,0.012916001,0.26457432,4.733333333333333
f9vvcv,657b4e342855e7001f88b772,0.23531619,0.29406664,0.123238094,0.13798015,0.19796546,0.3365044,0.2829303,0.018849092,0.001096726,0.002386362,0.008234881,0.013336895,0.008505191,0.008374758,0.33422044,7.183333333333334
f9vvcv,657b4d558b12dc001ff84f34,0.44099933,0.6181432,0.132634,0.39736483,0.061234605,0.6137894,0.32223237,0.048842013,0.001754761,0.003440801,0.011996903,0.013473531,0.020436687,0.006104137,0.3633685,3.45
q9znpu,657b4cc58b12dc001ff6d6ed,0.41237864,0.30915013,0.38335308,0.17474432,0.20262691,0.15668073,0.39864236,0.007979449,0.000801086,0.002497356,0.006648371,0.011782649,0.006699257,0.006605443,0.14184046,1.3666666666666667
q9znpu,657b4d248b12dc001ff7d3ed,0.31741676,0.25149468,0.120612115,0.2736125,0.21461551,0.42293048,0.1964577,0.22579013,0.012359619,0.008176526,0.018001022,0.028230323,0.3423812,0.012916001,0.17892362,2.95
4u8ag2,657b4ed22855e7001f8a3381,0.17300557,0.2601326,0.11440699,0.11220199,0.0671697,0.13710694,0.2789444,0.017341165,0.001373291,0.004809721,0.008614883,0.015079016,0.008815889,0.0108518,0.1721266,8.333333333333334
4u8ag2,657b4ed82855e7001f8a4236,0.2638654,0.23450792,0.22112842,0.17474432,0.22803417,0.14807095,0.25980574,0.018723432,0.001440048,0.004273253,0.008709883,0.017094411,0.008246276,0.016277699,0.18193483,8.45
4u8ag2,657b4d128b12dc001ff7a540,0.7823966,0.72205526,0.46381328,0.103851885,0.099318996,0.12743886,0.73227715,0.112436704,0.004253388,0.009027477,0.019354604,0.028913507,0.04201601,0.010085096,0.30604756,0.8833333333333333
4u8ag2,657b4eb28b12dc001ffbae23,0.618539,0.7472571,0.42531377,0.13464333,0.052308604,0.29645208,0.6097027,0.015707577,0.000824928,0.002811837,0.008899884,0.011714331,0.007184723,0.004806639,0.18131338,7.816666666666666
4u8ag2,657b4e4d2855e7001f88f5be,0.6760374,0.45426854,0.48457804,0.12989433,0.22435349,0.15422586,0.7166579,0.012440401,0.000967979,0.002136626,0.007455876,0.012824507,0.006686311,0.007165726,0.25311023,6.133333333333334
4u8ag2,657b4dce2855e7001f87b349,0.70788574,0.77023435,0.29671258,0.34099117,0.43810308,0.5257233,0.39603043,0.47173777,0.007476807,0.011025362,0.5362655,0.10549548,0.007404801,0.006546466,0.4125292,4
4u8ag2,657b4e102855e7001f885775,0.75907433,0.3510838,0.56879497,0.09681413,0.24914877,0.13029796,0.801273,0.003471375,0.000445843,0.000647463,0.005741115,0.009289024,0.005725089,0.003523886,0.2790433,5.116666666666666
mxa7hg,657b4e818b12dc001ffb3ba6,0.77067745,0.4348694,0.5631679,0.57837105,0.2529197,0.6390128,0.7562747,0.14429577,0.006637573,0.005845661,0.014390918,0.016172111,0.13815513,0.006133626,0.2602957,8.1
mxa7hg,657b4d432855e7001f8663b1,0.46886346,0.55603784,0.332118,0.40649256,0.09801555,0.6599995,0.31262326,0.035691574,0.001811981,0.002173624,0.008709883,0.012243799,0.025098583,0.004865617,0.23441334,2.816666666666667
mxa7hg,657b4e3d8b12dc001ffa90d4,0.20932254,0.19909015,0.6310279,0.48843077,0.092915915,0.6271014,0.28826994,0.018974753,0.001177788,0.002700844,0.007493876,0.010638315,0.010239923,0.004659196,0.24111436,6.966666666666667
mxa7hg,657b4ea82855e7001f89d26c,0.7406175,0.5395155,0.46758008,0.20107053,0.16498521,0.39133596,0.7573486,0.018723432,0.000603199,0.002885833,0.010628895,0.011184863,0.006213791,0.005278457,0.19227362,8.75
mxa7hg,657b4db28b12dc001ff9338b,0.5612909,0.48200047,0.13142079,0.5608686,0.15396011,0.7842717,0.26191986,0.043399423,0.001707077,0.005734668,0.012528907,0.015488927,0.013631714,0.006516977,0.18064311,4.666666666666667
43zx1g,657b50938b12dc001fffed49,0.2020805,0.16842249,0.84387964,0.1329856,0.004449089,0.07775501,0.40060303,0.040183347,0.001044273,0.022992345,0.011768902,0.010792031,0.00632383,0.003317466,0.267504,7.883333333333334
43zx1g,657b4ef68b12dc001ffc518e,0.12267091,0.1324148,0.08823851,0.12199044,0.054694567,0.1361225,0.10974196,0.25462922,0.008811951,0.27701542,0.062150877,0.050680235,0.008738215,0.012621114,0.25626132,1
43zx1g,657b501a8b12dc001ffefe71,0.35023654,0.55488205,0.11543151,0.12088228,0.08335247,0.27828732,0.06441256,0.4014846,0.023076924,0.45610145,0.23704576,0.0838743,0.28031203,0.01710338,0.331242,5.866666666666666
11b468,657b4e118b12dc001ffa1a5c,0.062378917,0.21791112,0.22509329,0.42862403,0.011842369,0.57182527,0.097779684,0.05205809,0.002183914,0.002090379,0.010172892,0.011765569,0.040638234,0.004423288,0.2864481,3.8833333333333333
11b468,657b4f768b12dc001ffd8f68,0.104675725,0.42306393,0.11440699,0.28608742,0.117865905,0.32493976,0.022981321,0.47119883,0.023076924,0.50588524,0.43450394,0.094219476,0.13262562,0.015039179,0.46379578,9.816666666666666
11b468,657b4e722855e7001f895384,0.2329597,0.6554992,0.20145756,0.7045737,0.05310001,0.7176863,0.18888894,0.063027434,0.002002716,0.01766643,0.016784932,0.013063621,0.016292779,0.008020895,0.22772798,5.5
8p9hdt,657b4d788b12dc001ff8a88b,0.30231753,0.5387493,0.12165971,0.13966006,0.021337438,0.44575992,0.1649894,0.011686437,0.000498295,0.00189614,0.008234881,0.009801413,0.006252628,0.003759795,0.30827093,3.466666666666667
8p9hdt,657b4df68b12dc001ff9d91a,0.6950287,0.5425826,0.44692367,0.31153792,0.20145898,0.3379565,0.6642645,0.040183347,0.001993179,0.002266119,0.008975885,0.012175481,0.02371728,0.004039936,0.1806588,5.583333333333333
8p9hdt,657b4cf12855e7001f8592ae,0.63321245,0.3606355,0.26654595,0.060451824,0.12407555,0.10500617,0.697359,0.014450971,0.001268387,0.002460358,0.007759878,0.012346277,0.00814271,0.008138849,0.18186004,1.2166666666666666
8p9hdt,657b4d232855e7001f861303,0.24240397,0.2866146,0.23891157,0.33599108,0.08335247,0.48770508,0.2369541,0.07687678,0.003013611,0.012943448,0.013820915,0.0157622,0.05268431,0.005956694,0.2923856,2.05
8p9hdt,657b4e2b8b12dc001ffa5f64,0.002002581,0.25436312,0.15540445,0.12534684,0.000188695,0.15914497,0.09911501,0.030506283,0.000872612,0.002663846,0.014580919,0.013951761,0.00679635,0.006487489,0.31366396,6.45
8p9hdt,657b4d988b12dc001ff8f418,0.0835197,0.097840905,0.07667982,0.060451824,0.05310001,0.0662091,0.036864985,0.2922276,0.006523132,0.078392304,0.24928534,0.041160982,0.00746953,0.007843964,0.20991203,4
8p9hdt,657b4ed38b12dc001ffbfb97,0.30877617,0.24863632,0.0910024,0.11434096,0.020101214,0.23172058,0.23491421,0.04290464,0.002145767,0.00673361,0.00979289,0.012790347,0.025098583,0.006074648,0.30336386,9.25
kvctqq,657b4e598b12dc001ffad697,0.80528885,0.717688,0.56488746,0.27052203,0.23915827,0.4758996,0.7732478,0.06896287,0.001420975,0.006770608,0.024768941,0.01220964,0.007482476,0.002639228,0.2422925,5.916666666666667
kvctqq,657b4ddf8b12dc001ff99cae,0.6039029,0.86363155,0.30281326,0.63828015,0.17845505,0.8090565,0.5302237,0.045625936,0.001111031,0.026408968,0.013478912,0.011150704,0.006628056,0.003317466,0.29483077,3.8833333333333333
pxc9p2,657b4fce2855e7001f8c9350,0.079922065,0.24012628,0.24086781,0.39010334,0.15615022,0.54926413,0.19265923,0.08874765,0.001811981,0.059311368,0.020256994,0.01846078,0.006744567,0.006458,0.29628468,4.8
pxc9p2,657b4f448b12dc001ffd1433,0.86250156,0.80601966,0.6036358,0.32287985,0.34712598,0.47889063,0.836428,0.04067813,0.001325607,0.031464707,0.010818896,0.013234417,0.006518017,0.004334822,0.31520626,2.4833333333333334
pxc9p2,657b4f0e2855e7001f8ac67d,0.33922493,0.38687348,0.0910024,0.2751628,0.27196017,0.51656866,0.5521007,0.032156147,0.00120163,0.020681098,0.009678889,0.013268576,0.006472706,0.007372146,0.23502196,1.6
pxc9p2,657b50992855e7001f8e2fe4,0.7335702,0.40845597,0.41239643,0.18780111,0.13246238,0.38724858,0.7845592,0.104795754,0.002222061,0.08170113,0.020772645,0.012551232,0.007171778,0.004806639,0.33209288,8.166666666666666
gc16gk,657b4d822855e7001f870011,0.6336862,0.40990886,0.49064076,0.18451619,0.22068773,0.14807095,0.677725,0.007225486,0.000743866,0.002136626,0.006391869,0.0113215,0.006621582,0.006163114,0.15040304,0.8833333333333333
gc16gk,657b4dce8b12dc001ff9757e,0.7349806,0.4939763,0.43795803,0.29238594,0.091941215,0.45038274,0.56483215,0.09481675,0.002288818,0.005031709,0.024511116,0.013678487,0.04132889,0.004423288,0.22957388,2.15
gc16gk,657b4e102855e7001f8857b7,0.6242149,0.39545837,0.44542688,0.09681413,0.19333,0.10416048,0.759492,0.009298885,0.000815392,0.001831394,0.007094874,0.010928668,0.006407978,0.005072037,0.1886494,3.2333333333333334
gc16gk,657b4e8d8b12dc001ffb590f,0.24240397,0.6311643,0.13020957,0.7074264,0.11992822,0.6838839,0.23797645,0.18554166,0.006790161,0.005327691,0.024124376,0.018665737,0.2836219,0.005366922,0.26266384,5.333333333333333
gc16gk,657b4f8c2855e7001f8bfda4,0.018748099,0.046055418,0.10834246,0.15241629,0.02707787,0.22362563,0.08004688,0.03828422,0.001773834,0.002293867,0.009203887,0.01220964,0.016120117,0.004275845,0.21930066,9.583333333333334
dkn34v,657b4e5e2855e7001f892240,0.8598496,0.88343406,0.62655747,0.51782584,0.59050286,0.6271014,0.727841,0.09394901,0.001964569,0.055218685,0.022964163,0.012004685,0.006505071,0.004836128,0.21224257,4.966666666666667
dkn34v,657b4eaa8b12dc001ffb9b49,0.75380856,0.40990886,0.5749667,0.07806128,0.15396011,0.1331928,0.8070143,0.006974164,0.000591278,0.001193181,0.007009373,0.010706633,0.006090806,0.004865617,0.2982749,6.233333333333333
dkn34v,657b4f318b12dc001ffce3da,0.1011181,0.097840905,0.11749236,0.11758787,0.20860094,0.16410081,0.15435125,0.03592727,0.001068115,0.006955597,0.012414906,0.01174849,0.006524489,0.003774539,0.24334636,8.466666666666667
dkn34v,657b4d7c8b12dc001ff8b371,0.16324693,0.24295193,0.07325996,0.13464333,0.05073776,0.27275658,0.35078412,0.019980038,0.00128746,0.003514797,0.008880884,0.012312118,0.009385503,0.0074901,0.16339318,1.2
6hx7eu,657b50bd8b12dc001f003b94,0.14154164,0.13473919,0.6482644,0.116500415,0.2098003,0.1075664,0.1870134,0.016964182,0.001382828,0.003403803,0.008253881,0.01627459,0.008155655,0.011441571,0.23272474,8.466666666666667
6hx7eu,657b51058b12dc001f00ba42,0.08533011,0.0916127,0.44094265,0.116500415,0.15944919,0.1331928,0.21487516,0.013445686,0.000839233,0.003570293,0.007759878,0.012756188,0.00704232,0.008197826,0.16742584,9.683333333333334
6hx7eu,657b4fe78b12dc001ffe90fa,0.48528853,0.41720122,0.10536304,0.27982917,0.16055275,0.36090797,0.2060747,0.112436704,0.002536774,0.01565665,0.04852104,0.019143965,0.011327368,0.007195215,0.29982108,4.916666666666667
vguwu3,657b4e542855e7001f8907b5,0.78529406,0.600691,0.30689266,0.14134736,0.32891276,0.31061715,0.58856916,0.10522962,0.003089905,0.10221587,0.01632893,0.020442016,0.008168601,0.007726009,0.25941473,0.8333333333333334
vguwu3,657b4ef28b12dc001ffc4718,0.22124074,0.47376373,0.0758189,0.082564235,0.090004176,0.17791487,0.34867516,0.015079274,0.001192093,0.004532238,0.007816878,0.014054239,0.008323951,0.009908165,0.2760017,3.466666666666667
vguwu3,657b4f518b12dc001ffd3635,0.28066093,0.27917442,0.09474389,0.13798015,0.161658,0.14619578,0.251409,0.031331215,0.002670288,0.005475683,0.009203887,0.019348921,0.013010317,0.020052237,0.24507105,5.05
vguwu3,657b4ece8b12dc001ffbeeeb,0.54672146,0.55026335,0.25859782,0.7906776,0.25670323,0.84364516,0.326373,0.2191003,0.009231567,0.1444726,0.061101943,0.07482228,0.13815513,0.03609403,0.40916342,2.8666666666666667
vguwu3,657b4f1d2855e7001f8aebee,0.67392665,0.32293442,0.47436935,0.11758787,0.20501089,0.11279448,0.73227715,0.019603057,0.001020432,0.002256869,0.012034904,0.014225035,0.006686311,0.006723397,0.5246972,4.183333333333334
vguwu3,657b4f812855e7001f8be309,0.67370445,0.36380813,0.46908796,0.101815864,0.16832852,0.11907599,0.72672856,0.009675868,0.000891686,0.001692652,0.007493876,0.013371054,0.006505071,0.008079873,0.16455272,5.85
vguwu3,657b50372855e7001f8d6fb4,0.55087745,0.36853585,0.5096379,0.35106236,0.090004176,0.402961,0.7311694,0.011183795,0.000493526,0.002404861,0.008443882,0.009903891,0.006097279,0.003509142,0.3128344,8.883333333333333
ywuvhx,657b4d6e2855e7001f86d063,0.07105747,0.09470313,0.18398336,0.17474432,0.01707348,0.16659191,0.05478773,0.47323486,0.023076924,0.016963007,0.4810288,0.17334256,0.34876925,0.01604179,0.38980615,1.1333333333333333
ywuvhx,657b4dea2855e7001f87f853,0.29989743,0.09059314,0.639943,0.11977882,0.23419909,0.10331885,0.30173418,0.051810697,0.00289917,0.003126319,0.011236899,0.01535229,0.032695748,0.008905552,0.32636914,3.2
ywuvhx,657b4dd38b12dc001ff97fa3,0.23531619,0.064135894,0.19366163,0.2659053,0.42402583,0.2603964,0.07706639,0.5885171,0.16960317,0.084182754,0.14874944,0.24341469,0.6615786,0.03562221,0.368773,2.8
ywuvhx,657b4e1b2855e7001f887518,0.08714753,0.095743746,0.36410484,0.13630773,0.15724781,0.11279448,0.21586141,0.014011159,0.00082016,0.002229121,0.007664877,0.012585391,0.007003482,0.006222091,0.22358672,4.016666666666667
ywuvhx,657b4e7d8b12dc001ffb3202,0.5767759,0.32757276,0.07928687,0.09484897,0.43736812,0.099992886,0.105115615,0.60311776,0.067522444,0.07673789,0.47020787,0.4894185,0.30463433,0.34261686,0.341893,5.65
ywuvhx,657b4ea88b12dc001ffb96b7,0.2447739,0.2925717,0.24282813,0.20442122,0.18186125,0.16659191,0.26946795,0.011560776,0.001058579,0.00294133,0.008006879,0.014737424,0.006925808,0.009554301,0.14695734,6.366666666666666
ywuvhx,657b4ed28b12dc001ffbf89b,0.2447739,0.2925717,0.24282813,0.20442122,0.18186125,0.16659191,0.26946795,0.011560776,0.001058579,0.00294133,0.008006879,0.014737424,0.006925808,0.009554301,0.14695734,7.066666666666666
ywuvhx,657b4f022855e7001f8aa98e,0.27827218,0.16594493,0.029468669,0.054278523,0.07964143,0.06238674,0.12726986,0.568186,0.052044146,0.048737846,0.40243408,0.46222726,0.2836219,0.3741292,0.39480343,7.866666666666666
ywuvhx,657b4f342855e7001f8b2765,0.2447739,0.2925717,0.24282813,0.20442122,0.18186125,0.16659191,0.26946795,0.011560776,0.001058579,0.00294133,0.008006879,0.014737424,0.006925808,0.009554301,0.14695734,8.7
ywuvhx,657b4f622855e7001f8b9687,0.05388788,0.14177594,0.48836628,0.08532512,0.33766228,0.09673003,0.069884576,0.034748793,0.001316071,0.002793338,0.012566907,0.013063621,0.00933372,0.005455388,0.22713971,9.466666666666667
8pdkzt,657b4d922855e7001f87268e,0.5157165,0.40700457,0.36671826,0.11977882,0.17281176,0.106708884,0.6881582,0.011937759,0.001134872,0.003477799,0.007512876,0.01354185,0.007262398,0.009023507,0.15445,2.4833333333333334
8pdkzt,657b4e4e2855e7001f88f777,0.13676605,0.6854188,0.11237009,0.39554617,0.029057574,0.52894694,0.1907705,0.026145924,0.001344681,0.002145876,0.007911879,0.01086035,0.011638066,0.003509142,0.20851716,5.6
8pdkzt,657b4ebc2855e7001f8a0118,0.3590947,0.5158709,0.3286836,0.3443384,0.23419909,0.36762297,0.15435125,0.045625936,0.002231598,0.003829278,0.00971689,0.013644327,0.020436687,0.006163114,0.24081461,7.433333333333334
8pdkzt,657b4f1c2855e7001f8aea0d,0.27588674,0.3400453,0.7843235,0.07717534,0.075996056,0.07150899,0.24932499,0.013194365,0.001072884,0.00275634,0.007341875,0.013507691,0.007391856,0.009023507,0.2597635,9.05
q2w9u9,657b4e2e2855e7001f88a5df,0.8256235,0.55488205,0.56402767,0.2248042,0.23791625,0.48803806,0.7833714,0.10913446,0.001573563,0.00984143,0.056719027,0.015010698,0.009230154,0.005956694,0.20547886,1.5666666666666667
q2w9u9,657b4fb02855e7001f8c510d,0.3747018,0.27033064,0.26058143,0.17151402,0.12825382,0.16784096,0.5628423,0.009864358,0.000901222,0.002682345,0.007028373,0.012312118,0.006938754,0.007549078,0.1894696,8
q2w9u9,657b50032855e7001f8d01cb,0.09820561,0.12096021,0.10241937,0.11220199,0.032430932,0.1690925,0.20704561,0.37751234,0.012962224,0.03894114,0.40243408,0.07805514,0.13127698,0.02394473,0.31155732,9.366666666666667
q2w9u9,657b4f1c8b12dc001ffcafcd,0.7810768,0.6523772,0.28457916,0.7474607,0.240402,0.7476792,0.49008816,0.07450261,0.00246048,0.005475683,0.028942931,0.015249812,0.017846745,0.006310557,0.2904924,5.533333333333333
8dggm9,657b4e528b12dc001ffac441,0.06582858,0.097840905,0.79385865,0.116500415,0.08335247,0.0749414,0.12890771,0.010618322,0.000782013,0.00224762,0.006990373,0.012312118,0.00679635,0.008610667,0.19210479,2.65
8dggm9,657b4fa22855e7001f8c2efd,0.11183177,0.074055426,0.15540445,0.31962708,0.117865905,0.4363059,0.12240143,0.11388343,0.006828308,0.005512681,0.011236899,0.021603432,0.13431145,0.011618502,0.23357634,8.25
8dggm9,657b4ff22855e7001f8cdec7,0.07458106,0.07781315,0.5280688,0.08439999,0.018879846,0.09753984,0.07199883,0.043646812,0.002174377,0.002303117,0.009602889,0.012551232,0.02924249,0.004924594,0.31427464,9.583333333333334
8dggm9,657b4e338b12dc001ffa76d0,0.4565632,0.2601326,0.3286836,0.115418,0.082418695,0.21827032,0.52788323,0.011623607,0.000839233,0.002571351,0.007740878,0.012790347,0.006647474,0.007431123,0.20773163,2.15
8dggm9,657b4ec72855e7001f8a1b2f,0.6398495,0.15131176,0.4216076,0.1100836,0.23915827,0.26725474,0.30308986,0.049584184,0.001196861,0.035331827,0.013706914,0.012107162,0.006181426,0.004836128,0.2143214,4.6
w7ktqp,657b4f902855e7001f8c07bd,0.1320083,0.19644909,0.15728761,0.214554,0.000188695,0.22496933,0.11286291,0.16765249,0.00328064,0.003551794,0.06302499,0.02030538,0.048158366,0.004600219,0.28153902,9.95
w7ktqp,657b4f3e8b12dc001ffd0576,0.45210588,0.30611402,0.3580206,0.11977882,0.20381775,0.12743886,0.5098025,0.008670582,0.000815392,0.002099628,0.006781372,0.01220964,0.006763986,0.007784986,0.15395038,8.583333333333334
w7ktqp,657b4f2e2855e7001f8b15d6,0.0693074,0.21518372,0.10834246,0.29080722,0.048411634,0.46760014,0.083090164,0.048594624,0.002317429,0.003311308,0.010058892,0.011492296,0.032005094,0.004393799,0.14653276,8.316666666666666
w7ktqp,657b4e232855e7001f888814,0.09264324,0.24295193,0.09568947,0.11977882,0.040187187,0.2576641,0.06849398,0.039462693,0.001392365,0.0034593,0.012528907,0.01220964,0.01119791,0.004039936,0.21453375,3.8666666666666667
vr12k6,657b4da42855e7001f8751f8,0.853561,0.6075932,0.55878985,0.12088228,0.51119506,0.3379565,0.8420137,0.008607753,0.000691414,0.002284618,0.006800372,0.011475217,0.006265574,0.005602831,0.3185745,2.8
vr12k6,657b4d502855e7001f8683c1,0.3747018,0.34633917,0.21126576,0.45766747,0.21100153,0.62178636,0.25664577,0.075294,0.001764298,0.058856625,0.017485369,0.012756188,0.007003482,0.004718174,0.32934406,1.4
fe3un4,657b4ed58b12dc001ffbff91,0.8068225,0.78079134,0.636604,0.7613767,0.37471756,0.8239069,0.7869163,0.035691574,0.001907349,0.002349364,0.00983089,0.012073003,0.018364733,0.004511754,0.21305855,7.516666666666667
fe3un4,657b4f0b8b12dc001ffc859e,0.7845048,0.48947597,0.51230204,0.082564235,0.26557916,0.10416048,0.7817789,0.02249265,0.001211166,0.004014268,0.010286893,0.015215653,0.007521313,0.010085096,0.3654242,8.416666666666666
fe3un4,657b4de18b12dc001ff9a37d,0.62752825,0.5556525,0.23891157,0.57199574,0.7314316,0.79733706,0.46217784,0.035220183,0.001907349,0.001775897,0.008500882,0.011714331,0.022853967,0.003980959,0.23378444,3.45
e9xwqc,657b4d942855e7001f872c26,0.49718535,0.39689544,0.39923647,0.13798015,0.23296322,0.12838791,0.60139525,0.010806813,0.000977516,0.002793338,0.007398875,0.012858666,0.006861079,0.007342658,0.14093487,1.4166666666666667
e9xwqc,657b4dbf8b12dc001ff95196,0.20690423,0.22616051,0.2330567,0.17151402,0.049958427,0.3437793,0.10206828,0.15932569,0.00243187,0.10221587,0.061451588,0.020168742,0.006744567,0.004305333,0.37686008,2.1333333333333333
e9xwqc,657b4e7c8b12dc001ffb2f70,0.71998465,0.38687348,0.5791836,0.12647597,0.21461551,0.13809541,0.799073,0.005623313,0.000619888,0.001045189,0.006268369,0.009852652,0.006097279,0.004364311,0.18687455,5.283333333333333
hvb1rf,657b4d948b12dc001ff8eb66,0.70276076,0.49247497,0.46984196,0.113268904,0.2541795,0.1331928,0.7530431,0.01017851,0.001058579,0.003422302,0.007028373,0.013268576,0.007327127,0.009849187,0.16322061,1.1833333333333333
hvb1rf,657b4e0b2855e7001f884c9f,0.5519171,0.6801754,0.30077735,0.694606,0.54214144,0.4905343,0.14057605,0.13561769,0.005187988,0.007732552,0.019225692,0.01846078,0.13815513,0.007283681,0.276755,3.1666666666666665
h4bv1w,657b4ede8b12dc001ffc1574,0.07458106,0.34161535,0.13142079,0.0834797,0.061234605,0.2603964,0.052959703,0.15600902,0.002384186,0.055218685,0.06794841,0.021876704,0.006576272,0.005897717,0.24756241,6.466666666666667
h4bv1w,657b4e198b12dc001ffa2f0a,0.0693074,0.16842249,0.8172585,0.17798842,0.038025744,0.09753984,0.10358816,0.045873325,0.001325607,0.033269364,0.01309891,0.01354185,0.006388559,0.003597607,0.20135672,3.183333333333333
h4bv1w,657b4e4f8b12dc001ffabcf5,0.09264324,0.06067711,0.06022099,0.055034567,0.038742248,0.056299057,0.0712903,0.09828771,0.002212524,0.005808664,0.05027775,0.020851927,0.006776932,0.008197826,0.30093437,4.1
h4bv1w,657b4e0c2855e7001f884d8a,0.26146647,0.21791112,0.6042507,0.12310397,0.13457838,0.08884861,0.21487516,0.006565767,0.0005579,0.001415168,0.006125868,0.010501678,0.006168481,0.005396411,0.16881104,2.9833333333333334
h4bv1w,657b4dfb2855e7001f8823b3,0.5767759,0.5494945,0.11338645,0.35274938,0.30171713,0.6023727,0.6457838,0.15158679,0.003204346,0.11163961,0.033019636,0.014190876,0.007832011,0.005189991,0.33637968,2.7
h4bv1w,657b4f2b8b12dc001ffcd658,0.24714777,0.18863499,0.18205647,0.2282475,0.066309564,0.29504436,0.09381223,0.13908891,0.002336502,0.10221587,0.03599453,0.014259194,0.007171778,0.004806639,0.2411017,7.766666666666667
aab4qe,657b4daf8b12dc001ff92cc2,0.18529944,0.39977503,0.59072536,0.12310397,0.15724781,0.08356363,0.18141639,0.036870047,0.001888275,0.004883717,0.014960921,0.020032106,0.008194493,0.013564749,0.33097884,2.2333333333333334
aab4qe,657b4f2d8b12dc001ffcda25,0.66493094,0.7638581,0.16106391,0.61372113,0.240402,0.8460776,0.6753947,0.018974753,0.00064373,0.010285405,0.009222887,0.009886812,0.006272047,0.003730306,0.18785065,8.583333333333334
aab4qe,657b4ec38b12dc001ffbd48e,0.26867455,0.6320751,0.0758189,0.47168955,0.038025744,0.7258558,0.29094967,0.055521555,0.001363754,0.036105253,0.018258847,0.010792031,0.006738094,0.003568119,0.341522,6.816666666666666
bgg8md,657b50ee8b12dc001f009135,0.67470425,0.53568614,0.197553,0.11758787,0.32154247,0.19070588,0.73227715,0.045131154,0.002355576,0.027413858,0.012224905,0.017367685,0.007780228,0.009023507,0.34324068,9.616666666666667
q4cfa3,657b50a72855e7001f8e4d38,0.7907996,0.6960254,0.41503382,0.29080722,0.15286757,0.35750914,0.69850403,0.050573748,0.0025177,0.003329807,0.008899884,0.014737424,0.03304107,0.007902941,0.21266435,1.9833333333333334
akz9zd,657b4e4f2855e7001f88fb38,0.7632816,0.4745136,0.57051384,0.5592827,0.11992822,0.66260326,0.70193166,0.048594624,0.001535416,0.042292643,0.012186904,0.014293353,0.007223561,0.007254192,0.29207447,2.4
akz9zd,657b4f1b2855e7001f8ae593,0.44099933,0.31372264,0.28659645,0.22137496,0.05549788,0.4077657,0.18514048,0.1140901,0.00243187,0.089973204,0.030375287,0.016035475,0.007171778,0.004777151,0.30108747,5.8
ardxry,657b4ee78b12dc001ffc2c6d,0.3836033,0.3106718,0.21126576,0.12310397,0.10062749,0.20240258,0.097779684,0.29771072,0.004253388,0.028418748,0.29383746,0.023584666,0.008207439,0.004924594,0.26931027,6.266666666666667
ardxry,657b4dde8b12dc001ff99be3,0.6567041,0.7245076,0.20145756,0.5576981,0.15834752,0.70945096,0.47343436,0.036870047,0.001544952,0.003089321,0.010362893,0.011475217,0.016810767,0.003656585,0.23419762,1.85
97nz1x,657b4dc28b12dc001ff95971,0.05726224,0.10004715,0.068251,0.20442122,0.07241669,0.15422586,0.01660203,0.38434127,0.019095084,0.31307843,0.36798462,0.08678388,0.091630474,0.013859635,0.25463885,1.6
97nz1x,657b4e672855e7001f893808,0.031107869,0.11233474,0.103396736,0.16829737,0.048411634,0.340865,0.117599316,0.01646154,0.000782013,0.002515854,0.008937885,0.012141321,0.006990537,0.006399023,0.19865729,4.35
97nz1x,657b4f078b12dc001ffc7a88,0.07813416,0.0749873,0.14977454,0.38107905,0.13246238,0.3635899,0.059819363,0.032156147,0.001296997,0.003440801,0.0113509,0.012038844,0.010265815,0.004954082,0.30503422,7
97nz1x,657b4eb78b12dc001ffbbb35,0.22591716,0.31372264,0.063385084,0.07806128,0.07153199,0.12461543,0.20801824,0.05378982,0.002374649,0.004957713,0.014504919,0.012756188,0.021645326,0.005248968,0.18805867,5.683333333333334
97nz1x,657b4e138b12dc001ffa1fb8,0.33265293,0.6119569,0.22112842,0.29555178,0.048411634,0.49253187,0.33608648,0.03639866,0.001707077,0.002959829,0.010894896,0.011833889,0.018192071,0.003921982,0.23950377,2.95
7ra7ae,657b4f7b8b12dc001ffd9bcc,0.79834104,0.80672747,0.67135507,0.70997745,0.73261094,0.6939254,0.46046555,0.14429577,0.003528595,0.12440576,0.03136692,0.017299367,0.008919456,0.007401635,0.34294665,5.133333333333334
7ra7ae,657b501e8b12dc001fff0711,0.49177095,0.28958938,0.44692367,0.116500415,0.15944919,0.13514197,0.7797733,0.004209631,0.000445843,0.000647463,0.006201868,0.009365883,0.005802763,0.003597607,0.28152132,7.85
d3h62g,657b4fbe2855e7001f8c6f9a,0.29025218,0.24012628,0.48609284,0.14615701,0.20381775,0.12649381,0.23900037,0.01237757,0.001044273,0.002830336,0.007531876,0.013746806,0.006815769,0.010379982,0.16060893,7.116666666666666
d3h62g,657b4f9b8b12dc001ffde8a8,0.41456708,0.3510838,0.33383814,0.2282475,0.25040436,0.19070588,0.34446642,0.013571346,0.001111031,0.002978328,0.007873878,0.014122557,0.007340072,0.010026119,0.20634131,6.55
d3h62g,657b4e558b12dc001ffacd82,0.5095557,0.25724247,0.11749236,0.21795772,0.23049566,0.32062647,0.39407387,0.11357342,0.007972717,0.010507392,0.013326911,0.02433617,0.11002964,0.018282922,0.24303009,1.1166666666666667
d3h62g,657b4ea22855e7001f89c4bf,0.30877617,0.095743746,0.11338645,0.12647597,0.18072422,0.13222396,0.2990281,0.11912931,0.007476807,0.009175468,0.012984909,0.025497584,0.12536226,0.019226557,0.16506058,2.3833333333333333
kd98yx,657b4e4e2855e7001f88f8eb,0.21890815,0.20707954,0.0855105,0.09681413,0.09801555,0.10500617,0.1907705,0.3048984,0.014963473,0.12440576,0.082619295,0.09195647,0.108496375,0.013918612,0.1908375,2.1166666666666667
kd98yx,657b4ff42855e7001f8ce2ba,0.3130916,0.22893222,0.10734529,0.08439999,0.11581159,0.08062888,0.1907705,0.36095104,0.023076924,0.021083053,0.16053712,0.17803068,0.1733226,0.023354959,0.2223287,9.15
kd98yx,657b4e162855e7001f8866bd,0.07105747,0.102069505,0.7833618,0.14928007,0.04461459,0.111035876,0.09512816,0.05378982,0.001478195,0.026207991,0.01640493,0.011475217,0.007055265,0.003302722,0.2993369,1.1833333333333333
typ7y4,657b4e158b12dc001ffa2445,0.6901671,0.58112127,0.22112842,0.5529493,0.40290755,0.6975779,0.63823974,0.029799197,0.001296997,0.01756594,0.009374888,0.012448754,0.006874025,0.005484877,0.26614863,1.8
7nxmxw,657b4da28b12dc001ff90d47,0.4621461,0.27326855,0.3232997,0.10798564,0.18528372,0.12090656,0.40387574,0.013131535,0.001139641,0.002793338,0.007721877,0.013951761,0.007534259,0.009436348,0.22909386,1.2666666666666666
7nxmxw,657b4ec88b12dc001ffbe25d,0.5612909,0.2630332,0.3597569,0.61607236,0.4226614,0.71416485,0.41438255,0.081625134,0.003166199,0.002830336,0.011274899,0.014566627,0.061736204,0.007047772,0.20856516,6.166666666666667
7nxmxw,657b4e038b12dc001ff9f718,0.052212548,0.18607083,0.7707295,0.30671462,0.027734175,0.11907599,0.08698324,0.17631748,0.007019043,0.003070822,0.015644927,0.018119188,0.21332647,0.00604516,0.33078858,2.8666666666666667
ugccwz,657b4e912855e7001f899d77,0.72457474,0.43783733,0.51338166,0.25168148,0.088083394,0.3629191,0.76827323,0.028149333,0.00123024,0.002830336,0.009241886,0.011543535,0.011379151,0.005072037,0.24263693,1.4666666666666666
ugccwz,657b4fe88b12dc001ffe9327,0.05557129,0.21791112,0.5699669,0.097804256,0.040915363,0.08884861,0.10358816,0.06104896,0.001196861,0.003348306,0.024640027,0.01627459,0.007275343,0.00625158,0.19031481,7.2
ugccwz,657b4fb68b12dc001ffe2875,0.2447739,0.20976527,0.043932848,0.079847895,0.000188695,0.113679945,0.12726986,0.2648175,0.008010864,0.013546381,0.0836065,0.022013342,0.2836219,0.005278457,0.25406253,6.366666666666666
ugccwz,657b4f402855e7001f8b43c1,0.39919263,0.4041079,0.2369578,0.15241629,0.000748116,0.23036613,0.15610619,0.28548008,0.00919342,0.012240025,0.16890354,0.037904397,0.1733226,0.007902941,0.26359653,4.4
tx4r9r,657b4f552855e7001f8b7676,0.11183177,0.08068535,0.07410899,0.10590835,0.064601645,0.3006852,0.25036624,0.015142105,0.001015663,0.003940272,0.007797878,0.012243799,0.007443639,0.006841352,0.189828,5.566666666666666
tx4r9r,657b4f9d2855e7001f8c233a,0.44543546,0.1061449,0.2231094,0.07026008,0.08148885,0.08356363,0.22081688,0.03781283,0.001525879,0.015857628,0.013934915,0.015010698,0.007935578,0.008492713,0.29289356,6.75
neb82f,657b4e662855e7001f8935eb,0.17300557,0.13707347,0.7508351,0.29396752,0.10767364,0.21294741,0.13888659,0.26104406,0.009422302,0.27991617,0.08459369,0.0816113,0.013113883,0.023237005,0.3592,2.433333333333333
neb82f,657b4f778b12dc001ffd91fe,0.31525248,0.21791112,0.0864158,0.12874979,0.17732301,0.15668073,0.27761862,0.01859777,0.00099659,0.005660672,0.008424882,0.012073003,0.007016428,0.006015671,0.17483863,6.983333333333333
neb82f,657b4ed92855e7001f8a446d,0.30231753,0.16347843,0.09286537,0.1100836,0.20381775,0.15914497,0.07199883,0.3375374,0.006332398,0.13377325,0.32682732,0.05393682,0.007145886,0.007784986,0.2762204,4.35
neb82f,657b4f3c8b12dc001ffd007f,0.6595559,0.5204291,0.843073,0.26744163,0.06040291,0.33941016,0.5022805,0.03639866,0.001344681,0.015053716,0.011540901,0.011646013,0.008789998,0.00395147,0.30632347,6
neb82f,657b50038b12dc001ffeccaa,0.21417195,0.3510838,0.49557346,0.14615701,0.092915915,0.24537462,0.06508322,0.045378547,0.000987053,0.018872296,0.01890341,0.012312118,0.0065698,0.003612352,0.38117677,9.316666666666666
32qunu,657b4fcb8b12dc001ffe5736,0.24952528,0.31678307,0.09193192,0.18124555,0.1045852,0.3947486,0.21783899,0.05354243,0.001773834,0.036878675,0.01306091,0.015113175,0.007029374,0.006192603,0.2639258,7.433333333333334
utp4ny,657b4ead2855e7001f89de04,0.6336862,0.40990886,0.49064076,0.18451619,0.22068773,0.14807095,0.677725,0.007225486,0.000743866,0.002136626,0.006391869,0.0113215,0.006621582,0.006163114,0.15040304,3.2333333333333334
utp4ny,657b4e888b12dc001ffb4d90,0.46550262,0.27179828,0.14417121,0.2782709,0.17619257,0.48820448,0.534216,0.035691574,0.001630783,0.019475231,0.009678889,0.01402008,0.006977591,0.007667032,0.323569,2.6333333333333333
4p719v,657b4f998b12dc001ffde3ff,0.47774684,0.41136384,0.3939286,0.15556577,0.2630359,0.15668073,0.6173472,0.007225486,0.000858307,0.001794396,0.00650587,0.012004685,0.007119995,0.007136237,0.16918439,5.45
4p719v,657b4e942855e7001f89a596,0.50647956,0.4452839,0.5043121,0.12647597,0.2453918,0.15184323,0.7728346,0.006785673,0.000653267,0.001933138,0.006657871,0.010945748,0.006621582,0.005691297,0.26460144,1.1
4p719v,657b4f268b12dc001ffcc8a3,0.68954855,0.46628278,0.48722953,0.10283129,0.23915827,0.1424673,0.7773455,0.007413976,0.000753403,0.00223837,0.006410869,0.011082385,0.006686311,0.006222091,0.20728976,3.5166666666666666
4p719v,657b50988b12dc001ffff658,0.8571714,0.8356236,0.6499242,0.5387562,0.4087763,0.67620647,0.84885466,0.03592727,0.001211166,0.025605056,0.010932897,0.01220964,0.006738094,0.004305333,0.40390953,9.683333333333334
4p719v,657b4ecf8b12dc001ffbf14a,0.7404414,0.80317074,0.31918415,0.42491317,0.30696452,0.58748144,0.5616811,0.03545588,0.00166893,0.025002124,0.010362893,0.01620627,0.007495422,0.007519589,0.3322909,2.0833333333333335
eyv6eu,657b4f008b12dc001ffc69dc,0.84944576,0.6175974,0.44467905,0.18451619,0.47274604,0.40914017,0.84731764,0.015079274,0.001029968,0.005660672,0.008272881,0.012038844,0.006763986,0.005160502,0.20936333,2.8666666666666667
eyv6eu,657b4fe18b12dc001ffe8543,0.40582877,0.31372264,0.12779324,0.20778568,0.173937,0.28245366,0.30989113,0.025910228,0.00105381,0.005549679,0.011806903,0.012585391,0.006964645,0.006399023,0.26213777,6.633333333333334
61p4tp,657b4f1c8b12dc001ffcb0f4,0.67925906,0.63034445,0.6382742,0.327778,0.057116542,0.44774035,0.64891815,0.028502874,0.001497269,0.003015325,0.008253881,0.013234417,0.012854968,0.006723397,0.19955342,3.35
61p4tp,657b4f9a2855e7001f8c1cdd,0.5436074,0.46479085,0.42457205,0.40466312,0.30171713,0.5502916,0.45670056,0.026028076,0.001602173,0.003385304,0.007721877,0.013746806,0.011974656,0.008315781,0.17535517,5.433333333333334
61p4tp,657b50472855e7001f8d922e,0.54568315,0.7028958,0.7200232,0.63625085,0.10194144,0.6324047,0.53660166,0.17458448,0.004768372,0.06613251,0.071433455,0.024404489,0.017328756,0.009082484,0.1835626,8.333333333333334
kp283h,657b4e652855e7001f893383,0.7931483,0.4512681,0.5065937,0.13464333,0.17732301,0.25086454,0.5161799,0.049336795,0.002040863,0.006474625,0.015872927,0.014054239,0.012337137,0.006428511,0.20339622,1.8666666666666667
kp283h,657b4eeb8b12dc001ffc3597,0.78160495,0.47976455,0.480037,0.09097979,0.24289377,0.11816678,0.8034474,0.012063419,0.001211166,0.003718285,0.007132874,0.013883443,0.007495422,0.008728622,0.1638835,4.1
kp283h,657b4eab2855e7001f89d90d,0.18036744,0.38402683,0.09759216,0.14304936,0.03311699,0.3954315,0.17956558,0.0438942,0.001716614,0.003440801,0.010742896,0.013849284,0.021300001,0.005691297,0.19465847,3.033333333333333
ptag3g,657b50052855e7001f8d07b2,0.67470425,0.78079134,0.42531377,0.11220199,0.40704963,0.2156048,0.6788884,0.025792383,0.00128746,0.003644289,0.01290891,0.014464149,0.007107049,0.010674868,0.55182093,7.616666666666666
ptag3g,657b503e8b12dc001fff47d6,0.8126621,0.65226334,0.5250725,0.4193646,0.85274583,0.50939584,0.82376325,0.037577134,0.001840591,0.023595277,0.012566907,0.019485557,0.007974415,0.009554301,0.43709087,8.566666666666666
ptag3g,657b4e8b8b12dc001ffb52c4,0.7734541,0.30611402,0.33900893,0.12647597,0.17958881,0.16659191,0.6806313,0.02685301,0.001525879,0.009545447,0.010856897,0.015044857,0.007275343,0.00855169,0.17454317,1.3
ptag3g,657b4ee62855e7001f8a63d1,0.7727603,0.47301415,0.41239643,0.2384713,0.33564,0.2576641,0.8077189,0.014136819,0.001177788,0.005660672,0.007683877,0.015283971,0.007547205,0.01250316,0.19800743,2.8333333333333335
ptag3g,657b4ebd8b12dc001ffbc86b,0.60437435,0.43783733,0.10734529,0.38648623,0.28805172,0.67813885,0.544307,0.017466826,0.001029968,0.00899048,0.007778878,0.011782649,0.00632383,0.004688685,0.27419323,2.15
gg6q7u,657b4f232855e7001f8af9fc,0.09634415,0.62788516,0.05258516,0.10903197,0.031070596,0.28384578,0.15086368,0.10002319,0.003166199,0.006807606,0.014884921,0.015830519,0.055270568,0.005573343,0.26607612,1.4833333333333334
mx7ucf,657b4e258b12dc001ffa4e88,0.35687628,0.5705557,0.40012223,0.45587033,0.22926421,0.52210414,0.46357456,0.031331215,0.000929832,0.006141644,0.013896915,0.015932998,0.006375613,0.008374758,0.1937949,1.2333333333333334
mx7ucf,657b4f298b12dc001ffcd073,0.57574373,0.49472728,0.43199885,0.69352,0.74430215,0.7351076,0.3044472,0.021314176,0.000782013,0.008176526,0.010438894,0.012277958,0.006343249,0.005750274,0.22740309,5.583333333333333
mx7ucf,657b4fc72855e7001f8c837f,0.47447416,0.4512681,0.33728355,0.13464333,0.28417167,0.14619578,0.53889513,0.01017851,0.001168251,0.002571351,0.007303875,0.013507691,0.007417747,0.008492713,0.24394195,8.216666666666667
mx7ucf,657b502c8b12dc001fff22f8,0.19247882,0.07592425,0.20341371,0.115418,0.093894765,0.07990451,0.11286291,0.06579731,0.002336502,0.004328749,0.019934712,0.022764845,0.007391856,0.012385205,0.23843484,9.9
mx7ucf,657b50098b12dc001ffedb24,0.35244697,0.42600605,0.5107794,0.30511224,0.22557884,0.3307102,0.40322062,0.0414203,0.001373291,0.02128403,0.012984909,0.013302735,0.006492125,0.006693909,0.56296587,9.316666666666666
mx7ucf,657b4e752855e7001f895b7b,0.52601725,0.80209523,0.2231094,0.4752015,0.28094688,0.5979923,0.45533252,0.11150667,0.002164841,0.1007269,0.025542418,0.014771583,0.007676662,0.004511754,0.3243533,2.5833333333333335
mx7ucf,657b4f468b12dc001ffd1ab9,0.801696,0.48723006,0.57074827,0.09387397,0.31157106,0.12555276,0.81990945,0.01024134,0.000905991,0.002626848,0.007037873,0.012482914,0.006861079,0.006811863,0.22729728,6.066666666666666
4h6eck,657b51138b12dc001f00cef4,0.51983213,0.22339956,0.09759216,0.2643714,0.15068793,0.25086454,0.1722254,0.13908891,0.002975464,0.08666438,0.03257891,0.015318131,0.007210615,0.003921982,0.36398646,6.116666666666666
4h6eck,657b51648b12dc001f013d7a,0.5085306,0.33535045,0.30689266,0.09002491,0.14419319,0.11726139,0.7076199,0.012314741,0.001173019,0.003200315,0.007892879,0.013678487,0.00746953,0.009554301,0.30845997,7.483333333333333
276qp8,657b4f048b12dc001ffc73eb,0.40142974,0.32447803,0.2705359,0.11434096,0.22435349,0.20897695,0.6482916,0.04834723,0.002593994,0.008361516,0.017872108,0.024062896,0.0100069,0.015452018,0.15262158,4.116666666666666
276qp8,657b4fcc2855e7001f8c8daf,0.624688,0.57166404,0.39658093,0.059664406,0.040915363,0.11907599,0.36691782,0.38811707,0.023076924,0.0376521,0.11464815,0.079025,0.49142194,0.016159745,0.3028356,7.45
276qp8,657b4e622855e7001f892ae5,0.1320083,0.22616051,0.11956828,0.33434358,0.068034075,0.4996924,0.07929607,0.055274166,0.001325607,0.020882076,0.014884921,0.012585391,0.008582866,0.003892493,0.2370357,1.4333333333333333
276qp8,657b4e3a8b12dc001ffa88b8,0.2020805,0.12779967,0.14045076,0.09193956,0.038025744,0.11191306,0.08386083,0.19124292,0.004577637,0.005771666,0.06564732,0.023379711,0.047835086,0.009672256,0.2524506,0.75
276qp8,657b4e918b12dc001ffb61cc,0.5116077,0.39977503,0.58480096,0.2450518,0.046121623,0.3263803,0.5339866,0.017089844,0.000579357,0.004735726,0.009412888,0.009920971,0.00641445,0.003317466,0.20952564,2.216666666666667
276qp8,657b4fe52855e7001f8cc297,0.07458106,0.12096021,0.09568947,0.080748536,0.0366042,0.11279448,0.117599316,0.05725329,0.002098084,0.027011903,0.016936934,0.017231047,0.008052089,0.010674868,0.22873999,7.866666666666666
276qp8,657b50238b12dc001fff1118,0.002953161,0.2206499,0.629632,0.19440953,0.00540308,0.10842784,0.0678044,0.057748068,0.001220703,0.004680229,0.022384055,0.02023706,0.006479179,0.004718174,0.13927816,8.9
276qp8,657b50612855e7001f8dc80e,0.05726224,0.36538187,0.42234823,0.3326982,0.08148885,0.26862782,0.120793216,0.05799546,0.000948906,0.002811837,0.027347196,0.013746806,0.006110225,0.003066813,0.13369296,9.95
276qp8,657b4ede8b12dc001ffc15b8,0.060666207,0.46628278,0.14977454,0.15556577,0.04238304,0.3191916,0.13386428,0.018723432,0.000696182,0.002719343,0.009944891,0.011577694,0.006899917,0.004777151,0.18268825,3.5
276qp8,657b4f5a2855e7001f8b82b8,0.0835197,0.2747411,0.12165971,0.35274938,0.08617879,0.26862782,0.03892087,0.03592727,0.001068115,0.007066591,0.018838953,0.011936366,0.006226737,0.003346955,0.22527942,5.566666666666666
276qp8,657b4f968b12dc001ffddc80,0.11904381,0.24863632,0.120612115,0.13133545,0.038742248,0.28803274,0.1456873,0.054037213,0.001916885,0.031206898,0.015340924,0.017367685,0.008103873,0.013151909,0.2098,6.566666666666666
276qp8,657b50012855e7001f8cfda1,0.2020805,0.1324148,0.46607295,0.09097979,0.012980986,0.092740074,0.18888894,0.04785245,0.001440048,0.02128403,0.013668913,0.01402008,0.007236506,0.005720785,0.34325156,8.333333333333334
276qp8,657b4ec08b12dc001ffbce0a,0.5916652,0.63708633,0.46117917,0.13798015,0.057116542,0.27828732,0.57505286,0.044141594,0.001306534,0.016360072,0.015644927,0.01127026,0.007573096,0.004187379,0.26676342,2.9833333333333334
276qp8,657b4f1c8b12dc001ffcaeb3,0.28066093,0.18863499,0.11338645,0.32450983,0.161658,0.4417066,0.21982273,0.15766735,0.003967285,0.1508922,0.03070583,0.023721304,0.007547205,0.007902941,0.28329012,4.516666666666667
276qp8,657b4f818b12dc001ffda9ec,0.22826096,0.29406664,0.08823851,0.12199044,0.07419816,0.13908774,0.3402706,0.11202335,0.004043579,0.08666438,0.025413504,0.021330157,0.009437286,0.011087708,0.24578607,6.2
mgq188,657b4f662855e7001f8ba164,0.4565632,0.2866146,0.54639494,0.29713845,0.18642803,0.3506615,0.49467054,0.023553278,0.000753403,0.008768492,0.009184887,0.010962827,0.006226737,0.004010447,0.21861526,2.5
mgq188,657b4f9a8b12dc001ffde54e,0.8386822,0.61177486,0.5442054,0.14928007,0.6651849,0.23579577,0.7769386,0.01847211,0.001306534,0.005216698,0.009355888,0.015454767,0.007404801,0.010497936,0.2779598,3.3666666666666667
mgq188,657b4fad2855e7001f8c4a01,0.44099933,0.4245341,0.14230952,0.18451619,0.610998,0.2576641,0.3765649,0.20195828,0.006217957,0.19298288,0.056133457,0.031641733,0.008531082,0.010674868,0.32227534,3.683333333333333
dc8f4q,657b4f5e2855e7001f8b8c76,0.22357696,0.22616051,0.17055956,0.17474432,0.17506383,0.15184323,0.28693247,0.009173225,0.000925064,0.00242336,0.007113874,0.012482914,0.006686311,0.007902941,0.18825,5.4
dc8f4q,657b4e4f2855e7001f88fc39,0.42554232,0.26594394,0.12165971,0.08625509,0.082418695,0.11726139,0.39081794,0.033806015,0.00246048,0.007473567,0.011882903,0.021125201,0.011689849,0.020995872,0.2021714,0.9
dc8f4q,657b4ea42855e7001f89c91e,0.30662343,0.37169906,0.22906929,0.32941553,0.07964143,0.47473687,0.20801824,0.28674445,0.022322904,0.013445892,0.027476108,0.051181246,0.40858683,0.019698374,0.33572152,2.316666666666667
dc8f4q,657b50048b12dc001ffece61,0.6538529,0.600691,0.49709225,0.20107053,0.093894765,0.25493836,0.4632097,0.16851899,0.006141663,0.014350293,0.026831545,0.038655918,0.13785169,0.013800657,0.12241213,8.166666666666666
b4u9t1,657b509e8b12dc001f0001bb,0.34142166,0.28065717,0.23106146,0.11758787,0.10767364,0.14432828,0.48276252,0.018723432,0.001850128,0.005216698,0.008538882,0.017777596,0.008453408,0.016159745,0.3184106,2.35
b4u9t1,657b51362855e7001f8f39bd,0.3836033,0.7288609,0.07410899,0.07367923,0.13990174,0.26862782,0.31125638,0.113263406,0.004463196,0.009545447,0.017163089,0.020510335,0.12382901,0.00979021,0.17641383,4.9
uhax4f,657b50878b12dc001fffd7b2,0.64554244,0.42600605,0.2785459,0.63388425,0.47976762,0.6710398,0.44651267,0.11347008,0.002241135,0.10221587,0.03158728,0.012824507,0.006136116,0.002948859,0.57959735,8.933333333333334
hzcv1t,657b50632855e7001f8dcc13,0.16811807,0.35425907,0.090076774,0.301915,0.2630359,0.44939154,0.20124449,0.01419965,0.000772476,0.004569235,0.008386881,0.012346277,0.006576272,0.005750274,0.18129773,6.683333333333334
hzcv1t,657b511c2855e7001f8f1513,0.10824748,0.13473919,0.063385084,0.12534684,0.048411634,0.17286047,0.2238104,0.020960633,0.001010895,0.005142702,0.008652883,0.011526455,0.006874025,0.004482265,0.29341763,9.766666666666667
hzcv1t,657b4f448b12dc001ffd14b3,0.29025218,0.28362978,0.14790365,0.101815864,0.17958881,0.20109403,0.37721017,0.02543884,0.000739098,0.001868392,0.013858915,0.010535837,0.006731622,0.003523886,0.43841743,1.9
p7watc,657b4f458b12dc001ffd1603,0.6920895,0.39545837,0.529787,0.15872851,0.28869942,0.21294741,0.7773455,0.010555492,0.001029968,0.003033824,0.007056873,0.012995303,0.007145886,0.007902941,0.20930809,2.6166666666666667
p7watc,657b4eff2855e7001f8aa191,0.28305343,0.2688658,0.11237009,0.17798842,0.121998236,0.3689695,0.2238104,0.07371122,0.003261566,0.006141644,0.012984909,0.012995303,0.04201601,0.003863005,0.34107357,1.4666666666666666
332mg3,657b4fdd8b12dc001ffe7dff,0.54983795,0.44230092,0.2330567,0.12989433,0.117865905,0.45468014,0.48203042,0.011120965,0.000863075,0.003181816,0.007056873,0.01174849,0.007119995,0.007313169,0.22801024,7.033333333333333
332mg3,657b50268b12dc001fff1812,0.48528853,0.16347843,0.12779324,0.3561303,0.23049566,0.67556167,0.62876874,0.007822373,0.000472069,0.002145876,0.006629371,0.00997221,0.006427396,0.003627096,0.2759246,8.25
332mg3,657b4eea8b12dc001ffc3442,0.6841148,0.5712946,0.27253446,0.78135234,0.16832852,0.80857784,0.45567462,0.10609736,0.003261566,0.012641981,0.030044744,0.018665737,0.03856628,0.00687084,0.31797877,2.9833333333333334
332mg3,657b4f922855e7001f8c0b01,0.8348585,0.70179784,0.51706254,0.6207188,0.5092472,0.79304135,0.8186013,0.015016444,0.000944138,0.003958771,0.007436876,0.010143006,0.007417747,0.003450164,0.31667912,5.783333333333333
4a1xuq,657b519a2855e7001f8fc06e,0.34582332,0.28810173,0.09759216,0.11758787,0.12616077,0.36090797,0.5035645,0.021432023,0.001020432,0.004365747,0.007930879,0.011526455,0.008919456,0.005543854,0.26770577,5
4a1xuq,657b52208b12dc001f022d8e,0.56956154,0.24295193,0.476635,0.12874979,0.11992822,0.11016245,0.72672856,0.045131154,0.00169754,0.006104646,0.020321451,0.022628209,0.007314181,0.013092931,0.6073689,7.233333333333333
bppq18,657b4f072855e7001f8ab5b5,0.21417195,0.5211895,0.08823851,0.11977882,0.02707787,0.32782224,0.1964577,0.15103401,0.006752014,0.006104646,0.01648093,0.02208166,0.16699752,0.008846575,0.20887762,2.05
bppq18,657b4f4b2855e7001f8b5e9d,0.46550262,0.2762165,0.11440699,0.14615701,0.36412275,0.2344353,0.21290728,0.069754265,0.002355576,0.023193322,0.015720926,0.013063621,0.015774792,0.005927206,0.3751149,3.1666666666666665
bppq18,657b4f8c8b12dc001ffdc504,0.41019276,0.45727557,0.14603578,0.124222845,0.05310001,0.27967444,0.3346948,0.049831573,0.002222061,0.004957713,0.009165886,0.015659723,0.0287245,0.007902941,0.23047851,4.25
bppq18,657b4fee2855e7001f8cd52f,0.5612909,0.35744265,0.059439782,0.101815864,0.26176634,0.12649381,0.09381223,0.3140926,0.012574885,0.024801146,0.0838533,0.087430455,0.34804323,0.010144074,0.26795268,5.883333333333334
bppq18,657b50748b12dc001fffb561,0.11904381,0.36853585,0.043932848,0.04554747,0.029724833,0.11191306,0.07706639,0.3389984,0.00743866,0.013244915,0.29383746,0.09583591,0.013321015,0.012267252,0.30538073,8.116666666666667
bppq18,657b50c52855e7001f8e8343,0.5157165,0.34476215,0.38951546,0.10590835,0.23667608,0.08808198,0.5381612,0.016838523,0.001306534,0.004032766,0.00812088,0.016411226,0.007702554,0.012444182,0.16334802,9.483333333333333
bppq18,657b51108b12dc001f00caf1,0.4766716,0.528809,0.06743011,0.124222845,0.43720478,0.23715812,0.070585586,0.20009702,0.007247925,0.06340405,0.036214896,0.01887069,0.1366716,0.005189991,0.29138565,10.716666666666667
bppq18,657b4eb58b12dc001ffbb5d5,0.06410012,0.41136384,0.8270832,0.09002491,0.027734175,0.115462564,0.097779684,0.14429577,0.005111694,0.023796257,0.020772645,0.021740068,0.13448004,0.007902941,0.25515842,0.6833333333333333
bppq18,657b4ef28b12dc001ffc485a,0.35023654,0.40700457,0.13506666,0.12647597,0.07964143,0.27275658,0.31125638,0.09033044,0.004520416,0.005549679,0.009469888,0.019075647,0.06939816,0.011559526,0.22465847,1.6833333333333333
bppq18,657b4f1d2855e7001f8aeb6f,0.18283133,0.23450792,0.80377644,0.10903197,0.13457838,0.091954015,0.27163783,0.014702292,0.001044273,0.003255812,0.007987879,0.013985921,0.007417747,0.009849187,0.20845656,2.4
bppq18,657b4f762855e7001f8bc796,0.14633444,0.20976527,0.50773484,0.09290418,0.05073776,0.08808198,0.074871585,0.09568449,0.003204346,0.005438685,0.012224905,0.017504321,0.056563694,0.007519589,0.32955503,3.8833333333333333
bppq18,657b4fb92855e7001f8c64b1,0.13676605,0.54104877,0.38951546,0.09582901,0.03589914,0.0742475,0.026428895,0.4014846,0.023076924,0.019475231,0.17237684,0.08128801,0.4902736,0.010910776,0.38922778,5
bppq18,657b50242855e7001f8d498d,0.41895068,0.5387493,0.0837122,0.07026008,0.44557694,0.09592405,0.24414308,0.022610499,0.000948906,0.003496297,0.009165886,0.013917602,0.007728445,0.006782374,0.18131372,6.783333333333333
bppq18,657b505b8b12dc001fff82e1,0.46326476,0.3622354,0.05258516,0.09484897,0.33564,0.12649381,0.30989113,0.024967449,0.001716614,0.009360458,0.009336887,0.016821137,0.008505191,0.010674868,0.40875578,7.7
bppq18,657b50af2855e7001f8e5be7,0.18283133,0.18863499,0.12271099,0.06204034,0.04461459,0.106708884,0.11286291,0.11119666,0.001239777,0.00449524,0.06442356,0.012448754,0.006304411,0.004128402,0.2082594,8.766666666666667
bppq18,657b50d92855e7001f8ea5db,0.12726861,0.0916127,0.046044447,0.038737684,0.041647345,0.047269247,0.069187365,0.07608539,0.001420975,0.004421244,0.03136692,0.016103793,0.007650771,0.007401635,0.18237992,9.8
w849nc,657b4f1f8b12dc001ffcb779,0.76538384,0.61177486,0.43125516,0.14615701,0.161658,0.20371327,0.64641094,0.030977672,0.001239777,0.003607291,0.009431887,0.011099464,0.012130005,0.003052068,0.22392802,2.283333333333333
w849nc,657b4fbe2855e7001f8c70c5,0.63084346,0.34791833,0.5300995,0.10590835,0.14635028,0.12368249,0.759492,0.00816794,0.000681877,0.001442917,0.006695871,0.010689554,0.006407978,0.005101525,0.21754788,4.933333333333334
w849nc,657b4f982855e7001f8c182b,0.74537,0.47301415,0.46193182,0.08625509,0.18987136,0.12838791,0.798334,0.009990019,0.000953674,0.003477799,0.007066373,0.013268576,0.007275343,0.009613278,0.16659683,4.283333333333333
w849nc,657b4f6f8b12dc001ffd7e5f,0.17545563,0.15857893,0.08281895,0.080748536,0.06207031,0.08505413,0.1907705,0.584095,0.02296847,0.011321344,0.5130944,0.39409557,0.008336896,0.017811105,0.20174,3.6
w849nc,657b50372855e7001f8d70cb,0.5581637,0.33535045,0.77950126,0.3561303,0.22435349,0.46328995,0.3236107,0.03639866,0.001173019,0.003440801,0.014162917,0.012107162,0.009126588,0.004570731,0.21531405,6.95
uqm8t9,657b501b8b12dc001fff0159,0.54776,0.31219605,0.46456653,0.088129774,0.10062749,0.119989015,0.80272555,0.009675868,0.000896454,0.00242336,0.006923873,0.012517073,0.0069517,0.007608055,0.2914704,1.9333333333333333
uqm8t9,657b50898b12dc001fffda32,0.7793587,0.37964377,0.38951546,0.13798015,0.17619257,0.4417066,0.83699954,0.024967449,0.001659393,0.001988635,0.008462882,0.010621235,0.011715741,0.003597607,0.2073582,3.75
uqm8t9,657b50fe8b12dc001f00ae69,0.42994708,0.3940229,0.0910024,0.12534684,0.088083394,0.333605,0.27629468,0.26104406,0.005073547,0.015455672,0.20201176,0.018597418,0.026997874,0.005160502,0.33279976,5.716666666666667
h3tc27,657b4e988b12dc001ffb7256,0.7517006,0.5166301,0.44318357,0.11434096,0.26685292,0.12461543,0.73558867,0.012754552,0.001168251,0.004402745,0.007512876,0.014498309,0.007547205,0.009731233,0.17437267,0.6
h3tc27,657b4ec12855e7001f8a0ece,0.079922065,0.3780503,0.15728761,0.214554,0.004449089,0.37842464,0.19265923,0.03639866,0.001726151,0.002478856,0.008462882,0.01261955,0.01698343,0.0054259,0.23559156,1.2833333333333334
a9ukyf,657b4f472855e7001f8b54ce,0.5633769,0.376459,0.084609546,0.327778,0.44137067,0.6111136,0.6135277,0.029917045,0.001101494,0.017867407,0.011692902,0.011509376,0.006116698,0.004157891,0.3169107,2.1333333333333333
a9ukyf,657b4fcd8b12dc001ffe5b8c,0.75977564,0.45953456,0.5543325,0.1100836,0.2874042,0.1424673,0.7825765,0.007162655,0.000782013,0.001970136,0.00642987,0.010792031,0.006524489,0.00604516,0.18297845,4.366666666666666
a9ukyf,657b50128b12dc001ffeecf7,0.104675725,0.3384778,0.86645186,0.13798015,0.065453626,0.095122136,0.084635615,0.09394901,0.001506805,0.038683333,0.020450363,0.013746806,0.008531082,0.004747662,0.18075435,5.516666666666667
a9ukyf,657b50d42855e7001f8e9dbf,0.104675725,0.07037827,0.83141226,0.16829737,0.113765255,0.116359964,0.13220452,0.200795,0.002937317,0.18002926,0.07365121,0.012995303,0.005906329,0.00271295,0.22608024,8.75
a9ukyf,657b51142855e7001f8f09ae,0.14154164,0.18351692,0.60486573,0.17151402,0.05073776,0.10929321,0.13720547,0.1104733,0.002231598,0.10221587,0.022577424,0.014259194,0.006330303,0.006310557,0.21439192,9.816666666666666
a9ukyf,657b4fa92855e7001f8c4028,0.48313004,0.42159554,0.6983575,0.35106236,0.44594452,0.33215606,0.096450776,0.15158679,0.003490448,0.10221587,0.034672357,0.01805087,0.009411395,0.012916001,0.1966025,3.7666666666666666
ghmkch,657b53a08b12dc001f037f09,0.6336862,0.40990886,0.49064076,0.18451619,0.22068773,0.14807095,0.677725,0.007225486,0.000743866,0.002136626,0.006391869,0.0113215,0.006621582,0.006163114,0.15040304,0.5333333333333333
ghmkch,657b54518b12dc001f03ddb1,0.4509929,0.78341645,0.2987437,0.5640437,0.15396011,0.66195285,0.18888894,0.03545588,0.000896454,0.018771807,0.013668913,0.010228404,0.006084333,0.003170023,0.2287694,3.4833333333333334
ghmkch,657b54938b12dc001f03f6e1,0.25906992,0.3260242,0.0910024,0.11977882,0.070651315,0.2344353,0.2248115,0.028620722,0.001592636,0.006104646,0.009488888,0.016479544,0.011094344,0.010792822,0.22563832,4.583333333333333
ghmkch,657b550f8b12dc001f0424e3,0.23060848,0.09059314,0.63437533,0.18451619,0.08148885,0.17034614,0.20124449,0.09308127,0.002250671,0.052490227,0.019934712,0.017026093,0.00666042,0.00583874,0.24661814,6.65
ghmkch,657b554d8b12dc001f04363d,0.35023654,0.12550901,0.069075875,0.2384713,0.25796708,0.30493158,0.251409,0.13388206,0.003528595,0.10221587,0.031146556,0.029050145,0.007521313,0.009554301,0.2852581,7.683333333333334
ghmkch,657b55a98b12dc001f044af9,0.16568017,0.11870198,0.0910024,0.09879968,0.161658,0.08808198,0.07633074,0.019477395,0.00067234,0.007103588,0.008443882,0.011646013,0.006304411,0.004010447,0.21659723,9.216666666666667
dkwv7f,657b4f522855e7001f8b6f44,0.5116077,0.3526706,0.31918415,0.14304936,0.240402,0.16410081,0.55063397,0.025910228,0.0025177,0.006326634,0.010020891,0.021740068,0.009799767,0.021349736,0.27246422,2.95
dkwv7f,657b4ec48b12dc001ffbd8ae,0.27349865,0.46777606,0.07410899,0.12989433,0.09097064,0.38656828,0.20124449,0.03639866,0.001592636,0.003496297,0.008880884,0.011714331,0.012854968,0.00707726,0.26066652,0.6
dkwv7f,657b4fa38b12dc001ffdfa7e,0.49610168,0.5694475,0.584645,0.3561303,0.07509518,0.36560544,0.5274702,0.03592727,0.001678467,0.003496297,0.008842885,0.014122557,0.015774792,0.006693909,0.19236867,4.3
rhhgqc,657b4fa58b12dc001ffdfeba,0.7005294,0.66178805,0.11852835,0.30992806,0.28546375,0.5772782,0.58664125,0.036162965,0.001068115,0.022188433,0.012604907,0.011406898,0.006304411,0.003582863,0.24083051,4.166666666666667
rhhgqc,657b50e92855e7001f8ec1e6,0.33922493,0.16842249,0.090076774,0.099799976,0.11992822,0.095122136,0.0823234,0.37751234,0.016964722,0.3958119,0.28997475,0.07934829,0.02181799,0.012208274,0.25304142,9.566666666666666
rhhgqc,657b50ab8b12dc001f001c33,0.5529573,0.14414358,0.5558965,0.5133586,0.50177026,0.5324636,0.19455506,0.10045706,0.002822876,0.050671257,0.025026767,0.035900343,0.009618527,0.020170191,0.3005834,8.533333333333333
rhhgqc,657b50102855e7001f8d1ee7,0.60484576,0.5731427,0.14045076,0.6284792,0.3423889,0.8230056,0.6875807,0.06896287,0.001955032,0.042292643,0.020966014,0.017367685,0.008103873,0.009141461,0.33845657,5.95
vg7pwf,657b4e942855e7001f89a5df,0.3836033,0.4245341,0.33900893,0.12310397,0.21461551,0.14619578,0.5962709,0.006974164,0.000905991,0.00224762,0.00650587,0.012482914,0.007068211,0.008079873,0.18016161,0.9166666666666666
vg7pwf,657b4edf8b12dc001ffc18b8,0.57162154,0.68155587,0.2231094,0.14304936,0.15286757,0.2769019,0.18888894,0.1537979,0.003204346,0.10293542,0.031917825,0.012073003,0.007534259,0.003199511,0.30859217,2.1666666666666665
pauqht,657b50d62855e7001f8ea1f7,0.052212548,0.07686615,0.10241937,0.3035124,0.049183033,0.34450868,0.1722254,0.05354243,0.001487732,0.005512681,0.017088935,0.011236101,0.010576514,0.003081557,0.22016628,6.233333333333333
pauqht,657b4fb68b12dc001ffe26c6,0.18036744,0.19381917,0.10144578,0.12647597,0.09801555,0.106708884,0.19455506,0.045378547,0.001401901,0.004550736,0.01640493,0.016342908,0.007909686,0.00937737,0.22190697,1.4166666666666667
pauqht,657b50152855e7001f8d2953,0.06756433,0.06589487,0.68005824,0.14304936,0.084290154,0.09753984,0.046524283,0.026028076,0.001177788,0.002497356,0.008937885,0.010792031,0.010110466,0.003111046,0.17757684,3.0166666666666666
u6awz1,657b50748b12dc001fffb635,0.43878457,0.34633917,0.44767225,0.08718978,0.19680415,0.12934102,0.7530431,0.007319731,0.00087738,0.001933138,0.006714871,0.01220964,0.0069517,0.007313169,0.3493608,6.033333333333333
u6awz1,657b50012855e7001f8cfd6a,0.7263397,0.45426854,0.43497673,0.1100836,0.2529197,0.1406137,0.775714,0.010869644,0.001001358,0.003366805,0.007170874,0.013336895,0.007184723,0.008138849,0.175249,4.1
u6awz1,657b4f952855e7001f8c1248,0.2329597,0.11870198,0.11543151,0.09193956,0.051521268,0.122753285,0.14227262,0.3625127,0.014059683,0.41052565,0.16124763,0.07191269,0.007922632,0.009554301,0.16052237,2.316666666666667
u6awz1,657b4f1f8b12dc001ffcb791,0.30447376,0.28810173,0.32696992,0.28765815,0.20145898,0.2156048,0.3044472,0.01608456,0.001220703,0.004476741,0.007930879,0.014771583,0.008013252,0.010969753,0.17174338,0.35
u6awz1,657b4fd28b12dc001ffe64ed,0.13676605,0.2688658,0.070737444,0.07110781,0.06207031,0.10248133,0.24621093,0.16158698,0.004634857,0.104676254,0.028502205,0.031641733,0.007741391,0.008315781,0.18370762,3.316666666666667
u6awz1,657b503a2855e7001f8d752b,0.21174517,0.36380813,0.11034848,0.10080544,0.057932016,0.17918386,0.12240143,0.25462922,0.006332398,0.28034934,0.059061307,0.031391226,0.008052089,0.00855169,0.2209888,5.066666666666666
u6awz1,657b50938b12dc001fffed6b,0.7166295,0.45426854,0.4544182,0.09879968,0.19680415,0.119989015,0.77815723,0.009110395,0.000905991,0.002922831,0.006876372,0.01261955,0.006874025,0.007902941,0.16659683,6.55
axnh4u,657b508c8b12dc001fffe0a7,0.82611483,0.6364485,0.6471572,0.50174785,0.26685292,0.6495375,0.782178,0.02449606,0.00120163,0.007325576,0.009032886,0.012312118,0.010188141,0.005366922,0.4923857,7.65
axnh4u,657b4fe32855e7001f8cbf68,0.37694255,0.70728713,0.61499935,0.56722206,0.08712909,0.60775506,0.116013184,0.23523538,0.011367798,0.09659086,0.06858205,0.037904397,0.13815513,0.012031343,0.25408727,4.833333333333333
z2yeup,657b50b02855e7001f8e5d0b,0.35687628,0.42306393,0.26256776,0.11977882,0.30171713,0.17538343,0.49925432,0.014890783,0.001440048,0.003866276,0.007930879,0.016342908,0.007832011,0.014036566,0.7591519,0.65
z2yeup,657b51538b12dc001f01262b,0.5270495,0.6996003,0.28055468,0.11977882,0.3450946,0.37774765,0.18888894,0.17111848,0.007705689,0.009249465,0.018065477,0.026727317,0.18597278,0.010379982,0.17781042,3.3666666666666667
ckhyhw,657b50c52855e7001f8e828f,0.7513491,0.48872703,0.4841993,0.12989433,0.34712598,0.16659191,0.759492,0.01017851,0.001034737,0.003348306,0.006952373,0.013029462,0.007249452,0.008256803,0.17003518,1.8666666666666667
ckhyhw,657b512b2855e7001f8f2a99,0.69888353,0.58654964,0.22112842,0.06857873,0.113765255,0.15914497,0.6718907,0.025792383,0.001459122,0.004365747,0.010514895,0.01535229,0.00967031,0.009259416,0.27883366,3.566666666666667
ckhyhw,657b52008b12dc001f020de7,0.32610464,0.3826059,0.8414491,0.1100836,0.03589914,0.10081833,0.20124449,0.10913446,0.003414154,0.004402745,0.01465692,0.016616182,0.100830056,0.005514365,0.18529129,7.116666666666666
ckhyhw,657b50a02855e7001f8e3e47,0.48097566,0.6389545,0.40100136,0.116500415,0.11581159,0.18045488,0.25245318,0.0438942,0.002298355,0.003089321,0.009203887,0.012414595,0.024753258,0.005927206,0.22752959,1.25
ckhyhw,657b527d2855e7001f90c907,0.61286813,0.80317074,0.86074054,0.5640437,0.04238304,0.6337284,0.4701461,0.115658075,0.004386902,0.006770608,0.027218282,0.016342908,0.13313138,0.007726009,0.2145213,9.2
6ymxc9,657b4f008b12dc001ffc6b1c,0.11183177,0.32447803,0.59243864,0.32450983,0.000188695,0.23715812,0.083090164,0.06896287,0.002918243,0.003977269,0.013288911,0.013166099,0.043309137,0.004098913,0.2553523,1.6666666666666667
6ymxc9,657b4f572855e7001f8b7bd4,0.42114583,0.40555513,0.6477109,0.33932132,0.05549788,0.17918386,0.2640687,0.09958932,0.003242493,0.002682345,0.015340924,0.017914234,0.063352615,0.005543854,0.2685761,3.1166666666666667
6ymxc9,657b4fc22855e7001f8c793b,0.77909416,0.62487966,0.6354899,0.42491317,0.09801555,0.5204204,0.81528044,0.033806015,0.001955032,0.002959829,0.008291881,0.011543535,0.021127338,0.004216868,0.31366757,4.9
u3vgq2,657b4fc58b12dc001ffe4873,0.52189237,0.295564,0.14417121,0.19440953,0.33564,0.34305015,0.40649763,0.051810697,0.002174377,0.028628819,0.012794908,0.015147334,0.007029374,0.007195215,0.18015437,3.3833333333333333
b8y83n,657b4f092855e7001f8ab91a,0.7429055,0.36538187,0.4282824,0.24836068,0.22312969,0.34232143,0.783768,0.051068526,0.002574921,0.003403803,0.009564889,0.015591404,0.03235042,0.007667032,0.18957974,1.4166666666666667
b8y83n,657b4ed88b12dc001ffc089a,0.58400536,0.8241404,0.09474389,0.116500415,0.57848674,0.3831706,0.23797645,0.19986437,0.008850098,0.007880543,0.022061773,0.026317406,0.22908778,0.00896453,0.18182899,0.6
b8y83n,657b50d52855e7001f8ea02b,0.70276076,0.49247497,0.46984196,0.113268904,0.2541795,0.1331928,0.7530431,0.01017851,0.001058579,0.003422302,0.007028373,0.013268576,0.007327127,0.009849187,0.16322061,9.083333333333334
r4q71f,657b4f2f2855e7001f8b1a51,0.0693074,0.12550901,0.6669832,0.13966006,0.075996056,0.10929321,0.15435125,0.026028076,0.001087189,0.003366805,0.010362893,0.017231047,0.007547205,0.009495324,0.19283125,1.0166666666666666
r4q71f,657b4f868b12dc001ffdb67e,0.08533011,0.31678307,0.13628586,0.3614341,0.040915363,0.5885,0.1722254,0.048099842,0.002040863,0.003496297,0.011160898,0.01535229,0.015602129,0.00583874,0.16818674,2.466666666666667
r4q71f,657b50908b12dc001fffe82a,0.23060848,0.5698168,0.12900025,0.4946355,0.05310001,0.74994546,0.26622382,0.1893425,0.002765656,0.00431025,0.08582769,0.075468846,0.00967031,0.009141461,0.33469036,6.9
eh8gyt,657b4fec2855e7001f8cd291,0.7002421,0.48797828,0.43348736,0.11868066,0.23172872,0.12649381,0.71890485,0.012943043,0.00125885,0.004421244,0.007398875,0.014805742,0.007611934,0.010144074,0.189958,4.666666666666667
eh8gyt,657b503e8b12dc001fff4633,0.6881789,0.4805095,0.46720323,0.16190393,0.28805172,0.14995342,0.70988655,0.011560776,0.001115799,0.003736784,0.007284875,0.013576009,0.007430693,0.009200439,0.16322061,6.016666666666667
eh8gyt,657b4f6f2855e7001f8bb702,0.7418496,0.4602883,0.4282824,0.10694439,0.14527039,0.2398889,0.7919399,0.014073989,0.001401901,0.004532238,0.007607877,0.014054239,0.008531082,0.011087708,0.18858548,2.566666666666667
eh8gyt,657b4efb2855e7001f8a99b3,0.36576703,0.22893222,0.15540445,0.16509432,0.44753784,0.13710694,0.326373,0.019854378,0.001354218,0.004550736,0.008633883,0.017094411,0.008375733,0.013151909,0.1755896,0.65
eh8gyt,657b4f2d2855e7001f8b13b1,0.1320083,0.18351692,0.07667982,0.11220199,0.049958427,0.19199699,0.23593342,0.15269235,0.008392334,0.009619443,0.01465692,0.027000591,0.13717735,0.016631562,0.17110951,1.4666666666666666
eh8gyt,657b4fb22855e7001f8c54e1,0.08714753,0.08068535,0.07241507,0.12989433,0.049958427,0.15422586,0.096450776,0.05824285,0.00243187,0.01087737,0.01309891,0.016479544,0.020954676,0.009554301,0.22754061,3.683333333333333
eh8gyt,657b50922855e7001f8e2399,0.2542906,0.59887576,0.08823851,0.11977882,0.018879846,0.36090797,0.15435125,0.22177623,0.006141663,0.041261412,0.110259406,0.022423252,0.042662576,0.009849187,0.12463087,7.416666666666667
x784xa,657b4f682855e7001f8ba752,0.1011181,0.1324148,0.63270146,0.16509432,0.2453918,0.20502599,0.10974196,0.027913637,0.000925064,0.013345404,0.011692902,0.011680172,0.006226737,0.005868228,0.22511815,1.5666666666666667
x784xa,657b50582855e7001f8db434,0.5705914,0.49322554,0.3441924,0.27052203,0.3566303,0.5566238,0.17040536,0.4014846,0.008163452,0.1007269,0.46173862,0.059948977,0.013702838,0.007726009,0.29409897,5.566666666666666
ugdtr8,657b50452855e7001f8d8be9,0.0835197,0.072207004,0.11338645,0.21116324,0.095864415,0.17664811,0.084635615,0.08716487,0.003089905,0.005068706,0.012452906,0.017504321,0.048158366,0.008020895,0.23607865,5.216666666666667
hxfg37,657b504f8b12dc001fff69fc,0.6881789,0.4805095,0.46720323,0.16190393,0.28805172,0.14995342,0.70988655,0.011560776,0.001115799,0.003736784,0.007284875,0.013576009,0.007430693,0.009200439,0.16322061,0.85
hxfg37,657b50cf2855e7001f8e9596,0.28784943,0.46179694,0.2705359,0.14615701,0.029724833,0.43529415,0.3236107,0.027677942,0.001029968,0.003736784,0.010628895,0.014600786,0.008582866,0.008610667,0.30290344,3
11uby7,657b50442855e7001f8d8aab,0.22124074,0.3400453,0.07667982,0.31476614,0.11992822,0.48803806,0.1832748,0.102192536,0.002861023,0.00776955,0.030265106,0.013507691,0.039947584,0.005573343,0.2932487,4.65
11uby7,657b4fa08b12dc001ffdf2a2,0.47335124,0.8171246,0.2231094,0.44869912,0.0637539,0.5636331,0.26730433,0.08479069,0.001678467,0.054763943,0.019676886,0.010723713,0.006641001,0.002845648,0.2867943,1.9166666666666667
r4chre,657b50398b12dc001fff3c8a,0.7141574,0.7424053,0.3424645,0.12199044,0.22803417,0.113679945,0.59145945,0.015204934,0.000815392,0.00275634,0.008367881,0.012175481,0.007016428,0.005661808,0.20005031,1.4833333333333334
r4chre,657b50958b12dc001ffff081,0.6109793,0.5075377,0.10144578,0.12199044,0.4087763,0.13125886,0.37979394,0.08004235,0.002822876,0.034558404,0.021288296,0.020783609,0.009566744,0.013977589,0.44296715,3.0166666666666666
wdu48u,657b524c8b12dc001f025e06,0.32392803,0.2601326,0.21520184,0.23517443,0.25670323,0.17412075,0.2683853,0.017592486,0.001707077,0.003366805,0.009108886,0.016103793,0.008401625,0.012798046,0.17911755,6.55
wdu48u,657b52ba8b12dc001f02c519,0.20932254,0.18097372,0.09568947,0.06857873,0.11581159,0.10248133,0.12240143,0.1893425,0.005111694,0.12735364,0.032468732,0.028776871,0.008362788,0.010026119,0.2201005,8.383333333333333
uuz9af,657b51398b12dc001f0103ad,0.6039029,0.3940229,0.4514183,0.17798842,0.18300076,0.12090656,0.6576634,0.016838523,0.001564026,0.005734668,0.008595883,0.016821137,0.008349842,0.011500548,0.40467638,2.95
uuz9af,657b50f82855e7001f8edbd2,0.6336862,0.40990886,0.49064076,0.18451619,0.22068773,0.14807095,0.677725,0.007225486,0.000743866,0.002136626,0.006391869,0.0113215,0.006621582,0.006163114,0.15040304,1.8666666666666667
uuz9af,657b51c58b12dc001f01c0f9,0.4599112,0.31525165,0.3355601,0.13133545,0.16609791,0.1406137,0.6950658,0.009047564,0.000905991,0.002404861,0.006961873,0.012448754,0.006828715,0.00687084,0.21981025,5.283333333333333
vtcynp,657b501b8b12dc001fff00e4,0.848985,0.8077861,0.68924314,0.51782584,0.61950964,0.60439146,0.6846896,0.050821137,0.001573563,0.02138452,0.018258847,0.023516348,0.009359611,0.013682704,0.36522603,1.9833333333333334
vtcynp,657b50678b12dc001fff9d9e,0.026417224,0.10004715,0.11135728,0.28451896,0.032430932,0.3063505,0.119192705,0.013948329,0.000667572,0.005771666,0.007208874,0.011611853,0.006666893,0.004983571,0.16350073,3.2666666666666666
vtcynp,657b51af2855e7001f8fe05d,0.6227956,0.8440552,0.43795803,0.5356135,0.35935265,0.5959609,0.35569787,0.048594624,0.001111031,0.013646871,0.02103047,0.01220964,0.006848133,0.002948859,0.2168775,8.733333333333333
cfb3vz,657b539f8b12dc001f037e04,0.2662679,0.2985656,0.17821237,0.41383398,0.10062749,0.5649995,0.27163783,0.03192045,0.002145767,0.002885833,0.007968879,0.012790347,0.016292779,0.006104137,0.19593464,2.716666666666667
cfb3vz,657b54208b12dc001f03c7b4,0.67925906,0.4452839,0.48306364,0.4230628,0.17506383,0.56807286,0.7465406,0.026028076,0.001363754,0.002367863,0.008823884,0.012312118,0.010990778,0.004806639,0.20037897,4.85
aktbek,657b50a22855e7001f8e4275,0.7040421,0.7472571,0.29671258,0.4646867,0.3805419,0.60001504,0.6582865,0.10609736,0.002822876,0.089145996,0.018129934,0.020920247,0.007495422,0.006546466,0.26282635,3.25
aktbek,657b50d32855e7001f8e9b92,0.45210588,0.30611402,0.3580206,0.11977882,0.20381775,0.12743886,0.5098025,0.008670582,0.000815392,0.002099628,0.006781372,0.01220964,0.006763986,0.007784986,0.15395042,4.05
aktbek,657b51802855e7001f8f9a8e,0.62326854,0.49097496,0.39923647,0.1977331,0.07153199,0.25357863,0.6589092,0.09394901,0.002040863,0.05612817,0.022706337,0.016821137,0.006770459,0.005307945,0.2581393,6.95
1wfxpx,657b52722855e7001f90bef2,0.045584004,0.17091095,0.07410899,0.12534684,0.07781066,0.3981663,0.30989113,0.009675868,0.000610352,0.00190539,0.007094874,0.011663092,0.00661511,0.006458,0.20365688,7.883333333333334
bf62e6,657b51bf8b12dc001f01b936,0.25667855,0.49022526,0.22509329,0.4946355,0.056305178,0.6729796,0.120793216,0.11067997,0.002708435,0.004809721,0.03335018,0.018324144,0.02682521,0.006693909,0.3115286,6.05
bf62e6,657b52452855e7001f9091e5,0.15355562,0.13010159,0.2369578,0.4230628,0.099318996,0.44474924,0.10358816,0.08637348,0.002784729,0.003718285,0.014884921,0.015079016,0.049128212,0.005927206,0.25235736,8.266666666666667
zhnh38,657b51568b12dc001f012a1a,0.6771483,0.64200777,0.13628586,0.27982917,0.22803417,0.5274063,0.8179429,0.11119666,0.002689362,0.078392304,0.030485468,0.017162729,0.00746953,0.005661808,0.2170854,4.466666666666667
rcm2tt,657b51028b12dc001f00b584,0.55087745,0.42159554,0.28055468,0.101815864,0.12407555,0.12461543,0.622431,0.009864358,0.000839233,0.002340114,0.006971373,0.011441057,0.006718676,0.00563232,0.20531103,3.2333333333333334
rcm2tt,657b516a2855e7001f8f7e65,0.370229,0.7542409,0.558438,0.15872851,0.073305435,0.2522206,0.26299334,0.030506283,0.001058579,0.002497356,0.0113889,0.012790347,0.008971239,0.004364311,0.24161893,4.966666666666667
rcm2tt,657b526c8b12dc001f027ccf,0.7228095,0.7407856,0.18978162,0.5347572,0.36548692,0.52997625,0.17772123,0.17285149,0.004653931,0.007880543,0.053791173,0.018529098,0.13650303,0.004393799,0.33282495,9.25
rcm2tt,657b51e68b12dc001f01ec36,0.34802857,0.3337895,0.12165971,0.15556577,0.05073776,0.24400055,0.12240143,0.3057765,0.005722046,0.16159154,0.2838064,0.021603432,0.008867673,0.007667032,0.37672365,7.016666666666667
rcm2tt,657b50e92855e7001f8ec1a8,0.5747129,0.81058896,0.15540445,0.68708086,0.15615022,0.7351076,0.20317163,0.06184035,0.002260208,0.006585619,0.017088935,0.015181494,0.03407705,0.004600219,0.1858684,2.816666666666667
96vy13,657b520a2855e7001f90547b,0.7360379,0.4348694,0.5343182,0.26744163,0.038025744,0.42016712,0.69850403,0.067380086,0.001459122,0.007029593,0.027476108,0.014566627,0.009023022,0.004836128,0.24440388,5.65
96vy13,657b51ac8b12dc001f01a026,0.15597202,0.55835086,0.12538517,0.48048222,0.08523248,0.698771,0.33191547,0.019351736,0.001087189,0.002303117,0.007702877,0.010723713,0.010162249,0.004659196,0.23974314,4.083333333333333
96vy13,657b52f18b12dc001f02f2ab,0.21657933,0.11026115,0.081044875,0.26898047,0.048411634,0.40021974,0.29363582,0.015958898,0.000925064,0.002090379,0.007607877,0.010279642,0.008155655,0.003405932,0.20982116,9.5
aqyatg,657b51408b12dc001f010db4,0.71583486,0.4497687,0.48836628,0.116500415,0.21703479,0.12090656,0.748714,0.009675868,0.000953674,0.00310782,0.006828872,0.012858666,0.00704232,0.007608055,0.16515146,4.433333333333334
aqyatg,657b515b8b12dc001f013146,0.09080389,0.23171476,0.09286537,0.124222845,0.031070596,0.28803274,0.12401656,0.11078331,0.003929138,0.005142702,0.017227544,0.021603432,0.05430072,0.009908165,0.32892442,4.883333333333334
aqyatg,657b51358b12dc001f00fef0,0.2974811,0.16102377,0.08823851,0.44869912,0.46727356,0.5851034,0.13220452,0.07687678,0.002880096,0.004421244,0.012034904,0.013815125,0.051391184,0.007136237,0.30956414,4.25
aqyatg,657b528f8b12dc001f029cb8,0.0835197,0.08756644,0.68546927,0.28923154,0.02196079,0.19848377,0.12401656,0.21642438,0.008583069,0.007214582,0.034451995,0.028503597,0.18597278,0.016277699,0.37562838,10.016666666666667
6mdc8f,657b50618b12dc001fff8f61,0.46998477,0.5387493,0.49253777,0.46993598,0.0671697,0.57080233,0.50549054,0.031684756,0.001773834,0.002192123,0.008614883,0.012004685,0.014911477,0.004570731,0.24534626,1.65
6mdc8f,657b50e98b12dc001f00899f,0.46102837,0.45426854,0.11135728,0.11220199,0.12616077,0.11279448,0.40322062,0.059232414,0.002040863,0.007547563,0.015188923,0.020100424,0.009540852,0.010792822,0.20316839,3.933333333333333
6mdc8f,657b51c42855e7001f8ffbc3,0.7792264,0.6469083,0.5743417,0.2782709,0.16498521,0.28663585,0.72672856,0.01225191,0.000786781,0.003070822,0.007265875,0.010774951,0.007197669,0.004305333,0.23601276,7.583333333333333
6mdc8f,657b52518b12dc001f026268,0.50340754,0.69740087,0.12165971,0.48666117,0.30959514,0.6363723,0.22782518,0.08874765,0.002937317,0.003736784,0.016632931,0.016547862,0.05753354,0.00563232,0.23312227,9.933333333333334
vdax89,657b51142855e7001f8f09ee,0.35687628,0.29107937,0.33383814,0.14134736,0.121998236,0.1424673,0.6186192,0.013822667,0.00125885,0.00362579,0.007683877,0.014976538,0.007689608,0.009613278,0.18334773,4.633333333333334
vdax89,657b50828b12dc001fffce31,0.7786972,0.5760619,0.19366163,0.6649978,0.43287736,0.814731,0.68526834,0.014953613,0.000720024,0.007917541,0.007740878,0.010125926,0.006459761,0.004364311,0.29341114,2.2
aemrz9,657b52232855e7001f906d42,0.52395415,0.47826806,0.20537321,0.507099,0.073305435,0.74994546,0.502739,0.022846194,0.000705719,0.005475683,0.0113889,0.010313802,0.006537435,0.003980959,0.28658095,8.466666666666667
aemrz9,657b51d82855e7001f90174b,0.41019276,0.42159554,0.35628623,0.078952126,0.173937,0.13908774,0.7551986,0.010618322,0.001029968,0.003292809,0.007379876,0.013029462,0.007586042,0.009023507,0.18740085,7.216666666666667
aemrz9,657b518f2855e7001f8fb040,0.7460738,0.6968507,0.28055468,0.8445118,0.45969474,0.8428269,0.37269858,0.1140901,0.00295639,0.10221587,0.038566336,0.02474608,0.007482476,0.011913388,0.37484935,6
93qdh4,657b52808b12dc001f028f27,0.42774367,0.5541114,0.16106391,0.1977331,0.3329464,0.37978005,0.21883002,0.059974585,0.000805855,0.00327431,0.029604018,0.01130442,0.005977531,0.00281616,0.23259427,7.566666666666666
93qdh4,657b52b62855e7001f90fd97,0.596838,0.32447803,0.30077735,0.09681413,0.14311765,0.12838791,0.7121486,0.006848503,0.000724793,0.001701901,0.006049867,0.010296722,0.00679635,0.004600219,0.18785976,8.483333333333333
93qdh4,657b50f52855e7001f8ed68e,0.6505277,0.3925892,0.33039993,0.101815864,0.091941215,0.12934102,0.70534813,0.1587729,0.005836487,0.008731495,0.0279513,0.016342908,0.11922921,0.005484877,0.29453486,1
2b9qec,657b51f42855e7001f903ad9,0.45210588,0.44827244,0.13873237,0.38107905,0.13990174,0.40364674,0.27272516,0.20242359,0.009002686,0.010581387,0.019483518,0.03239325,0.2836219,0.020524055,0.22778593,2.55
hzz2g3,657b52d38b12dc001f02da36,0.5747129,0.48274636,0.3441924,0.5608686,0.4122317,0.57932097,0.29094967,0.10696511,0.004386902,0.036620867,0.02012808,0.017231047,0.04029291,0.007254192,0.3297448,8.6
bab8yz,657b541f2855e7001f920453,0.42114583,0.78079134,0.11237009,0.2282475,0.117865905,0.5272381,0.5689234,0.045873325,0.001850128,0.021786476,0.011996903,0.017026093,0.007844958,0.009259416,0.22198895,5.783333333333333
bab8yz,657b54b08b12dc001f0404bd,0.4080091,0.50300765,0.15164815,0.11758787,0.113765255,0.32782224,0.32914153,0.013445686,0.000805855,0.003218814,0.007398875,0.011936366,0.007107049,0.006693909,0.21506351,8.166666666666666
bab8yz,657b54df8b12dc001f0415e0,0.36576703,0.3291235,0.3459146,0.214554,0.22680563,0.19718185,0.32914153,0.011937759,0.001015663,0.002552852,0.007569877,0.013336895,0.007171778,0.00896453,0.14467897,8.983333333333333
e4xyfq,657b52f02855e7001f912dca,0.2542906,0.16102377,0.7427273,0.10487753,0.2554408,0.1075664,0.19836703,0.013508516,0.000939369,0.003644289,0.007702877,0.013473531,0.007521313,0.008728622,0.23161861,6.416666666666667
e4xyfq,657b52728b12dc001f0281fb,0.6827017,0.4245341,0.11338645,0.12874979,0.40049285,0.333605,0.7644271,0.03639866,0.001926422,0.00621564,0.009431887,0.017777596,0.011974656,0.013269863,0.18147783,4.316666666666666
1hac2u,657b53768b12dc001f036027,0.664043,0.49773452,0.28457916,0.12989433,0.20029284,0.2076579,0.58149487,0.17891699,0.007133484,0.003903274,0.015340924,0.023721304,0.2836219,0.007784986,0.36679465,4.733333333333333
1hac2u,657b52e88b12dc001f02ec1c,0.38804337,0.57859075,0.2705359,0.17474432,0.070651315,0.46760014,0.33608648,0.015016444,0.000824928,0.004069764,0.007455876,0.011355659,0.00713294,0.004924594,0.20000395,2.3833333333333333
gpewhc,657b529f2855e7001f90e8a3,0.591195,0.79848295,0.6740812,0.63405323,0.46555805,0.5566238,0.4765421,0.030859824,0.0010252,0.004347248,0.013478912,0.017436003,0.007417747,0.009908165,0.15764888,5.5
gpewhc,657b53822855e7001f91a5b5,0.62326854,0.48274636,0.46758008,0.17151402,0.1303544,0.2116222,0.6794696,0.01419965,0.000882149,0.002848835,0.008386881,0.012414595,0.007314181,0.008492713,0.17521966,9.283333333333333
gpewhc,657b53348b12dc001f032828,0.4928531,0.49848694,0.23891157,0.33932132,0.16944648,0.66065085,0.2472474,0.06025757,0.001187325,0.021786476,0.021417208,0.013234417,0.006401504,0.004659196,0.30902278,7.983333333333333
m21egh,657b50f58b12dc001f009f14,0.2329597,0.18607083,0.12538517,0.15872851,0.21461551,0.28663585,0.37979394,0.016964182,0.001621246,0.004051265,0.008348881,0.016479544,0.00780612,0.013800657,0.22887695,0.8166666666666667
m21egh,657b528f2855e7001f90d951,0.51366115,0.3732835,0.18205647,0.3649847,0.39807954,0.5199572,0.507693,0.05131592,0.002317429,0.04048799,0.014048916,0.020851927,0.007508367,0.009554301,0.22814453,7.65
6hfdza,657b52458b12dc001f0256c6,0.15839244,0.30763084,0.08823851,0.069417,0.058751587,0.1997879,0.3139914,0.044141594,0.002593994,0.006030651,0.012528907,0.022354934,0.017846745,0.019226557,0.211044,4.733333333333333
6hfdza,657b51c22855e7001f8ff93b,0.30447376,0.3306766,0.11749236,0.14615701,0.18300076,0.12649381,0.27163783,0.013948329,0.001277924,0.0034593,0.007740878,0.015113175,0.008065036,0.013210886,0.2047076,2.533333333333333
6hfdza,657b51708b12dc001f014c56,0.528082,0.30157706,0.11440699,0.08907493,0.22435349,0.10842784,0.42890894,0.028974265,0.002069473,0.006585619,0.012262905,0.021056883,0.009540852,0.016513607,0.24579509,1.1666666666666667
6hfdza,657b53508b12dc001f033f6b,0.14633444,0.07781315,0.4027509,0.11434096,0.052308604,0.076340675,0.10665018,0.113263406,0.00541687,0.004217756,0.014086916,0.020851927,0.13397428,0.008905552,0.20860687,9.166666666666666
6hfdza,657b53888b12dc001f036e2d,0.17055981,0.23171476,0.09759216,0.09387397,0.008507891,0.16161843,0.09911501,0.37751234,0.023076924,0.019877186,0.09270445,0.3320008,0.34804323,0.32888785,0.38501948,10.1
6v6zmw,657b51e48b12dc001f01e988,0.048882913,0.41866332,0.11034848,0.3739005,0.03589914,0.5099375,0.12240143,0.019980038,0.000700951,0.00327431,0.00971689,0.011355659,0.006395032,0.00374505,0.33913764,1.9
6v6zmw,657b52cc8b12dc001f02d454,0.41237864,0.20976527,0.20733587,0.33434358,0.30959514,0.4256969,0.13888659,0.025674535,0.000901222,0.010951365,0.010438894,0.011150704,0.006336776,0.004865617,0.28859985,5.766666666666667
6v6zmw,657b52628b12dc001f027387,0.115430765,0.2601326,0.11034848,0.6027644,0.16055275,0.6671519,0.088613324,0.009801528,0.0004673,0.002904332,0.007702877,0.009801413,0.005935457,0.003081557,0.24927709,4
6v6zmw,657b53192855e7001f914e48,0.043945573,0.2206499,0.2330567,0.44155863,0.014714233,0.5564527,0.119192705,0.011749268,0.000824928,0.003218814,0.007132874,0.011611853,0.006874025,0.007224703,0.2577393,7.05
6v6zmw,657b53bd8b12dc001f0394c5,0.0693074,0.19121124,0.8288251,0.13798015,0.03311699,0.095122136,0.096450776,0.036870047,0.001316071,0.02238941,0.010438894,0.010347961,0.006051969,0.003523886,0.22272338,9.783333333333333
xq89yw,657b53c52855e7001f91d66e,0.61145157,0.3606355,0.43199885,0.115418,0.173937,0.13416551,0.7833714,0.007539637,0.000715256,0.001738899,0.006648371,0.010484599,0.006401504,0.004924594,0.15490764,9.933333333333334
xq89yw,657b537e2855e7001f91a221,0.80298144,0.67317516,0.51450175,0.214554,0.17056693,0.451374,0.81460756,0.009927189,0.000720024,0.003070822,0.007123374,0.011253181,0.0069517,0.005986183,0.196375,8.75
xq89yw,657b53052855e7001f913ec3,0.75977564,0.6232408,0.22509329,0.7649166,0.35051543,0.8621853,0.6730601,0.019226074,0.000867844,0.010285405,0.008348881,0.010245483,0.006181426,0.004069425,0.40316707,6.75
dcngcu,657b518c2855e7001f8fab54,0.08533011,0.13707347,0.60978264,0.10283129,0.0637539,0.05929897,0.105115615,0.05354243,0.002374649,0.005401687,0.015264924,0.015215653,0.012026439,0.00666442,0.31436086,2.216666666666667
dcngcu,657b51cb2855e7001f90055c,0.05726224,0.04760542,0.5065937,0.07281757,0.043866858,0.08808198,0.06508322,0.24763705,0.007591248,0.008842488,0.0808917,0.12727508,0.014048163,0.17099911,0.33032194,3.2666666666666666
dcngcu,657b524b8b12dc001f025cee,0.4788228,0.45426854,0.08823851,0.20107053,0.23915827,0.34232143,0.16141449,0.28548008,0.003833771,0.012340514,0.26395,0.054938845,0.007171778,0.00855169,0.35789865,5.4
dcngcu,657b52ce2855e7001f911214,0.82365274,0.7937149,0.50507265,0.6464031,0.18072422,0.7656371,0.674228,0.022139108,0.000948906,0.002497356,0.009982891,0.011184863,0.009048914,0.004098913,0.24352963,7.583333333333333
m6fngt,657b53312855e7001f916201,0.84152335,0.6808658,0.63270146,0.27052203,0.37334827,0.46097034,0.8457557,0.058737632,0.001592636,0.036878675,0.015036922,0.011936366,0.006815769,0.004600219,0.34569642,1.4
m6fngt,657b53b32855e7001f91ca4f,0.66312253,0.58654964,0.51287323,0.5859607,0.2453918,0.67620647,0.38821805,0.024378212,0.000872612,0.012641981,0.008652883,0.010706633,0.006498598,0.004305333,0.3808587,3.566666666666667
uaddqt,657b522e8b12dc001f023e3f,0.78081226,0.49773452,0.524752,0.113268904,0.37505996,0.12182798,0.7744835,0.009047564,0.00087738,0.002460358,0.006809872,0.01174849,0.006744567,0.006104137,0.23247801,3.6
uaddqt,657b51958b12dc001f017e70,0.27349865,0.3431874,0.23891157,0.2659053,0.08148885,0.5305767,0.32914153,0.021785567,0.001249313,0.002210622,0.008291881,0.011611853,0.009126588,0.005868228,0.2443006,1.05
uaddqt,657b52208b12dc001f022db3,0.5270495,0.6737928,0.197553,0.6197072,0.19102257,0.8042326,0.38302928,0.026735162,0.00125885,0.002497356,0.010134893,0.011936366,0.010214032,0.003921982,0.25158337,3.35
kzndk6,657b51b98b12dc001f01b149,0.011263455,0.11441821,0.29468432,0.2248042,0.029057574,0.31775847,0.097779684,0.02072494,0.001049042,0.00569767,0.007968879,0.012038844,0.007922632,0.006752886,0.27852437,1.5166666666666666
kzndk6,657b51eb2855e7001f902e2a,0.50443107,0.47226468,0.37020832,0.27206606,0.26430678,0.32493976,0.35288873,0.07054565,0.001411438,0.057492398,0.016556932,0.012346277,0.006136116,0.003317466,0.27178207,2.35
kzndk6,657b52202855e7001f906a0d,0.09820561,0.102069505,0.8348131,0.13464333,0.094877556,0.119989015,0.22281083,0.034513097,0.000834465,0.014350293,0.013478912,0.010365041,0.005993713,0.003111046,0.2107745,3.2333333333333334
kzndk6,657b525b2855e7001f90a8c9,0.06410012,0.088569954,0.37195632,0.16829737,0.023852486,0.10500617,0.074871585,0.021549871,0.000758171,0.008620501,0.009602889,0.011031146,0.006518017,0.004069425,0.2018742,4.233333333333333
kzndk6,657b529f8b12dc001f02ac25,0.12267091,0.24012628,0.0758189,0.2282475,0.06040291,0.40021974,0.34867516,0.029327808,0.001001358,0.01666154,0.011122898,0.01087743,0.006977591,0.004275845,0.17754485,5.366666666666666
kzndk6,657b52de8b12dc001f02e3c5,0.81165075,0.7515587,0.4544182,0.29713845,0.18072422,0.40707883,0.80054235,0.012314741,0.000963211,0.003218814,0.007892879,0.011902207,0.007288289,0.00666442,0.21229865,6.4
9nwmuy,657b51dd8b12dc001f01e0d4,0.41456708,0.30308694,0.23500682,0.12534684,0.22068773,0.17791487,0.5454992,0.014890783,0.001573563,0.003681287,0.008614883,0.015181494,0.007819066,0.011913388,0.48733228,1.1666666666666667
9nwmuy,657b51ec8b12dc001f01f37c,0.43657246,0.8261029,0.14417121,0.63354623,0.121998236,0.7968383,0.52774537,0.037577134,0.001192093,0.031206898,0.013706914,0.010518758,0.006789878,0.003804027,0.33188644,1.4166666666666667
qmxw8p,657b52ec2855e7001f912b0a,0.1320083,0.19121124,0.82532716,0.07717534,0.051521268,0.07704599,0.1456873,0.017089844,0.000824928,0.004180758,0.009298887,0.01087743,0.00713294,0.004246356,0.18930285,3.6166666666666667
qmxw8p,657b53038b12dc001f0300c4,0.14154164,0.11026115,0.52234787,0.13630773,0.07509518,0.09117182,0.15786818,0.041915078,0.00246048,0.002552852,0.009032886,0.013883443,0.027861187,0.006575955,0.16788302,4
qmxw8p,657b53a92855e7001f91c250,0.19967446,0.14652205,0.33900893,0.051298723,0.03589914,0.058692012,0.06849398,0.02249265,0.000925064,0.003514797,0.010210892,0.01261955,0.007353018,0.005072037,0.20602599,6.766666666666667
qmxw8p,657b527b8b12dc001f028aee,0.36131743,0.40555513,0.12538517,0.10487753,0.56571984,0.15184323,0.26514557,0.045378547,0.001964569,0.005808664,0.011616902,0.027137227,0.011922873,0.01875474,0.18431339,1.7333333333333334
qmxw8p,657b53402855e7001f916e1e,0.07635384,0.11026115,0.8089204,0.09387397,0.046121623,0.075639054,0.120793216,0.11067997,0.002479553,0.010507392,0.034011267,0.034146797,0.0069517,0.011382594,0.22117434,5.016666666666667
wbdrr2,657b54e08b12dc001f041629,0.07458106,0.18863499,0.090076774,0.14304936,0.08617879,0.15914497,0.18888894,0.035220183,0.001487732,0.004994711,0.010704896,0.016137952,0.008272167,0.0108518,0.14651498,3.933333333333333
wbdrr2,657b54c58b12dc001f040cd5,0.35687628,0.21791112,0.12271099,0.09290418,0.19448619,0.09432412,0.38562226,0.026499467,0.001935959,0.005031709,0.010970897,0.020168742,0.008181547,0.01958042,0.23088744,3.5
wbdrr2,657b551c8b12dc001f042873,0.6880461,0.30006987,0.55914176,0.08718978,0.16055275,0.08282434,0.79980904,0.011246625,0.000987053,0.003052323,0.007436876,0.012824507,0.007275343,0.007047772,0.6357794,4.95
wbdrr2,657b549a8b12dc001f03f9f5,0.53842354,0.27769426,0.58417696,0.3596629,0.34712598,0.41602656,0.30580607,0.28312725,0.007781982,0.10221587,0.16809943,0.12815644,0.010369381,0.03562221,0.30358303,2.783333333333333
hr6vav,657b55282855e7001f9267fe,0.80323815,0.7386229,0.50203115,0.42121267,0.3692442,0.62245136,0.7222661,0.19124292,0.003814697,0.1714862,0.054962315,0.012722028,0.006977591,0.004747662,0.3724831,9.45
hr6vav,657b54778b12dc001f03eb50,0.4928531,0.54335004,0.23106146,0.6754786,0.24914877,0.7011533,0.2248115,0.0665887,0.001344681,0.03636306,0.022190686,0.011014067,0.006317357,0.00291937,0.34939718,6.5
1u2t4u,657b543d2855e7001f9211ed,0.5916652,0.44081154,0.41855526,0.097804256,0.16944648,0.106708884,0.7377901,0.008293601,0.000734329,0.001785147,0.006790872,0.010723713,0.00636914,0.005189991,0.16121624,8.033333333333333
1u2t4u,657b54548b12dc001f03dee2,0.09634415,0.50451654,0.68005824,0.09387397,0.08148885,0.07287073,0.09911501,0.09033044,0.002498627,0.00362579,0.015112923,0.026317406,0.03718498,0.017575197,0.22617903,8.416666666666666
1u2t4u,657b52ad8b12dc001f02b901,0.7855571,0.81881547,0.75485677,0.5656324,0.26176634,0.62378067,0.7736603,0.035220183,0.00123024,0.02439919,0.011008898,0.01354185,0.007119995,0.004452776,0.34853178,1.3666666666666667
1u2t4u,657b53f28b12dc001f03b0ab,0.75942504,0.76864326,0.59928876,0.72061783,0.37882805,0.66585374,0.4974205,0.15435068,0.002822876,0.1064171,0.05964688,0.013883443,0.006925808,0.005072037,0.34215578,6.783333333333333
1u2t4u,657b53198b12dc001f03122c,0.42994708,0.73483247,0.823558,0.52138036,0.117865905,0.38861004,0.26191986,0.10826672,0.002155304,0.089145996,0.023995465,0.013917602,0.006673365,0.004452776,0.21775311,3.1666666666666665
t99eym,657b52cc2855e7001f9110a7,0.104675725,0.12779967,0.04891288,0.052037194,0.018274283,0.08135695,0.096450776,0.3972142,0.023293832,0.021987455,0.05144889,0.08322773,0.52360797,0.012739069,0.23047695,0.75
t99eym,657b53248b12dc001f031ba9,0.07635384,0.32757276,0.10834246,0.088129774,0.008507891,0.1881301,0.22581445,0.010555492,0.000498295,0.002136626,0.007664877,0.010245483,0.006343249,0.003863005,0.3183749,2.216666666666667
t99eym,657b536e2855e7001f9194f0,0.23531619,0.07592425,0.0966388,0.06204034,0.17168832,0.05808853,0.0755991,0.2854835,0.009536743,0.00725158,0.16780703,0.06345607,0.1115629,0.037981298,0.38080695,3.45
t99eym,657b53a08b12dc001f037ec1,0.12267091,0.20707954,0.74170846,0.08439999,0.14311765,0.092740074,0.1722254,0.012943043,0.000696182,0.002136626,0.007569877,0.010979908,0.006899917,0.004423288,0.19237946,4.283333333333333
t99eym,657b53c82855e7001f91d842,0.35466036,0.3045994,0.25661674,0.09290418,0.147432,0.09753984,0.40584186,0.019100413,0.001401901,0.006918599,0.009241886,0.015181494,0.006815769,0.007136237,0.24322292,4.95
t99eym,657b53fb8b12dc001f03b4ce,0.11904381,0.3732835,0.28457916,0.0374251,0.03519795,0.038099434,0.06508322,0.37751234,0.022193791,0.0440973,0.16195811,0.0715894,0.34804323,0.013210886,0.4253038,5.8
t99eym,657b54358b12dc001f03d1a3,0.3304673,0.46404538,0.081044875,0.059664406,0.36685264,0.08580524,0.06643618,0.52007306,0.023076924,0.047448806,0.48399165,0.25458565,0.01187109,0.026067909,0.2431096,6.766666666666667
t99eym,657b54658b12dc001f03e549,0.4842099,0.6616969,0.19366163,0.08625509,0.15724781,0.19718185,0.6507959,0.03592727,0.00105381,0.002404861,0.016708933,0.012175481,0.006964645,0.004305333,0.20040797,7.566666666666666
t99eym,657b548b2855e7001f923087,0.25190613,0.21791112,0.11237009,0.07454585,0.094877556,0.075639054,0.20996813,0.51869136,0.018578632,0.033527173,0.54471385,0.20483992,0.008945347,0.013151909,0.5052439,8.216666666666667
t99eym,657b54c22855e7001f92483a,0.12726861,0.17340991,0.0966388,0.07454585,0.03946282,0.06364646,0.12240143,0.28857216,0.004558563,0.007917541,0.24903896,0.057944927,0.007158832,0.009082484,0.16160479,9.133333333333333
t99eym,657b52bb2855e7001f910203,0.0693074,0.4041079,0.7427273,0.06445757,0.03589914,0.07775501,0.09119969,0.20149297,0.009765625,0.015857628,0.021675033,0.035649836,0.2172668,0.009967142,0.246679,0.48333333333333334
t99eym,657b53058b12dc001f0301ba,0.54776,0.7973916,0.5024112,0.12989433,0.10194144,0.13514197,0.31262326,0.4274071,0.017674843,0.04538634,0.47384647,0.14930901,0.2836219,0.014036566,0.2691265,1.7
t99eym,657b534b2855e7001f917781,0.78923,0.79666203,0.492917,0.1329856,0.092915915,0.2922344,0.7833714,0.25462922,0.005874634,0.023193322,0.14150882,0.024472807,0.04880493,0.006074648,0.32676986,2.8833333333333333
f8zwcc,657b543b8b12dc001f03d44e,0.5726517,0.6361754,0.5100183,0.18780111,0.10194144,0.2992725,0.70988655,0.011560776,0.000720024,0.00190539,0.007588876,0.00993805,0.006595691,0.003317466,0.19848482,4.566666666666666
f8zwcc,657b53d68b12dc001f03a36c,0.77067745,0.36695787,0.50773484,0.12647597,0.27837306,0.1361225,0.78137904,0.012880214,0.001163483,0.003126319,0.007398875,0.013746806,0.007417747,0.009318393,0.24912004,2.8833333333333333
f8zwcc,657b537d8b12dc001f0365fd,0.0835197,0.0749873,0.5540686,0.088129774,0.09685559,0.0749414,0.07414775,0.17545098,0.005874634,0.17381613,0.028392024,0.036401358,0.010654188,0.016985426,0.31918317,1.4
f8zwcc,657b54922855e7001f923331,0.37246382,0.31525165,0.24478929,0.23170424,0.30040914,0.20109403,0.31947964,0.019980038,0.001764298,0.003200315,0.010248893,0.019690514,0.007417747,0.017339287,0.1757769,6.016666666666667
u8c1kg,657b56232855e7001f92a2d6,0.81718874,0.62988895,0.57246685,0.51604664,0.35391074,0.65543103,0.8403678,0.038519915,0.001091957,0.025605056,0.013858915,0.011236101,0.006162008,0.003921982,0.2934183,1.3
u8c1kg,657b56798b12dc001f047d27,0.780284,0.46404538,0.5628552,0.10080544,0.30893698,0.11816678,0.798334,0.007571052,0.000758171,0.002099628,0.00642987,0.011133623,0.006634528,0.005927206,0.195526,2.7333333333333334
u8c1kg,657b57448b12dc001f04a9a6,0.8216734,0.8356236,0.36671826,0.70157075,0.5180061,0.80227935,0.45909616,0.1182615,0.003910065,0.09824528,0.04032305,0.03840541,0.011405042,0.021585643,0.23795465,6.116666666666666
hqhqtp,657b55058b12dc001f0421eb,0.7757658,0.53721726,0.524752,0.18780111,0.18186125,0.27275658,0.7805774,0.019226074,0.000588894,0.003089321,0.010476895,0.010518758,0.006116698,0.00364184,0.20999545,8.316666666666666
hqhqtp,657b535c2855e7001f918566,0.13676605,0.095743746,0.064186096,0.07367923,0.016478393,0.10500617,0.08619678,0.45921504,0.010452271,0.013847848,0.5072643,0.1765991,0.008764107,0.009554301,0.19104432,1.25
hqhqtp,657b539b8b12dc001f037b53,0.66981685,0.376459,0.18398336,0.21795772,0.43769467,0.45600423,0.4961369,0.05255287,0.001716614,0.033784978,0.013364912,0.013644327,0.007586042,0.005307945,0.25916818,2.3
wxg48c,657b55842855e7001f92805b,0.58790606,0.7245076,0.11034848,0.10487753,0.35459033,0.11726139,0.31947964,0.07212844,0.001592636,0.013144426,0.023093075,0.014566627,0.007534259,0.005956694,0.17059383,5.016666666666667
wxg48c,657b56658b12dc001f047750,0.64388144,0.24863632,0.5370531,0.12761015,0.15724781,0.11191306,0.727841,0.016587202,0.000987053,0.002386362,0.010096892,0.013371054,0.0069517,0.00666442,0.64019394,8.783333333333333
wxg48c,657b554b8b12dc001f04358d,0.7944499,0.66599536,0.35282215,0.06774491,0.26430678,0.14432828,0.7030718,0.02826718,0.0010252,0.002090379,0.010894896,0.012312118,0.009281937,0.004688685,0.18639466,4.066666666666666
wxg48c,657b55122855e7001f9261e2,0.5301476,0.48125488,0.20930107,0.27206606,0.241647,0.44069323,0.25875083,0.16158698,0.003433228,0.13591312,0.04032305,0.014225035,0.008375733,0.004629708,0.3657793,3.1333333333333333
zn3eyy,657b548c8b12dc001f03f3b5,0.1320083,0.2017425,0.14417121,0.14134736,0.12407555,0.12555276,0.15963748,0.010429831,0.000686646,0.001794396,0.007066373,0.011680172,0.006550381,0.006959306,0.18183479,0.43333333333333335
zn3eyy,657b54b02855e7001f9240b8,0.75310606,0.5265206,0.49405548,0.09097979,0.26685292,0.13125886,0.7900214,0.00816794,0.000839233,0.002645347,0.006600871,0.011782649,0.006789878,0.007342658,0.17959604,1.0333333333333334
zn3eyy,657b55542855e7001f92747c,0.14633444,0.54104877,0.49329638,0.17798842,0.095864415,0.3379565,0.14057605,0.07450261,0.002708435,0.006918599,0.013820915,0.012517073,0.042985857,0.005366922,0.35288596,3.7666666666666666
n7k1zx,657b567f2855e7001f92baab,0.51468873,0.3510838,0.35455325,0.12874979,0.19102257,0.13809541,0.63571805,0.010115679,0.00099659,0.00275634,0.007208874,0.012687869,0.007016428,0.007667032,0.18110718,2.2333333333333334
n7k1zx,657b564b8b12dc001f047067,0.42334303,0.5441175,0.074962124,0.080748536,0.06977485,0.18684532,0.41438255,0.012691722,0.000977516,0.00379228,0.007379876,0.011782649,0.007482476,0.006074648,0.17043932,1.3833333333333333
n7k1zx,657b568f8b12dc001f0483a7,0.34582332,0.3045994,0.3614949,0.2384713,0.19796546,0.17412075,0.30989113,0.013508516,0.001239777,0.003477799,0.007702877,0.014703264,0.007495422,0.010969753,0.1600719,2.5
ntc7qh,657b56738b12dc001f047b4c,0.77114046,0.5196685,0.5149818,0.124222845,0.21461551,0.13514197,0.8077189,0.013382856,0.001382828,0.004550736,0.007227874,0.015044857,0.007870848,0.0108518,0.17743477,0.9833333333333333
ntc7qh,657b56f78b12dc001f04985c,0.27349865,0.4917248,0.0864158,0.113268904,0.061234605,0.31061715,0.20899242,0.07687678,0.002861023,0.004920715,0.013554913,0.014190876,0.04132889,0.006605443,0.23696995,3.183333333333333
wmkt1n,657b57d62855e7001f930319,0.7513491,0.6792092,0.45967516,0.27982917,0.2098003,0.19848377,0.64390075,0.056758508,0.003223419,0.003237312,0.009906891,0.013883443,0.05171447,0.005307945,0.16424014,4.883333333333334
wmkt1n,657b582e2855e7001f93111b,0.75521314,0.5418156,0.5157819,0.13798015,0.23915827,0.13514197,0.80416626,0.01218908,0.001139641,0.004254754,0.007474876,0.014600786,0.007573096,0.008374758,0.4265702,6.366666666666666
wmkt1n,657b570c2855e7001f92d79a,0.51468873,0.3606355,0.2546384,0.27052203,0.88355285,0.3472498,0.13888659,0.013571346,0.000603199,0.001220929,0.008253881,0.011868048,0.006045496,0.004423288,0.17928313,1.5333333333333334
wmkt1n,657b576b2855e7001f92ed49,0.37917098,0.4602883,0.05408074,0.10798564,0.5643714,0.13029796,0.088613324,0.15822013,0.005569458,0.004772724,0.015036922,0.018392462,0.13815513,0.005307945,0.21372315,3.1
6uaekb,657b56408b12dc001f046e24,0.44099933,0.43190852,0.084609546,0.12647597,0.08617879,0.23852259,0.31947964,0.058737632,0.00210762,0.024801146,0.012794908,0.015044857,0.00823333,0.00666442,0.17992459,0.6166666666666667
6uaekb,657b56868b12dc001f048186,0.4565632,0.5173896,0.11440699,0.23517443,0.15505424,0.38656828,0.21290728,0.044883765,0.001354218,0.011469335,0.013668913,0.015147334,0.010887212,0.007460612,0.24659874,1.7666666666666666
6uaekb,657b573f2855e7001f92e3c3,0.5958972,0.52347285,0.12271099,0.2384713,0.21340905,0.5389817,0.44584665,0.02402467,0.00099659,0.0051797,0.009108886,0.009698936,0.008077981,0.003405932,0.25854272,4.866666666666666
6uaekb,657b578c2855e7001f92f48a,0.20932254,0.2985656,0.069075875,0.079847895,0.068034075,0.22901386,0.17956558,0.06500591,0.001592636,0.015857628,0.021610579,0.018255826,0.007909686,0.011382594,0.22557707,6.133333333333334
6uaekb,657b57e42855e7001f9305ec,0.6846447,0.62661016,0.44767225,0.15872851,0.12616077,0.27137864,0.7311694,0.012817383,0.000648499,0.002608349,0.007949878,0.011372739,0.006912862,0.006015671,0.23000655,7.6
6uaekb,657b58192855e7001f930dc9,0.23531619,0.074055426,0.11646001,0.10694439,0.05549788,0.23715812,0.21192604,0.014325311,0.00079155,0.004273253,0.007455876,0.010740792,0.006861079,0.004511754,0.25471175,8.5
6uaekb,657b57f62855e7001f9308dd,0.13676605,0.18351692,0.6382742,0.115418,0.11581159,0.08430689,0.1964577,0.007508222,0.000667572,0.001785147,0.006410869,0.011372739,0.006375613,0.007136237,0.16687767,7.9
6uaekb,657b565a8b12dc001f0473e8,0.3130916,0.27917442,0.09474389,0.09681413,0.075996056,0.31489727,0.3044472,0.07450261,0.002193451,0.0233943,0.024124376,0.015044857,0.010550622,0.009200439,0.24307248,1.0333333333333334
6uaekb,657b570b8b12dc001f049c04,0.25906992,0.24863632,0.09759216,0.12088228,0.082418695,0.27275658,0.27055198,0.11067997,0.003414154,0.089145996,0.021481665,0.019895468,0.00899713,0.009731233,0.19702846,3.9833333333333334
6uaekb,657b58658b12dc001f04e07d,0.50443107,0.5387493,0.07157431,0.06527268,0.1045852,0.20502599,0.5695687,0.015958898,0.001220703,0.004957713,0.007550877,0.013029462,0.00780612,0.007047772,0.2102824,9.766666666666667
pmyqy1,657b59c98b12dc001f0514ce,0.370229,0.5219503,0.10536304,0.34099117,0.18300076,0.56704867,0.50383973,0.03639866,0.001268387,0.028418748,0.011160898,0.012312118,0.006692784,0.004452776,0.30807066,4.75
pmyqy1,657b5a2b8b12dc001f052206,0.062378917,0.25149468,0.7707295,0.1100836,0.080563076,0.06685881,0.0678044,0.045873325,0.001411438,0.002626848,0.013478912,0.017845914,0.011689849,0.008846575,0.22627687,6.4
pmyqy1,657b597c2855e7001f9344b0,0.60578907,0.43338785,0.08823851,0.30992806,0.32020485,0.6271014,0.6689618,0.043646812,0.001525879,0.026408968,0.013326911,0.012312118,0.006362667,0.004482265,0.3238441,3.4833333333333334
gw1ygq,657b59442855e7001f933d3a,0.65979356,0.6460421,0.38511166,0.28451896,0.17281176,0.44708014,0.43089676,0.11450345,0.002279282,0.10221587,0.031917825,0.013576009,0.007119995,0.003199511,0.18591699,1.3833333333333333
2z3t2q,657b5b358b12dc001f0544f9,0.46998477,0.42012855,0.3649756,0.29080722,0.099318996,0.510375,0.20899242,0.02308189,0.001249313,0.001988635,0.00812088,0.01130442,0.010913103,0.004836128,0.24364766,3.183333333333333
fdbwpu,657b5d7a2855e7001f93b21a,0.08714753,0.16842249,0.823558,0.0834797,0.000188695,0.06949374,0.11129911,0.02048268,0.00120163,0.003237312,0.008652883,0.012790347,0.008971239,0.007136237,0.1531544,8.633333333333333
fdbwpu,657b5bc18b12dc001f055221,0.49718535,0.38972762,0.18591298,0.12088228,0.2098003,0.13416551,0.6055525,0.008859074,0.000929832,0.002478856,0.006667371,0.011372739,0.006828715,0.00563232,0.37475395,1.2833333333333334
fdbwpu,657b5ca32855e7001f93a006,0.045584004,0.12550901,0.061006065,0.09879968,0.017672176,0.1361225,0.10358816,0.04711028,0.002069473,0.004643231,0.009640889,0.015488927,0.01750142,0.006575955,0.18682411,5.066666666666666
gz4vt2,657b5eaa8b12dc001f058c10,0.8161863,0.72940433,0.69942516,0.41383398,0.25670323,0.66195285,0.79684764,0.029092113,0.000948906,0.019173764,0.00971689,0.011509376,0.006899917,0.004836128,0.25829425,9.166666666666666
gz4vt2,657b5d708b12dc001f057539,0.7887062,0.8675655,0.16675195,0.80235475,0.64856875,0.8420051,0.51709783,0.058737632,0.001859665,0.023193322,0.023995465,0.016752819,0.008090926,0.007018283,0.27368885,3.95
gz4vt2,657b5dfc8b12dc001f05806e,0.47335124,0.6119569,0.75284827,0.45048934,0.18642803,0.5213464,0.31262326,0.05378982,0.00125885,0.025605056,0.017807651,0.01265371,0.007961469,0.004718174,0.22860728,6.283333333333333
h4a6xd,657b5d9c2855e7001f93b5f1,0.4766716,0.42747927,0.40537766,0.115418,0.22435349,0.14995342,0.6482916,0.008356431,0.001020432,0.002099628,0.006809872,0.011833889,0.007288289,0.008256803,0.27335146,3.7
h4a6xd,657b5e918b12dc001f0588c0,0.17545563,0.27179828,0.18398336,0.2659053,0.03589914,0.46760014,0.13888659,0.020607091,0.001153946,0.002626848,0.007645877,0.012926984,0.010239923,0.006399023,0.21078837,7.783333333333333
ummg83,657b652a2855e7001f948011,0.83773005,0.61086565,0.59866637,0.23170424,0.25796708,0.49844247,0.83293986,0.044141594,0.001754761,0.029917859,0.012870909,0.015523086,0.007482476,0.007106749,0.295878,3.05
ummg83,657b657c8b12dc001f067480,0.54153293,0.27179828,0.11646001,0.08165393,0.161658,0.12461543,0.43620452,0.026145924,0.001139641,0.004772724,0.010704896,0.013336895,0.008090926,0.007165726,0.24456882,4.416666666666667
wbqeav,657b62138b12dc001f05cb08,0.09820561,0.21518372,0.6795162,0.14134736,0.10767364,0.09592405,0.15610619,0.019980038,0.000953674,0.003755282,0.009602889,0.016103793,0.007197669,0.007608055,0.19266778,8.15
wbqeav,657b62372855e7001f940bba,0.42994708,0.17591934,0.11135728,0.069417,0.07241669,0.08135695,0.47635934,0.23379272,0.004959106,0.004106762,0.11797678,0.0715894,0.009411395,0.023237005,0.3069459,8.766666666666667
wbqeav,657b60a38b12dc001f05ade1,0.027973387,0.25724247,0.57160765,0.3739005,0.02449039,0.35956848,0.044286106,0.2854937,0.011749268,0.01274247,0.15840563,0.051431753,0.2836219,0.018282922,0.29757527,2.033333333333333
wbqeav,657b61b98b12dc001f05c132,0.7062512,0.58944714,0.4461753,0.23170424,0.06977485,0.33505404,0.74217725,0.06421452,0.003833771,0.004717227,0.010704896,0.013029462,0.053330876,0.004275845,0.26721263,6.666666666666667
wbqeav,657b61342855e7001f93f177,0.5571216,0.4707672,0.5283811,0.74359715,0.082418695,0.80227935,0.45499066,0.04315203,0.002069473,0.001748149,0.009678889,0.011167783,0.035113025,0.003863005,0.26201576,4.433333333333334
fufbn7,657b60c98b12dc001f05b0ab,0.023327528,0.1061449,0.50127107,0.5062063,0.000188695,0.51848394,0.117599316,0.02685301,0.000824928,0.003218814,0.0114269,0.011594773,0.007689608,0.005013059,0.25742725,3.033333333333333
fufbn7,657b60a22855e7001f93ea42,0.19487326,0.2457886,0.24086781,0.11220199,0.068034075,0.13809541,0.23491421,0.01834645,0.001163483,0.001775897,0.008044879,0.011526455,0.008492245,0.006782374,0.2265099,2.3833333333333333
fufbn7,657b60ed8b12dc001f05b2ba,0.42994708,0.24295193,0.30485183,0.14134736,0.08523248,0.32926556,0.35288873,0.04834723,0.001802445,0.021786476,0.012756908,0.012926984,0.007249452,0.006723397,0.23954418,3.6333333333333333
fufbn7,657b619d8b12dc001f05bd7c,0.15839244,0.22616051,0.8190752,0.12199044,0.029724833,0.08884861,0.15786818,0.24442963,0.007400513,0.28034934,0.06285016,0.022833163,0.013113883,0.006192603,0.19096586,6.55
fufbn7,657b61762855e7001f93f4cb,0.7385044,0.8531338,0.30689266,0.6055009,0.43287736,0.7611845,0.4664944,0.24763705,0.004863739,0.27778897,0.08459369,0.017436003,0.006990537,0.0054259,0.38662818,5.916666666666667
tgd9qt,657b61e48b12dc001f05c5cb,0.6190116,0.47751665,0.529787,0.59476703,0.10969645,0.81936336,0.7311694,0.032156147,0.001420975,0.002793338,0.010666896,0.012073003,0.012130005,0.004482265,0.21051699,2.0833333333333335
tgd9qt,657b63562855e7001f94332b,0.07458106,0.049173627,0.07157431,0.2282475,0.032430932,0.30351397,0.06441256,0.034984488,0.001544952,0.002571351,0.010476895,0.011099464,0.013424582,0.003774539,0.3074288,8.266666666666667
tgd9qt,657b62fd2855e7001f942637,0.08533011,0.07592425,0.11749236,0.48754594,0.0366042,0.68765855,0.25875083,0.017215505,0.000629425,0.003514797,0.009640889,0.01084327,0.006518017,0.004305333,0.2112863,6.766666666666667
tgd9qt,657b62a98b12dc001f05df2f,0.25667855,0.40121728,0.35455325,0.651145,0.08335247,0.6317424,0.18888894,0.112746716,0.001993179,0.007510565,0.060752302,0.016069634,0.010731863,0.004010447,0.24808949,5.366666666666666
hht33v,657b63042855e7001f942705,0.6881789,0.4805095,0.46720323,0.16190393,0.28805172,0.14995342,0.70988655,0.011560776,0.001115799,0.003736784,0.007284875,0.013576009,0.007430693,0.009200439,0.16322061,3.2333333333333334
3xtfrn,657b65c48b12dc001f06ba77,0.73586166,0.35744265,0.48722953,0.27982917,0.16609791,0.39270046,0.5782755,0.09525062,0.002803803,0.006548621,0.020192537,0.018597418,0.032695748,0.006811863,0.23405671,7.85
3xtfrn,657b64d08b12dc001f0626e7,0.7678351,0.6924465,0.49253777,0.43234292,0.25796708,0.6050653,0.6010753,0.034984488,0.001487732,0.005105704,0.010590895,0.011868048,0.012699619,0.004777151,0.25503263,3.783333333333333
uxyh1p,657b659b8b12dc001f0691f4,0.6782592,0.3925892,0.25661674,0.060451824,0.06977485,0.20371327,0.80842054,0.010115679,0.000872612,0.002358613,0.007341875,0.011697251,0.007275343,0.006575955,0.5890537,9.733333333333333
uxyh1p,657b64982855e7001f945d3c,0.35244697,0.4437917,0.49671254,0.729588,0.059575163,0.7200276,0.15086368,0.053295042,0.001926422,0.005105704,0.01767874,0.014976538,0.014911477,0.004187379,0.34327996,5.416666666666667
uxyh1p,657b656c8b12dc001f0668a1,0.77738225,0.41866332,0.56355876,0.11868066,0.31157106,0.11907599,0.8186013,0.009047564,0.000777245,0.002404861,0.006657871,0.01173141,0.006990537,0.006399023,0.17218308,8.933333333333334
4g6c4r,657b653a2855e7001f948825,0.2329597,0.2044055,0.10437799,0.19440953,0.1303544,0.17664811,0.21783899,0.014890783,0.001168251,0.003533295,0.00812088,0.013951761,0.007145886,0.009023507,0.45651188,1.0666666666666667
4g6c4r,657b65218b12dc001f063e79,0.26867455,0.3780503,0.07241507,0.10694439,0.103260614,0.14807095,0.19836703,0.1587729,0.003929138,0.1064171,0.032799274,0.016889455,0.007236506,0.007106749,0.25257182,0.6333333333333333
zd7mqh,657b65938b12dc001f068962,0.104675725,0.2044055,0.05408074,0.10903197,0.038742248,0.122753285,0.17040536,0.25084448,0.009040833,0.029660052,0.059061307,0.06295506,0.17016006,0.013446795,0.19584383,2.933333333333333
zd7mqh,657b65718b12dc001f066bce,0.079922065,0.22616051,0.11237009,0.33932132,0.03589914,0.44774035,0.13888659,0.043646812,0.002202988,0.005031709,0.010134893,0.013951761,0.018882722,0.006340046,0.23162976,2.3666666666666667
33xxdr,657b65a48b12dc001f069b5c,0.36354095,0.3826059,0.09951106,0.11758787,0.15615022,0.15668073,0.11286291,0.4269174,0.023076924,0.41975367,0.36798462,0.2661081,0.012337137,0.16845907,0.4137654,2.65
ebtmg9,657b65b08b12dc001f06a6d5,0.4599112,0.31525165,0.3355601,0.13133545,0.16609791,0.1406137,0.6950658,0.009047564,0.000905991,0.002404861,0.006961873,0.012448754,0.006828715,0.00687084,0.21981013,3.2666666666666666
8euvwz,657b67368b12dc001f0891dc,0.8037513,0.6672307,0.5340057,0.54269063,0.3911918,0.6390128,0.80911946,0.016587202,0.000686646,0.007658557,0.008272881,0.010792031,0.0061879,0.003568119,0.26289847,7.3
8euvwz,657b65de8b12dc001f06d508,0.16811807,0.38118678,0.10144578,0.14615701,0.045366183,0.27275658,0.20801824,0.04686289,0.00166893,0.026007013,0.011236899,0.014942379,0.00789674,0.006752886,0.20847943,1.5666666666666667
8eupke,657b65848b12dc001f067b01,0.07458106,0.18607083,0.21717434,0.2813899,0.000188695,0.43360853,0.05602414,0.04315203,0.002260208,0.00327431,0.009260887,0.011611853,0.030969119,0.004570731,0.24249691,2.15
8eupke,657b66e92855e7001f965565,0.3130916,0.20976527,0.13020957,0.15241629,0.17732301,0.25630096,0.37979394,0.012126249,0.000858307,0.001470665,0.007911879,0.010023449,0.006822242,0.004511754,0.3493728,8.1
8eupke,657b66558b12dc001f075d33,0.006804531,0.5135949,0.09854957,0.50888556,0.049183033,0.50323105,0.09911501,0.27412915,0.010681152,0.004994711,0.02618698,0.023994578,0.3526302,0.005337434,0.1917897,5.633333333333334
2x7tvn,657b65bd8b12dc001f06b303,0.37246382,0.321393,0.07841389,0.13630773,0.16055275,0.13710694,0.251409,0.13561769,0.004501343,0.013948337,0.019225692,0.043165036,0.033386398,0.014449406,0.2974087,2.5
2x7tvn,657b654b2855e7001f9492b8,0.26867455,0.29406664,0.05333095,0.07806128,0.045366183,0.08505413,0.08619678,0.20102765,0.004653931,0.0543092,0.06459839,0.019758832,0.016292779,0.009554301,0.23685439,0.6
2x7tvn,657b66ef2855e7001f965ec8,0.33922493,0.37169906,0.07667982,0.103851885,0.16055275,0.13908774,0.14057605,0.29405528,0.016125489,0.016360072,0.028392024,0.057443913,0.44185185,0.011264639,0.16011706,7.6
2x7tvn,657b658e2855e7001f94c3c8,0.34582332,0.2688658,0.29265818,0.17474432,0.23915827,0.2992725,0.45601654,0.015079274,0.001101494,0.003218814,0.008443882,0.013917602,0.007819066,0.009495324,0.21816587,1.7166666666666666
2x7tvn,657b65712855e7001f94aa10,0.28066093,0.2674034,0.11543151,0.31800422,0.082418695,0.5150428,0.12240143,0.12867521,0.005569458,0.010951365,0.016024929,0.021740068,0.13144556,0.00855169,0.19020076,1.2166666666666666
4e1w7k,657b65892855e7001f94be2f,0.46326476,0.30763084,0.132634,0.3578942,0.3627592,0.38181353,0.10358816,0.4475325,0.015996376,0.06385879,0.5129801,0.22429734,0.009126588,0.023472913,0.39171132,1.65
4e1w7k,657b66158b12dc001f071535,0.5888457,0.61705154,0.6962189,0.46119466,0.33698773,0.5453237,0.253499,0.4269174,0.023076924,0.16993292,0.4710501,0.15107171,0.2836219,0.018282922,0.35540172,3.9833333333333334
4e1w7k,657b66878b12dc001f079304,0.6270548,0.8049545,0.46343696,0.64064837,0.17506383,0.6716868,0.47489715,0.25727063,0.006484985,0.1508922,0.16897665,0.020783609,0.032005094,0.006340046,0.22203726,5.883333333333334
4e1w7k,657b66c92855e7001f96283e,0.6693727,0.7364579,0.6146927,0.42491317,0.095864415,0.62378067,0.60587204,0.20219094,0.006942749,0.06567776,0.08484049,0.024199532,0.061412923,0.009318393,0.13949971,6.983333333333333
4e1w7k,657b67352855e7001f96cc9f,0.023327528,0.07972292,0.06990473,0.31315073,0.1303544,0.49369717,0.117599316,0.062236045,0.001869202,0.013646871,0.025155678,0.024062896,0.008971239,0.016749516,0.40721834,8.766666666666667
4e1w7k,657b67678b12dc001f08dad5,0.47335124,0.25436312,0.21323243,0.11758787,0.16609791,0.12555276,0.56549525,0.031684756,0.00161171,0.003977269,0.014732921,0.017777596,0.007844958,0.009141461,0.33807576,9.616666666666667
cn9mnf,657b66e88b12dc001f0814e6,0.4842099,0.27033064,0.11852835,0.07367923,0.23419909,0.113679945,0.54375666,0.011183795,0.001811981,0.003533295,0.007607877,0.014225035,0.006861079,0.009849187,0.25216097,7.6
cn9mnf,657b66cc8b12dc001f07ee42,0.2638654,0.18097372,0.6195545,0.10798564,0.09097064,0.05808853,0.05854002,0.03969839,0.001592636,0.003163317,0.011844902,0.013371054,0.010990778,0.004216868,0.3172857,7.133333333333334
cn9mnf,657b65b78b12dc001f06ad98,0.3130916,0.13707347,0.061006065,0.14134736,0.26940405,0.12555276,0.24002573,0.16591948,0.006484985,0.016862517,0.02173949,0.02522431,0.13448004,0.019108603,0.32668525,2.5166666666666666
f2rqdp,657b67778b12dc001f08f447,0.24003741,0.19381917,0.1743793,0.20442122,0.17506383,0.14432828,0.26191986,0.040430736,0.001564026,0.004957713,0.016708933,0.02249157,0.006938754,0.011736456,0.22410756,9.633333333333333
f2rqdp,657b672a8b12dc001f087d28,0.07635384,0.08068535,0.6729914,0.11758787,0.04312292,0.09753984,0.10206828,0.017592486,0.001111031,0.003662788,0.00813988,0.014532468,0.007767282,0.008787598,0.17416686,8.333333333333334
f2rqdp,657b675f2855e7001f970df6,0.3130916,0.10819801,0.04185521,0.079847895,0.095864415,0.093530096,0.078549035,0.2854937,0.01806218,0.008139528,0.0314771,0.13344458,0.34804323,0.09507603,0.5266745,9.233333333333333
ra1vvr,657b66552855e7001f959b0c,0.6109793,0.74671865,0.16865413,0.4156753,0.147432,0.59019697,0.21883002,0.112333365,0.002422333,0.072601855,0.029383656,0.01130442,0.007430693,0.003612352,0.3406094,4.583333333333333
u2aff6,657b66c82855e7001f962739,0.29506782,0.2601326,0.58230454,0.097804256,0.08335247,0.087319076,0.2990281,0.026499467,0.001168251,0.013847848,0.009051885,0.01402008,0.006673365,0.007519589,0.17677411,6.733333333333333
3etk29,657b65fe2855e7001f95387b,0.5747129,0.8277236,0.3171293,0.52138036,0.4716031,0.51075006,0.4295716,0.15656179,0.003585815,0.11280017,0.036435258,0.01887069,0.007663717,0.00521948,0.41807604,2.283333333333333
3etk29,657b667a2855e7001f95c18d,0.51366115,0.8656175,0.30893373,0.63016754,0.2758032,0.6567377,0.43155992,0.17805049,0.002365112,0.037136484,0.09270445,0.022286616,0.006058442,0.005189991,0.3361835,4.35
3etk29,657b67c92855e7001f97a3cb,0.5834885,0.72831696,0.20930107,0.5927642,0.7521294,0.46030796,0.14913096,0.50759226,0.013478675,0.10221587,0.5678696,0.15635987,0.008298059,0.011913388,0.40268898,9.916666666666666
84za6a,657b671d8b12dc001f086813,0.26146647,0.21791112,0.6042507,0.12310397,0.13457838,0.08884861,0.21487516,0.006565767,0.0005579,0.001415168,0.006125868,0.010501678,0.006168481,0.005396411,0.16881104,7.466666666666667
84za6a,657b67548b12dc001f08c120,0.16081753,0.19644909,0.11440699,0.2550139,0.06207031,0.31775847,0.21192604,0.022374803,0.000844002,0.001803646,0.010476895,0.010774951,0.008168601,0.003597607,0.19631198,8.383333333333333
84za6a,657b677f2855e7001f973f9f,0.18770115,0.08458632,0.10834246,0.2282475,0.18300076,0.19718185,0.2238104,0.16765249,0.010681152,0.009767435,0.018710041,0.031140719,0.14169718,0.020759964,0.26284978,9.1
84za6a,657b679d2855e7001f976925,0.2329597,0.25149468,0.40100136,0.2282475,0.19448619,0.13514197,0.25875083,0.012628892,0.001220703,0.003070822,0.007930879,0.014737424,0.007094103,0.012739069,0.16134948,9.583333333333334
84za6a,657b67242855e7001f96b1c5,0.2329597,0.25149468,0.40100136,0.2282475,0.19448619,0.13514197,0.25875083,0.012628892,0.001220703,0.003070822,0.007930879,0.014737424,0.007094103,0.012739069,0.16134964,7.583333333333333
84za6a,657b67722855e7001f9728bb,0.06756433,0.10819801,0.550912,0.14304936,0.04312292,0.11726139,0.14227262,0.01847211,0.000872612,0.002284618,0.009982891,0.013029462,0.006653947,0.008079873,0.14966848,8.866666666666667
84za6a,657b67aa2855e7001f977b33,0.2044906,0.22616051,0.20145756,0.23517443,0.20501089,0.14807095,0.26191986,0.011120965,0.00084877,0.002478856,0.007607877,0.01265371,0.006362667,0.006310557,0.13159741,9.816666666666666
84za6a,657b660e2855e7001f954a81,0.0944899,0.33535045,0.1063522,0.12989433,0.03311699,0.4490613,0.3139914,0.01218908,0.000762939,0.002108878,0.007104374,0.011389818,0.007430693,0.006340046,0.24860336,2.95
84za6a,657b666a2855e7001f95b093,0.034273073,0.16842249,0.36933511,0.15241629,0.026425704,0.11191306,0.032902054,0.2028889,0.009117126,0.006696612,0.02657372,0.04516909,0.13566011,0.015039179,0.19264284,4.483333333333333
84za6a,657b66968b12dc001f07a4ea,0.07635384,0.27179828,0.1762937,0.19109875,0.01948884,0.3703172,0.30580607,0.013257195,0.000720024,0.002497356,0.007873878,0.012858666,0.00670573,0.007283681,0.18377103,5.216666666666667
84za6a,657b66b68b12dc001f07d06b,0.3304673,0.2866146,0.21717434,0.23170424,0.23172872,0.20371327,0.3139914,0.015204934,0.001525879,0.003255812,0.009469888,0.017709278,0.007391856,0.014626338,0.16849959,5.75
84za6a,657b66da8b12dc001f080145,0.2542906,0.2866146,0.2330567,0.26744163,0.21340905,0.19329,0.30308986,0.01646154,0.001459122,0.00449524,0.008880884,0.0166845,0.007598988,0.011854411,0.3746473,6.333333333333333
umq4em,657b66358b12dc001f073a46,0.30877617,0.08756644,0.8540479,0.13966006,0.28352603,0.1361225,0.15260378,0.15766735,0.003242493,0.10221587,0.04910661,0.013849284,0.009230154,0.004128402,0.25730652,3.1166666666666667
umq4em,657b67a72855e7001f977636,0.25190613,0.085574605,0.26654595,0.18124555,0.117865905,0.11816678,0.26514557,0.01847211,0.001044273,0.004125261,0.009545889,0.016821137,0.007611934,0.009554301,0.3221691,9.283333333333333
umq4em,657b66e52855e7001f964f3c,0.78397816,0.35425907,0.519945,0.09097979,0.22557884,0.12368249,0.8335283,0.008544922,0.000777245,0.002127377,0.006743372,0.011560614,0.006641001,0.006192603,0.34598073,6.05
umq4em,657b671a8b12dc001f086242,0.38804337,0.25149468,0.12271099,0.11114024,0.21100153,0.12368249,0.326373,0.021549871,0.001382828,0.003015325,0.00971689,0.013439372,0.00746953,0.008079873,0.3047454,6.933333333333334
umq4em,657b65b12855e7001f94e5e3,0.69332707,0.48498702,0.15164815,0.15556577,0.37951356,0.39133596,0.758421,0.03357032,0.001592636,0.020982565,0.010248893,0.014259194,0.007236506,0.006811863,0.2554445,0.9166666666666666
umq4em,657b65f02855e7001f952895,0.11183177,0.30611402,0.47625726,0.20107053,0.04238304,0.16161843,0.13055216,0.08637348,0.001716614,0.06567776,0.018774498,0.013746806,0.006608637,0.005131014,0.21305303,1.9833333333333334
umq4em,657b66622855e7001f95a842,0.3590947,0.42159554,0.5606664,0.22137496,0.09097064,0.18428236,0.12890771,0.19504376,0.003166199,0.22783615,0.061101943,0.01764096,0.006582745,0.007165726,0.29722986,3.8666666666666667
umq4em,657b66a08b12dc001f07b121,0.27349865,0.67741495,0.3597569,0.259786,0.033806894,0.49344745,0.25454623,0.011874928,0.000805855,0.003292809,0.007379876,0.011441057,0.006822242,0.004954082,0.2004063,4.9
262n43,657b66042855e7001f953f39,0.29989743,0.28065717,0.0658001,0.10487753,0.13776682,0.18941686,0.116013184,0.28087774,0.01573815,0.06385879,0.032468732,0.04792466,0.34804323,0.015039179,0.22578634,2.2
262n43,657b66412855e7001f9585f3,0.06410012,0.3384778,0.0855105,0.21795772,0.07872421,0.27137864,0.0712903,0.18364124,0.005645752,0.011173353,0.036214896,0.020373698,0.13464862,0.00687084,0.24175215,3.216666666666667
262n43,657b67458b12dc001f08aa44,0.104675725,0.05646184,0.059439782,0.05352713,0.033806894,0.09432412,0.041028086,0.6611249,0.02425631,0.5135796,0.6675394,0.34536663,0.021300001,0.024888365,0.27276838,7.55
262n43,657b67ce2855e7001f97ac56,0.05054392,0.19909015,0.54096115,0.13630773,0.020101214,0.08430689,0.08386083,0.056016337,0.001401901,0.010137413,0.021675033,0.015932998,0.00623321,0.005189991,0.12225063,9.833333333333334
r9zqat,657b65c72855e7001f94fc27,0.6336862,0.40990886,0.49064076,0.18451619,0.22068773,0.14807095,0.677725,0.007225486,0.000743866,0.002136626,0.006391869,0.0113215,0.006621582,0.006163114,0.15040304,1.1333333333333333
r9zqat,657b65ae2855e7001f94e3ce,0.3304673,0.11441821,0.09193192,0.12088228,0.09801555,0.23579577,0.39407387,0.039462693,0.002098084,0.02037963,0.011008898,0.016411226,0.007417747,0.00937737,0.17912693,0.7166666666666667
fbbp1h,657b65ed8b12dc001f06e5d4,0.001094593,0.11441821,0.11852835,0.14304936,0.00540308,0.28523946,0.1631984,0.06421452,0.000829697,0.00207188,0.026058068,0.018529098,0.006207318,0.004334822,0.1576857,1.5666666666666667
fbbp1h,657b669d8b12dc001f07ae3e,0.6689284,0.59742427,0.60239846,0.42121267,0.11172729,0.3415931,0.502097,0.01646154,0.000517368,0.001988635,0.010742896,0.010467518,0.005763926,0.003037324,0.1910584,4.5
fbbp1h,657b673a2855e7001f96d570,0.6569418,0.47751665,0.41503382,0.09387397,0.22435349,0.12090656,0.6689618,0.011623607,0.000844002,0.002774839,0.007721877,0.011868048,0.006498598,0.006693909,0.2112113,7.116666666666666
fbbp1h,657b66f52855e7001f9666c9,0.05054392,0.23171476,0.6778882,0.2736125,0.10591495,0.17034614,0.036864985,0.02308189,0.000638962,0.001285676,0.012376905,0.010296722,0.006084333,0.003081557,0.2106807,5.95
fbbp1h,657b66bd2855e7001f961752,0.0835197,0.20976527,0.084609546,0.10903197,0.058751587,0.09835357,0.0678044,0.15158679,0.005874634,0.002978328,0.014200917,0.017709278,0.146441,0.006281069,0.23093808,5.033333333333333
fbbp1h,657b671d8b12dc001f086867,0.043945573,0.11026115,0.67135507,0.17798842,0.020101214,0.12555276,0.04709204,0.14950264,0.004234314,0.11047905,0.02567133,0.016821137,0.018710058,0.006104137,0.24728714,6.633333333333334
fbbp1h,657b67592855e7001f9705a8,0.018748099,0.13473919,0.7147842,0.18124555,0.040187187,0.1331928,0.074871585,0.054531995,0.002393723,0.003681287,0.010780896,0.012687869,0.034422375,0.00343542,0.18222484,7.633333333333334
fbbp1h,657b678a8b12dc001f091093,0.07813416,0.12779967,0.36759016,0.11114024,0.032430932,0.11907599,0.15610619,0.20009702,0.00705719,0.006992595,0.022512967,0.02932342,0.26849106,0.012444182,0.25813377,8.45
fbbp1h,657b67b82855e7001f978bcf,0.045584004,0.063263826,0.8140478,0.2282475,0.00540308,0.14995342,0.09119969,0.03309893,0.000863075,0.003903274,0.017012933,0.011936366,0.007081157,0.004393799,0.33108678,9.216666666666667
x47mdu,657b67f08b12dc001f099412,0.4343623,0.37011713,0.67353636,0.31315073,0.16721234,0.3689695,0.34446642,0.01225191,0.000724793,0.002719343,0.007417875,0.011543535,0.006938754,0.005101525,0.21753797,9.333333333333334
x47mdu,657b66a78b12dc001f07ba77,0.69679564,0.32757276,0.0864158,0.26898047,0.3942895,0.52374554,0.5975527,0.17718399,0.005569458,0.10221587,0.046764325,0.03715288,0.007832011,0.01604179,0.21820341,3.8333333333333335
h7ryda,657b674f2855e7001f96f704,0.3836033,0.35584986,0.24282813,0.20442122,0.2554408,0.22228386,0.39537796,0.009675868,0.001249313,0.001775897,0.007740878,0.014190876,0.006815769,0.00937737,0.23407435,6.416666666666667
h7ryda,657b67e58b12dc001f09886b,0.50647956,0.36695787,0.17055956,0.09193956,0.14311765,0.10585547,0.32775652,0.05651112,0.001411438,0.025203101,0.017549826,0.012995303,0.006899917,0.005042548,0.29261073,8.916666666666666
h7ryda,657b66468b12dc001f074d3a,0.77830005,0.47226468,0.51154053,0.099799976,0.15396011,0.12743886,0.82873875,0.01225191,0.001144409,0.004032766,0.007066373,0.01402008,0.007508367,0.00855169,0.19465937,2
h7ryda,657b66d82855e7001f963d11,0.44099933,0.28810173,0.103396736,0.113268904,0.034500618,0.2922344,0.23186605,0.075294,0.002498627,0.04177703,0.015036922,0.012858666,0.009204263,0.006310557,0.23311163,4.433333333333334
h7ryda,657b67108b12dc001f085410,0.7845048,0.48200047,0.39216214,0.12199044,0.17281176,0.15422586,0.8098156,0.01017851,0.000658035,0.002441859,0.007379876,0.011611853,0.006427396,0.004895105,0.48356596,5.366666666666666
t9gd2y,657b66278b12dc001f072a7a,0.73903286,0.7918151,0.5936848,0.48754594,0.117865905,0.5571367,0.6823719,0.17198499,0.006523132,0.012943448,0.03588435,0.025770858,0.13815513,0.014272475,0.27362037,2.05
t9gd2y,657b66602855e7001f95a60b,0.24003741,0.6181432,0.13873237,0.115418,0.080563076,0.122753285,0.24517624,0.036870047,0.000987053,0.004532238,0.015644927,0.010792031,0.007055265,0.004452776,0.26581374,3
cww31e,657b66402855e7001f9584a9,0.06410012,0.1061449,0.06258811,0.04141183,0.080563076,0.051114384,0.074871585,0.47886392,0.012207031,0.013847848,0.5130944,0.21564959,0.007935578,0.010321004,0.23858899,1.7666666666666666
cww31e,657b673f8b12dc001f08a014,0.68261355,0.67332953,0.4141544,0.44155863,0.32891276,0.41947663,0.4686852,0.5779532,0.023129508,0.1508922,0.5130944,0.58072567,0.009618527,0.04079962,0.33098367,6.033333333333333
cww31e,657b67b78b12dc001f094b08,0.80809724,0.8010158,0.5084955,0.31153792,0.49607348,0.3689695,0.68526834,0.029445656,0.000758171,0.00362579,0.015036922,0.01261955,0.006589218,0.003686073,0.15167977,8.033333333333333
zne6tp,657b66518b12dc001f075949,0.2542906,0.21246682,0.28055468,0.12874979,0.16944648,0.11456946,0.2640687,0.017592486,0.001325607,0.003977269,0.008614883,0.014600786,0.007689608,0.008256803,0.27445042,1.6
zne6tp,657b66a42855e7001f95f464,0.33484155,0.2762165,0.09951106,0.08532512,0.09801555,0.10842784,0.32223237,0.017843807,0.001516342,0.005142702,0.00808288,0.016137952,0.008686432,0.011382594,0.17085834,2.966666666666667
zne6tp,657b66ce2855e7001f962f2f,0.0944899,0.13473919,0.74170846,0.08907493,0.092915915,0.10929321,0.12726986,0.048099842,0.001120567,0.022590388,0.014884921,0.012380436,0.006427396,0.004541242,0.18434592,3.683333333333333
81rq8p,657b670a2855e7001f96883e,0.64245784,0.3854497,0.4841993,0.13464333,0.17732301,0.14432828,0.748714,0.007288316,0.000858307,0.001868392,0.006610371,0.011902207,0.006446815,0.007667032,0.15040304,4.75
81rq8p,657b66e92855e7001f965545,0.7757658,0.58148307,0.5380701,0.12088228,0.27837306,0.13809541,0.813253,0.011435116,0.001087189,0.003995769,0.007303875,0.014532468,0.007391856,0.00855169,0.4265702,4.2
81rq8p,657b66ba2855e7001f961353,0.6180653,0.798846,0.37370548,0.36854327,0.17845505,0.54840755,0.2369541,0.51980776,0.051147457,0.6007182,0.4196762,0.1067334,0.03165977,0.02665768,0.3141177,3.4166666666666665
rv2dqp,657b67488b12dc001f08aed8,0.83099616,0.70865774,0.39304525,0.8544783,0.47878796,0.87067455,0.64201564,0.08083374,0.002346039,0.049989145,0.027841117,0.025360947,0.010239923,0.017575197,0.39972842,6.066666666666666
ux76ka,657b671b8b12dc001f086549,0.1320083,0.09678974,0.06743011,0.20442122,0.21703479,0.25086454,0.1870134,0.2922276,0.01412424,0.32476485,0.11797678,0.08064143,0.008440462,0.023001095,0.19125846,5.033333333333333
ux76ka,657b67c32855e7001f979c01,0.85492045,0.708932,0.5732482,0.45587033,0.8426136,0.5035641,0.83293986,0.031684756,0.001707077,0.021585498,0.010628895,0.017367685,0.007094103,0.009200439,0.34124145,7.833333333333333
ux76ka,657b66482855e7001f958ddc,0.79497004,0.40700457,0.4282824,0.2450518,0.4291228,0.3845289,0.734486,0.2922276,0.008544922,0.31892163,0.09270445,0.033645786,0.007107049,0.008315781,0.2557499,1.5166666666666666
ux76ka,657b66bc2855e7001f961543,0.30877617,0.2601326,0.09286537,0.19440953,0.14960077,0.21960624,0.4170175,0.050326355,0.002574921,0.040745795,0.013668913,0.02030538,0.007184723,0.009436348,0.20546797,3.433333333333333
ux76ka,657b68158b12dc001f09b957,0.012745438,0.31219605,0.046044447,0.06857873,0.017672176,0.09432412,0.06242194,0.3389984,0.017029278,0.38230872,0.08459369,0.064458095,0.13815513,0.016277699,0.34969038,9.2
zudqp3,657b668c2855e7001f95d6b9,0.42554232,0.3780503,0.585113,0.55849034,0.091941215,0.640991,0.18888894,0.041172907,0.001354218,0.010137413,0.014884921,0.012004685,0.00967031,0.004747662,0.2877246,2.9166666666666665
zudqp3,657b676d8b12dc001f08e3e2,0.09634415,0.16102377,0.8578011,0.3035124,0.066309564,0.30351397,0.1907705,0.03592727,0.001096726,0.021083053,0.012870909,0.012448754,0.006589218,0.006222091,0.3443341,6.666666666666667
y3cewr,657b663c8b12dc001f074218,0.27349865,0.39977503,0.074962124,0.20778568,0.10062749,0.36090797,0.16678733,0.15213956,0.008277893,0.010433395,0.015340924,0.02474608,0.13717735,0.010556913,0.1622257,3.0833333333333335
y3cewr,657b66042855e7001f953ebf,0.05388788,0.12096021,0.081044875,0.25168148,0.07781066,0.3063505,0.09381223,0.051068526,0.001726151,0.003237312,0.011882903,0.012790347,0.016292779,0.005248968,0.3574954,2.1666666666666665
uwxcfx,657b66a52855e7001f95f663,0.12267091,0.10819801,0.7775619,0.09681413,0.018274283,0.09592405,0.11286291,0.043646812,0.001811981,0.014149316,0.010438894,0.012790347,0.011301477,0.005013059,0.18203199,1.9666666666666666
uwxcfx,657b66e02855e7001f9647be,0.05054392,0.123228945,0.8107962,0.14928007,0.027734175,0.12555276,0.07414775,0.022021262,0.001077652,0.005216698,0.008348881,0.010672474,0.007870848,0.003523886,0.1791977,2.933333333333333
uwxcfx,657b67bd8b12dc001f09541b,0.042314984,0.036418535,0.5046923,0.18451619,0.03519795,0.17034614,0.08386083,0.025320992,0.000863075,0.001674153,0.012756908,0.0103992,0.007275343,0.003346955,0.42152876,6.633333333333334
uwxcfx,657b67cb8b12dc001f096798,0.09080389,0.19121124,0.14790365,0.13966006,0.070651315,0.17034614,0.21586141,0.013634177,0.000944138,0.002534353,0.007550877,0.012995303,0.007094103,0.008905552,0.16021965,6.866666666666666
uwxcfx,657b67f72855e7001f97db6e,0.39249563,0.35425907,0.40537766,0.16509432,0.2541795,0.13809541,0.41438255,0.010743983,0.000853539,0.001831394,0.007398875,0.011441057,0.006835188,0.005927206,0.16108422,7.6
uwxcfx,657b68152855e7001f97f943,0.072815776,0.07876553,0.52697545,0.062841475,0.048411634,0.052812282,0.052357487,0.2854869,0.009307861,0.316,0.07460167,0.04642162,0.010369381,0.010969753,0.20123953,8.1
uwxcfx,657b68838b12dc001f0a1e25,0.78896815,0.64360315,0.5899463,0.3326982,0.3255585,0.50044155,0.65204656,0.037577134,0.00120163,0.014249804,0.014580919,0.013234417,0.007353018,0.007136237,0.2659762,9.933333333333334
ky6vzf,657b675d2855e7001f970b1f,0.78081226,0.5007458,0.57512295,0.12534684,0.23915827,0.14807095,0.8323483,0.007853788,0.000629425,0.002386362,0.00650587,0.011236101,0.006641001,0.00521948,0.2177752,1.3166666666666667
ky6vzf,657b69578b12dc001f0abb52,0.40582877,0.73429036,0.197553,0.6843692,0.24664316,0.7881755,0.4372008,0.034513097,0.000886917,0.019977676,0.012794908,0.009647697,0.006097279,0.002565507,0.23426223,9.75
8nxwtz,657b68838b12dc001f0a1df1,0.06582858,0.097840905,0.5883878,0.14615701,0.19217539,0.09592405,0.0678044,0.075294,0.00295639,0.002136626,0.011236899,0.013610168,0.046218675,0.004688685,0.2114367,4.333333333333333
8nxwtz,657b68312855e7001f98138f,0.25190613,0.18097372,0.4327431,0.17798842,0.32221097,0.1406137,0.083090164,0.103060275,0.003128052,0.002645347,0.020385906,0.014054239,0.043309137,0.004865617,0.19218889,2.9833333333333334
8nxwtz,657b686d8b12dc001f0a0bab,0.0944899,0.064135894,0.0855105,0.06691635,0.07690128,0.07918409,0.07342768,0.3281604,0.011672974,0.008324518,0.24928534,0.15195307,0.00899713,0.07126439,0.51377934,3.966666666666667
8nxwtz,657b68ab2855e7001f988339,0.08533011,0.072207004,0.08192977,0.09097979,0.13246238,0.08282434,0.063745245,0.3127066,0.009918213,0.020279141,0.25800487,0.09583591,0.008867673,0.018282922,0.18787403,5
6g9mw7,657b665f2855e7001f95a50e,0.3836033,0.37964377,0.20145756,0.099799976,0.121998236,0.35408178,0.35640088,0.03639866,0.000967979,0.009027477,0.013364912,0.011714331,0.00679635,0.004688685,0.30824402,1.45
6g9mw7,657b66be8b12dc001f07daaa,0.7632816,0.5219503,0.3580206,0.099799976,0.30302712,0.1361225,0.6407583,0.1100022,0.003108978,0.043581683,0.02618698,0.027683776,0.011301477,0.009613278,0.1659616,3.033333333333333
wq8639,657b66902855e7001f95db01,0.46550262,0.085574605,0.13384935,0.07806128,0.092915915,0.27551848,0.23186605,0.06104896,0.001678467,0.007991537,0.023866551,0.017367685,0.008867673,0.007254192,0.39790988,3.5166666666666666
qa6qgc,657b67138b12dc001f0857c3,0.6881789,0.4805095,0.46720323,0.16190393,0.28805172,0.14995342,0.70988655,0.011560776,0.001115799,0.003736784,0.007284875,0.013576009,0.007430693,0.009200439,0.16322061,3.183333333333333
qa6qgc,657b68878b12dc001f0a21d0,0.48097566,0.321393,0.33039993,0.26744163,0.173937,0.13710694,0.40780988,0.026145924,0.001020432,0.004291751,0.011844902,0.017572641,0.006977591,0.011913388,0.17956634,9.383333333333333
qa6qgc,657b66a18b12dc001f07b325,0.39026847,0.34476215,0.14045076,0.2450518,0.23172872,0.22496933,0.16859275,0.11119666,0.002307892,0.06476828,0.024768941,0.017914234,0.007094103,0.005720785,0.19298781,1.2833333333333334
zx37ux,657b67812855e7001f974153,0.35687628,0.3291235,0.17821237,0.21116324,0.31288958,0.20634092,0.31536126,0.018849092,0.001497269,0.003958771,0.008861885,0.016616182,0.007857903,0.014508383,0.5523553,5.85
zx37ux,657b68222855e7001f98051f,0.49718535,0.28362978,0.41327515,0.2450518,0.2441421,0.29645208,0.36691782,0.2855005,0.017093835,0.015857628,0.06652143,0.044668075,0.34804323,0.014449406,0.35086918,8.55
zx37ux,657b66a18b12dc001f07b339,0.39472556,0.3322319,0.7293822,0.4743229,0.22926421,0.4256969,0.15260378,0.04240986,0.001649857,0.002256869,0.015188923,0.011714331,0.01187109,0.00333221,0.15737677,2.1333333333333333
zx37ux,657b671d2855e7001f96a46e,0.69772345,0.59343433,0.49671254,0.32614216,0.2441421,0.3736908,0.452598,0.019980038,0.000452995,0.001600157,0.012224905,0.010347961,0.00589662,0.003155279,0.2300318,4.183333333333334
73kh3p,657b673d8b12dc001f089db3,0.54983795,0.5204291,0.4732371,0.25826308,0.17056693,0.3899725,0.34446642,0.14950264,0.006065369,0.033784978,0.018838953,0.018734055,0.13815513,0.007549078,0.276662,5
73kh3p,657b668e2855e7001f95d839,0.76998276,0.6596011,0.36933511,0.50442195,0.3255585,0.62776506,0.6482916,0.021196328,0.001096726,0.001923889,0.007512876,0.01173141,0.010938995,0.004570731,0.19937512,2.0833333333333335
73kh3p,657b66e22855e7001f964ad5,0.31741676,0.3306766,0.14603578,0.30831957,0.18757416,0.5343506,0.20413758,0.08320791,0.003700256,0.003292809,0.012604907,0.014566627,0.079364374,0.00604516,0.23756571,3.4833333333333334
a3cbdx,657b673d2855e7001f96dad1,0.22826096,0.7844646,0.08281895,0.28923154,0.121998236,0.42638904,0.14740507,0.16678599,0.00667572,0.038425524,0.026058068,0.023243073,0.13633445,0.010321004,0.19047174,1.0333333333333334
a3cbdx,657b67512855e7001f96fb36,0.66759574,0.3854497,0.5798069,0.09097979,0.17056693,0.122753285,0.82934755,0.009173225,0.001001358,0.002830336,0.007028373,0.013029462,0.007340072,0.008492713,0.17691915,1.3666666666666667
a3cbdx,657b679f8b12dc001f092c9c,0.3747018,0.45953456,0.21323243,0.50888556,0.08335247,0.7176863,0.21883002,0.04785245,0.00207901,0.002626848,0.016632931,0.011611853,0.013702838,0.004983571,0.2523883,2.6666666666666665
34w28h,657b66f88b12dc001f082e1a,0.5705914,0.3337895,0.51402175,0.10487753,0.09685559,0.122753285,0.7711438,0.008859074,0.00079155,0.001914639,0.006676871,0.011253181,0.006848133,0.005750274,0.21012971,2.45
z9bku9,657b66f62855e7001f9668df,0.6422206,0.5494945,0.5215468,0.2248042,0.27708808,0.18941686,0.61989033,0.019854378,0.001344681,0.005327691,0.009222887,0.017231047,0.008207439,0.01374168,0.25857264,1.8166666666666667
z9bku9,657b67b62855e7001f97898c,0.5436074,0.38402683,0.6020876,0.59957933,0.5494895,0.61645836,0.5965915,0.043646812,0.001029968,0.033527173,0.014048916,0.010228404,0.005825418,0.002447553,0.2891981,5.016666666666667
y4vb4r,657b68d38b12dc001f0a6680,0.17545563,0.1061449,0.66150016,0.11758787,0.13563919,0.092740074,0.1870134,0.015896067,0.001196861,0.00327431,0.007835878,0.014395831,0.008116818,0.011205662,0.19717121,8.5
y4vb4r,657b67948b12dc001f091e65,0.43215233,0.19381917,0.040488824,0.04695959,0.2074021,0.09432412,0.21192604,0.032627538,0.002059937,0.007917541,0.011730902,0.0166845,0.010705971,0.009731233,0.36291254,3.183333333333333
948vn8,657b6ab68b12dc001f0b4370,0.13676605,0.43338785,0.0966388,0.5664272,0.13883325,0.7059025,0.25875083,0.01017851,0.000531673,0.002090379,0.007303875,0.010057608,0.006712203,0.003391187,0.38333347,9.783333333333333
2rrg1f,657b66c32855e7001f96203e,0.59260535,0.5541114,0.28055468,0.113268904,0.10969645,0.16161843,0.5371522,0.029799197,0.001430512,0.00242336,0.008538882,0.012414595,0.012803185,0.004216868,0.331661,1.3666666666666667
2rrg1f,657b67f38b12dc001f099745,0.07458106,0.23450792,0.80985993,0.07026008,0.031070596,0.064920515,0.070585586,0.36095104,0.023076924,0.029402243,0.03412145,0.06195303,0.44942492,0.010262027,0.15763284,6.416666666666667
2rrg1f,657b68702855e7001f984d3f,0.048882913,0.27033064,0.6449403,0.26131186,0.08904153,0.2590294,0.04766345,0.11129999,0.003662109,0.003551794,0.013896915,0.01490822,0.13329996,0.004069425,0.2779717,8.5
2rrg1f,657b66ff2855e7001f9676ca,0.15839244,0.37964377,0.081044875,0.32287985,0.046880882,0.43698055,0.1907705,0.09351514,0.004787445,0.002275368,0.010932897,0.012346277,0.12689553,0.004659196,0.32149416,2.35
2rrg1f,657b674c8b12dc001f08b3c4,0.0944899,0.3384778,0.59493065,0.11977882,0.04238304,0.091954015,0.039968032,0.38811707,0.023076924,0.034042787,0.053791173,0.049427703,0.5195707,0.008610667,0.20806403,3.6333333333333333
xfm322,657b67058b12dc001f0842c0,0.78923,0.5166301,0.492917,0.11758787,0.27837306,0.13125886,0.81119925,0.015142105,0.00125885,0.004735726,0.008272881,0.016411226,0.007728445,0.009495324,0.27812755,1.9
xfm322,657b67fd8b12dc001f09a0f8,0.42334303,0.48723006,0.13142079,0.5053138,0.22680563,0.76229995,0.27055198,0.08637348,0.003166199,0.00847251,0.02122384,0.015113175,0.030278467,0.006546466,0.16284016,6.016666666666667
nkt9hc,657b68812855e7001f985b03,0.51674473,0.30915013,0.3510931,0.12534684,0.22312969,0.12934102,0.54293126,0.034277402,0.0025177,0.005771666,0.013934915,0.024609445,0.008505191,0.025360184,0.83932453,7.616666666666666
nkt9hc,657b68e18b12dc001f0a7172,0.677926,0.64141524,0.42605546,0.124222845,0.19333,0.26450998,0.68642515,0.034513097,0.001335144,0.005142702,0.012832909,0.018597418,0.008103873,0.008610667,0.1853642,9.216666666666667
nkt9hc,657b69088b12dc001f0a8c41,0.35023654,0.3106718,0.20733587,0.2450518,0.27452108,0.22362563,0.35008085,0.016712861,0.00207901,0.003015325,0.00983089,0.02030538,0.00780612,0.014331453,0.16348155,9.866666666666667
nkt9hc,657b682d8b12dc001f09d025,0.22591716,0.47376373,0.11749236,0.60667413,0.07964143,0.62378067,0.15610619,0.20265625,0.003395081,0.09328204,0.08434689,0.04742365,0.007145886,0.007047772,0.29668152,6.216666666666667
cgq2cg,657b69a32855e7001f991d2f,0.591195,0.66769385,0.468711,0.78427196,0.75000894,0.79833215,0.27272516,0.1460314,0.00377655,0.04177703,0.045007613,0.01627459,0.028206514,0.005455388,0.16657475,9.15
t94q64,657b67f92855e7001f97ddb0,0.16081753,0.42306393,0.074962124,0.23517443,0.006368987,0.33941016,0.14913096,0.11181668,0.003128052,0.004994711,0.027218282,0.017709278,0.05042134,0.004511754,0.27965522,4
t94q64,657b69058b12dc001f0a8a6d,0.44099933,0.5919841,0.11543151,0.2248042,0.068034075,0.43833014,0.21586141,0.09438288,0.001573563,0.012240025,0.0350029,0.013780965,0.00915248,0.005337434,0.15370756,8.466666666666667
2er7r8,657b67948b12dc001f091de0,0.70276076,0.49247497,0.46984196,0.113268904,0.2541795,0.1331928,0.7530431,0.01017851,0.001058579,0.003422302,0.007028373,0.013268576,0.007327127,0.009849187,0.16322064,0.6
2er7r8,657b67e92855e7001f97cd2d,0.25190613,0.41136384,0.11237009,0.28295305,0.09685559,0.45799002,0.1649894,0.103060275,0.00246048,0.00621564,0.026702631,0.01620627,0.03304107,0.005101525,0.29291686,2.033333333333333
td4reg,657b67192855e7001f969ea9,0.3836033,0.321393,0.31097922,0.11114024,0.16387439,0.10081833,0.49687052,0.013131535,0.001139641,0.002386362,0.008272881,0.015147334,0.006789878,0.009908165,0.17625426,2.4
td4reg,657b67a92855e7001f9779a7,0.7406175,0.6874869,0.4275396,0.6413252,0.41084874,0.6137894,0.67364407,0.11212669,0.002307892,0.10221587,0.028502205,0.016069634,0.006297939,0.005248968,0.25605223,4.8
1g2xcy,657b677d8b12dc001f08fd98,0.5157165,0.3384778,0.3658467,0.10590835,0.18642803,0.13125886,0.7166579,0.009487377,0.000958443,0.002608349,0.007085374,0.01261955,0.006809296,0.007902941,0.133772,1.6333333333333333
2ntkvn,657b69772855e7001f990a21,0.7020097,0.53568614,0.560979,0.20107053,0.075996056,0.41671616,0.79759216,0.012440401,0.001001358,0.003662788,0.00817788,0.013746806,0.007624879,0.008492713,0.25945878,4.8
2ntkvn,657b6a022855e7001f9940ec,0.59025514,0.53109944,0.4088853,0.7331713,0.32622877,0.8327246,0.47599375,0.028385026,0.00128746,0.002904332,0.009906891,0.011048226,0.012181788,0.004039936,0.31543246,7.133333333333334
ghdpex,657b67d88b12dc001f097993,0.7734541,0.50451654,0.4216076,0.45048934,0.16609791,0.57557535,0.697359,0.019351736,0.000658035,0.002340114,0.011692902,0.011167783,0.006595691,0.005101525,0.3334329,3.55
ghdpex,657b67638b12dc001f08d477,0.6370039,0.46255174,0.28457916,0.34601632,0.16387439,0.5304052,0.30308986,0.037105743,0.001869202,0.005364689,0.009279887,0.011765569,0.018192071,0.004482265,0.36013228,1.5833333333333333
31yk3w,657b690d8b12dc001f0a8ffc,0.19967446,0.15614524,0.08192977,0.08907493,0.07690128,0.10416048,0.13220452,0.4269174,0.023364257,0.46028158,0.16831873,0.20262444,0.13815513,0.025714045,0.20901382,2.2
31yk3w,657b69228b12dc001f0a9e38,0.5888457,0.42159554,0.3407359,0.1100836,0.26685292,0.11191306,0.5924222,0.017969469,0.001373291,0.004032766,0.009431887,0.015454767,0.00746953,0.00937737,0.22278358,2.566666666666667
31yk3w,657b69558b12dc001f0aba60,0.29989743,0.25724247,0.064186096,0.09002491,0.07241669,0.08884861,0.27761862,0.026028076,0.002155304,0.00899048,0.010172892,0.018802373,0.00899713,0.013800657,0.25204936,3.4166666666666665
31yk3w,657b69938b12dc001f0ad6c3,0.33703154,0.28065717,0.26058143,0.23170424,0.2453918,0.18684532,0.30852884,0.015770407,0.001068115,0.003255812,0.008614883,0.014532468,0.00670573,0.007902941,0.13594046,4.433333333333334
31yk3w,657b6a4b8b12dc001f0b1c7f,0.18036744,0.14652205,0.09759216,0.113268904,0.06040291,0.19718185,0.24621093,0.058737632,0.002708435,0.022791367,0.011122898,0.019075647,0.010472948,0.012562137,0.16196434,7.5
31yk3w,657b6a8a8b12dc001f0b32aa,0.41675794,0.3384778,0.31918415,0.23517443,0.21703479,0.20897695,0.38821805,0.01633588,0.001268387,0.003348306,0.008253881,0.016342908,0.007327127,0.012680092,0.19638385,8.566666666666666
6aw38w,657b68318b12dc001f09d443,0.1320083,0.15857893,0.20930107,0.5939658,0.13563919,0.564658,0.09250268,0.13041082,0.002765656,0.10757765,0.030154925,0.013576009,0.006505071,0.003450164,0.25576627,3.6
6aw38w,657b68a38b12dc001f0a3cb6,0.5085306,0.73970497,0.2705359,0.2659053,0.29779902,0.2810631,0.15086368,0.30993456,0.009002686,0.3817989,0.13969865,0.032643758,0.011586283,0.011677479,0.3831494,5.5
6aw38w,657b693e8b12dc001f0aaea4,0.30231753,0.25149468,0.2785459,0.301915,0.058751587,0.4208577,0.30038044,0.038519915,0.001139641,0.018369852,0.013668913,0.010262563,0.006123171,0.003317466,0.23033391,8.066666666666666
ethg9y,657b696c2855e7001f99055f,0.786608,0.6010543,0.53885156,0.09193956,0.27324003,0.13710694,0.8243953,0.009738698,0.000863075,0.003440801,0.006876372,0.01309778,0.007210615,0.007549078,0.36845672,2.533333333333333
ethg9y,657b69368b12dc001f0aa9f8,0.51263416,0.77182335,0.12271099,0.50888556,0.48466277,0.5823835,0.34166783,0.017089844,0.000705719,0.009693438,0.007816878,0.010040528,0.006207318,0.004629708,0.23751263,1.6333333333333333
1y6agu,657b6c632855e7001f99f0ed,0.54568315,0.7908617,0.71583414,0.6529236,0.19102257,0.640991,0.35078412,0.112333365,0.003356934,0.09245483,0.028061481,0.014190876,0.009074804,0.006192603,0.36554113,3.65
1y6agu,657b6d942855e7001f9a27f9,0.34142166,0.5760619,0.38423225,0.48048222,0.13246238,0.5233246,0.120793216,0.36456755,0.013995127,0.2795294,0.32682732,0.10054382,0.12382901,0.016159745,0.3593845,8.733333333333333
81hybn,657b6a488b12dc001f0b1b88,0.47774684,0.41136384,0.3939286,0.15556577,0.2630359,0.15668073,0.6173472,0.007225486,0.000858307,0.001794396,0.00650587,0.012004685,0.007119995,0.007136237,0.16918439,6.15
81hybn,657b691b8b12dc001f0a997c,0.7894918,0.5694475,0.59959984,0.26284042,0.07509518,0.49536216,0.78886205,0.010618322,0.000510216,0.002266119,0.007436876,0.010160086,0.00636914,0.004069425,0.17217498,1.1333333333333333
81hybn,657b69bf8b12dc001f0aeaae,0.57162154,0.46479085,0.42086712,0.66012526,0.27452108,0.6845137,0.25036624,0.051563308,0.002269745,0.00224762,0.010742896,0.012790347,0.04132889,0.004393799,0.2537625,3.8666666666666667
81hybn,657b6b192855e7001f99a0fd,0.7944499,0.6346266,0.6181518,0.66080296,0.22190776,0.68640155,0.55803037,0.034277402,0.001401901,0.003699786,0.011806903,0.011697251,0.011508608,0.003730306,0.19889773,9.633333333333333
81hybn,657b6a2f8b12dc001f0b11b4,0.47447416,0.36380813,0.32696992,0.5576981,0.08523248,0.6023727,0.23085345,0.102192536,0.00371933,0.003829278,0.013592913,0.015147334,0.114629425,0.005307945,0.24913307,5.733333333333333
4r33rd,657b688b8b12dc001f0a2541,0.081717156,0.16102377,0.07841389,0.09879968,0.056305178,0.17538343,0.0712903,0.3127066,0.007133484,0.2964622,0.15485314,0.027273865,0.012751401,0.011559526,0.23301783,1.15
4r33rd,657b68df2855e7001f98ae6d,0.63321245,0.7456412,0.30281326,0.18451619,0.29649553,0.4256969,0.34727085,0.37751234,0.015867263,0.4482637,0.17361937,0.033144772,0.01940071,0.008433735,0.2807839,2.55
4r33rd,657b693c8b12dc001f0aad8e,0.23531619,0.3291235,0.10437799,0.1100836,0.12616077,0.25086454,0.2472474,0.032627538,0.001325607,0.002922831,0.012756908,0.017436003,0.00899713,0.013800657,0.19407234,4.1
rrya92,657b6b802855e7001f99bc06,0.30231753,0.35903805,0.47625726,0.32614216,0.049183033,0.3689695,0.52650625,0.03192045,0.001659393,0.001452166,0.007930879,0.011902207,0.019573374,0.004718174,0.22881255,8.616666666666667
rrya92,657b6a642855e7001f996444,0.16811807,0.2925717,0.8600108,0.47344455,0.066309564,0.4386676,0.1649894,0.033334624,0.00166893,0.003348306,0.009469888,0.011031146,0.013476364,0.003494397,0.24348675,3.8833333333333333
9d6ecn,657b68678b12dc001f0a06de,0.18283133,0.2017425,0.10437799,0.11434096,0.056305178,0.09432412,0.05116326,0.2854903,0.010375977,0.29188538,0.089778624,0.026044132,0.010576514,0.009967142,0.35158828,1.3333333333333333
9d6ecn,657b68a52855e7001f987d63,0.15839244,0.18607083,0.063385084,0.078952126,0.17506383,0.08062888,0.07633074,0.93383175,0.45895407,0.10221587,0.5362655,0.86331284,0.042985857,0.8924512,0.84804195,2.3666666666666667
9d6ecn,657b68f08b12dc001f0a7c7f,0.1011181,0.2866146,0.11956828,0.3493781,0.09801555,0.32062647,0.1832748,0.11223003,0.003376007,0.038683333,0.031036375,0.032894265,0.006770459,0.011323617,0.26632303,3.6166666666666667
9d6ecn,657b68832855e7001f985d7a,0.07635384,0.102069505,0.08823851,0.29396752,0.08617879,0.5331497,0.20510538,0.024260364,0.000977516,0.011987305,0.009944891,0.011048226,0.005993713,0.004895105,0.26109797,1.8
9d6ecn,657b68c42855e7001f9898f4,0.24003741,0.18351692,0.27653974,0.16509432,0.19564457,0.16410081,0.2640687,0.112540044,0.002632141,0.00569767,0.03511308,0.030389199,0.007650771,0.010615891,0.15752374,2.8833333333333333
9d6ecn,657b69188b12dc001f0a979d,0.3304673,0.29406664,0.26058143,0.2450518,0.2529197,0.19199699,0.32914153,0.015770407,0.00123024,0.00362579,0.008538882,0.015044857,0.007340072,0.010556913,0.16105402,4.283333333333333
2c961z,657b6be92855e7001f99d135,0.32828447,0.14891115,0.6036358,0.051298723,0.13670206,0.08656024,0.06441256,0.25462922,0.007629395,0.28034934,0.06889887,0.030890211,0.019055385,0.008728622,0.35833395,8.05
2c961z,657b6b1c2855e7001f99a1f7,0.30662343,0.8070808,0.40362632,0.31476614,0.08617879,0.23852259,0.07414775,0.13908891,0.003070831,0.037394293,0.06302499,0.015830519,0.008311004,0.005779763,0.28484043,4.616666666666666
2c961z,657b6b898b12dc001f0b7ef0,0.31525248,0.6245154,0.1762937,0.214554,0.12407555,0.20371327,0.119192705,0.24763705,0.003662109,0.035331827,0.17486192,0.020100424,0.006712203,0.005337434,0.3441085,6.45
q8vgd2,657b691d2855e7001f98d9f9,0.33703154,0.36853585,0.26256776,0.11758787,0.21582358,0.1881301,0.6794696,0.013005874,0.001420975,0.004088263,0.007759878,0.015318131,0.0084793,0.011087708,0.18218702,2.5
93exec,657b6b2d8b12dc001f0b6825,0.7746103,0.4670292,0.45366803,0.13966006,0.091941215,0.37910187,0.7692316,0.058737632,0.002994537,0.025203101,0.012490907,0.0157622,0.011612174,0.008905552,0.22684817,5.7
93exec,657b6c0a8b12dc001f0b9936,0.44876832,0.50300765,0.26058143,0.22137496,0.03519795,0.52239865,0.3999494,0.03734144,0.001153946,0.007917541,0.013212911,0.013473531,0.007754337,0.004983571,0.2527893,9.383333333333333
1h4zrn,657b6ad28b12dc001f0b4bbb,0.13676605,0.48648208,0.12271099,0.42491317,0.08617879,0.5912147,0.12726986,0.1013248,0.002765656,0.003570293,0.025929155,0.013712646,0.02855184,0.004482265,0.23605463,3.7333333333333334
1h4zrn,657b6c2f8b12dc001f0ba3e4,0.2638654,0.3337895,0.109343514,0.14928007,0.20381775,0.3437793,0.21487516,0.03969839,0.001344681,0.006363631,0.014428918,0.019485557,0.008013252,0.01439043,0.23038758,9.55
4k1w2h,657b6b108b12dc001f0b5f19,0.41895068,0.2630332,0.43945,0.3003203,0.14635028,0.39406586,0.45123136,0.010555492,0.000486374,0.00223837,0.007778878,0.010177165,0.006168481,0.003980959,0.25339353,1.3666666666666667
4k1w2h,657b6b4d2855e7001f99b001,0.03907572,0.08458632,0.28861445,0.26131186,0.01529889,0.38181353,0.078549035,0.08241652,0.002031326,0.042550452,0.023608726,0.013951761,0.007314181,0.004216868,0.17308801,2.3833333333333333
4k1w2h,657b6baf2855e7001f99c5b2,0.7282795,0.5196685,0.44917008,0.2751628,0.18072422,0.39953515,0.6557929,0.03639866,0.001187325,0.015053716,0.015112923,0.012448754,0.007197669,0.006516977,0.32909444,4.016666666666667
4k1w2h,657b6c092855e7001f99d917,0.07635384,0.25436312,0.80377644,0.12310397,0.059575163,0.11816678,0.078549035,0.046120718,0.00105381,0.005919657,0.020385906,0.010809111,0.006776932,0.003921982,0.24517573,5.516666666666667
4k1w2h,657b6c518b12dc001f0bacb2,0.78160495,0.57967526,0.5218672,0.29713845,0.37574476,0.37842464,0.7007903,0.02779579,0.000739098,0.008250522,0.014580919,0.011031146,0.00603255,0.004806639,0.23729098,6.716666666666667
4k1w2h,657b6b7c2855e7001f99bb1d,0.72457474,0.4842389,0.2645553,0.25168148,0.2529197,0.39270046,0.5578644,0.15324512,0.003890991,0.10221587,0.02173949,0.018665737,0.009644418,0.006369534,0.22799776,3.1666666666666665
kv6rud,657b6de92855e7001f9a32c0,0.7367429,0.6913445,0.13142079,0.32450983,0.6472918,0.39065418,0.16678733,0.15324512,0.003414154,0.10293542,0.03257891,0.015147334,0.009048914,0.006752886,0.42932093,8.883333333333333
gmegkn,657b6da08b12dc001f0bea50,0.28066093,0.17844121,0.37545645,0.64691097,0.08904153,0.729336,0.1964577,0.1100022,0.002040863,0.099072486,0.03070583,0.013063621,0.006110225,0.002801416,0.27171806,5.033333333333333
gmegkn,657b6e7e2855e7001f9a3fc6,0.61286813,0.3400453,0.4364669,0.729588,0.30040914,0.74084425,0.3921196,0.054779384,0.001196861,0.036105253,0.01890341,0.01130442,0.006207318,0.003081557,0.34453642,8.733333333333333
gmegkn,657b6eb82855e7001f9a43f5,0.56024814,0.2017425,0.47512424,0.11758787,0.23667608,0.115462564,0.5098025,0.019351736,0.000624657,0.00190539,0.011084898,0.011048226,0.006498598,0.004482265,0.273741,9.716666666666667
gmegkn,657b6d178b12dc001f0bd493,0.7003967,0.52728325,0.20733587,0.5751816,0.39015958,0.71181047,0.6052331,0.05304765,0.001840591,0.046159767,0.014884921,0.015420608,0.006757513,0.005396411,0.5007041,2.7666666666666666
zzn3e8,657b6d918b12dc001f0be7b9,0.59260535,0.3291235,0.26256776,0.06774491,0.058751587,0.09753984,0.4325545,0.36867723,0.007171631,0.0233943,0.40243408,0.045670103,0.010576514,0.009200439,0.24499652,1.5
zzn3e8,657b6ddc8b12dc001f0bf262,0.8266057,0.5956103,0.48079333,0.078952126,0.3908477,0.09917126,0.8048825,0.011497946,0.000901222,0.003052323,0.007417875,0.013200258,0.007249452,0.008256803,0.36535743,2.75
zzn3e8,657b6f688b12dc001f0c15b7,0.19727191,0.23450792,0.103396736,0.17474432,0.35527012,0.17286047,0.14740507,0.083999306,0.002632141,0.003514797,0.020643732,0.026727317,0.011353259,0.013859635,0.19596724,9.333333333333334
zzn3e8,657b6ee22855e7001f9a477e,0.70079434,0.63767874,0.5808997,0.6486043,0.15615022,0.7454068,0.53660166,0.026617315,0.001420975,0.001590908,0.008348881,0.01087743,0.013113883,0.003494397,0.1910475,7.116666666666666
h9wuce,657b6fbc8b12dc001f0c1aac,0.08714753,0.18351692,0.8093904,0.103851885,0.03174881,0.05570942,0.105115615,0.25462922,0.011520386,0.01139534,0.032468732,0.02795705,0.2836219,0.006340046,0.2682306,5.2
h9wuce,657b6ff98b12dc001f0c1c61,0.15839244,0.14414358,0.58714044,0.075417474,0.1627653,0.047269247,0.07780581,0.04711028,0.002613068,0.003015325,0.008557882,0.013985921,0.032005094,0.006634932,0.17525026,6.216666666666667
6udq2a,657b83792855e7001f9a9629,0.47222853,0.46404538,0.14045076,0.34099117,0.22803417,0.5834035,0.594668,0.040925518,0.002183914,0.022791367,0.011008898,0.019622196,0.007443639,0.012739069,0.20362498,1.8666666666666667
tg1w7y,657b7eb88b12dc001f0c4617,0.42994708,0.48723006,0.30689266,0.55849034,0.11172729,0.6495375,0.37141198,0.07450261,0.001754761,0.058856625,0.018838953,0.011389818,0.005880437,0.003273233,0.3641286,5.066666666666666
zzmpme,6578a5156d158d001f1d62d2,0.370229,0.25724247,0.06990473,0.16509432,0.13563919,0.40090486,0.51826835,0.11067997,0.004291534,0.072601855,0.021868404,0.020988565,0.008000307,0.010144074,0.3153669,5.2
6fxpk1,6578a5116d158d001f1d5d6f,0.19247882,0.08458632,0.09568947,0.082564235,0.06291008,0.12934102,0.14227262,0.030388435,0.001392365,0.00588266,0.011654901,0.015591404,0.007935578,0.010674868,0.2772436,0.8333333333333334
6fxpk1,6578a62e7295bf001e300ff7,0.44099933,0.29406664,0.21914949,0.15556577,0.25796708,0.13809541,0.37012586,0.018095128,0.001630783,0.003329807,0.008766884,0.017299367,0.007417747,0.013269863,0.2377935,5.583333333333333
cfhxn6,6578a7c4f4ae1f001f4b35d5,0.043945573,0.11651174,0.7116272,0.1100836,0.066309564,0.076340675,0.1256395,0.012063419,0.00067234,0.002099628,0.007303875,0.011458136,0.006861079,0.004865617,0.22356007,6.55
cfhxn6,6578a66b7295bf001e306bdd,0.4643835,0.30308694,0.332118,0.17151402,0.16055275,0.1424673,0.7222661,0.015079274,0.001177788,0.003607291,0.008709883,0.015625564,0.007223561,0.008787598,0.2463576,0.7833333333333333
cfhxn6,6578a6c07295bf001e30fd8c,0.32175437,0.3510838,0.19366163,0.18780111,0.07241669,0.4077657,0.23593342,0.04216247,0.002145767,0.021987455,0.012186904,0.015864678,0.009281937,0.010321004,0.37987903,2.216666666666667
cfhxn6,6578a68b7295bf001e309c17,0.5869667,0.61905336,0.3286836,0.15556577,0.18186125,0.4256969,0.18888894,0.13908891,0.004177094,0.09328204,0.028942931,0.01982715,0.01750142,0.007902941,0.33112565,1.3333333333333333
7wg4ue,6578a6cf7295bf001e3115ec,0.16811807,0.20707954,0.11956828,0.14134736,0.05389532,0.1331928,0.24208108,0.026499467,0.000839233,0.003311308,0.012566907,0.012517073,0.006524489,0.006458,0.15988304,1.9833333333333334
7wg4ue,6578a787f4ae1f001f4ac727,0.3195837,0.17844121,0.09380275,0.11220199,0.08712909,0.1424673,0.36627677,0.01646154,0.001063347,0.004273253,0.008405882,0.013610168,0.007689608,0.009613278,0.2055193,5.066666666666666
q79qvu,6579e51cf4915500205bfa11,0.13676605,0.11870198,0.71583414,0.12088228,0.07781066,0.115462564,0.24414308,0.012754552,0.000801086,0.004809721,0.007626877,0.012004685,0.006537435,0.005573343,0.20371489,1.9
q79qvu,6579e4eff39e78001fa2dfe4,0.25906992,0.46628278,0.5943078,0.10590835,0.22926421,0.18300404,0.42295703,0.016210219,0.000901222,0.004883717,0.00813988,0.012482914,0.006861079,0.005013059,0.2800272,1.15
x7zaam,6579eeccf4915500205ed1ed,0.8480615,0.7510219,0.64660347,0.45945197,0.34712598,0.6310801,0.834114,0.03309893,0.001239777,0.017766917,0.009906891,0.01084327,0.006407978,0.00353863,0.2812154,1.75
x7zaam,6579ef3df39e78001fa5f49d,0.62090325,0.834383,0.5413521,0.6770788,0.24664316,0.7895711,0.55026716,0.054779384,0.001306534,0.031206898,0.017485369,0.012312118,0.006129643,0.003582863,0.33792093,3.6333333333333333
x7zaam,6579efb5f39e78001fa63399,0.52911484,0.5898095,0.100476414,0.09879968,0.030395774,0.33215606,0.5269423,0.07054565,0.001621246,0.009619443,0.025929155,0.012517073,0.010369381,0.004128402,0.3211997,5.633333333333334
x7zaam,6579f077f4915500205fa99f,0.34582332,0.4128206,0.23891157,0.16190393,0.12616077,0.4450875,0.30038044,0.02308189,0.001535416,0.008842488,0.008310881,0.016137952,0.008323951,0.017457243,0.27139086,8.866666666666667
k7pp6m,6579effdf4915500205f6ff7,0.7058536,0.19121124,0.6962189,0.301915,0.22557884,0.46627375,0.7300615,0.01225191,0.000686646,0.005253696,0.007398875,0.011116544,0.006362667,0.005013059,0.17330422,1.95
k7pp6m,6579f19ff4915500206042c5,0.47559634,0.4467775,0.86146635,0.3326982,0.28417167,0.1997879,0.46941552,0.07291982,0.001602173,0.029917859,0.01632893,0.014703264,0.009359611,0.00687084,0.22263378,8.916666666666666
k7pp6m,6579f07cf4915500205fac0e,0.20932254,0.093667574,0.56582606,0.1329856,0.29194224,0.111035876,0.16141449,0.046368107,0.001592636,0.022590388,0.016632931,0.015181494,0.006459761,0.006575955,0.26235783,4.066666666666666
k7pp6m,6579f107f39e78001fa6d816,0.7978235,0.53109944,0.24478929,0.46293882,0.39222407,0.7937321,0.784164,0.09611836,0.003852844,0.057037655,0.018323302,0.020851927,0.010887212,0.012974978,0.36089367,6.383333333333334
bapru4,6579f279f49155002060cd5c,0.29989743,0.0916127,0.081044875,0.32614216,0.15505424,0.5834035,0.2472474,0.054284602,0.001735687,0.04177703,0.015872927,0.014122557,0.006446815,0.006516977,0.42212173,3.183333333333333
1zkaum,6579f14af39e78001fa700db,0.14154164,0.13010159,0.5330682,0.1100836,0.12825382,0.06882956,0.117599316,0.03969839,0.002059937,0.0034593,0.01465692,0.028913507,0.007288289,0.01710338,0.2049922,3.433333333333333
1zkaum,6579f0bcf39e78001fa6b0e7,0.072815776,0.3045994,0.10834246,0.04695959,0.04238304,0.1075664,0.11286291,0.069754265,0.001111031,0.003829278,0.027347196,0.014293353,0.006543908,0.005484877,0.22329815,1.0666666666666667
1zkaum,6579f10bf39e78001fa6daad,0.3747018,0.376459,0.25266296,0.21795772,0.08335247,0.4386676,0.34446642,0.09394901,0.002918243,0.06476828,0.017872108,0.022696527,0.008207439,0.009554301,0.18272628,2.3833333333333333
1zkaum,6579f1f6f491550020607a68,0.786608,0.8201588,0.28457916,0.7257044,0.50859773,0.8344449,0.7923217,0.11450345,0.004425049,0.10221587,0.03599453,0.037904397,0.008582866,0.015334064,0.43881336,6.3
b2q3v1,6579f5fd2d7b05001fe3ab8a,0.19247882,0.21518372,0.59866637,0.082564235,0.25040436,0.07016175,0.119192705,0.02249265,0.001091957,0.003015325,0.009374888,0.017094411,0.006899917,0.008433735,0.1452958,1.0666666666666667
tbmvxp,6579f865e40d92001f4731bd,0.27827218,0.36695787,0.16675195,0.12534684,0.15834752,0.19588226,0.042100973,0.5716857,0.022452017,0.28034934,0.6099415,0.12035047,0.010188141,0.011618502,0.27498928,1.5166666666666666
tbmvxp,6579f8b79e7708001ed5ee1f,0.08897218,0.04682816,0.6310279,0.0834797,0.02449039,0.07083351,0.069884576,0.051810697,0.001187325,0.007103588,0.021546122,0.012585391,0.007547205,0.005131014,0.23805957,2.8666666666666667
tbmvxp,6579f9a4e40d92001f488098,0.08897218,0.31678307,0.09568947,0.23170424,0.00540308,0.2156048,0.15435125,0.027324399,0.001168251,0.007843546,0.010096892,0.013439372,0.006912862,0.006575955,0.1809464,6.833333333333333
tbmvxp,6579f888e40d92001f477592,0.744314,0.35425907,0.40450186,0.09193956,0.2453918,0.13710694,0.78613335,0.019728716,0.00166893,0.004994711,0.009165886,0.016411226,0.00899713,0.01332884,0.32282192,2.0833333333333335
tbmvxp,6579f9299e7708001ed65ad3,0.56024814,0.2674034,0.09193192,0.07110781,0.28094688,0.12090656,0.4150409,0.22846605,0.008773804,0.16801116,0.033019636,0.028776871,0.023544617,0.015452018,0.5183559,4.783333333333333
tbmvxp,6579f9829e7708001ed69f17,0.034273073,0.25724247,0.0658001,0.115418,0.000188695,0.2398889,0.085414186,0.08795626,0.001869202,0.017465452,0.019999169,0.020168742,0.01052473,0.009613278,0.23132606,6.266666666666667
tbmvxp,6579f9e3e40d92001f48a616,0.4432165,0.18607083,0.18784583,0.18451619,0.07964143,0.2276639,0.14227262,0.11223003,0.002613068,0.05976611,0.030375287,0.012995303,0.007210615,0.005543854,0.2628174,7.883333333333334
r3e7u2,6579fa6de40d92001f48f8cb,0.19247882,0.28958938,0.07157431,0.08718978,0.012980986,0.13710694,0.16141449,0.038048524,0.001621246,0.002626848,0.009944891,0.011833889,0.014393489,0.004659196,0.27332366,1.45
t14eza,657a1050c5765e001fcea65b,0.21890815,0.15857893,0.1063522,0.16509432,0.16832852,0.27275658,0.35008085,0.015958898,0.001239777,0.005401687,0.00817788,0.013678487,0.007456584,0.009082484,0.16868226,1.0166666666666666
dk3eg6,657a123836c10c001f91f639,0.09820561,0.08262517,0.11543151,0.14615701,0.19448619,0.2102981,0.07633074,0.091913216,0.001974106,0.078392304,0.018452216,0.016479544,0.006259101,0.004364311,0.1693735,3.4
dk3eg6,657a1302b6d234001fed066c,0.042314984,0.08262517,0.84942883,0.16829737,0.03174881,0.1016479,0.15086368,0.010869644,0.000638962,0.004347248,0.007066373,0.01130442,0.006155535,0.004865617,0.24034551,6.766666666666667
dk3eg6,657a11c536c10c001f91e7a1,0.21890815,0.2457886,0.11440699,0.09387397,0.10194144,0.11726139,0.20220721,0.25727063,0.01986976,0.023796257,0.030816011,0.058946952,0.3077799,0.021113826,0.18931103,1.4833333333333334
nbwdbg,657a1663b6d234001fed7105,0.7792264,0.6550436,0.5239501,0.327778,0.29845113,0.49885878,0.60906476,0.10045706,0.002088547,0.08252834,0.018774498,0.013200258,0.006485652,0.004777151,0.3346731,1.1
nbwdbg,657a17c636c10c001f92d2e8,0.22357696,0.7012487,0.48457804,0.27982917,0.090004176,0.27275658,0.30580607,0.03875561,0.000915527,0.014048826,0.015720926,0.01265371,0.006848133,0.004983571,0.3440411,7.016666666666667
nbwdbg,657a1791bac4780020ef0cf2,0.08533011,0.14652205,0.73659426,0.1100836,0.07509518,0.0742475,0.15610619,0.009361716,0.000767708,0.002210622,0.006667371,0.011936366,0.006763986,0.006310557,0.21377152,6.116666666666666
nbwdbg,657a17f6bac4780020ef2ffb,0.39249563,0.40845597,0.08281895,0.09484897,0.17958881,0.24675097,0.24414308,0.025203144,0.000796318,0.004606233,0.011084898,0.010330882,0.006861079,0.003155279,0.18674019,7.816666666666666
nbwdbg,657a185eb6d234001fedfb31,0.52498543,0.5135949,0.8671502,0.2550139,0.09685559,0.21960624,0.2976776,0.055026773,0.001430512,0.033527173,0.017549826,0.010638315,0.006479179,0.003405932,0.2207382,9.55
nbwdbg,657a1727bac4780020eeeeba,0.7012142,0.81507945,0.45892307,0.28451896,0.36992767,0.49203247,0.3921196,0.26104406,0.004463196,0.1035157,0.17237684,0.02167175,0.007935578,0.005396411,0.32248336,4.366666666666666
nbwdbg,657a16bec5765e001fcf7079,0.18036744,0.18097372,0.069075875,0.1100836,0.059575163,0.3568231,0.22883303,0.011749268,0.00067234,0.00327431,0.006999873,0.010587076,0.007223561,0.005307945,0.23032843,2.6166666666666667
qdrv9v,657a1856c5765e001fcfea6a,0.08714753,0.102069505,0.8083721,0.22137496,0.03311699,0.15422586,0.24105266,0.012126249,0.000581741,0.004809721,0.007170874,0.010484599,0.006097279,0.005307945,0.24853204,6.666666666666667
qdrv9v,657a171b36c10c001f929f80,0.27108505,0.27769426,0.82532716,0.14928007,0.173937,0.1406137,0.48148128,0.013320025,0.00084877,0.003440801,0.008367881,0.013029462,0.007288289,0.008610667,0.16172925,1.4166666666666667
qdrv9v,657a1903c5765e001fd01bcb,0.06410012,0.072207004,0.839811,0.09097979,0.003506723,0.08430689,0.074871585,0.05651112,0.001306534,0.028628819,0.01767874,0.011014067,0.006757513,0.004334822,0.24873658,9.533333333333333
qdrv9v,657a17c5bac4780020ef1f3e,0.16081753,0.24295193,0.8279559,0.13966006,0.07153199,0.13125886,0.1870134,0.048594624,0.001239777,0.034816213,0.014086916,0.01309778,0.006291465,0.005484877,0.31788903,4.25
bnu2fa,657a180ec5765e001fcfd406,0.079922065,0.12096021,0.499751,0.3326982,0.10062749,0.28523946,0.21389045,0.013634177,0.001029968,0.003736784,0.007607877,0.013371054,0.006828715,0.009259416,0.2355513,1.7333333333333334
bnu2fa,657a190336c10c001f933428,0.062378917,0.14891115,0.7105726,0.19109875,0.08148885,0.12838791,0.070585586,0.23667802,0.005111694,0.28034934,0.077136256,0.017367685,0.007314181,0.006516977,0.25205082,5.816666666666666
bnu2fa,657a17efb6d234001fedd83d,0.76152897,0.4467775,0.67462575,0.3596629,0.12616077,0.47374037,0.6677886,0.07054565,0.003910065,0.003385304,0.010742896,0.013439372,0.058503386,0.005514365,0.28139263,1.2
bnu2fa,657a187ac5765e001fcff472,0.08897218,0.123228945,0.12900025,0.1329856,0.020101214,0.20897695,0.07342768,0.07291982,0.002155304,0.005068706,0.019870255,0.012414595,0.021300001,0.004777151,0.20547743,3.5166666666666666
bnu2fa,657a18bdbac4780020ef6b32,0.001094593,0.1324148,0.8172585,0.14304936,0.000188695,0.08356363,0.052959703,0.049831573,0.002479553,0.003385304,0.010438894,0.012995303,0.033386398,0.004777151,0.154426,4.65
bnu2fa,657a196bbac4780020ef97d9,0.32175437,0.4745136,0.27453586,0.24175529,0.051521268,0.42223948,0.2789444,0.050573748,0.001802445,0.003477799,0.014884921,0.0166845,0.015602129,0.007608055,0.16002183,7.55
bnu2fa,657a19e136c10c001f9368c8,0.24952528,0.15614524,0.5563461,0.12199044,0.1627653,0.12182798,0.05540414,0.2667042,0.00793457,0.01191331,0.09563028,0.03189224,0.13853464,0.010556913,0.258613,9.516666666666667
etmbe2,657a1c12c5765e001fd0df44,0.77114046,0.48200047,0.46419,0.10903197,0.33766228,0.12649381,0.758421,0.009550206,0.00087738,0.002478856,0.006838372,0.011697251,0.006725149,0.006104137,0.22345248,4.85
etmbe2,657a1bf436c10c001f93eed5,0.7481847,0.41720122,0.5518915,0.11977882,0.2758032,0.12649381,0.7805774,0.005340576,0.000588894,0.001105311,0.006125868,0.009852652,0.006077861,0.004157891,0.2189699,4.35
etmbe2,657a1bc436c10c001f93dde1,0.32828447,0.31678307,0.13628586,0.20107053,0.24789588,0.47125033,0.3374794,0.031684756,0.001363754,0.011543332,0.012680908,0.017026093,0.008259222,0.008079873,0.26671383,3.55
upvf32,657a1d0bb6d234001fef4539,0.03586625,0.0916127,0.3286836,0.35274938,0.01948884,0.5149849,0.14227262,0.014136819,0.000710487,0.002848835,0.007303875,0.010108846,0.006964645,0.004098913,0.191925,1.1
upvf32,657a1da9bac4780020f0d227,0.7351567,0.8302892,0.14045076,0.5664272,0.48710996,0.72701746,0.5558723,0.02543884,0.000824928,0.011321344,0.009678889,0.010621235,0.006686311,0.004423288,0.30775723,3.75
upvf32,657a1de536c10c001f949ef9,0.6336862,0.40990886,0.49064076,0.18451619,0.22068773,0.14807095,0.677725,0.007225486,0.000743866,0.002136626,0.006391869,0.0113215,0.006621582,0.006163114,0.15040304,4.733333333333333
1z4cp3,657a1c1b36c10c001f93fcfb,0.5834885,0.45577124,0.76184404,0.18124555,0.22312969,0.18556258,0.38821805,0.040430736,0.00125885,0.021987455,0.012414906,0.013131939,0.006886971,0.005750274,0.40947008,0.8
nv9arv,657a24a3382c85001f67e837,0.30877617,0.23731218,0.29063478,0.15556577,0.20501089,0.115462564,0.30580607,0.01847211,0.001373291,0.00379228,0.008272881,0.016069634,0.008077981,0.012739069,0.15945686,0.55
nv9arv,657a24f20a9ffd001f394f73,0.5814219,0.4041079,0.39835098,0.12088228,0.26940405,0.13029796,0.56466633,0.013508516,0.00123024,0.003940272,0.007474876,0.014054239,0.007948523,0.01020305,0.18312216,1.8833333333333333
nv9arv,657a25924b0958001f876acc,0.39919263,0.2017425,0.12900025,0.25826308,0.64088595,0.24950926,0.20124449,0.23523538,0.011901856,0.18158256,0.082619295,0.08549073,0.036839653,0.03373494,0.2849288,4.533333333333333
8yb4kf,657a27a326af0e0020c2892a,0.30231753,0.376459,0.55380464,0.15556577,0.000188695,0.28523946,0.25036624,0.13041082,0.003757477,0.10221587,0.027730936,0.013985921,0.010395273,0.0054259,0.3610403,4.916666666666667
8yb4kf,657a27e8beacf3001fe7df86,0.50545514,0.53721726,0.2645553,0.48312786,0.37608716,0.5942668,0.21192604,0.09741997,0.001716614,0.07921951,0.021997316,0.01265371,0.007288289,0.004806639,0.27692804,6.1
augvm7,657a280dbeacf3001fe7eee5,0.052212548,0.3384778,0.85252255,0.10283129,0.031070596,0.06882956,0.13720547,0.08320791,0.002222061,0.002441859,0.015796926,0.017299367,0.04363242,0.007726009,0.25924444,6.866666666666666
augvm7,657a278726af0e0020c2784e,0.24952528,0.19644909,0.06743011,0.079847895,0.15615022,0.09432412,0.10665018,0.4394682,0.020257099,0.10221587,0.3682569,0.33317488,0.011094344,0.037981298,0.22863607,4.616666666666666
rrnczg,657a287e364dbe001f1cf583,0.50647956,0.46179694,0.132634,0.47168955,0.36958596,0.63703275,0.3707682,0.27047762,0.011367798,0.26494437,0.11616662,0.09195647,0.00838868,0.025360184,0.24119139,3.4
rrnczg,657a2934c55d9b001f57376d,0.58090544,0.41136384,0.47587964,0.099799976,0.17506383,0.12368249,0.72338355,0.019100413,0.000934601,0.004014268,0.008690883,0.013234417,0.00704232,0.007313169,0.1359612,6.45
rrnczg,657a29d23016f0001eaa2c03,0.6832315,0.5037618,0.5088759,0.099799976,0.240402,0.10842784,0.6243342,0.013571346,0.000915527,0.003977269,0.008576883,0.013473531,0.007158832,0.007843964,0.19082092,9.066666666666666
rrnczg,657a2977704dda001f4a1681,0.10824748,0.23731218,0.8279559,0.12310397,0.004449089,0.07083351,0.09250268,0.14256015,0.002822876,0.10221587,0.028612386,0.017504321,0.009981008,0.005455388,0.18784153,7.55
rrnczg,657a2814364dbe001f1cca40,0.54776,0.43338785,0.4789025,0.2782709,0.4789512,0.29083186,0.56549525,0.02402467,0.001206398,0.012340514,0.008994885,0.013815125,0.007055265,0.008138849,0.2752784,1.65
3af7kc,657b307f8b12dc001fcf7863,0.19247882,0.22339956,0.4115182,0.10590835,0.20262691,0.09432412,0.20801824,0.016210219,0.001091957,0.003070822,0.008367881,0.01402008,0.00737891,0.009849187,0.45106465,2.05
3af7kc,657b312a2855e7001f5e1db1,0.30231753,0.295564,0.09474389,0.09193956,0.30762184,0.106708884,0.061113272,0.2540519,0.008010864,0.24970764,0.07967083,0.04366605,0.008207439,0.010969753,0.22813979,4.883333333333334
3af7kc,657b30532855e7001f5dbc3b,0.15597202,0.8161044,0.22906929,0.13966006,0.04238304,0.4098279,0.20899242,0.05205809,0.001382828,0.014953227,0.01838776,0.011868048,0.007275343,0.005101525,0.20167783,1.3166666666666667
1bdbaz,657b29168b12dc001fcc40fb,0.6881789,0.4805095,0.46720323,0.16190393,0.28805172,0.14995342,0.70988655,0.011560776,0.001115799,0.003736784,0.007284875,0.013576009,0.007430693,0.009200439,0.16322061,1.0833333333333333
1bdbaz,657b2a4f8b12dc001fcca370,0.32392803,0.27033064,0.07410899,0.18451619,0.14851531,0.28523946,0.4445148,0.1269396,0.003185272,0.10699738,0.023479814,0.015523086,0.008129764,0.005337434,0.23023368,6.3
qm7qhf,657b2b248b12dc001fccf9fa,0.7296905,0.40990886,0.3286836,0.18780111,0.35595018,0.23852259,0.7761228,0.18174082,0.00453949,0.14875233,0.06023245,0.0166845,0.006265574,0.004865617,0.16318123,2.4166666666666665
qm7qhf,657b2c9f2855e7001f5c12fa,0.22124074,0.0350017,0.04747123,0.0374251,0.12407555,0.04944667,0.022981321,0.82048255,0.16960317,0.28034934,0.8012121,0.39409557,0.019918699,0.03956291,0.38342488,8.75
qm7qhf,657b2cc62855e7001f5c28e1,0.6562289,0.43043062,0.44019616,0.11220199,0.24289377,0.116359964,0.6557929,0.013508516,0.000886917,0.002848835,0.00806388,0.012585391,0.006537435,0.00707726,0.2255484,9.4
x21ctm,657b2cb48b12dc001fcdc208,0.6693727,0.53186333,0.5526367,0.13630773,0.173937,0.30209807,0.7773455,0.012943043,0.00082016,0.002848835,0.007797878,0.012687869,0.006731622,0.008492713,0.2053221,1.6166666666666667
x21ctm,657b2d008b12dc001fcdeae8,0.27827218,0.38118678,0.09759216,0.11758787,0.058751587,0.340865,0.2683853,0.054284602,0.001897812,0.035331827,0.012642908,0.015249812,0.007456584,0.005897717,0.25377885,2.9
9qb2zm,657b38ad2855e7001f630711,0.03586625,0.07781315,0.8570574,0.14928007,0.06291008,0.11191306,0.12890771,0.013885498,0.000522137,0.001738899,0.008671884,0.010911589,0.006297939,0.004246356,0.18158811,2.1
9qb2zm,657b398b8b12dc001fd559b4,0.4080091,0.4760145,0.8305531,0.19440953,0.21825084,0.12555276,0.37141198,0.014513801,0.000667572,0.003940272,0.00817788,0.010894509,0.006291465,0.004718174,0.1628475,5.816666666666666
9qb2zm,657b3a1d8b12dc001fd62023,0.51263416,0.48274636,0.46042702,0.07367923,0.17958881,0.106708884,0.7961003,0.01024134,0.00125885,0.003015325,0.007170874,0.014327513,0.0077155,0.011500548,0.54623157,8.25
9qb2zm,657b39328b12dc001fd50ddf,0.5592057,0.4393238,0.7508351,0.4193646,0.18528372,0.48687324,0.42163604,0.012817383,0.000691414,0.006918599,0.007085374,0.011219022,0.006518017,0.005160502,0.22175488,4.3
9qb2zm,657b39f48b12dc001fd5e9b3,0.680372,0.5441175,0.20930107,0.5466309,0.7574001,0.70234245,0.43321767,0.030859824,0.001149178,0.021183543,0.010172892,0.012312118,0.0065698,0.005042548,0.39906082,7.583333333333333
9qb2zm,657b3a422855e7001f64a328,0.7399132,0.49773452,0.51287323,0.11114024,0.27196017,0.12934102,0.7833714,0.008010864,0.000801086,0.002515854,0.00649637,0.011543535,0.006815769,0.006900329,0.17959604,8.866666666666667
un644y,657b32452855e7001f5ea986,0.115430765,0.06947151,0.6254383,0.04695959,0.04764421,0.07287073,0.041028086,0.11057663,0.002593994,0.008398513,0.03070583,0.022833163,0.010084574,0.018400878,0.3427026,1.05
un644y,657b328e2855e7001f5ed98b,0.06410012,0.07876553,0.081044875,0.04695959,0.07872421,0.053960763,0.030057438,0.30527395,0.018191293,0.014350293,0.0808917,0.12815644,0.04718852,0.08971841,0.5521395,2.283333333333333
un644y,657b329a8b12dc001fd086a7,0.1011181,0.08068535,0.60947555,0.103851885,0.07781066,0.06751211,0.0808017,0.05354243,0.002126694,0.034816213,0.015796926,0.02023706,0.00713294,0.009672256,0.21838762,2.4833333333333334
un644y,657b32a02855e7001f5ee5c1,0.23060848,0.23171476,0.084609546,0.11758787,0.2074021,0.12555276,0.25036624,0.3317266,0.011825562,0.033527173,0.34392178,0.22703624,0.008738215,0.03609403,0.28346226,2.5833333333333335
un644y,657b33612855e7001f5f6738,0.77044594,0.528046,0.50621337,0.14304936,0.2874042,0.1424673,0.7869163,0.011686437,0.001115799,0.004032766,0.007417875,0.014225035,0.007508367,0.007961918,0.4039947,5.783333333333333
un644y,657b32702855e7001f5ec589,0.59307545,0.6045042,0.074962124,0.27052203,0.099318996,0.5649995,0.5628423,0.036634352,0.001974106,0.020982565,0.010248893,0.015898837,0.007819066,0.009967142,0.19930364,1.7833333333333334
un644y,657b33002855e7001f5f22f6,0.24003741,0.2017425,0.12538517,0.07717534,0.4056687,0.090393595,0.114434265,0.2648175,0.010757446,0.013445892,0.056133457,0.11168506,0.010369381,0.03585812,0.22676802,4.183333333333334
z8yu69,657b34252855e7001f5fed18,0.3590947,0.3306766,0.10834246,0.20778568,0.34577155,0.44069323,0.33330446,0.079250954,0.002222061,0.056582913,0.020579277,0.016411226,0.007016428,0.006723397,0.2843803,3.6
z8yu69,657b33d28b12dc001fd15db5,0.7793587,0.5151119,0.51962453,0.10590835,0.23543736,0.13514197,0.81257135,0.01005285,0.001001358,0.002996826,0.006733872,0.012790347,0.007249452,0.008669644,0.1733744,2.216666666666667
z8yu69,657b33ac2855e7001f5f9c81,0.763632,0.40700457,0.074962124,0.5395426,0.8721335,0.722363,0.6695481,0.11098998,0.003547669,0.073429056,0.027730936,0.022628209,0.007171778,0.00855169,0.38356405,1.5833333333333333
zqbye7,657b36138b12dc001fd2eb8a,0.61475754,0.41720122,0.43199885,0.124222845,0.22068773,0.14619578,0.6695481,0.009487377,0.000944138,0.003126319,0.006838372,0.012858666,0.00704232,0.007667032,0.2080164,1.8666666666666667
zqbye7,657b35d32855e7001f6112b7,0.32610464,0.15131176,0.120612115,0.09879968,0.47029668,0.119989015,0.3992959,0.029917045,0.001420975,0.005475683,0.010590895,0.017299367,0.008608758,0.01480327,0.16731486,0.8
xf6ubb,657b391a8b12dc001fd4fcab,0.5571216,0.5219503,0.27653974,0.44512463,0.07241669,0.59562206,0.37591973,0.056263726,0.001602173,0.034300596,0.015872927,0.01086035,0.006505071,0.003730306,0.33991715,2.9833333333333334
qgzzxe,657b39b88b12dc001fd59826,0.15114407,0.065012954,0.05711943,0.13630773,0.099318996,0.19588226,0.078549035,0.022610499,0.000987053,0.002275368,0.011920903,0.010979908,0.006886971,0.006074648,0.27155703,3.183333333333333
qgzzxe,657b397b2855e7001f6395ee,0.45210588,0.41866332,0.07410899,0.2767157,0.24289377,0.54361105,0.6160746,0.20009702,0.007781982,0.17847598,0.04852104,0.019075647,0.03718498,0.010556913,0.3592349,2.1666666666666665
qgzzxe,657b3b038b12dc001fd75ac6,0.16081753,0.06067711,0.09286537,0.10590835,0.2529197,0.13222396,0.08698324,0.25084448,0.011138916,0.17226285,0.05964688,0.089370176,0.008686432,0.022765188,0.33149505,8.7
fcff31,657b3beb8b12dc001fd894d6,0.68499804,0.38402683,0.47550175,0.103851885,0.12407555,0.12182798,0.7880857,0.009738698,0.000815392,0.001979385,0.007085374,0.011423977,0.006822242,0.005573343,0.25883457,2.9833333333333334
fcff31,657b3c468b12dc001fd90aea,0.14633444,0.45727557,0.59835523,0.103851885,0.06977485,0.08356363,0.17772123,0.01237757,0.000724793,0.003126319,0.007531876,0.011816809,0.006809296,0.004570731,0.18387935,4.5
fcff31,657b3c882855e7001f67aa37,0.69609505,0.62105584,0.53822637,0.24175529,0.10969645,0.47490296,0.7377901,0.032156147,0.001401901,0.015455672,0.010324894,0.014361672,0.006886971,0.00707726,0.20604493,5.616666666666666
fcff31,657b3ce32855e7001f6821d9,0.52395415,0.79219574,0.32525784,0.44512463,0.16721234,0.6547773,0.40060303,0.09958932,0.002193451,0.061130337,0.02264188,0.018597418,0.007586042,0.007608055,0.27002367,7.133333333333334
47vdpc,657b3db88b12dc001fdaeca9,0.8362973,0.3826059,0.50507265,0.15872851,0.46416888,0.37099135,0.81119925,0.045131154,0.002403259,0.028628819,0.013554913,0.015693882,0.007249452,0.011500548,0.3414064,7.966666666666667
47vdpc,657b3e1c2855e7001f69b9e9,0.81038415,0.5113213,0.47059616,0.27206606,0.1045852,0.5273222,0.84470063,0.2854733,0.012435913,0.25478655,0.113185234,0.0961592,0.009981008,0.02477041,0.19266085,9.666666666666666
47vdpc,657b3ca42855e7001f67cd7e,0.8176891,0.5257583,0.5699669,0.3649847,0.2541795,0.61245376,0.8457557,0.08637348,0.002231598,0.047448806,0.022899706,0.015010698,0.00679635,0.005750274,0.35661793,3.3833333333333333
47vdpc,657b3d248b12dc001fda2aa5,0.7070023,0.5211895,0.12900025,0.6156804,0.37642977,0.7589492,0.7166579,0.059479803,0.001907349,0.038425524,0.017163089,0.014771583,0.006349722,0.006605443,0.38070658,5.516666666666667
bahvpt,657b3dcf8b12dc001fdb092f,0.41019276,0.2762165,0.10834246,0.06445757,0.13990174,0.095122136,0.25036624,0.02968135,0.002031326,0.004273253,0.00979289,0.0166845,0.011715741,0.009318393,0.24213715,5.966666666666667
bahvpt,657b3d042855e7001f684c43,0.2329597,0.38687348,0.0864158,0.14304936,0.068034075,0.2617657,0.119192705,0.045378547,0.002317429,0.002978328,0.008804884,0.013473531,0.036839653,0.005986183,0.19674674,2.6
bahvpt,657b3e912855e7001f6a4b39,0.42334303,0.21791112,0.6956838,0.33434358,0.051521268,0.38520834,0.15435125,0.0438942,0.001420975,0.003903274,0.014162917,0.012380436,0.011327368,0.003464909,0.24135245,9.216666666666667
fuz9nb,657b3d2a8b12dc001fda323c,0.11183177,0.15857893,0.0966388,0.15872851,0.1045852,0.12934102,0.12240143,0.04760506,0.001783371,0.004328749,0.012946909,0.018255826,0.01238892,0.013623727,0.30194375,1
fuz9nb,657b3efb8b12dc001fdc83f5,0.6194844,0.3400453,0.46193182,0.115418,0.3874088,0.11816678,0.5268276,0.012063419,0.001039505,0.002719343,0.007436876,0.013234417,0.007275343,0.009141461,0.41208366,8.716666666666667
fuz9nb,657b3d828b12dc001fdaa43f,0.75064605,0.79219574,0.21914949,0.34099117,0.43483678,0.5267331,0.62179595,0.05378982,0.001630783,0.030433474,0.016024929,0.013746806,0.008764107,0.006575955,0.3603265,2.4833333333333334
uvqpfa,657b3ed52855e7001f6aa277,0.4080091,0.35425907,0.39127967,0.31153792,0.12616077,0.29786137,0.38108742,0.015204934,0.000705719,0.002996826,0.008804884,0.010194245,0.006433869,0.004777151,0.17154452,5.866666666666666
uvqpfa,657b3e4a8b12dc001fdba7ab,0.6370039,0.56317586,0.1956059,0.4902017,0.33025634,0.6495375,0.42758533,0.044388983,0.002126694,0.029402243,0.010932897,0.013951761,0.008000307,0.010085096,0.22527674,3.533333333333333
uvqpfa,657b3f458b12dc001fdce30e,0.64435583,0.5494945,0.3441924,0.27982917,0.11581159,0.55097663,0.46758962,0.022374803,0.000977516,0.011025362,0.008481883,0.011201942,0.006628056,0.005278457,0.28105596,7.716666666666667
12cpx2,657b43002855e7001f6fff65,0.63036984,0.6400024,0.37720883,0.15241629,0.22190776,0.17918386,0.21290728,0.23523538,0.005760193,0.25986546,0.0720671,0.016889455,0.007275343,0.005691297,0.21850473,4.883333333333334
12cpx2,657b42592855e7001f6ee5de,0.7887062,0.4245341,0.57152945,0.32450983,0.27452108,0.4802204,0.48129812,0.06817148,0.001850128,0.05612817,0.01617693,0.015079016,0.0069517,0.0074901,0.3399388,2.0833333333333335
12cpx2,657b42cd2855e7001f6fa965,0.77949095,0.55488205,0.46833396,0.058103222,0.07781066,0.10331885,0.6846896,0.12867521,0.00246048,0.012641981,0.06023245,0.04141149,0.009747985,0.014626338,0.17581192,4.033333333333333
12cpx2,657b43682855e7001f709c9d,0.23767464,0.34633917,0.109343514,0.33599108,0.30565006,0.31775847,0.08004688,0.017341165,0.000574589,0.002996826,0.010210892,0.010518758,0.005961348,0.002860393,0.290656,6.616666666666666
12cpx2,657b43a52855e7001f70f958,0.18036744,0.19121124,0.332118,0.10487753,0.10194144,0.07016175,0.10665018,0.19939905,0.004005432,0.003736784,0.070482984,0.06395709,0.008168601,0.01958042,0.17174192,7.633333333333334
12cpx2,657b43c52855e7001f71236c,0.29506782,0.23731218,0.22707964,0.20442122,0.23419909,0.14995342,0.280271,0.015204934,0.001335144,0.003496297,0.009222887,0.014703264,0.00713294,0.009554301,0.16391104,8.166666666666666
12cpx2,657b43ef8b12dc001fe31293,0.09634415,0.07592425,0.04323652,0.08165393,0.0366042,0.06949374,0.07929607,0.19599396,0.005187988,0.016360072,0.09563028,0.04742365,0.007404801,0.013918612,0.21089734,8.866666666666667
12cpx2,657b44202855e7001f719d0f,0.81038415,0.44827244,0.47928056,0.10694439,0.3168669,0.13416551,0.8077189,0.01438814,0.001049042,0.003551794,0.008519882,0.013610168,0.007145886,0.008374758,0.22969875,9.683333333333334
12cpx2,657b42788b12dc001fe0ce23,0.64554244,0.43190852,0.103396736,0.07281757,0.21100153,0.12461543,0.2749724,0.4269174,0.023364257,0.48915586,0.26957804,0.09961538,0.15434735,0.017221333,0.35672143,2.6166666666666667
12cpx2,657b42a28b12dc001fe113a5,0.24003741,0.3732835,0.07841389,0.11434096,0.16832852,0.20634092,0.13888659,0.39644176,0.015286255,0.46614665,0.19500497,0.049427703,0.008789998,0.012031343,0.17991897,3.316666666666667
12cpx2,657b438d8b12dc001fe28a8e,0.29989743,0.65627426,0.61008996,0.26898047,0.27324003,0.20240258,0.08004688,0.5716857,0.01986976,0.33675182,0.57566804,0.08581402,0.008815889,0.006133626,0.34704754,7.233333333333333
12cpx2,657b43d68b12dc001fe2f16b,0.29506782,0.23731218,0.22707964,0.20442122,0.23419909,0.14995342,0.280271,0.015204934,0.001335144,0.003496297,0.009222887,0.014703264,0.00713294,0.009554301,0.16391101,8.45
3bbcr9,657b3e8d8b12dc001fdbfb77,0.78213274,0.48723006,0.51882386,0.103851885,0.13883325,0.13908774,0.83115655,0.012943043,0.001277924,0.004069764,0.007265875,0.014498309,0.007598988,0.009554301,0.18040676,0.8333333333333334
3bbcr9,657b3ed88b12dc001fdc593d,0.3304673,0.23731218,0.0855105,0.4646867,0.19448619,0.66974515,0.62750304,0.024260364,0.001158714,0.013144426,0.008614883,0.012448754,0.006518017,0.005986183,0.40080404,2.1
wax98b,657b40262855e7001f6c4181,0.38582096,0.2762165,0.28659645,0.12534684,0.17168832,0.15184323,0.15786818,0.3048984,0.011138916,0.37292135,0.09124154,0.07320584,0.008375733,0.013033954,0.201526,1.85
wax98b,657b40a22855e7001f6cd788,0.09264324,0.2630332,0.7231532,0.2643714,0.06977485,0.19199699,0.078549035,0.08004235,0.001773834,0.050216515,0.018452216,0.014156717,0.006550381,0.004570731,0.38108575,3.9166666666666665
wax98b,657b41eb2855e7001f6e593a,0.06756433,0.102069505,0.05408074,0.08625509,0.13990174,0.10842784,0.061113272,0.3127066,0.018707745,0.009989422,0.082372494,0.26583168,0.009618527,0.37036636,0.6704248,9.383333333333333
wax98b,657b41fd2855e7001f6e6def,0.2542906,0.2674034,0.18013267,0.18451619,0.15724781,0.13514197,0.3139914,0.015519086,0.000982285,0.003033824,0.00813988,0.01309778,0.007184723,0.008433735,0.20717292,9.683333333333334
wax98b,657b417a2855e7001f6dd7e7,0.34582332,0.1061449,0.65765077,0.11868066,0.4708682,0.11907599,0.15260378,0.048842013,0.001764298,0.006474625,0.017936565,0.020442016,0.008764107,0.012326228,0.16636072,7.516666666666667
3tab6x,657b40312855e7001f6c4f28,0.07635384,0.09059314,0.15540445,0.09387397,0.18642803,0.1075664,0.0808017,0.28425202,0.014447021,0.010655383,0.06494803,0.17566866,0.012078222,0.26233563,0.64186203,2.7333333333333334
3tab6x,657b40d72855e7001f6d1802,0.5888457,0.41720122,0.21717434,0.51067364,0.66898966,0.44972187,0.096450776,0.15711457,0.002593994,0.08583717,0.061276767,0.01620627,0.006589218,0.003700818,0.33792084,5.5
7em12f,657b40d68b12dc001fdec836,0.4711064,0.37964377,0.32124072,0.12989433,0.18528372,0.15184323,0.6154381,0.014827953,0.001516342,0.004735726,0.007949878,0.015044857,0.008065036,0.011677479,0.14281827,0.6833333333333333
7em12f,657b41792855e7001f6dd6f6,0.69606876,0.54795736,0.29671258,0.6787744,0.42993903,0.76895905,0.5339866,0.029799197,0.001015663,0.016159095,0.010514895,0.011406898,0.006563326,0.005366922,0.45383334,3.466666666666667
7em12f,657b41c98b12dc001fdfe7a3,0.7759968,0.7918151,0.42457205,0.11220199,0.121998236,0.19588226,0.5315545,0.0466155,0.001177788,0.022791367,0.015644927,0.012312118,0.008712323,0.004924594,0.20733267,4.766666666666667
7em12f,657b420e8b12dc001fe03699,0.4928531,0.36380813,0.42457205,0.20442122,0.26685292,0.17791487,0.48056626,0.010304171,0.000801086,0.001979385,0.007075874,0.012107162,0.006822242,0.00687084,0.15395036,5.933333333333334
7em12f,657b42c62855e7001f6f9df0,0.50340754,0.42747927,0.3407359,0.45228112,0.48449963,0.50931245,0.22782518,0.3666224,0.005683899,0.15303208,0.38406035,0.055940874,0.006757513,0.004865617,0.34515283,9.016666666666667
yvz1c1,657b44fb8b12dc001fe48ba4,0.3195837,0.34633917,0.0966388,0.12199044,0.18072422,0.1331928,0.43620452,0.019854378,0.001659393,0.007066591,0.00983089,0.017914234,0.007870848,0.011913388,0.38891426,7.533333333333333
yvz1c1,657b44088b12dc001fe33152,0.39695814,0.6395468,0.37458092,0.30831957,0.5322341,0.4250046,0.09119969,0.30539915,0.014253352,0.3043136,0.0838533,0.026317406,0.13815513,0.013446795,0.3096415,3.4833333333333334
yvz1c1,657b44802855e7001f7222e4,0.54153293,0.70619005,0.15917414,0.1329856,0.27452108,0.17160219,0.1964577,0.4014846,0.017610285,0.14875233,0.4125297,0.25001678,0.010964886,0.02500632,0.19211881,5.483333333333333
yvz1c1,657b448e2855e7001f723416,0.23531619,0.3748699,0.0658001,0.058103222,0.0637539,0.0742475,0.12726986,0.50503236,0.023076924,0.25140062,0.4534306,0.33453682,0.012906751,0.026421772,0.22922428,5.716666666666667
4x876z,657b453f8b12dc001fe50b0a,0.30231753,0.2601326,0.20537321,0.26131186,0.25040436,0.1881301,0.27163783,0.015393426,0.001440048,0.003348306,0.008709883,0.015318131,0.008052089,0.012326228,0.17768128,5.783333333333333
4x876z,657b450f8b12dc001fe4b0d3,0.30231753,0.2601326,0.20537321,0.26131186,0.25040436,0.1881301,0.27163783,0.015393426,0.001440048,0.003348306,0.008709883,0.015318131,0.008052089,0.012326228,0.17768128,5
xp8ky1,657b447f2855e7001f722122,0.20690423,0.80601966,0.11338645,0.12647597,0.16055275,0.30351397,0.17588417,0.06817148,0.00128746,0.006770608,0.028502205,0.014874061,0.00713294,0.006516977,0.19638982,3.45
xp8ky1,657b443b2855e7001f71c1bf,0.6360558,0.46553662,0.3597569,0.14134736,0.11172729,0.30351397,0.7809785,0.014765122,0.000987053,0.005586676,0.007873878,0.012141321,0.006446815,0.007136237,0.22025715,2.316666666666667
xp8ky1,657b44148b12dc001fe34307,0.33922493,0.27326855,0.08732515,0.30831957,0.21461551,0.62245136,0.41767693,0.23198941,0.005912781,0.26325142,0.06477321,0.016889455,0.006725149,0.005868228,0.270762,1.6666666666666667
dcg9nv,657b46d68b12dc001fe7a591,0.7541598,0.5082938,0.52234787,0.23170424,0.147432,0.42016712,0.8077189,0.021196328,0.000853539,0.005216698,0.009944891,0.014088398,0.007443639,0.007726009,0.14876236,1.2166666666666666
dcg9nv,657b47512855e7001f76e7f1,0.06582858,0.12550901,0.28659645,0.2550139,0.13883325,0.23852259,0.26086196,0.045873325,0.001554489,0.026810925,0.01309891,0.015967157,0.006530962,0.009200439,0.21963139,3.2666666666666666
dcg9nv,657b47362855e7001f76abf8,0.5571216,0.4245341,0.39127967,0.4796011,0.3208739,0.71416485,0.4435163,0.037577134,0.001087189,0.028016793,0.011692902,0.011184863,0.006142589,0.00343542,0.37750268,2.816666666666667
guxdtq,657b49398b12dc001fed72e3,0.38582096,0.68665975,0.197553,0.5640437,0.21340905,0.8100106,0.51778626,0.007979449,0.000593662,0.003089321,0.006838372,0.01128734,0.006492125,0.006074648,0.30603442,8.85
guxdtq,657b48712855e7001f79a74f,0.7792264,0.47976455,0.43348736,0.40466312,0.2604987,0.75333357,0.8192568,0.016964182,0.000972748,0.009064475,0.007664877,0.011201942,0.006356194,0.005160502,0.4553194,5.516666666666667
guxdtq,657b47b28b12dc001fe9751e,0.5363527,0.4348694,0.12165971,0.19440953,0.2867571,0.48820448,0.65329623,0.03969839,0.002536774,0.030433474,0.011768902,0.016957775,0.008168601,0.011205662,0.36382174,2.3333333333333335
etg263,657b49932855e7001f7cbf6b,0.052212548,0.059824497,0.8270832,0.11758787,0.016478393,0.087319076,0.074871585,0.044388983,0.001344681,0.029402243,0.013744914,0.012482914,0.006375613,0.003700818,0.20005544,9.7
etg263,657b48b02855e7001f7a554f,0.47335124,0.35425907,0.20930107,0.25826308,0.068034075,0.19718185,0.20510538,0.15158679,0.00284195,0.15303208,0.031697463,0.014327513,0.006576272,0.004364311,0.26627058,5.933333333333334
etg263,657b48e38b12dc001fec8a71,0.51366115,0.3925892,0.0966388,0.11868066,0.17845505,0.32782224,0.6526716,0.02543884,0.001745224,0.010433395,0.009070885,0.014805742,0.008207439,0.009967142,0.24489973,6.783333333333333
etg263,657b48268b12dc001fea9531,0.31093162,0.29406664,0.48836628,0.54347795,0.173937,0.51911545,0.26191986,0.1641865,0.003585815,0.18705739,0.033680726,0.016616182,0.007236506,0.006163114,0.41907755,3.6166666666666667
etg263,657b486c8b12dc001feb4db1,0.33922493,0.21246682,0.33728355,0.18451619,0.07153199,0.25086454,0.46978086,0.024142517,0.000858307,0.005734668,0.011160898,0.01087743,0.006621582,0.004334822,0.2744427,4.8
qcx6xw,657b4b498b12dc001ff2f9d8,0.28066093,0.31678307,0.3623644,0.2384713,0.23543736,0.19718185,0.31125638,0.013194365,0.001335144,0.002367863,0.007493876,0.014942379,0.007055265,0.011559526,0.17423916,6.15
qcx6xw,657b4a1a2855e7001f7e2abf,0.677926,0.44230092,0.3939286,0.10080544,0.2758032,0.12743886,0.7121486,0.012126249,0.001139641,0.004014268,0.007246875,0.014088398,0.007404801,0.00979021,0.20000055,1.1166666666666667
qcx6xw,657b4aca2855e7001f7ff951,0.52189237,0.5173896,0.43051165,0.2384713,0.05389532,0.5817032,0.52367526,0.011120965,0.000658035,0.002386362,0.007151874,0.01130442,0.007145886,0.005248968,0.27448258,4.05
py81px,657b4c102855e7001f833944,0.7823966,0.7723527,0.4364669,0.5363987,0.28934738,0.69638366,0.53444546,0.056016337,0.001564026,0.04023018,0.015720926,0.012756188,0.008194493,0.004511754,0.399378,4.766666666666667
nyvm2q,657b4ce72855e7001f857744,0.08897218,0.08458632,0.11135728,0.09290418,0.023852486,0.08884861,0.21883002,0.16245349,0.002040863,0.004513739,0.083359696,0.022354934,0.006530962,0.004954082,0.24711154,7.6
nyvm2q,657b4d3e8b12dc001ff815e5,0.0157319,0.062396392,0.67135507,0.08718978,0.02196079,0.061140914,0.08990326,0.041172907,0.000915527,0.002663846,0.017420914,0.01173141,0.006543908,0.004246356,0.20076866,9.066666666666666
nyvm2q,657b4ba82855e7001f82374e,0.19727191,0.16842249,0.7283467,0.16509432,0.11172729,0.09835357,0.280271,0.007665298,0.000691414,0.001748149,0.006201868,0.011423977,0.006505071,0.007519589,0.16151886,2.3
nyvm2q,657b4c4e2855e7001f83dc59,0.079922065,0.12779967,0.17246792,0.72241396,0.092915915,0.7281775,0.119192705,0.06381883,0.001754761,0.0543092,0.018323302,0.01354185,0.007754337,0.006900329,0.41740167,5.066666666666666
dtav43,657b4f728b12dc001ffd878e,0.7340991,0.73808193,0.48647165,0.40649256,0.2541795,0.59765387,0.8055961,0.019351736,0.00061512,0.008879486,0.009127886,0.010125926,0.00603255,0.004334822,0.33075985,8.45
dtav43,657b4f188b12dc001ffca439,0.115430765,0.3306766,0.0837122,0.17798842,0.020717656,0.46527895,0.13220452,0.06896287,0.001649857,0.022791367,0.019225692,0.012414595,0.009023022,0.004157891,0.38386512,6.933333333333334
cfku62,657b4f018b12dc001ffc6e31,0.3130916,0.25149468,0.28055468,0.2248042,0.23791625,0.18045488,0.30038044,0.015079274,0.001115799,0.003662788,0.008671884,0.014156717,0.007340072,0.009672256,0.17799668,6.966666666666667
cfku62,657b4e9f8b12dc001ffb830f,0.2638654,0.46179694,0.20341371,0.20778568,0.061234605,0.39748225,0.1907705,0.14256015,0.003433228,0.10221587,0.0314771,0.015898837,0.00838868,0.008138849,0.35975838,5.333333333333333
dnrmuv,657b4ef28b12dc001ffc47c0,0.6336862,0.30763084,0.86218894,0.3493781,0.088083394,0.42223948,0.47306892,0.11119666,0.002355576,0.09328204,0.023479814,0.012004685,0.007210615,0.003759795,0.20606242,6.033333333333333
dnrmuv,657b4e848b12dc001ffb42f8,0.77114046,0.49547872,0.45742086,0.12310397,0.30237192,0.1406137,0.778562,0.012943043,0.001115799,0.003977269,0.007493876,0.014634945,0.007417747,0.009554301,0.20477717,4.2
dnrmuv,657b4e3b8b12dc001ffa8bbe,0.5363527,0.5912591,0.7558591,0.46993598,0.72312564,0.55542654,0.28693247,0.11202335,0.003490448,0.02238941,0.022512967,0.01887069,0.061412923,0.004865617,0.28749624,2.9833333333333334
dnrmuv,657b4fae2855e7001f8c4bc4,0.75556415,0.7542409,0.49709225,0.33765376,0.6727801,0.41051576,0.4686852,0.36095104,0.023076924,0.10221587,0.08484049,0.09868695,0.49142194,0.022765188,0.32219684,9.166666666666666
gvh16f,657b4f688b12dc001ffd6e86,0.4599112,0.61959934,0.59243864,0.38468158,0.241647,0.58578295,0.35921705,0.023553278,0.001296997,0.003089321,0.008386881,0.011628932,0.009696201,0.006281069,0.20660628,6.933333333333334
utc3y8,657b50a88b12dc001f001560,0.6881789,0.4805095,0.46720323,0.16190393,0.28805172,0.14995342,0.70988655,0.011560776,0.001115799,0.003736784,0.007284875,0.013576009,0.007430693,0.009200439,0.16322064,3.216666666666667
utc3y8,657b50c62855e7001f8e8592,0.548799,0.24863632,0.16485271,0.17798842,0.3309285,0.28943124,0.45293963,0.040430736,0.002040863,0.02138452,0.010590895,0.017026093,0.007586042,0.010674868,0.18529259,3.7333333333333334
dd2rvg,657b52ef2855e7001f912d40,0.34582332,0.3045994,0.3614949,0.2384713,0.19796546,0.17412075,0.30989113,0.013508516,0.001239777,0.003477799,0.007702877,0.014703264,0.007495422,0.010969753,0.1600719,3.533333333333333
dd2rvg,657b53862855e7001f91a81a,0.5581637,0.44230092,0.11440699,0.11434096,0.07781066,0.23715812,0.50044644,0.018723432,0.001325607,0.004199257,0.008253881,0.014225035,0.008181547,0.009849187,0.2250535,6.033333333333333
dd2rvg,657b52a12855e7001f90e9be,0.16811807,0.25436312,0.132634,0.13630773,0.07509518,0.2992725,0.10055544,0.1641865,0.003795624,0.15945168,0.028832749,0.01941724,0.007909686,0.007283681,0.21551484,2.2333333333333334
11frdz,657b53982855e7001f91b549,0.27108505,0.16102377,0.09568947,0.1329856,0.17958881,0.12090656,0.16141449,0.32236105,0.012768555,0.3817989,0.081508696,0.035649836,0.010731863,0.009259416,0.34639862,9.683333333333334
11frdz,657b52c88b12dc001f02d0b6,0.11904381,0.15372267,0.13873237,0.1977331,0.000188695,0.42985302,0.09512816,0.021549871,0.000948906,0.0051797,0.009203887,0.010057608,0.007495422,0.003479653,0.25548527,6.216666666666667
11frdz,657b52d98b12dc001f02dfa3,0.28066093,0.21791112,0.37633237,0.115418,0.090004176,0.12743886,0.24414308,0.040925518,0.00207901,0.022590388,0.011236899,0.017504321,0.008298059,0.012208274,0.17676207,6.5
11frdz,657b52408b12dc001f0250ed,0.7460738,0.70619005,0.31507698,0.7334696,0.2932416,0.7634138,0.51819944,0.051068526,0.001592636,0.042292643,0.014960921,0.011663092,0.006492125,0.003346955,0.38143265,3.95
uewkay,657b57368b12dc001f04a647,0.56853205,0.31985405,0.3424645,0.10487753,0.18072422,0.12555276,0.6788884,0.01024134,0.00099659,0.002682345,0.007246875,0.012722028,0.007016428,0.00855169,0.18110718,3.1166666666666667
uewkay,657b585e8b12dc001f04df1c,0.6355818,0.7563836,0.13750808,0.51425433,0.30630767,0.72352874,0.727841,0.011812098,0.000715256,0.004458242,0.006819372,0.010552917,0.007055265,0.005484877,0.30713806,8.05
qby6gb,657b5a392855e7001f935f31,0.70841575,0.4745136,0.3824745,0.18124555,0.10062749,0.42846695,0.73558867,0.05304765,0.00202179,0.027413858,0.012566907,0.013712646,0.007365964,0.006458,0.2018861,3.65
qby6gb,657b59ed2855e7001f935363,0.56853205,0.5173896,0.20145756,0.42121267,0.11172729,0.6016993,0.21487516,0.032156147,0.00125885,0.002700844,0.011198899,0.011423977,0.011405042,0.004305333,0.26300833,2.3666666666666667
pqdpcp,657b62cf8b12dc001f05e450,0.17055981,0.13010159,0.05788904,0.05277999,0.027734175,0.09117182,0.10055544,0.2854869,0.008544922,0.059311368,0.21135417,0.029460056,0.010395273,0.00855169,0.2938325,2.85
pqdpcp,657b62628b12dc001f05d62b,0.09264324,0.10410205,0.084609546,0.21116324,0.07153199,0.23852259,0.08990326,0.14256015,0.003356934,0.105836816,0.02708937,0.019553876,0.008116818,0.004954082,0.22537513,1.0333333333333334
h63zav,657b65a88b12dc001f069f70,0.35023654,0.18351692,0.077544875,0.05888123,0.21825084,0.08282434,0.14397636,0.17285149,0.005264282,0.023997234,0.03522326,0.032894265,0.03373172,0.014331453,0.4531563,1.6666666666666667
h63zav,657b66162855e7001f9554e3,0.7183071,0.63754195,0.5868286,0.4360701,0.17056693,0.39270046,0.62179595,0.032156147,0.001344681,0.016963007,0.012604907,0.015147334,0.00780612,0.008433735,0.35128313,3.5
h63zav,657b66cb8b12dc001f07eca7,0.44543546,0.6848672,0.14790365,0.48931587,0.29845113,0.65412325,0.21586141,0.02449606,0.000867844,0.003958771,0.012376905,0.010313802,0.006653947,0.003155279,0.38808215,6.516666666666667
h63zav,657b670e8b12dc001f085097,0.52189237,0.41866332,0.11135728,0.10694439,0.11581159,0.13809541,0.117599316,0.27047762,0.009040833,0.23770751,0.0638991,0.025907494,0.028379176,0.007460612,0.29069045,7.633333333333334
